trade_date,code,close,low,high,volume,amount,vwap,ratio,matched_factor,matched_after,matched_before
1990-12-24,600651.SH,353.2,336.3,353.2,1700.0,23000.0,13.529412,0.038305,0.04,1990-12-21,1991-06-29
1990-12-26,600651.SH,389.5,389.5,389.5,400.0,6000.0,15.0,0.038511,0.04,1990-12-21,1991-06-29
1990-12-27,600651.SH,393.4,393.4,393.4,6600.0,104000.0,15.757576,0.040055,0.04,1990-12-21,1991-06-29
1990-12-28,600651.SH,397.3,397.3,397.3,3000.0,48000.0,16.0,0.040272,0.04,1990-12-21,1991-06-29
1990-12-31,600651.SH,401.3,401.3,401.3,1000.0,16000.0,16.0,0.03987,0.04,1990-12-21,1991-06-29
1991-01-02,600651.SH,405.3,405.3,405.3,1000.0,17000.0,17.0,0.041944,0.04,1990-12-21,1991-06-29
1991-01-03,600602.SH,510.2,510.2,510.2,6100.0,31000.0,5.081967,0.009961,0.01,1991-01-03,1992-12-01
1991-01-03,600651.SH,409.4,409.4,409.4,1200.0,19000.0,15.833333,0.038674,0.04,1990-12-21,1991-06-29
1991-01-04,600602.SH,515.3,515.3,515.3,22300.0,114000.0,5.112108,0.009921,0.01,1991-01-03,1992-12-01
1991-01-04,600651.SH,413.5,413.5,413.5,3500.0,57000.0,16.285714,0.039385,0.04,1990-12-21,1991-06-29
1991-01-07,600602.SH,517.9,517.9,517.9,14500.0,75000.0,5.172414,0.009987,0.01,1991-01-03,1992-12-01
1991-01-07,600651.SH,415.6,415.6,415.6,1200.0,19000.0,15.833333,0.038098,0.04,1990-12-21,1991-06-29
1991-01-08,600602.SH,520.5,520.5,520.5,225100.0,1171000.0,5.202132,0.009994,0.01,1991-01-03,1992-12-01
1991-01-08,600651.SH,417.7,417.7,417.7,22800.0,381000.0,16.710526,0.040006,0.04,1990-12-21,1991-06-29
1991-01-09,600602.SH,523.1,523.1,523.1,524400.0,2743000.0,5.23074,0.01,0.01,1991-01-03,1992-12-01
1991-01-09,600651.SH,419.8,419.8,419.8,22500.0,377000.0,16.755556,0.039913,0.04,1990-12-21,1991-06-29
1991-01-10,600602.SH,525.7,525.7,525.7,952300.0,5006000.0,5.256747,0.01,0.01,1991-01-03,1992-12-01
1991-01-10,600651.SH,417.7,417.7,421.9,13400.0,224000.0,16.716418,0.04002,0.04,1990-12-21,1991-06-29
1991-01-11,600602.SH,528.3,528.3,528.3,1230400.0,6500000.0,5.282835,0.01,0.01,1991-01-03,1992-12-01
1991-01-14,600602.SH,528.3,525.7,530.9,1101300.0,5829000.0,5.292836,0.010019,0.01,1991-01-03,1992-12-01
1991-01-14,600651.SH,413.5,413.5,413.5,600.0,10000.0,16.666667,0.040306,0.04,1990-12-21,1991-06-29
1991-01-15,600602.SH,528.3,525.7,528.3,17100.0,89000.0,5.204678,0.009852,0.01,1991-01-03,1992-12-01
1991-01-16,600602.SH,525.7,525.7,530.9,19400.0,101000.0,5.206186,0.009903,0.01,1991-01-03,1992-12-01
1991-01-17,600602.SH,525.7,523.1,525.7,12200.0,63000.0,5.163934,0.009823,0.01,1991-01-03,1992-12-01
1991-01-18,600602.SH,525.7,523.1,525.7,246000.0,1286000.0,5.227642,0.009944,0.01,1991-01-03,1992-12-01
1991-01-18,600651.SH,413.5,411.4,413.5,600.0,9000.0,15.0,0.036276,0.04,1990-12-21,1991-06-29
1991-01-21,600602.SH,525.7,523.1,525.7,180300.0,943000.0,5.230172,0.009949,0.01,1991-01-03,1992-12-01
1991-01-22,600602.SH,523.1,523.1,523.15,20400.0,106000.0,5.196078,0.009933,0.01,1991-01-03,1992-12-01
1991-01-23,600602.SH,520.5,520.5,520.5,87100.0,453000.0,5.200918,0.009992,0.01,1991-01-03,1992-12-01
1991-01-23,600651.SH,411.4,411.4,411.4,1300.0,21000.0,16.153846,0.039266,0.04,1990-12-21,1991-06-29
1991-01-24,600602.SH,517.9,517.9,517.9,147100.0,761000.0,5.173351,0.009989,0.01,1991-01-03,1992-12-01
1991-01-24,600651.SH,409.3,409.3,409.3,200.0,3000.0,15.0,0.036648,0.04,1990-12-21,1991-06-29
1991-01-25,600602.SH,515.3,515.3,515.3,301500.0,1553000.0,5.150912,0.009996,0.01,1991-01-03,1992-12-01
1991-01-28,600602.SH,512.7,512.7,512.7,468900.0,2404000.0,5.126893,0.01,0.01,1991-01-03,1992-12-01
1991-01-29,600602.SH,510.1,510.1,510.1,115000.0,586000.0,5.095652,0.00999,0.01,1991-01-03,1992-12-01
1991-01-30,600602.SH,507.5,507.5,507.5,37500.0,190000.0,5.066667,0.009984,0.01,1991-01-03,1992-12-01
1991-01-31,600602.SH,505.0,505.0,505.0,35500.0,179000.0,5.042254,0.009985,0.01,1991-01-03,1992-12-01
1991-02-01,600602.SH,502.5,502.5,502.5,8900.0,44000.0,4.94382,0.009838,0.01,1991-01-03,1992-12-01
1991-02-04,600602.SH,500.0,500.0,500.0,42500.0,212000.0,4.988235,0.009976,0.01,1991-01-03,1992-12-01
1991-02-05,600602.SH,497.5,497.5,497.5,835200.0,4155000.0,4.974856,0.01,0.01,1991-01-03,1992-12-01
1991-02-05,600651.SH,399.3,399.3,399.3,400.0,7000.0,17.5,0.043827,0.04,1990-12-21,1991-06-29
1991-02-06,600602.SH,500.0,495.0,500.0,528900.0,2621000.0,4.955568,0.009911,0.01,1991-01-03,1992-12-01
1991-02-06,600651.SH,397.3,397.3,397.3,200.0,3000.0,15.0,0.037755,0.04,1990-12-21,1991-06-29
1991-02-07,600602.SH,502.5,502.5,502.5,149300.0,750000.0,5.023443,0.009997,0.01,1991-01-03,1992-12-01
1991-02-07,600651.SH,399.3,395.3,399.3,38100.0,605000.0,15.879265,0.039768,0.04,1990-12-21,1991-06-29
1991-02-08,600602.SH,505.0,505.0,505.0,86500.0,436000.0,5.040462,0.009981,0.01,1991-01-03,1992-12-01
1991-02-08,600651.SH,399.3,399.3,401.3,20000.0,320000.0,16.0,0.04007,0.04,1990-12-21,1991-06-29
1991-02-11,600602.SH,507.5,505.0,507.5,905600.0,4594000.0,5.07288,0.009996,0.01,1991-01-03,1992-12-01
1991-02-11,600651.SH,397.3,397.3,397.3,5000.0,79000.0,15.8,0.039768,0.04,1990-12-21,1991-06-29
1991-02-12,600602.SH,509.0,509.0,510.0,348900.0,1779000.0,5.098882,0.010017,0.01,1991-01-03,1992-12-01
1991-02-13,600602.SH,511.4,510.9,511.5,80200.0,410000.0,5.112219,0.009997,0.01,1991-01-03,1992-12-01
1991-02-14,600602.SH,514.0,512.9,514.0,350300.0,1800000.0,5.138453,0.009997,0.01,1991-01-03,1992-12-01
1991-02-14,600651.SH,391.3,391.3,391.3,1500.0,23000.0,15.333333,0.039186,0.04,1990-12-21,1991-06-29
1991-02-19,600602.SH,516.55,516.4,516.6,108000.0,557000.0,5.157407,0.009984,0.01,1991-01-03,1992-12-01
1991-02-20,600602.SH,519.1,518.0,519.1,73500.0,381000.0,5.183673,0.009986,0.01,1991-01-03,1992-12-01
1991-02-20,600651.SH,387.4,387.4,387.4,400.0,6000.0,15.0,0.03872,0.04,1990-12-21,1991-06-29
1991-02-21,600602.SH,521.7,521.4,521.7,301900.0,1574000.0,5.213647,0.009994,0.01,1991-01-03,1992-12-01
1991-02-21,600651.SH,385.5,385.5,385.5,1400.0,20000.0,14.285714,0.037058,0.04,1990-12-21,1991-06-29
1991-02-22,600602.SH,524.2,524.0,524.3,303000.0,1588000.0,5.240924,0.009998,0.01,1991-01-03,1992-12-01
1991-02-22,600651.SH,383.6,383.6,383.6,4000.0,62000.0,15.5,0.040407,0.04,1990-12-21,1991-06-29
1991-02-25,600602.SH,521.6,521.6,524.2,58800.0,306000.0,5.204082,0.009977,0.01,1991-01-03,1992-12-01
1991-02-25,600651.SH,381.7,381.7,385.5,19800.0,303000.0,15.30303,0.040092,0.04,1990-12-21,1991-06-29
1991-02-26,600602.SH,519.0,519.0,521.6,18300.0,94000.0,5.136612,0.009897,0.01,1991-01-03,1992-12-01
1991-02-26,600651.SH,383.6,379.8,383.6,6800.0,102000.0,15.0,0.039103,0.04,1990-12-21,1991-06-29
1991-02-27,600602.SH,516.4,516.4,516.4,5400.0,27000.0,5.0,0.009682,0.01,1991-01-03,1992-12-01
1991-02-27,600651.SH,385.5,385.5,385.5,800.0,12000.0,15.0,0.038911,0.04,1990-12-21,1991-06-29
1991-02-28,600602.SH,513.8,513.8,513.8,188400.0,967000.0,5.132696,0.00999,0.01,1991-01-03,1992-12-01
1991-02-28,600651.SH,387.4,387.4,387.4,2000.0,30000.0,15.0,0.03872,0.04,1990-12-21,1991-06-29
1991-03-01,600602.SH,511.2,511.2,511.2,687500.0,3514000.0,5.111273,0.009999,0.01,1991-01-03,1992-12-01
1991-03-01,600651.SH,389.3,389.3,389.3,4200.0,65000.0,15.47619,0.039754,0.04,1990-12-21,1991-06-29
1991-03-04,600602.SH,508.6,508.6,508.6,190600.0,969000.0,5.083945,0.009996,0.01,1991-01-03,1992-12-01
1991-03-04,600651.SH,387.4,387.4,391.2,14200.0,221000.0,15.56338,0.040174,0.04,1990-12-21,1991-06-29
1991-03-05,600602.SH,506.1,506.1,506.15,48200.0,243000.0,5.041494,0.009961,0.01,1991-01-03,1992-12-01
1991-03-05,600651.SH,385.5,385.5,385.5,4200.0,63000.0,15.0,0.038911,0.04,1990-12-21,1991-06-29
1991-03-06,600602.SH,503.6,503.6,503.6,34600.0,174000.0,5.028902,0.009986,0.01,1991-01-03,1992-12-01
1991-03-07,600602.SH,501.1,501.1,501.1,40900.0,204000.0,4.987775,0.009954,0.01,1991-01-03,1992-12-01
1991-03-07,600651.SH,381.7,381.7,381.7,2400.0,37000.0,15.416667,0.040389,0.04,1990-12-21,1991-06-29
1991-03-08,600602.SH,498.6,498.6,498.6,57800.0,288000.0,4.982699,0.009993,0.01,1991-01-03,1992-12-01
1991-03-08,600651.SH,379.8,379.8,379.8,1600.0,24000.0,15.0,0.039494,0.04,1990-12-21,1991-06-29
1991-03-11,600602.SH,496.1,496.1,496.1,43600.0,216000.0,4.954128,0.009986,0.01,1991-01-03,1992-12-01
1991-03-11,600651.SH,377.9,377.9,377.9,600.0,9000.0,15.0,0.039693,0.04,1990-12-21,1991-06-29
1991-03-12,600602.SH,493.6,493.6,493.6,67900.0,335000.0,4.933726,0.009995,0.01,1991-01-03,1992-12-01
1991-03-12,600651.SH,376.0,376.0,379.8,18700.0,282000.0,15.080214,0.040107,0.04,1990-12-21,1991-06-29
1991-03-13,600602.SH,481.1,481.1,481.1,20000.0,96000.0,4.8,0.009977,0.01,1991-01-03,1992-12-01
1991-03-13,600651.SH,377.9,374.1,377.9,12000.0,180000.0,15.0,0.039693,0.04,1990-12-21,1991-06-29
1991-03-14,600602.SH,478.7,478.7,478.7,20100.0,96000.0,4.776119,0.009977,0.01,1991-01-03,1992-12-01
1991-03-14,600651.SH,379.8,378.5,379.8,6800.0,104000.0,15.294118,0.040269,0.04,1990-12-21,1991-06-29
1991-03-15,600602.SH,476.3,476.3,476.3,20800.0,99000.0,4.759615,0.009993,0.01,1991-01-03,1992-12-01
1991-03-15,600651.SH,381.7,381.7,381.7,4000.0,60000.0,15.0,0.039298,0.04,1990-12-21,1991-06-29
1991-03-18,600602.SH,473.9,473.9,473.9,79000.0,374000.0,4.734177,0.00999,0.01,1991-01-03,1992-12-01
1991-03-18,600651.SH,379.8,379.8,383.6,14500.0,221000.0,15.241379,0.04013,0.04,1990-12-21,1991-06-29
1991-03-19,600602.SH,471.5,471.5,471.5,56700.0,267000.0,4.708995,0.009987,0.01,1991-01-03,1992-12-01
1991-03-19,600651.SH,377.9,377.9,377.9,2200.0,34000.0,15.454545,0.040896,0.04,1990-12-21,1991-06-29
1991-03-20,600602.SH,469.1,469.1,469.1,42000.0,197000.0,4.690476,0.009999,0.01,1991-01-03,1992-12-01
1991-03-20,600651.SH,370.5,370.5,370.5,4400.0,64000.0,14.545455,0.039259,0.04,1990-12-21,1991-06-29
1991-03-21,600602.SH,466.8,466.8,466.8,11400.0,53000.0,4.649123,0.00996,0.01,1991-01-03,1992-12-01
1991-03-21,600651.SH,368.6,368.6,368.6,600.0,8000.0,13.333333,0.036173,0.04,1990-12-21,1991-06-29
1991-03-22,600602.SH,464.5,464.5,464.5,10200.0,47000.0,4.607843,0.00992,0.01,1991-01-03,1992-12-01
1991-03-25,600602.SH,462.2,462.2,462.2,20000.0,92000.0,4.6,0.009952,0.01,1991-01-03,1992-12-01
1991-03-25,600651.SH,365.0,365.0,368.6,6700.0,98000.0,14.626866,0.040074,0.04,1990-12-21,1991-06-29
1991-03-26,600602.SH,459.9,459.9,459.9,52200.0,240000.0,4.597701,0.009997,0.01,1991-01-03,1992-12-01
1991-03-26,600651.SH,365.1,363.2,366.8,5800.0,83000.0,14.310345,0.039196,0.04,1990-12-21,1991-06-29
1991-03-27,600602.SH,457.6,457.6,457.6,48900.0,223000.0,4.560327,0.009966,0.01,1991-01-03,1992-12-01
1991-03-27,600651.SH,363.3,363.3,363.3,2700.0,39000.0,14.444444,0.039759,0.04,1990-12-21,1991-06-29
1991-03-28,600602.SH,455.3,455.3,455.3,72400.0,329000.0,4.544199,0.009981,0.01,1991-01-03,1992-12-01
1991-03-28,600651.SH,361.5,361.5,361.5,500.0,7000.0,14.0,0.038728,0.04,1990-12-21,1991-06-29
1991-03-29,600602.SH,453.0,453.0,453.0,150800.0,683000.0,4.529178,0.009998,0.01,1991-01-03,1992-12-01
1991-03-29,600651.SH,363.3,359.7,363.3,15900.0,229000.0,14.402516,0.039644,0.04,1990-12-21,1991-06-29
1991-04-01,600602.SH,455.3,450.7,455.3,1153000.0,5223000.0,4.529922,0.009949,0.01,1991-01-03,1992-12-01
1991-04-01,600651.SH,365.1,365.1,365.1,6400.0,94000.0,14.6875,0.040229,0.04,1990-12-21,1991-06-29
1991-04-02,600602.SH,457.6,457.6,457.6,5000.0,22000.0,4.4,0.009615,0.01,1991-01-03,1992-12-01
1991-04-02,600651.SH,366.9,366.9,366.9,1900.0,27000.0,14.210526,0.038731,0.04,1990-12-21,1991-06-29
1991-04-03,600602.SH,459.9,459.9,459.9,190600.0,876000.0,4.596013,0.009994,0.01,1991-01-03,1992-12-01
1991-04-03,600651.SH,368.7,368.7,368.7,1400.0,19000.0,13.571429,0.036809,0.04,1990-12-21,1991-06-29
1991-04-04,600602.SH,460.0,457.6,462.2,1032400.0,4763000.0,4.613522,0.010029,0.01,1991-01-03,1992-12-01
1991-04-04,600651.SH,370.5,370.5,370.5,17800.0,264000.0,14.831461,0.040031,0.04,1990-12-21,1991-06-29
1991-04-05,600602.SH,460.0,457.7,460.0,1110300.0,5082000.0,4.577141,0.00995,0.01,1991-01-03,1992-12-01
1991-04-05,600651.SH,368.7,368.7,372.4,29400.0,437000.0,14.863946,0.040314,0.04,1990-12-21,1991-06-29
1991-04-08,600602.SH,457.7,457.7,457.7,150600.0,689000.0,4.575033,0.009996,0.01,1991-01-03,1992-12-01
1991-04-08,600651.SH,366.9,366.9,366.9,2300.0,33000.0,14.347826,0.039106,0.04,1990-12-21,1991-06-29
1991-04-09,600602.SH,455.4,455.4,455.4,10500.0,47000.0,4.47619,0.009829,0.01,1991-01-03,1992-12-01
1991-04-09,600651.SH,365.1,365.1,365.1,200.0,3000.0,15.0,0.041085,0.04,1990-12-21,1991-06-29
1991-04-10,600602.SH,453.1,453.1,453.1,12600.0,57000.0,4.52381,0.009984,0.01,1991-01-03,1992-12-01
1991-04-11,600602.SH,450.8,450.8,450.8,7800.0,35000.0,4.487179,0.009954,0.01,1991-01-03,1992-12-01
1991-04-11,600651.SH,361.5,361.5,361.5,600.0,8000.0,13.333333,0.036883,0.04,1990-12-21,1991-06-29
1991-04-12,600602.SH,448.5,448.5,448.5,23700.0,106000.0,4.472574,0.009972,0.01,1991-01-03,1992-12-01
1991-04-12,600651.SH,359.7,359.7,359.7,800.0,12000.0,15.0,0.041701,0.04,1990-12-21,1991-06-29
1991-04-15,600602.SH,446.3,446.3,446.3,13400.0,59000.0,4.402985,0.009866,0.01,1991-01-03,1992-12-01
1991-04-15,600651.SH,361.5,357.9,361.5,9400.0,136000.0,14.468085,0.040022,0.04,1990-12-21,1991-06-29
1991-04-16,600602.SH,444.1,444.1,444.1,2800.0,12000.0,4.285714,0.00965,0.01,1991-01-03,1992-12-01
1991-04-16,600651.SH,363.3,363.3,363.3,2600.0,37000.0,14.230769,0.039171,0.04,1990-12-21,1991-06-29
1991-04-17,600602.SH,441.9,441.9,441.9,3000.0,13000.0,4.333333,0.009806,0.01,1991-01-03,1992-12-01
1991-04-17,600651.SH,365.1,365.1,365.1,12900.0,188000.0,14.573643,0.039917,0.04,1990-12-21,1991-06-29
1991-04-18,600602.SH,439.7,439.7,439.7,3000.0,13000.0,4.333333,0.009855,0.01,1991-01-03,1992-12-01
1991-04-18,600651.SH,363.3,363.3,366.9,1400.0,20000.0,14.285714,0.039322,0.04,1990-12-21,1991-06-29
1991-04-19,600602.SH,437.5,437.5,437.5,42000.0,183000.0,4.357143,0.009959,0.01,1991-01-03,1992-12-01
1991-04-19,600651.SH,365.1,361.5,365.1,8200.0,120000.0,14.634146,0.040083,0.04,1990-12-21,1991-06-29
1991-04-22,600602.SH,435.3,435.3,435.3,26900.0,117000.0,4.349442,0.009992,0.01,1991-01-03,1992-12-01
1991-04-22,600651.SH,363.3,363.3,364.0,2400.0,34000.0,14.166667,0.038994,0.04,1990-12-21,1991-06-29
1991-04-23,600602.SH,433.1,433.1,433.1,8400.0,36000.0,4.285714,0.009895,0.01,1991-01-03,1992-12-01
1991-04-23,600651.SH,361.5,361.5,361.5,1800.0,26000.0,14.444444,0.039957,0.04,1990-12-21,1991-06-29
1991-04-24,600602.SH,430.9,430.9,430.9,4400.0,18000.0,4.090909,0.009494,0.01,1991-01-03,1992-12-01
1991-04-24,600651.SH,360.0,359.9,360.0,300.0,4000.0,13.333333,0.037037,0.04,1990-12-21,1991-06-29
1991-04-25,600602.SH,428.7,428.7,430.85,133700.0,573000.0,4.285714,0.009997,0.01,1991-01-03,1992-12-01
1991-04-25,600651.SH,358.3,358.3,361.8,4400.0,63000.0,14.318182,0.039961,0.04,1990-12-21,1991-06-29
1991-04-26,600602.SH,429.45,424.4,433.0,1283700.0,5508000.0,4.290722,0.009991,0.01,1991-01-03,1992-12-01
1991-04-29,600602.SH,425.2,425.2,433.0,746400.0,3182000.0,4.26313,0.010026,0.01,1991-01-03,1992-12-01
1991-04-30,600602.SH,420.9,420.9,425.2,453900.0,1918000.0,4.2256,0.010039,0.01,1991-01-03,1992-12-01
1991-05-02,600602.SH,416.7,416.7,416.7,102700.0,427000.0,4.157741,0.009978,0.01,1991-01-03,1992-12-01
1991-05-02,600651.SH,369.2,369.2,369.2,7000.0,104000.0,14.857143,0.040241,0.04,1990-12-21,1991-06-29
1991-05-03,600602.SH,412.5,412.5,412.5,377200.0,1555000.0,4.122481,0.009994,0.01,1991-01-03,1992-12-01
1991-05-03,600651.SH,365.5,365.5,372.9,4200.0,62000.0,14.761905,0.040388,0.04,1990-12-21,1991-06-29
1991-05-06,600602.SH,408.4,408.4,408.4,261100.0,1066000.0,4.082727,0.009997,0.01,1991-01-03,1992-12-01
1991-05-06,600651.SH,362.0,361.8,369.2,7100.0,103000.0,14.507042,0.040075,0.04,1990-12-21,1991-06-29
1991-05-07,600602.SH,404.3,404.3,404.3,173100.0,699000.0,4.038128,0.009988,0.01,1991-01-03,1992-12-01
1991-05-07,600651.SH,365.6,362.0,365.6,300.0,4000.0,13.333333,0.03647,0.04,1990-12-21,1991-06-29
1991-05-08,600602.SH,400.3,400.3,400.3,20900.0,83000.0,3.971292,0.009921,0.01,1991-01-03,1992-12-01
1991-05-08,600651.SH,363.6,363.6,369.3,5700.0,83000.0,14.561404,0.040048,0.04,1990-12-21,1991-06-29
1991-05-09,600602.SH,396.3,396.3,396.3,211700.0,838000.0,3.958432,0.009988,0.01,1991-01-03,1992-12-01
1991-05-09,600651.SH,363.0,362.5,367.2,1200.0,16000.0,13.333333,0.036731,0.04,1990-12-21,1991-06-29
1991-05-10,600602.SH,392.3,392.3,392.3,11400.0,44000.0,3.859649,0.009839,0.01,1991-01-03,1992-12-01
1991-05-10,600651.SH,366.5,363.0,366.5,1900.0,27000.0,14.210526,0.038774,0.04,1990-12-21,1991-06-29
1991-05-13,600602.SH,388.4,388.4,388.4,18700.0,72000.0,3.850267,0.009913,0.01,1991-01-03,1992-12-01
1991-05-13,600651.SH,362.8,362.8,369.0,1400.0,21000.0,15.0,0.041345,0.04,1990-12-21,1991-06-29
1991-05-14,600602.SH,384.5,384.5,384.5,21400.0,82000.0,3.831776,0.009966,0.01,1991-01-03,1992-12-01
1991-05-14,600651.SH,364.8,360.1,364.8,1800.0,25000.0,13.888889,0.038073,0.04,1990-12-21,1991-06-29
1991-05-15,600602.SH,380.7,380.7,380.7,27100.0,103000.0,3.800738,0.009984,0.01,1991-01-03,1992-12-01
1991-05-15,600651.SH,366.0,364.5,366.0,3600.0,51000.0,14.166667,0.038707,0.04,1990-12-21,1991-06-29
1991-05-16,600602.SH,376.9,376.9,376.9,297000.0,1119000.0,3.767677,0.009996,0.01,1991-01-03,1992-12-01
1991-05-16,600651.SH,364.0,362.4,369.4,3500.0,51000.0,14.571429,0.040031,0.04,1990-12-21,1991-06-29
1991-05-17,600602.SH,380.7,373.1,380.7,1956800.0,7315000.0,3.738246,0.009819,0.01,1991-01-03,1992-12-01
1991-05-20,600602.SH,384.5,384.5,384.5,17900.0,68000.0,3.798883,0.00988,0.01,1991-01-03,1992-12-01
1991-05-20,600651.SH,370.7,370.7,370.7,3200.0,48000.0,15.0,0.040464,0.04,1990-12-21,1991-06-29
1991-05-21,600602.SH,388.3,388.3,388.3,31600.0,122000.0,3.860759,0.009943,0.01,1991-01-03,1992-12-01
1991-05-21,600651.SH,374.4,374.4,374.4,2000.0,30000.0,15.0,0.040064,0.04,1990-12-21,1991-06-29
1991-05-22,600602.SH,384.4,384.4,392.2,1714600.0,6723000.0,3.921031,0.0102,0.01,1991-01-03,1992-12-01
1991-05-22,600651.SH,378.0,378.0,378.1,7600.0,114000.0,15.0,0.039683,0.04,1990-12-21,1991-06-29
1991-05-23,600602.SH,388.2,380.6,388.2,450100.0,1716000.0,3.812486,0.009821,0.01,1991-01-03,1992-12-01
1991-05-23,600651.SH,374.2,374.2,378.0,4600.0,68000.0,14.782609,0.039505,0.04,1990-12-21,1991-06-29
1991-05-24,600602.SH,392.1,392.1,392.1,68100.0,267000.0,3.920705,0.009999,0.01,1991-01-03,1992-12-01
1991-05-24,600651.SH,377.9,377.9,377.9,2400.0,37000.0,15.416667,0.040796,0.04,1990-12-21,1991-06-29
1991-05-27,600602.SH,394.0,388.3,396.0,806200.0,3185000.0,3.950633,0.010027,0.01,1991-01-03,1992-12-01
1991-05-27,600651.SH,381.7,381.7,381.7,6200.0,94000.0,15.16129,0.03972,0.04,1990-12-21,1991-06-29
1991-05-28,600602.SH,397.9,397.5,397.9,149600.0,595000.0,3.977273,0.009996,0.01,1991-01-03,1992-12-01
1991-05-28,600651.SH,385.5,385.5,385.5,1000.0,16000.0,16.0,0.041505,0.04,1990-12-21,1991-06-29
1991-05-29,600602.SH,401.9,401.9,401.9,20700.0,83000.0,4.009662,0.009977,0.01,1991-01-03,1992-12-01
1991-05-29,600651.SH,389.4,389.4,389.4,200.0,3000.0,15.0,0.038521,0.04,1990-12-21,1991-06-29
1991-05-30,600602.SH,405.9,405.45,405.9,20700.0,83000.0,4.009662,0.009878,0.01,1991-01-03,1992-12-01
1991-05-31,600602.SH,410.0,410.0,410.0,88600.0,363000.0,4.097065,0.009993,0.01,1991-01-03,1992-12-01
1991-05-31,600651.SH,397.2,397.2,397.2,1600.0,26000.0,16.25,0.040911,0.04,1990-12-21,1991-06-29
1991-06-03,600602.SH,414.1,414.1,414.1,57200.0,236000.0,4.125874,0.009963,0.01,1991-01-03,1992-12-01
1991-06-03,600651.SH,401.2,401.2,401.2,1200.0,19000.0,15.833333,0.039465,0.04,1990-12-21,1991-06-29
1991-06-04,600602.SH,418.2,418.2,418.2,344700.0,1441000.0,4.180447,0.009996,0.01,1991-01-03,1992-12-01
1991-06-04,600651.SH,405.2,405.2,405.2,700.0,11000.0,15.714286,0.038782,0.04,1990-12-21,1991-06-29
1991-06-05,600602.SH,422.4,422.4,422.4,24300.0,102000.0,4.197531,0.009937,0.01,1991-01-03,1992-12-01
1991-06-05,600651.SH,409.3,409.3,409.3,1100.0,18000.0,16.363636,0.03998,0.04,1990-12-21,1991-06-29
1991-06-06,600602.SH,426.6,426.6,426.6,24600.0,104000.0,4.227642,0.00991,0.01,1991-01-03,1992-12-01
1991-06-07,600602.SH,430.9,430.9,430.9,2400.0,10000.0,4.166667,0.00967,0.01,1991-01-03,1992-12-01
1991-06-07,600651.SH,417.5,417.5,417.5,400.0,7000.0,17.5,0.041916,0.04,1990-12-21,1991-06-29
1991-06-10,600602.SH,435.2,435.2,435.2,17900.0,77000.0,4.301676,0.009884,0.01,1991-01-03,1992-12-01
1991-06-10,600651.SH,421.7,421.7,421.7,600.0,10000.0,16.666667,0.039523,0.04,1990-12-21,1991-06-29
1991-06-11,600602.SH,439.6,439.6,439.6,30300.0,133000.0,4.389439,0.009985,0.01,1991-01-03,1992-12-01
1991-06-11,600651.SH,425.9,425.9,425.9,3200.0,54000.0,16.875,0.039622,0.04,1990-12-21,1991-06-29
1991-06-12,600602.SH,444.0,444.0,444.0,123000.0,546000.0,4.439024,0.009998,0.01,1991-01-03,1992-12-01
1991-06-12,600651.SH,430.2,430.2,430.2,5800.0,99000.0,17.068966,0.039677,0.04,1990-12-21,1991-06-29
1991-06-13,600602.SH,448.4,440.0,448.4,1932900.0,8663000.0,4.481867,0.009995,0.01,1991-01-03,1992-12-01
1991-06-13,600651.SH,434.5,425.9,434.5,52800.0,914000.0,17.310606,0.03984,0.04,1990-12-21,1991-06-29
1991-06-14,600602.SH,443.9,443.9,452.9,582300.0,2593000.0,4.453031,0.010032,0.01,1991-01-03,1992-12-01
1991-06-14,600651.SH,430.2,430.2,438.8,14900.0,258000.0,17.315436,0.04025,0.04,1990-12-21,1991-06-29
1991-06-17,600602.SH,448.3,439.5,448.3,597600.0,2661000.0,4.452811,0.009933,0.01,1991-01-03,1992-12-01
1991-06-17,600651.SH,434.5,425.9,434.5,15000.0,259000.0,17.266667,0.039739,0.04,1990-12-21,1991-06-29
1991-06-18,600602.SH,452.8,452.8,452.8,188900.0,855000.0,4.526204,0.009996,0.01,1991-01-03,1992-12-01
1991-06-18,600651.SH,438.8,438.8,438.8,500.0,8000.0,16.0,0.036463,0.04,1990-12-21,1991-06-29
1991-06-19,600602.SH,457.3,457.3,457.3,140000.0,640000.0,4.571429,0.009997,0.01,1991-01-03,1992-12-01
1991-06-19,600651.SH,443.2,443.2,443.2,1200.0,20000.0,16.666667,0.037605,0.04,1990-12-21,1991-06-29
1991-06-20,600602.SH,461.9,461.9,461.9,217200.0,1003000.0,4.617864,0.009998,0.01,1991-01-03,1992-12-01
1991-06-20,600651.SH,447.6,447.6,447.6,3400.0,60000.0,17.647059,0.039426,0.04,1990-12-21,1991-06-29
1991-06-21,600602.SH,466.5,457.3,466.5,1264900.0,5897000.0,4.662029,0.009994,0.01,1991-01-03,1992-12-01
1991-06-21,600651.SH,452.1,449.0,452.1,23000.0,414000.0,18.0,0.039814,0.04,1990-12-21,1991-06-29
1991-06-24,600602.SH,471.2,471.2,471.2,172000.0,810000.0,4.709302,0.009994,0.01,1991-01-03,1992-12-01
1991-06-24,600651.SH,456.6,456.6,456.6,3500.0,63000.0,18.0,0.039422,0.04,1990-12-21,1991-06-29
1991-06-25,600602.SH,475.9,475.9,475.9,131000.0,623000.0,4.755725,0.009993,0.01,1991-01-03,1992-12-01
1991-06-25,600651.SH,461.2,460.8,461.2,17900.0,330000.0,18.435754,0.039973,0.04,1990-12-21,1991-06-29
1991-06-26,600602.SH,480.7,480.7,480.7,310300.0,1491000.0,4.805027,0.009996,0.01,1991-01-03,1992-12-01
1991-06-26,600651.SH,465.8,465.8,465.8,4400.0,81000.0,18.409091,0.039521,0.04,1990-12-21,1991-06-29
1991-06-27,600602.SH,485.5,485.5,485.5,426200.0,2069000.0,4.854528,0.009999,0.01,1991-01-03,1992-12-01
1991-06-27,600651.SH,470.5,470.5,470.5,400.0,7000.0,17.5,0.037194,0.04,1990-12-21,1991-06-29
1991-06-28,600602.SH,490.4,490.4,490.4,443000.0,2172000.0,4.902935,0.009998,0.01,1991-01-03,1992-12-01
1991-06-28,600651.SH,475.2,466.0,475.2,20600.0,390000.0,18.932039,0.03984,0.04,1990-12-21,1991-06-29
1991-07-01,600602.SH,485.5,485.5,495.3,2172400.0,10662000.0,4.907936,0.010109,0.01,1991-01-03,1992-12-01
1991-07-01,600654.SH,423.2,423.2,423.2,78000.0,330000.0,4.230769,0.009997,0.01,1991-07-01,1992-05-30
1991-07-02,600602.SH,480.6,480.6,480.6,167000.0,802000.0,4.802395,0.009992,0.01,1991-01-03,1992-12-01
1991-07-02,600654.SH,419.0,419.0,419.0,32300.0,135000.0,4.179567,0.009975,0.01,1991-07-01,1992-05-30
1991-07-03,600602.SH,475.8,475.8,475.8,101300.0,481000.0,4.748272,0.00998,0.01,1991-01-03,1992-12-01
1991-07-03,600654.SH,423.2,414.8,423.2,118600.0,495000.0,4.173693,0.009862,0.01,1991-07-01,1992-05-30
1991-07-04,600602.SH,480.6,471.0,480.6,1211700.0,5746000.0,4.742098,0.009867,0.01,1991-01-03,1992-12-01
1991-07-04,600654.SH,427.4,419.0,427.4,22300.0,95000.0,4.26009,0.009967,0.01,1991-07-01,1992-05-30
1991-07-05,600602.SH,475.8,475.8,485.4,1287600.0,6200000.0,4.81516,0.01012,0.01,1991-01-03,1992-12-01
1991-07-05,600654.SH,431.7,423.5,431.7,86100.0,370000.0,4.297329,0.009954,0.01,1991-07-01,1992-05-30
1991-07-08,600601.SH,44.8,44.8,44.8,12900.0,57000.0,4.418605,0.09863,0.1,1991-07-01,1992-12-01
1991-07-08,600602.SH,471.0,471.0,475.8,374200.0,1763000.0,4.711384,0.010003,0.01,1991-01-03,1992-12-01
1991-07-08,600653.SH,53.6,52.8,53.6,123200.0,658000.0,5.340909,0.099644,0.1,1991-07-01,1992-02-27
1991-07-08,600654.SH,436.0,427.4,436.0,54800.0,236000.0,4.306569,0.009877,0.01,1991-07-01,1992-05-30
1991-07-09,600601.SH,44.4,44.4,45.2,73600.0,327000.0,4.442935,0.100066,0.1,1991-07-01,1992-12-01
1991-07-09,600602.SH,466.3,466.3,475.7,638000.0,2989000.0,4.684953,0.010047,0.01,1991-01-03,1992-12-01
1991-07-09,600653.SH,54.1,54.1,54.1,70500.0,381000.0,5.404255,0.099894,0.1,1991-07-01,1992-02-27
1991-07-09,600654.SH,440.4,433.8,440.4,22000.0,96000.0,4.363636,0.009908,0.01,1991-07-01,1992-05-30
1991-07-10,600601.SH,44.0,44.0,44.3,15000.0,66000.0,4.4,0.1,0.1,1991-07-01,1992-12-01
1991-07-10,600602.SH,461.6,461.6,470.0,507400.0,2349000.0,4.629484,0.010029,0.01,1991-01-03,1992-12-01
1991-07-10,600653.SH,54.6,54.6,54.6,15600.0,85000.0,5.448718,0.099793,0.1,1991-07-01,1992-02-27
1991-07-10,600654.SH,444.8,444.8,444.8,40600.0,180000.0,4.433498,0.009967,0.01,1991-07-01,1992-05-30
1991-07-11,600601.SH,43.6,43.6,43.6,19700.0,85000.0,4.314721,0.098961,0.1,1991-07-01,1992-12-01
1991-07-11,600602.SH,457.0,457.0,461.7,372300.0,1705000.0,4.57964,0.010021,0.01,1991-01-03,1992-12-01
1991-07-11,600653.SH,55.1,55.1,55.1,19100.0,105000.0,5.497382,0.099771,0.1,1991-07-01,1992-02-27
1991-07-11,600654.SH,449.2,440.4,449.2,70700.0,316000.0,4.46959,0.00995,0.01,1991-07-01,1992-05-30
1991-07-12,600601.SH,43.2,43.2,43.2,34800.0,150000.0,4.310345,0.099777,0.1,1991-07-01,1992-12-01
1991-07-12,600602.SH,452.4,452.4,452.4,194300.0,879000.0,4.523932,0.01,0.01,1991-01-03,1992-12-01
1991-07-12,600653.SH,55.7,55.7,55.7,29500.0,164000.0,5.559322,0.099808,0.1,1991-07-01,1992-02-27
1991-07-12,600654.SH,453.7,452.0,453.7,44500.0,201000.0,4.516854,0.009956,0.01,1991-07-01,1992-05-30
1991-07-15,600601.SH,43.6,42.8,43.6,46200.0,200000.0,4.329004,0.099289,0.1,1991-07-01,1992-12-01
1991-07-15,600602.SH,452.0,447.9,456.8,1066700.0,4816000.0,4.514859,0.009989,0.01,1991-01-03,1992-12-01
1991-07-15,600653.SH,56.3,56.3,56.3,23400.0,131000.0,5.598291,0.099437,0.1,1991-07-01,1992-02-27
1991-07-15,600654.SH,458.2,458.2,458.2,29200.0,133000.0,4.554795,0.009941,0.01,1991-07-01,1992-05-30
1991-07-16,600601.SH,44.0,44.0,44.0,8800.0,38000.0,4.318182,0.09814,0.1,1991-07-01,1992-12-01
1991-07-16,600602.SH,456.5,452.4,456.5,247100.0,1127000.0,4.560907,0.009991,0.01,1991-01-03,1992-12-01
1991-07-16,600653.SH,56.9,56.9,56.9,5300.0,30000.0,5.660377,0.099479,0.1,1991-07-01,1992-02-27
1991-07-16,600654.SH,462.8,462.8,462.8,6200.0,28000.0,4.516129,0.009758,0.01,1991-07-01,1992-05-30
1991-07-17,600601.SH,44.4,44.4,44.4,2300.0,10000.0,4.347826,0.097924,0.1,1991-07-01,1992-12-01
1991-07-17,600602.SH,461.1,461.1,461.1,31600.0,145000.0,4.588608,0.009951,0.01,1991-01-03,1992-12-01
1991-07-17,600653.SH,57.5,57.5,57.5,1900.0,10000.0,5.263158,0.091533,0.1,1991-07-01,1992-02-27
1991-07-17,600654.SH,467.4,467.4,467.4,11700.0,54000.0,4.615385,0.009875,0.01,1991-07-01,1992-05-30
1991-07-18,600601.SH,44.8,44.8,44.8,2900.0,12000.0,4.137931,0.092365,0.1,1991-07-01,1992-12-01
1991-07-18,600602.SH,465.7,465.7,465.7,48400.0,225000.0,4.64876,0.009982,0.01,1991-01-03,1992-12-01
1991-07-18,600653.SH,58.1,58.1,58.1,5700.0,33000.0,5.789474,0.099647,0.1,1991-07-01,1992-02-27
1991-07-18,600654.SH,472.1,472.1,472.1,9700.0,45000.0,4.639175,0.009827,0.01,1991-07-01,1992-05-30
1991-07-19,600601.SH,45.2,45.2,45.2,7000.0,31000.0,4.428571,0.097977,0.1,1991-07-01,1992-12-01
1991-07-19,600602.SH,461.2,461.0,470.4,992000.0,4643000.0,4.680444,0.010148,0.01,1991-01-03,1992-12-01
1991-07-19,600653.SH,58.7,58.7,58.7,20200.0,118000.0,5.841584,0.099516,0.1,1991-07-01,1992-02-27
1991-07-19,600654.SH,476.8,476.8,476.8,24800.0,118000.0,4.758065,0.009979,0.01,1991-07-01,1992-05-30
1991-07-22,600601.SH,45.7,45.7,45.7,89000.0,406000.0,4.561798,0.099821,0.1,1991-07-01,1992-12-01
1991-07-22,600602.SH,465.8,465.8,465.8,104800.0,488000.0,4.656489,0.009997,0.01,1991-01-03,1992-12-01
1991-07-22,600653.SH,59.3,59.3,59.3,28400.0,168000.0,5.915493,0.099755,0.1,1991-07-01,1992-02-27
1991-07-22,600654.SH,481.6,481.6,481.6,24700.0,118000.0,4.777328,0.00992,0.01,1991-07-01,1992-05-30
1991-07-23,600601.SH,46.2,46.2,46.2,177300.0,819000.0,4.619289,0.099985,0.1,1991-07-01,1992-12-01
1991-07-23,600602.SH,470.5,468.0,470.5,492000.0,2313000.0,4.70122,0.009992,0.01,1991-01-03,1992-12-01
1991-07-23,600653.SH,59.9,59.9,59.9,4500.0,26000.0,5.777778,0.096457,0.1,1991-07-01,1992-02-27
1991-07-23,600654.SH,486.4,486.4,486.4,20300.0,98000.0,4.827586,0.009925,0.01,1991-07-01,1992-05-30
1991-07-24,600601.SH,46.7,46.7,46.7,191600.0,894000.0,4.665971,0.099914,0.1,1991-07-01,1992-12-01
1991-07-24,600602.SH,474.7,466.0,475.2,347900.0,1648000.0,4.736993,0.009979,0.01,1991-01-03,1992-12-01
1991-07-24,600653.SH,60.5,60.5,60.5,10800.0,65000.0,6.018519,0.09948,0.1,1991-07-01,1992-02-27
1991-07-24,600654.SH,491.3,491.3,491.3,27500.0,135000.0,4.909091,0.009992,0.01,1991-07-01,1992-05-30
1991-07-25,600601.SH,47.2,47.2,47.2,453400.0,2139000.0,4.717689,0.099951,0.1,1991-07-01,1992-12-01
1991-07-25,600602.SH,470.0,470.0,474.4,198700.0,934000.0,4.700554,0.010001,0.01,1991-01-03,1992-12-01
1991-07-25,600653.SH,61.1,61.1,61.1,2800.0,16000.0,5.714286,0.093523,0.1,1991-07-01,1992-02-27
1991-07-25,600654.SH,496.0,486.4,496.2,161900.0,796000.0,4.916615,0.009913,0.01,1991-07-01,1992-05-30
1991-07-26,600601.SH,47.7,47.7,47.7,399000.0,1903000.0,4.769424,0.099988,0.1,1991-07-01,1992-12-01
1991-07-26,600602.SH,470.0,465.3,474.0,408400.0,1906000.0,4.666993,0.00993,0.01,1991-01-03,1992-12-01
1991-07-26,600653.SH,61.7,61.7,61.7,10000.0,62000.0,6.2,0.100486,0.1,1991-07-01,1992-02-27
1991-07-26,600654.SH,501.0,491.0,501.0,85000.0,422000.0,4.964706,0.00991,0.01,1991-07-01,1992-05-30
1991-07-29,600601.SH,48.2,48.2,48.2,68300.0,329000.0,4.816984,0.099937,0.1,1991-07-01,1992-12-01
1991-07-29,600602.SH,472.0,470.0,473.5,368300.0,1734000.0,4.708118,0.009975,0.01,1991-01-03,1992-12-01
1991-07-29,600653.SH,62.3,62.3,62.3,8200.0,51000.0,6.219512,0.099832,0.1,1991-07-01,1992-02-27
1991-07-29,600654.SH,506.0,506.0,506.0,16300.0,82000.0,5.030675,0.009942,0.01,1991-07-01,1992-05-30
1991-07-30,600601.SH,48.7,48.7,48.7,64100.0,311000.0,4.851794,0.099626,0.1,1991-07-01,1992-12-01
1991-07-30,600602.SH,474.0,471.0,474.3,473500.0,2242000.0,4.734952,0.009989,0.01,1991-01-03,1992-12-01
1991-07-30,600653.SH,62.9,62.9,62.9,6100.0,38000.0,6.229508,0.099038,0.1,1991-07-01,1992-02-27
1991-07-30,600654.SH,511.1,511.1,511.1,3400.0,17000.0,5.0,0.009783,0.01,1991-07-01,1992-05-30
1991-07-31,600601.SH,49.2,49.2,49.2,21900.0,107000.0,4.885845,0.099306,0.1,1991-07-01,1992-12-01
1991-07-31,600602.SH,478.7,474.0,478.7,359900.0,1719000.0,4.776327,0.009978,0.01,1991-01-03,1992-12-01
1991-07-31,600653.SH,63.5,63.5,63.5,4300.0,27000.0,6.27907,0.098883,0.1,1991-07-01,1992-02-27
1991-07-31,600654.SH,516.2,516.2,516.2,7100.0,36000.0,5.070423,0.009823,0.01,1991-07-01,1992-05-30
1991-08-01,600601.SH,49.7,49.7,49.7,21700.0,107000.0,4.930876,0.099213,0.1,1991-07-01,1992-12-01
1991-08-01,600602.SH,483.5,483.5,483.5,443400.0,2143000.0,4.833108,0.009996,0.01,1991-01-03,1992-12-01
1991-08-01,600654.SH,521.4,521.4,521.4,2800.0,14000.0,5.0,0.00959,0.01,1991-07-01,1992-05-30
1991-08-02,600601.SH,50.2,50.2,50.2,39100.0,196000.0,5.012788,0.099856,0.1,1991-07-01,1992-12-01
1991-08-02,600602.SH,488.3,483.5,488.3,1095600.0,5346000.0,4.879518,0.009993,0.01,1991-01-03,1992-12-01
1991-08-02,600653.SH,64.7,64.7,64.7,5200.0,33000.0,6.346154,0.098086,0.1,1991-07-01,1992-02-27
1991-08-02,600654.SH,526.6,526.6,526.6,10800.0,56000.0,5.185185,0.009847,0.01,1991-07-01,1992-05-30
1991-08-05,600601.SH,50.7,50.7,50.7,63800.0,323000.0,5.062696,0.099856,0.1,1991-07-01,1992-12-01
1991-08-05,600602.SH,493.2,493.2,493.2,423400.0,2088000.0,4.931507,0.009999,0.01,1991-01-03,1992-12-01
1991-08-05,600653.SH,65.3,65.3,65.3,14900.0,97000.0,6.510067,0.099695,0.1,1991-07-01,1992-02-27
1991-08-05,600654.SH,531.9,531.9,531.9,2400.0,12000.0,5.0,0.0094,0.01,1991-07-01,1992-05-30
1991-08-06,600601.SH,51.2,51.2,51.2,20300.0,103000.0,5.073892,0.099099,0.1,1991-07-01,1992-12-01
1991-08-06,600602.SH,498.1,498.1,498.1,147600.0,735000.0,4.979675,0.009997,0.01,1991-01-03,1992-12-01
1991-08-06,600653.SH,66.0,66.0,66.0,10500.0,69000.0,6.571429,0.099567,0.1,1991-07-01,1992-02-27
1991-08-06,600654.SH,537.2,537.2,537.2,8000.0,42000.0,5.25,0.009773,0.01,1991-07-01,1992-05-30
1991-08-07,600601.SH,51.7,51.7,51.7,25000.0,129000.0,5.16,0.099807,0.1,1991-07-01,1992-12-01
1991-08-07,600602.SH,503.1,503.1,503.1,78000.0,392000.0,5.025641,0.009989,0.01,1991-01-03,1992-12-01
1991-08-07,600653.SH,66.7,66.7,66.7,3200.0,21000.0,6.5625,0.098388,0.1,1991-07-01,1992-02-27
1991-08-07,600654.SH,542.6,542.6,542.6,600.0,3000.0,5.0,0.009215,0.01,1991-07-01,1992-05-30
1991-08-08,600601.SH,52.2,52.2,52.2,7200.0,37000.0,5.138889,0.098446,0.1,1991-07-01,1992-12-01
1991-08-08,600602.SH,508.1,508.1,508.1,168200.0,854000.0,5.077289,0.009993,0.01,1991-01-03,1992-12-01
1991-08-08,600654.SH,548.0,548.0,548.0,3700.0,20000.0,5.405405,0.009864,0.01,1991-07-01,1992-05-30
1991-08-09,600601.SH,52.7,52.7,52.7,80700.0,425000.0,5.266419,0.099932,0.1,1991-07-01,1992-12-01
1991-08-09,600602.SH,513.2,513.2,513.2,231000.0,1185000.0,5.12987,0.009996,0.01,1991-01-03,1992-12-01
1991-08-09,600653.SH,67.4,67.4,67.4,12200.0,82000.0,6.721311,0.099723,0.1,1991-07-01,1992-02-27
1991-08-09,600654.SH,553.5,553.5,553.5,35600.0,197000.0,5.533708,0.009998,0.01,1991-07-01,1992-05-30
1991-08-12,600601.SH,53.2,53.2,53.2,50900.0,270000.0,5.304519,0.099709,0.1,1991-07-01,1992-12-01
1991-08-12,600602.SH,518.3,518.3,518.3,231300.0,1198000.0,5.179421,0.009993,0.01,1991-01-03,1992-12-01
1991-08-12,600653.SH,68.1,68.1,68.1,32800.0,223000.0,6.79878,0.099835,0.1,1991-07-01,1992-02-27
1991-08-12,600654.SH,559.0,557.9,559.0,65600.0,366000.0,5.579268,0.009981,0.01,1991-07-01,1992-05-30
1991-08-13,600601.SH,53.7,53.7,53.7,81800.0,439000.0,5.366748,0.099939,0.1,1991-07-01,1992-12-01
1991-08-13,600602.SH,523.5,518.15,523.5,1898900.0,9936000.0,5.232503,0.009995,0.01,1991-01-03,1992-12-01
1991-08-13,600653.SH,68.8,68.8,68.8,9300.0,63000.0,6.774194,0.098462,0.1,1991-07-01,1992-02-27
1991-08-13,600654.SH,564.6,564.6,564.6,10600.0,59000.0,5.566038,0.009858,0.01,1991-07-01,1992-05-30
1991-08-14,600601.SH,54.2,54.2,54.2,38600.0,208000.0,5.388601,0.099421,0.1,1991-07-01,1992-12-01
1991-08-14,600602.SH,528.7,528.7,528.7,478300.0,2528000.0,5.285386,0.009997,0.01,1991-01-03,1992-12-01
1991-08-14,600653.SH,69.5,69.5,69.5,2600.0,18000.0,6.923077,0.099613,0.1,1991-07-01,1992-02-27
1991-08-14,600654.SH,570.2,570.2,570.2,26400.0,150000.0,5.681818,0.009965,0.01,1991-07-01,1992-05-30
1991-08-15,600601.SH,54.7,54.7,54.7,12400.0,67000.0,5.403226,0.098779,0.1,1991-07-01,1992-12-01
1991-08-15,600602.SH,534.0,534.0,534.0,120300.0,642000.0,5.336658,0.009994,0.01,1991-01-03,1992-12-01
1991-08-15,600653.SH,70.2,70.2,70.2,2700.0,19000.0,7.037037,0.100243,0.1,1991-07-01,1992-02-27
1991-08-15,600654.SH,575.9,575.9,575.9,15500.0,89000.0,5.741935,0.00997,0.01,1991-07-01,1992-05-30
1991-08-16,600601.SH,55.2,55.2,55.2,14900.0,82000.0,5.503356,0.099698,0.1,1991-07-01,1992-12-01
1991-08-16,600602.SH,539.3,539.3,539.3,57300.0,309000.0,5.39267,0.009999,0.01,1991-01-03,1992-12-01
1991-08-16,600654.SH,581.7,581.7,581.7,19700.0,114000.0,5.786802,0.009948,0.01,1991-07-01,1992-05-30
1991-08-19,600601.SH,55.8,55.8,55.8,30100.0,167000.0,5.548173,0.09943,0.1,1991-07-01,1992-12-01
1991-08-19,600602.SH,544.7,544.7,544.7,27600.0,150000.0,5.434783,0.009978,0.01,1991-01-03,1992-12-01
1991-08-19,600653.SH,71.6,71.6,71.6,2300.0,16000.0,6.956522,0.097158,0.1,1991-07-01,1992-02-27
1991-08-19,600654.SH,587.5,587.5,587.5,22900.0,134000.0,5.851528,0.00996,0.01,1991-07-01,1992-05-30
1991-08-20,600601.SH,56.4,56.4,56.4,5600.0,31000.0,5.535714,0.098151,0.1,1991-07-01,1992-12-01
1991-08-20,600602.SH,550.1,550.1,550.1,28200.0,155000.0,5.496454,0.009992,0.01,1991-01-03,1992-12-01
1991-08-20,600653.SH,72.3,72.3,72.3,1400.0,10000.0,7.142857,0.098795,0.1,1991-07-01,1992-02-27
1991-08-20,600654.SH,593.4,593.4,593.4,4300.0,25000.0,5.813953,0.009798,0.01,1991-07-01,1992-05-30
1991-08-21,600601.SH,57.0,57.0,57.0,134500.0,766000.0,5.695167,0.099915,0.1,1991-07-01,1992-12-01
1991-08-21,600602.SH,555.6,555.6,555.6,163300.0,907000.0,5.554195,0.009997,0.01,1991-01-03,1992-12-01
1991-08-21,600653.SH,73.0,73.0,73.0,10000.0,73000.0,7.3,0.1,0.1,1991-07-01,1992-02-27
1991-08-21,600654.SH,599.3,599.3,599.3,900.0,5000.0,5.555556,0.00927,0.01,1991-07-01,1992-05-30
1991-08-22,600601.SH,57.6,57.6,57.6,56800.0,327000.0,5.757042,0.099949,0.1,1991-07-01,1992-12-01
1991-08-22,600602.SH,561.2,561.2,561.2,52200.0,292000.0,5.59387,0.009968,0.01,1991-01-03,1992-12-01
1991-08-22,600653.SH,73.7,73.7,73.7,1000.0,7000.0,7.0,0.09498,0.1,1991-07-01,1992-02-27
1991-08-22,600654.SH,605.3,605.3,605.3,3100.0,18000.0,5.806452,0.009593,0.01,1991-07-01,1992-05-30
1991-08-23,600601.SH,58.2,58.2,58.2,6200.0,36000.0,5.806452,0.099767,0.1,1991-07-01,1992-12-01
1991-08-23,600602.SH,566.8,566.8,566.8,17100.0,96000.0,5.614035,0.009905,0.01,1991-01-03,1992-12-01
1991-08-23,600654.SH,611.4,611.4,611.4,1700.0,10000.0,5.882353,0.009621,0.01,1991-07-01,1992-05-30
1991-08-26,600601.SH,58.8,58.8,58.8,1500.0,8000.0,5.333333,0.090703,0.1,1991-07-01,1992-12-01
1991-08-26,600602.SH,572.5,572.5,572.5,19900.0,113000.0,5.678392,0.009919,0.01,1991-01-03,1992-12-01
1991-08-26,600653.SH,74.4,74.4,74.4,9800.0,73000.0,7.44898,0.100121,0.1,1991-07-01,1992-02-27
1991-08-26,600654.SH,617.5,617.5,617.5,4100.0,25000.0,6.097561,0.009875,0.01,1991-07-01,1992-05-30
1991-08-27,600601.SH,59.4,59.4,59.4,7300.0,43000.0,5.890411,0.099165,0.1,1991-07-01,1992-12-01
1991-08-27,600602.SH,578.2,578.2,578.2,50400.0,291000.0,5.77381,0.009986,0.01,1991-01-03,1992-12-01
1991-08-27,600653.SH,75.1,75.1,75.1,3000.0,22000.0,7.333333,0.097648,0.1,1991-07-01,1992-02-27
1991-08-27,600654.SH,623.7,623.7,623.7,1700.0,10000.0,5.882353,0.009431,0.01,1991-07-01,1992-05-30
1991-08-28,600601.SH,60.0,60.0,60.0,16700.0,100000.0,5.988024,0.0998,0.1,1991-07-01,1992-12-01
1991-08-28,600602.SH,584.0,584.0,584.0,48000.0,280000.0,5.833333,0.009989,0.01,1991-01-03,1992-12-01
1991-08-28,600653.SH,75.9,75.9,75.9,2900.0,22000.0,7.586207,0.09995,0.1,1991-07-01,1992-02-27
1991-08-28,600654.SH,629.9,629.9,629.9,8800.0,55000.0,6.25,0.009922,0.01,1991-07-01,1992-05-30
1991-08-29,600601.SH,60.6,60.6,60.6,37900.0,229000.0,6.042216,0.099707,0.1,1991-07-01,1992-12-01
1991-08-29,600602.SH,589.8,589.8,589.8,180500.0,1064000.0,5.894737,0.009994,0.01,1991-01-03,1992-12-01
1991-08-29,600653.SH,76.7,76.7,76.7,2200.0,16000.0,7.272727,0.09482,0.1,1991-07-01,1992-02-27
1991-08-29,600654.SH,636.2,636.2,636.2,18600.0,118000.0,6.344086,0.009972,0.01,1991-07-01,1992-05-30
1991-08-30,600601.SH,61.2,61.2,61.2,346400.0,2120000.0,6.120092,0.100002,0.1,1991-07-01,1992-12-01
1991-08-30,600602.SH,595.7,595.7,595.7,249300.0,1485000.0,5.956679,0.009999,0.01,1991-01-03,1992-12-01
1991-08-30,600653.SH,77.5,77.5,77.5,1700.0,13000.0,7.647059,0.098672,0.1,1991-07-01,1992-02-27
1991-08-30,600654.SH,642.6,642.6,642.6,59100.0,379000.0,6.41286,0.00998,0.01,1991-07-01,1992-05-30
1991-09-02,600601.SH,61.8,61.8,61.8,32100.0,198000.0,6.168224,0.099809,0.1,1991-07-01,1992-12-01
1991-09-02,600602.SH,601.7,601.7,601.7,51600.0,310000.0,6.007752,0.009985,0.01,1991-01-03,1992-12-01
1991-09-02,600654.SH,649.0,649.0,649.0,46300.0,300000.0,6.479482,0.009984,0.01,1991-07-01,1992-05-30
1991-09-03,600601.SH,62.4,62.4,62.4,57800.0,360000.0,6.228374,0.099814,0.1,1991-07-01,1992-12-01
1991-09-03,600602.SH,607.7,607.7,607.7,45600.0,277000.0,6.074561,0.009996,0.01,1991-01-03,1992-12-01
1991-09-03,600651.SH,90.5,90.5,90.5,1000.0,9000.0,9.0,0.099448,0.1,1991-09-02,1992-12-01
1991-09-03,600653.SH,78.3,78.3,78.3,4500.0,35000.0,7.777778,0.099333,0.1,1991-07-01,1992-02-27
1991-09-03,600654.SH,655.5,655.5,655.5,36200.0,237000.0,6.546961,0.009988,0.01,1991-07-01,1992-05-30
1991-09-04,600601.SH,63.0,63.0,63.0,23500.0,148000.0,6.297872,0.099966,0.1,1991-07-01,1992-12-01
1991-09-04,600602.SH,613.8,613.8,613.8,28000.0,171000.0,6.107143,0.00995,0.01,1991-01-03,1992-12-01
1991-09-04,600654.SH,662.1,662.1,662.1,5300.0,35000.0,6.603774,0.009974,0.01,1991-07-01,1992-05-30
1991-09-05,600601.SH,63.6,63.6,63.6,29900.0,190000.0,6.354515,0.099914,0.1,1991-07-01,1992-12-01
1991-09-05,600602.SH,619.9,619.9,619.9,76300.0,472000.0,6.186107,0.009979,0.01,1991-01-03,1992-12-01
1991-09-05,600653.SH,79.9,79.9,79.9,3300.0,26000.0,7.878788,0.098608,0.1,1991-07-01,1992-02-27
1991-09-05,600654.SH,668.7,668.7,668.7,20500.0,137000.0,6.682927,0.009994,0.01,1991-07-01,1992-05-30
1991-09-06,600601.SH,64.2,64.2,64.2,10200.0,65000.0,6.372549,0.099261,0.1,1991-07-01,1992-12-01
1991-09-06,600602.SH,626.1,626.1,626.1,242600.0,1518000.0,6.257214,0.009994,0.01,1991-01-03,1992-12-01
1991-09-06,600653.SH,80.7,80.7,80.7,3800.0,30000.0,7.894737,0.097828,0.1,1991-07-01,1992-02-27
1991-09-06,600654.SH,675.4,675.4,675.4,17400.0,117000.0,6.724138,0.009956,0.01,1991-07-01,1992-05-30
1991-09-09,600601.SH,64.8,64.8,64.8,66400.0,430000.0,6.475904,0.099937,0.1,1991-07-01,1992-12-01
1991-09-09,600602.SH,632.4,632.4,632.4,244100.0,1543000.0,6.32118,0.009996,0.01,1991-01-03,1992-12-01
1991-09-09,600651.SH,94.1,94.1,94.1,3700.0,34000.0,9.189189,0.097653,0.1,1991-09-02,1992-12-01
1991-09-09,600653.SH,81.5,81.5,81.5,1000.0,8000.0,8.0,0.09816,0.1,1991-07-01,1992-02-27
1991-09-09,600654.SH,682.2,682.2,682.2,26500.0,180000.0,6.792453,0.009957,0.01,1991-07-01,1992-05-30
1991-09-10,600601.SH,65.4,65.4,65.4,61700.0,403000.0,6.531605,0.099872,0.1,1991-07-01,1992-12-01
1991-09-10,600602.SH,626.1,626.1,638.7,3065500.0,19485000.0,6.356222,0.010152,0.01,1991-01-03,1992-12-01
1991-09-10,600653.SH,82.3,82.3,82.3,1600.0,13000.0,8.125,0.098724,0.1,1991-07-01,1992-02-27
1991-09-10,600654.SH,675.4,675.4,689.0,168300.0,1159000.0,6.886512,0.010196,0.01,1991-07-01,1992-05-30
1991-09-11,600601.SH,64.7,64.7,66.1,803800.0,5207000.0,6.47798,0.100123,0.1,1991-07-01,1992-12-01
1991-09-11,600602.SH,619.8,619.8,619.8,870200.0,5393000.0,6.197426,0.009999,0.01,1991-01-03,1992-12-01
1991-09-11,600651.SH,96.0,96.0,96.0,37300.0,358000.0,9.597855,0.099978,0.1,1991-09-02,1992-12-01
1991-09-11,600653.SH,81.5,81.5,83.1,309000.0,2549000.0,8.249191,0.101217,0.1,1991-07-01,1992-02-27
1991-09-11,600654.SH,668.6,668.6,668.6,18600.0,124000.0,6.666667,0.009971,0.01,1991-07-01,1992-05-30
1991-09-12,600601.SH,64.1,64.1,64.4,321900.0,2063000.0,6.408823,0.099982,0.1,1991-07-01,1992-12-01
1991-09-12,600602.SH,613.6,613.6,613.6,164500.0,1009000.0,6.133739,0.009996,0.01,1991-01-03,1992-12-01
1991-09-12,600651.SH,97.0,95.0,97.0,125800.0,1208000.0,9.602544,0.098995,0.1,1991-09-02,1992-12-01
1991-09-12,600653.SH,82.3,80.7,82.3,892500.0,7273000.0,8.14902,0.099016,0.1,1991-07-01,1992-02-27
1991-09-12,600654.SH,661.9,661.9,661.9,10600.0,70000.0,6.603774,0.009977,0.01,1991-07-01,1992-05-30
1991-09-13,600601.SH,64.7,64.1,64.7,670300.0,4336000.0,6.468745,0.099981,0.1,1991-07-01,1992-12-01
1991-09-13,600602.SH,619.7,607.5,619.7,2591400.0,15914000.0,6.141082,0.00991,0.01,1991-01-03,1992-12-01
1991-09-13,600651.SH,98.0,98.0,98.0,1400.0,14000.0,10.0,0.102041,0.1,1991-09-02,1992-12-01
1991-09-13,600653.SH,83.1,83.1,83.1,15800.0,130000.0,8.227848,0.099011,0.1,1991-07-01,1992-02-27
1991-09-13,600654.SH,655.35,655.3,666.9,368300.0,2423000.0,6.578876,0.010039,0.01,1991-07-01,1992-05-30
1991-09-16,600601.SH,65.3,65.3,65.3,97000.0,633000.0,6.525773,0.099935,0.1,1991-07-01,1992-12-01
1991-09-16,600602.SH,625.9,625.9,625.9,740600.0,4635000.0,6.258439,0.009999,0.01,1991-01-03,1992-12-01
1991-09-16,600651.SH,99.0,99.0,99.0,2000.0,19000.0,9.5,0.09596,0.1,1991-09-02,1992-12-01
1991-09-16,600653.SH,83.9,83.9,83.9,16800.0,141000.0,8.392857,0.100034,0.1,1991-07-01,1992-02-27
1991-09-16,600654.SH,661.9,661.9,661.9,135900.0,899000.0,6.615158,0.009994,0.01,1991-07-01,1992-05-30
1991-09-17,600601.SH,64.6,64.6,66.0,730700.0,4812000.0,6.585466,0.101942,0.1,1991-07-01,1992-12-01
1991-09-17,600602.SH,619.6,619.6,632.2,1909200.0,12032000.0,6.302116,0.010171,0.01,1991-01-03,1992-12-01
1991-09-17,600651.SH,100.0,100.0,100.0,100.0,1000.0,10.0,0.1,0.1,1991-09-02,1992-12-01
1991-09-17,600653.SH,84.7,84.7,84.7,84300.0,713000.0,8.457888,0.099857,0.1,1991-07-01,1992-02-27
1991-09-17,600654.SH,655.3,655.3,668.5,156600.0,1043000.0,6.660281,0.010164,0.01,1991-07-01,1992-05-30
1991-09-18,600601.SH,65.2,64.0,65.2,633800.0,4062000.0,6.408962,0.098297,0.1,1991-07-01,1992-12-01
1991-09-18,600602.SH,613.4,613.4,613.4,471100.0,2889000.0,6.132456,0.009997,0.01,1991-01-03,1992-12-01
1991-09-18,600651.SH,100.0,100.0,100.0,1400.0,13000.0,9.285714,0.092857,0.1,1991-09-02,1992-12-01
1991-09-18,600653.SH,85.5,83.9,85.5,469300.0,4004000.0,8.531856,0.099788,0.1,1991-07-01,1992-02-27
1991-09-18,600654.SH,648.7,648.7,648.7,6100.0,39000.0,6.393443,0.009856,0.01,1991-07-01,1992-05-30
1991-09-19,600601.SH,65.2,64.5,65.9,294700.0,1928000.0,6.542246,0.100341,0.1,1991-07-01,1992-12-01
1991-09-19,600602.SH,608.0,607.65,619.5,1915300.0,11795000.0,6.158304,0.010129,0.01,1991-01-03,1992-12-01
1991-09-19,600651.SH,101.0,101.0,101.0,700.0,7000.0,10.0,0.09901,0.1,1991-09-02,1992-12-01
1991-09-19,600653.SH,86.4,86.4,86.4,1900.0,16000.0,8.421053,0.097466,0.1,1991-07-01,1992-02-27
1991-09-19,600654.SH,642.2,642.2,655.2,128200.0,824000.0,6.427457,0.010008,0.01,1991-07-01,1992-05-30
1991-09-20,600601.SH,64.5,64.5,65.9,128800.0,834000.0,6.475155,0.10039,0.1,1991-07-01,1992-12-01
1991-09-20,600602.SH,601.9,601.9,609.0,1051800.0,6339000.0,6.026811,0.010013,0.01,1991-01-03,1992-12-01
1991-09-20,600651.SH,102.0,102.0,102.0,2200.0,22000.0,10.0,0.098039,0.1,1991-09-02,1992-12-01
1991-09-20,600653.SH,87.3,87.3,87.3,21700.0,189000.0,8.709677,0.099767,0.1,1991-07-01,1992-02-27
1991-09-20,600654.SH,635.8,635.8,635.8,800.0,5000.0,6.25,0.00983,0.01,1991-07-01,1992-05-30
1991-09-23,600601.SH,63.9,63.9,63.9,43300.0,276000.0,6.374134,0.099752,0.1,1991-07-01,1992-12-01
1991-09-23,600602.SH,595.9,595.9,595.9,241200.0,1437000.0,5.957711,0.009998,0.01,1991-01-03,1992-12-01
1991-09-23,600651.SH,103.0,103.0,103.0,13600.0,140000.0,10.294118,0.099943,0.1,1991-09-02,1992-12-01
1991-09-23,600653.SH,88.2,88.2,88.2,90500.0,798000.0,8.81768,0.099974,0.1,1991-07-01,1992-02-27
1991-09-23,600654.SH,629.4,629.4,629.4,1400.0,8000.0,5.714286,0.009079,0.01,1991-07-01,1992-05-30
1991-09-24,600601.SH,63.3,63.3,63.3,32000.0,202000.0,6.3125,0.099724,0.1,1991-07-01,1992-12-01
1991-09-24,600602.SH,589.9,589.9,589.9,67800.0,399000.0,5.884956,0.009976,0.01,1991-01-03,1992-12-01
1991-09-24,600651.SH,104.0,104.0,104.0,9700.0,100000.0,10.309278,0.099128,0.1,1991-09-02,1992-12-01
1991-09-24,600653.SH,89.1,89.1,89.1,30100.0,267000.0,8.870432,0.099556,0.1,1991-07-01,1992-02-27
1991-09-24,600654.SH,623.1,623.1,623.1,500.0,3000.0,6.0,0.009629,0.01,1991-07-01,1992-05-30
1991-09-25,600601.SH,62.7,62.7,62.7,26600.0,166000.0,6.240602,0.099531,0.1,1991-07-01,1992-12-01
1991-09-25,600602.SH,584.0,584.0,584.0,81000.0,473000.0,5.839506,0.009999,0.01,1991-01-03,1992-12-01
1991-09-25,600651.SH,105.0,105.0,105.0,8800.0,91000.0,10.340909,0.098485,0.1,1991-09-02,1992-12-01
1991-09-25,600653.SH,90.0,90.0,90.0,19400.0,174000.0,8.969072,0.099656,0.1,1991-07-01,1992-02-27
1991-09-25,600654.SH,616.9,616.9,616.9,1600.0,9000.0,5.625,0.009118,0.01,1991-07-01,1992-05-30
1991-09-26,600601.SH,62.1,62.1,62.1,32200.0,200000.0,6.21118,0.100019,0.1,1991-07-01,1992-12-01
1991-09-26,600602.SH,578.2,578.2,578.2,450800.0,2606000.0,5.780834,0.009998,0.01,1991-01-03,1992-12-01
1991-09-26,600651.SH,106.1,105.0,106.1,142100.0,1507000.0,10.605208,0.099955,0.1,1991-09-02,1992-12-01
1991-09-26,600653.SH,90.9,90.9,90.9,13100.0,118000.0,9.007634,0.099094,0.1,1991-07-01,1992-02-27
1991-09-26,600654.SH,610.7,610.7,610.7,500.0,3000.0,6.0,0.009825,0.01,1991-07-01,1992-05-30
1991-09-27,600601.SH,61.5,61.5,62.7,803400.0,4954000.0,6.166293,0.100265,0.1,1991-07-01,1992-12-01
1991-09-27,600602.SH,574.2,572.4,584.0,2474200.0,14272000.0,5.768329,0.010046,0.01,1991-01-03,1992-12-01
1991-09-27,600651.SH,107.2,107.2,107.2,46100.0,493000.0,10.694143,0.099759,0.1,1991-09-02,1992-12-01
1991-09-27,600653.SH,91.8,91.8,91.8,11700.0,107000.0,9.145299,0.099622,0.1,1991-07-01,1992-02-27
1991-09-27,600654.SH,604.6,604.6,604.6,8000.0,48000.0,6.0,0.009924,0.01,1991-07-01,1992-05-30
1991-09-30,600601.SH,60.9,60.9,60.9,208100.0,1267000.0,6.088419,0.099974,0.1,1991-07-01,1992-12-01
1991-09-30,600602.SH,568.5,568.5,570.45,825300.0,4691000.0,5.683994,0.009998,0.01,1991-01-03,1992-12-01
1991-09-30,600651.SH,106.1,106.1,107.2,73900.0,784000.0,10.608931,0.09999,0.1,1991-09-02,1992-12-01
1991-09-30,600653.SH,92.7,90.9,92.7,778200.0,7150000.0,9.187869,0.099114,0.1,1991-07-01,1992-02-27
1991-09-30,600654.SH,598.6,598.6,598.6,43000.0,257000.0,5.976744,0.009985,0.01,1991-07-01,1992-05-30
1991-10-03,600601.SH,61.5,60.3,61.5,434600.0,2633000.0,6.058445,0.098511,0.1,1991-07-01,1992-12-01
1991-10-03,600602.SH,574.2,562.8,574.2,1129800.0,6429000.0,5.690388,0.00991,0.01,1991-01-03,1992-12-01
1991-10-03,600651.SH,107.2,105.0,107.2,194900.0,2061000.0,10.574654,0.098644,0.1,1991-09-02,1992-12-01
1991-10-03,600653.SH,93.6,93.6,93.6,58900.0,551000.0,9.354839,0.099945,0.1,1991-07-01,1992-02-27
1991-10-03,600654.SH,592.6,592.6,592.6,6800.0,40000.0,5.882353,0.009926,0.01,1991-07-01,1992-05-30
1991-10-04,600601.SH,62.1,62.1,62.1,127000.0,788000.0,6.204724,0.099915,0.1,1991-07-01,1992-12-01
1991-10-04,600602.SH,579.9,579.9,579.9,306600.0,1777000.0,5.795825,0.009995,0.01,1991-01-03,1992-12-01
1991-10-04,600651.SH,108.3,107.2,108.3,88400.0,957000.0,10.825792,0.099961,0.1,1991-09-02,1992-12-01
1991-10-04,600653.SH,94.5,94.5,94.5,17500.0,165000.0,9.428571,0.099773,0.1,1991-07-01,1992-02-27
1991-10-04,600654.SH,598.5,586.7,598.5,165100.0,971000.0,5.881284,0.009827,0.01,1991-07-01,1992-05-30
1991-10-07,600601.SH,62.7,62.1,62.7,420300.0,2635000.0,6.269331,0.099989,0.1,1991-07-01,1992-12-01
1991-10-07,600602.SH,585.7,585.7,585.7,440300.0,2578000.0,5.855099,0.009997,0.01,1991-01-03,1992-12-01
1991-10-07,600651.SH,109.4,109.35,109.4,49400.0,540000.0,10.931174,0.099919,0.1,1991-09-02,1992-12-01
1991-10-07,600653.SH,95.4,95.4,95.4,11000.0,104000.0,9.454545,0.099104,0.1,1991-07-01,1992-02-27
1991-10-07,600654.SH,604.5,592.5,604.5,191700.0,1151000.0,6.004173,0.009932,0.01,1991-07-01,1992-05-30
1991-10-08,600601.SH,62.1,62.1,63.3,493500.0,3083000.0,6.247214,0.100599,0.1,1991-07-01,1992-12-01
1991-10-08,600602.SH,591.6,591.3,591.6,1524500.0,9018000.0,5.915382,0.009999,0.01,1991-01-03,1992-12-01
1991-10-08,600651.SH,110.5,110.5,110.5,29400.0,324000.0,11.020408,0.099732,0.1,1991-09-02,1992-12-01
1991-10-08,600653.SH,96.4,96.4,96.4,11400.0,109000.0,9.561404,0.099185,0.1,1991-07-01,1992-02-27
1991-10-08,600654.SH,598.5,598.5,606.0,173000.0,1035000.0,5.982659,0.009996,0.01,1991-07-01,1992-05-30
1991-10-09,600601.SH,62.7,61.5,62.7,346100.0,2131000.0,6.15718,0.098201,0.1,1991-07-01,1992-12-01
1991-10-09,600602.SH,597.5,585.7,597.5,1524500.0,9006000.0,5.907511,0.009887,0.01,1991-01-03,1992-12-01
1991-10-09,600651.SH,111.6,109.4,111.6,85300.0,949000.0,11.12544,0.09969,0.1,1991-09-02,1992-12-01
1991-10-09,600653.SH,97.4,97.4,97.4,82400.0,802000.0,9.73301,0.099928,0.1,1991-07-01,1992-02-27
1991-10-09,600654.SH,592.5,592.5,592.5,32200.0,190000.0,5.900621,0.009959,0.01,1991-07-01,1992-05-30
1991-10-10,600601.SH,63.3,62.73,63.3,253800.0,1605000.0,6.323877,0.099903,0.1,1991-07-01,1992-12-01
1991-10-10,600602.SH,603.5,603.5,603.5,239200.0,1443000.0,6.032609,0.009996,0.01,1991-01-03,1992-12-01
1991-10-10,600651.SH,112.7,112.7,112.7,4200.0,47000.0,11.190476,0.099294,0.1,1991-09-02,1992-12-01
1991-10-10,600653.SH,98.4,98.4,98.4,11000.0,108000.0,9.818182,0.099778,0.1,1991-07-01,1992-02-27
1991-10-10,600654.SH,598.4,588.3,598.4,126800.0,757000.0,5.970032,0.009977,0.01,1991-07-01,1992-05-30
1991-10-11,600601.SH,63.35,62.8,63.9,518000.0,3280000.0,6.332046,0.099953,0.1,1991-07-01,1992-12-01
1991-10-11,600602.SH,609.5,609.5,609.5,380600.0,2319000.0,6.093011,0.009997,0.01,1991-01-03,1992-12-01
1991-10-11,600651.SH,113.8,113.8,113.8,19800.0,224000.0,11.313131,0.099412,0.1,1991-09-02,1992-12-01
1991-10-11,600653.SH,99.4,99.4,99.4,27200.0,270000.0,9.926471,0.099864,0.1,1991-07-01,1992-02-27
1991-10-11,600654.SH,604.0,592.5,604.4,119200.0,717000.0,6.015101,0.009959,0.01,1991-07-01,1992-05-30
1991-10-14,600601.SH,63.3,62.7,63.95,337900.0,2123000.0,6.282924,0.099256,0.1,1991-07-01,1992-12-01
1991-10-14,600602.SH,615.6,604.25,615.6,1610100.0,9887000.0,6.140612,0.009975,0.01,1991-01-03,1992-12-01
1991-10-14,600651.SH,114.9,114.9,114.9,33200.0,380000.0,11.445783,0.099615,0.1,1991-09-02,1992-12-01
1991-10-14,600653.SH,100.4,100.4,100.4,36600.0,367000.0,10.027322,0.099874,0.1,1991-07-01,1992-02-27
1991-10-14,600654.SH,608.5,598.0,610.0,72200.0,434000.0,6.01108,0.009879,0.01,1991-07-01,1992-05-30
1991-10-15,600601.SH,63.75,62.7,63.78,371100.0,2340000.0,6.305578,0.098911,0.1,1991-07-01,1992-12-01
1991-10-15,600602.SH,621.8,621.4,621.8,599500.0,3727000.0,6.216847,0.009998,0.01,1991-01-03,1992-12-01
1991-10-15,600651.SH,116.0,116.0,116.0,16100.0,186000.0,11.552795,0.099593,0.1,1991-09-02,1992-12-01
1991-10-15,600653.SH,101.4,101.4,101.4,11700.0,118000.0,10.08547,0.099462,0.1,1991-07-01,1992-02-27
1991-10-15,600654.SH,614.6,608.5,614.6,65000.0,398000.0,6.123077,0.009963,0.01,1991-07-01,1992-05-30
1991-10-16,600601.SH,64.4,63.1,64.4,429200.0,2740000.0,6.38397,0.09913,0.1,1991-07-01,1992-12-01
1991-10-16,600602.SH,628.0,628.0,628.0,450900.0,2831000.0,6.278554,0.009998,0.01,1991-01-03,1992-12-01
1991-10-16,600651.SH,117.2,117.2,117.2,10100.0,118000.0,11.683168,0.099686,0.1,1991-09-02,1992-12-01
1991-10-16,600653.SH,102.4,102.4,102.4,3600.0,36000.0,10.0,0.097656,0.1,1991-07-01,1992-02-27
1991-10-16,600654.SH,620.7,614.5,620.7,41000.0,254000.0,6.195122,0.009981,0.01,1991-07-01,1992-05-30
1991-10-17,600601.SH,65.0,64.0,65.0,292400.0,1897000.0,6.487688,0.099811,0.1,1991-07-01,1992-12-01
1991-10-17,600602.SH,634.3,634.3,634.3,236600.0,1500000.0,6.339814,0.009995,0.01,1991-01-03,1992-12-01
1991-10-17,600651.SH,118.4,118.4,118.4,10800.0,127000.0,11.759259,0.099318,0.1,1991-09-02,1992-12-01
1991-10-17,600653.SH,102.4,102.4,102.4,9600.0,98000.0,10.208333,0.099691,0.1,1991-07-01,1992-02-27
1991-10-17,600654.SH,626.9,623.45,626.9,39500.0,247000.0,6.253165,0.009975,0.01,1991-07-01,1992-05-30
1991-10-18,600601.SH,65.7,65.7,65.7,62100.0,408000.0,6.570048,0.100001,0.1,1991-07-01,1992-12-01
1991-10-18,600602.SH,640.6,640.6,640.6,161100.0,1032000.0,6.405959,0.01,0.01,1991-01-03,1992-12-01
1991-10-18,600651.SH,119.6,119.6,119.6,4000.0,47000.0,11.75,0.098244,0.1,1991-09-02,1992-12-01
1991-10-18,600653.SH,103.4,103.4,103.4,11100.0,114000.0,10.27027,0.099326,0.1,1991-07-01,1992-02-27
1991-10-18,600654.SH,633.2,633.2,633.2,8100.0,51000.0,6.296296,0.009944,0.01,1991-07-01,1992-05-30
1991-10-21,600601.SH,66.4,66.4,66.4,53300.0,354000.0,6.641651,0.100025,0.1,1991-07-01,1992-12-01
1991-10-21,600602.SH,647.0,647.0,647.0,258900.0,1675000.0,6.469679,0.01,0.01,1991-01-03,1992-12-01
1991-10-21,600651.SH,120.8,120.8,120.8,11000.0,133000.0,12.090909,0.10009,0.1,1991-09-02,1992-12-01
1991-10-21,600653.SH,104.4,104.4,104.4,2400.0,25000.0,10.416667,0.099777,0.1,1991-07-01,1992-02-27
1991-10-21,600654.SH,639.5,639.5,639.5,10100.0,64000.0,6.336634,0.009909,0.01,1991-07-01,1992-05-30
1991-10-22,600601.SH,67.1,67.1,67.1,28600.0,191000.0,6.678322,0.099528,0.1,1991-07-01,1992-12-01
1991-10-22,600602.SH,653.5,653.5,653.5,152600.0,997000.0,6.533421,0.009998,0.01,1991-01-03,1992-12-01
1991-10-22,600651.SH,122.0,122.0,122.0,4600.0,56000.0,12.173913,0.099786,0.1,1991-09-02,1992-12-01
1991-10-22,600653.SH,104.4,104.4,104.4,8600.0,89000.0,10.348837,0.099127,0.1,1991-07-01,1992-02-27
1991-10-22,600654.SH,645.9,645.9,645.9,13600.0,87000.0,6.397059,0.009904,0.01,1991-07-01,1992-05-30
1991-10-23,600601.SH,67.8,67.8,67.8,41900.0,284000.0,6.778043,0.099971,0.1,1991-07-01,1992-12-01
1991-10-23,600602.SH,660.0,660.0,660.0,165200.0,1090000.0,6.598063,0.009997,0.01,1991-01-03,1992-12-01
1991-10-23,600651.SH,123.2,123.2,123.2,4000.0,49000.0,12.25,0.099432,0.1,1991-09-02,1992-12-01
1991-10-23,600653.SH,105.4,105.4,105.4,19600.0,206000.0,10.510204,0.099717,0.1,1991-07-01,1992-02-27
1991-10-23,600654.SH,652.4,652.4,652.4,14400.0,93000.0,6.458333,0.009899,0.01,1991-07-01,1992-05-30
1991-10-24,600601.SH,68.5,67.1,68.5,1158900.0,7896000.0,6.813357,0.099465,0.1,1991-07-01,1992-12-01
1991-10-24,600602.SH,666.6,666.6,666.6,636600.0,4243000.0,6.665096,0.009999,0.01,1991-01-03,1992-12-01
1991-10-24,600651.SH,124.4,124.4,124.4,4000.0,49000.0,12.25,0.098473,0.1,1991-09-02,1992-12-01
1991-10-24,600653.SH,106.5,106.5,106.5,900.0,9000.0,10.0,0.093897,0.1,1991-07-01,1992-02-27
1991-10-24,600654.SH,645.9,645.9,658.9,121100.0,792000.0,6.54005,0.010125,0.01,1991-07-01,1992-05-30
1991-10-25,600601.SH,69.2,67.8,69.2,562400.0,3846000.0,6.838549,0.098823,0.1,1991-07-01,1992-12-01
1991-10-25,600602.SH,673.3,663.25,673.3,2493300.0,16764000.0,6.723619,0.009986,0.01,1991-01-03,1992-12-01
1991-10-25,600651.SH,125.6,125.6,125.6,9200.0,116000.0,12.608696,0.100388,0.1,1991-09-02,1992-12-01
1991-10-25,600653.SH,106.5,106.5,106.5,10100.0,107000.0,10.594059,0.099475,0.1,1991-07-01,1992-02-27
1991-10-25,600654.SH,647.0,639.4,652.35,166300.0,1071000.0,6.440168,0.009954,0.01,1991-07-01,1992-05-30
1991-10-28,600601.SH,69.9,69.5,69.9,107900.0,754000.0,6.987952,0.099971,0.1,1991-07-01,1992-12-01
1991-10-28,600602.SH,680.0,680.0,680.0,167400.0,1138000.0,6.798088,0.009997,0.01,1991-01-03,1992-12-01
1991-10-28,600651.SH,126.9,126.9,126.9,7000.0,88000.0,12.571429,0.099066,0.1,1991-09-02,1992-12-01
1991-10-28,600653.SH,107.6,107.6,107.6,11000.0,118000.0,10.727273,0.099696,0.1,1991-07-01,1992-02-27
1991-10-28,600654.SH,653.5,652.95,653.5,22600.0,147000.0,6.504425,0.009953,0.01,1991-07-01,1992-05-30
1991-10-29,600601.SH,70.6,70.6,70.6,56000.0,395000.0,7.053571,0.099909,0.1,1991-07-01,1992-12-01
1991-10-29,600602.SH,686.8,686.8,686.8,146400.0,1005000.0,6.864754,0.009995,0.01,1991-01-03,1992-12-01
1991-10-29,600651.SH,128.2,128.2,128.2,4200.0,53000.0,12.619048,0.098433,0.1,1991-09-02,1992-12-01
1991-10-29,600653.SH,108.7,108.7,108.7,11100.0,120000.0,10.810811,0.099455,0.1,1991-07-01,1992-02-27
1991-10-29,600654.SH,660.0,660.0,660.0,34200.0,225000.0,6.578947,0.009968,0.01,1991-07-01,1992-05-30
1991-10-30,600601.SH,71.3,71.3,71.3,57400.0,409000.0,7.125436,0.099936,0.1,1991-07-01,1992-12-01
1991-10-30,600602.SH,686.8,686.8,686.8,128300.0,881000.0,6.866719,0.009998,0.01,1991-01-03,1992-12-01
1991-10-30,600651.SH,129.5,129.5,129.5,4000.0,51000.0,12.75,0.098456,0.1,1991-09-02,1992-12-01
1991-10-30,600653.SH,109.8,109.8,109.8,11000.0,120000.0,10.909091,0.099354,0.1,1991-07-01,1992-02-27
1991-10-30,600654.SH,666.6,666.6,666.6,20100.0,133000.0,6.616915,0.009926,0.01,1991-07-01,1992-05-30
1991-10-31,600601.SH,72.0,72.0,72.0,70600.0,508000.0,7.195467,0.099937,0.1,1991-07-01,1992-12-01
1991-10-31,600602.SH,693.7,693.7,693.7,227300.0,1576000.0,6.933568,0.009995,0.01,1991-01-03,1992-12-01
1991-10-31,600651.SH,130.8,130.8,130.8,4200.0,54000.0,12.857143,0.098296,0.1,1991-09-02,1992-12-01
1991-10-31,600653.SH,110.9,110.9,110.9,800.0,8000.0,10.0,0.090171,0.1,1991-07-01,1992-02-27
1991-10-31,600654.SH,673.3,673.3,673.3,71200.0,479000.0,6.727528,0.009992,0.01,1991-07-01,1992-05-30
1991-11-01,600601.SH,72.7,72.7,72.7,118200.0,859000.0,7.267343,0.099963,0.1,1991-07-01,1992-12-01
1991-11-01,600602.SH,700.6,700.6,700.6,316200.0,2215000.0,7.00506,0.009999,0.01,1991-01-03,1992-12-01
1991-11-01,600651.SH,132.1,132.1,132.1,4000.0,52000.0,13.0,0.09841,0.1,1991-09-02,1992-12-01
1991-11-01,600653.SH,110.9,110.9,110.9,10200.0,113000.0,11.078431,0.099896,0.1,1991-07-01,1992-02-27
1991-11-01,600654.SH,680.0,667.0,680.0,126400.0,858000.0,6.787975,0.009982,0.01,1991-07-01,1992-05-30
1991-11-04,600601.SH,73.4,73.4,73.4,170100.0,1248000.0,7.336861,0.099957,0.1,1991-07-01,1992-12-01
1991-11-04,600602.SH,707.6,707.6,707.6,182700.0,1292000.0,7.071702,0.009994,0.01,1991-01-03,1992-12-01
1991-11-04,600651.SH,133.4,133.4,133.4,5800.0,77000.0,13.275862,0.099519,0.1,1991-09-02,1992-12-01
1991-11-04,600653.SH,112.0,112.0,112.0,11000.0,123000.0,11.181818,0.099838,0.1,1991-07-01,1992-02-27
1991-11-04,600654.SH,686.8,686.8,686.8,70700.0,485000.0,6.859972,0.009988,0.01,1991-07-01,1992-05-30
1991-11-05,600601.SH,74.1,74.1,74.1,56800.0,420000.0,7.394366,0.099789,0.1,1991-07-01,1992-12-01
1991-11-05,600602.SH,714.7,714.7,714.7,158800.0,1134000.0,7.141058,0.009992,0.01,1991-01-03,1992-12-01
1991-11-05,600651.SH,134.7,134.7,134.7,4000.0,53000.0,13.25,0.098367,0.1,1991-09-02,1992-12-01
1991-11-05,600653.SH,113.1,113.1,113.1,11700.0,131000.0,11.196581,0.098997,0.1,1991-07-01,1992-02-27
1991-11-05,600654.SH,693.7,693.7,693.7,33600.0,233000.0,6.934524,0.009996,0.01,1991-07-01,1992-05-30
1991-11-06,600601.SH,74.8,74.8,74.8,58800.0,439000.0,7.465986,0.099813,0.1,1991-07-01,1992-12-01
1991-11-06,600602.SH,721.8,721.8,721.8,173900.0,1255000.0,7.216791,0.009998,0.01,1991-01-03,1992-12-01
1991-11-06,600651.SH,136.0,136.0,136.0,4300.0,58000.0,13.488372,0.099179,0.1,1991-09-02,1992-12-01
1991-11-06,600654.SH,700.6,700.6,700.6,32100.0,224000.0,6.978193,0.00996,0.01,1991-07-01,1992-05-30
1991-11-07,600601.SH,75.5,75.5,75.5,142200.0,1073000.0,7.54571,0.099943,0.1,1991-07-01,1992-12-01
1991-11-07,600602.SH,729.0,729.0,729.0,231300.0,1686000.0,7.289235,0.009999,0.01,1991-01-03,1992-12-01
1991-11-07,600651.SH,137.4,137.4,137.4,4000.0,55000.0,13.75,0.100073,0.1,1991-09-02,1992-12-01
1991-11-07,600653.SH,114.2,114.2,114.2,10400.0,118000.0,11.346154,0.099353,0.1,1991-07-01,1992-02-27
1991-11-07,600654.SH,707.6,707.6,707.6,30300.0,214000.0,7.062706,0.009981,0.01,1991-07-01,1992-05-30
1991-11-08,600601.SH,76.3,74.8,76.3,857500.0,6534000.0,7.619825,0.099867,0.1,1991-07-01,1992-12-01
1991-11-08,600602.SH,736.3,736.3,736.3,351600.0,2588000.0,7.360637,0.009997,0.01,1991-01-03,1992-12-01
1991-11-08,600651.SH,138.8,138.8,138.8,4400.0,61000.0,13.863636,0.099882,0.1,1991-09-02,1992-12-01
1991-11-08,600653.SH,115.3,115.3,115.3,11000.0,126000.0,11.454545,0.099346,0.1,1991-07-01,1992-02-27
1991-11-08,600654.SH,714.7,704.25,714.7,196000.0,1399000.0,7.137755,0.009987,0.01,1991-07-01,1992-05-30
1991-11-11,600601.SH,77.1,77.1,77.1,26200.0,201000.0,7.671756,0.099504,0.1,1991-07-01,1992-12-01
1991-11-11,600602.SH,743.7,743.7,743.7,150700.0,1120000.0,7.431984,0.009993,0.01,1991-01-03,1992-12-01
1991-11-11,600651.SH,140.2,140.2,140.2,4000.0,56000.0,14.0,0.099857,0.1,1991-09-02,1992-12-01
1991-11-11,600653.SH,116.5,116.5,116.5,11000.0,128000.0,11.636364,0.099883,0.1,1991-07-01,1992-02-27
1991-11-11,600654.SH,721.8,721.8,721.8,30600.0,220000.0,7.189542,0.009961,0.01,1991-07-01,1992-05-30
1991-11-12,600601.SH,77.1,77.1,77.1,17000.0,130000.0,7.647059,0.099184,0.1,1991-07-01,1992-12-01
1991-11-12,600602.SH,751.1,751.1,751.1,27700.0,208000.0,7.509025,0.009997,0.01,1991-01-03,1992-12-01
1991-11-12,600651.SH,141.6,141.6,141.6,4000.0,56000.0,14.0,0.09887,0.1,1991-09-02,1992-12-01
1991-11-12,600653.SH,117.7,117.7,117.7,11000.0,129000.0,11.727273,0.099637,0.1,1991-07-01,1992-02-27
1991-11-12,600654.SH,729.0,729.0,729.0,10500.0,76000.0,7.238095,0.009929,0.01,1991-07-01,1992-05-30
1991-11-13,600601.SH,77.9,77.9,77.9,6800.0,53000.0,7.794118,0.100053,0.1,1991-07-01,1992-12-01
1991-11-13,600602.SH,751.1,751.1,751.1,23500.0,176000.0,7.489362,0.009971,0.01,1991-01-03,1992-12-01
1991-11-13,600651.SH,143.0,143.0,143.0,4000.0,57000.0,14.25,0.09965,0.1,1991-09-02,1992-12-01
1991-11-13,600653.SH,118.9,118.9,118.9,19600.0,233000.0,11.887755,0.099981,0.1,1991-07-01,1992-02-27
1991-11-13,600654.SH,736.3,736.3,736.3,7800.0,57000.0,7.307692,0.009925,0.01,1991-07-01,1992-05-30
1991-11-14,600601.SH,77.9,77.9,77.9,16400.0,127000.0,7.743902,0.099408,0.1,1991-07-01,1992-12-01
1991-11-14,600602.SH,751.1,751.1,751.1,20800.0,156000.0,7.5,0.009985,0.01,1991-01-03,1992-12-01
1991-11-14,600651.SH,144.4,144.4,144.4,4000.0,57000.0,14.25,0.098684,0.1,1991-09-02,1992-12-01
1991-11-14,600653.SH,120.1,120.1,120.1,20500.0,246000.0,12.0,0.099917,0.1,1991-07-01,1992-02-27
1991-11-14,600654.SH,743.7,743.7,743.7,6500.0,48000.0,7.384615,0.00993,0.01,1991-07-01,1992-05-30
1991-11-15,600601.SH,77.9,77.9,77.9,9000.0,70000.0,7.777778,0.099843,0.1,1991-07-01,1992-12-01
1991-11-15,600602.SH,751.1,751.1,751.1,140900.0,1058000.0,7.508872,0.009997,0.01,1991-01-03,1992-12-01
1991-11-15,600651.SH,145.8,145.8,145.8,4000.0,58000.0,14.5,0.099451,0.1,1991-09-02,1992-12-01
1991-11-15,600653.SH,121.3,121.3,121.3,11000.0,133000.0,12.090909,0.099678,0.1,1991-07-01,1992-02-27
1991-11-15,600654.SH,751.1,751.1,751.1,8000.0,60000.0,7.5,0.009985,0.01,1991-07-01,1992-05-30
1991-11-18,600601.SH,78.7,78.7,78.7,15100.0,118000.0,7.81457,0.099296,0.1,1991-07-01,1992-12-01
1991-11-18,600602.SH,758.6,758.6,758.6,151600.0,1150000.0,7.585752,0.01,0.01,1991-01-03,1992-12-01
1991-11-18,600651.SH,147.3,147.3,147.3,4000.0,58000.0,14.5,0.098439,0.1,1991-09-02,1992-12-01
1991-11-18,600653.SH,122.5,122.5,122.5,11000.0,134000.0,12.181818,0.099443,0.1,1991-07-01,1992-02-27
1991-11-18,600654.SH,758.6,758.6,758.6,5200.0,39000.0,7.5,0.009887,0.01,1991-07-01,1992-05-30
1991-11-19,600601.SH,78.7,78.7,78.7,25000.0,196000.0,7.84,0.099619,0.1,1991-07-01,1992-12-01
1991-11-19,600602.SH,766.2,766.2,766.2,168100.0,1287000.0,7.656157,0.009992,0.01,1991-01-03,1992-12-01
1991-11-19,600651.SH,148.8,148.8,148.8,9000.0,133000.0,14.777778,0.099313,0.1,1991-09-02,1992-12-01
1991-11-19,600653.SH,123.7,123.7,123.7,11000.0,136000.0,12.363636,0.099949,0.1,1991-07-01,1992-02-27
1991-11-19,600654.SH,758.6,758.6,758.6,1300.0,9000.0,6.923077,0.009126,0.01,1991-07-01,1992-05-30
1991-11-20,600601.SH,79.5,79.5,79.5,7400.0,58000.0,7.837838,0.098589,0.1,1991-07-01,1992-12-01
1991-11-20,600602.SH,773.9,773.9,773.9,200400.0,1550000.0,7.734531,0.009994,0.01,1991-01-03,1992-12-01
1991-11-20,600651.SH,150.3,150.3,150.3,6300.0,94000.0,14.920635,0.099272,0.1,1991-09-02,1992-12-01
1991-11-20,600653.SH,124.9,124.9,124.9,13100.0,163000.0,12.442748,0.099622,0.1,1991-07-01,1992-02-27
1991-11-20,600654.SH,766.2,766.2,766.2,2500.0,19000.0,7.6,0.009919,0.01,1991-07-01,1992-05-30
1991-11-21,600601.SH,79.5,79.5,79.5,6200.0,49000.0,7.903226,0.099412,0.1,1991-07-01,1992-12-01
1991-11-21,600602.SH,781.6,781.6,781.6,156700.0,1224000.0,7.811104,0.009994,0.01,1991-01-03,1992-12-01
1991-11-21,600651.SH,151.8,151.8,151.8,7000.0,106000.0,15.142857,0.099755,0.1,1991-09-02,1992-12-01
1991-11-21,600653.SH,126.1,126.1,126.1,29600.0,373000.0,12.601351,0.099931,0.1,1991-07-01,1992-02-27
1991-11-21,600654.SH,766.2,766.2,766.2,800.0,6000.0,7.5,0.009789,0.01,1991-07-01,1992-05-30
1991-11-22,600601.SH,79.5,79.5,79.5,17200.0,137000.0,7.965116,0.10019,0.1,1991-07-01,1992-12-01
1991-11-22,600602.SH,789.4,789.4,789.4,153600.0,1212000.0,7.890625,0.009996,0.01,1991-01-03,1992-12-01
1991-11-22,600651.SH,153.3,153.3,153.3,4000.0,61000.0,15.25,0.099478,0.1,1991-09-02,1992-12-01
1991-11-22,600653.SH,127.4,127.4,127.4,13500.0,171000.0,12.666667,0.099424,0.1,1991-07-01,1992-02-27
1991-11-22,600654.SH,766.2,766.2,766.2,6200.0,47000.0,7.580645,0.009894,0.01,1991-07-01,1992-05-30
1991-11-25,600601.SH,80.3,80.3,80.3,54600.0,438000.0,8.021978,0.0999,0.1,1991-07-01,1992-12-01
1991-11-25,600602.SH,797.3,797.3,797.3,150000.0,1195000.0,7.966667,0.009992,0.01,1991-01-03,1992-12-01
1991-11-25,600651.SH,154.8,154.8,154.8,4000.0,61000.0,15.25,0.098514,0.1,1991-09-02,1992-12-01
1991-11-25,600653.SH,128.7,128.7,128.7,11000.0,141000.0,12.818182,0.099597,0.1,1991-07-01,1992-02-27
1991-11-25,600654.SH,773.9,773.9,773.9,10100.0,78000.0,7.722772,0.009979,0.01,1991-07-01,1992-05-30
1991-11-26,600601.SH,81.1,81.1,81.1,28600.0,232000.0,8.111888,0.100023,0.1,1991-07-01,1992-12-01
1991-11-26,600602.SH,805.3,805.3,805.3,150000.0,1207000.0,8.046667,0.009992,0.01,1991-01-03,1992-12-01
1991-11-26,600651.SH,156.3,156.3,156.3,14400.0,224000.0,15.555556,0.099524,0.1,1991-09-02,1992-12-01
1991-11-26,600653.SH,130.0,130.0,130.0,11000.0,143000.0,13.0,0.1,0.1,1991-07-01,1992-02-27
1991-11-26,600654.SH,781.6,781.6,781.6,20600.0,161000.0,7.815534,0.009999,0.01,1991-07-01,1992-05-30
1991-11-27,600601.SH,81.9,81.9,81.9,26800.0,219000.0,8.171642,0.099776,0.1,1991-07-01,1992-12-01
1991-11-27,600602.SH,813.4,813.4,813.4,151300.0,1230000.0,8.129544,0.009995,0.01,1991-01-03,1992-12-01
1991-11-27,600651.SH,157.9,157.9,157.9,4000.0,63000.0,15.75,0.099747,0.1,1991-09-02,1992-12-01
1991-11-27,600654.SH,789.4,789.4,789.4,28500.0,224000.0,7.859649,0.009956,0.01,1991-07-01,1992-05-30
1991-11-28,600601.SH,81.9,81.9,81.9,31800.0,260000.0,8.176101,0.09983,0.1,1991-07-01,1992-12-01
1991-11-28,600602.SH,821.5,821.5,821.5,160400.0,1317000.0,8.210723,0.009995,0.01,1991-01-03,1992-12-01
1991-11-28,600651.SH,159.5,159.5,159.5,4500.0,71000.0,15.777778,0.09892,0.1,1991-09-02,1992-12-01
1991-11-28,600654.SH,797.3,797.3,797.3,35200.0,280000.0,7.954545,0.009977,0.01,1991-07-01,1992-05-30
1991-11-29,600601.SH,82.7,81.9,82.7,505600.0,4180000.0,8.267405,0.099969,0.1,1991-07-01,1992-12-01
1991-11-29,600602.SH,829.7,821.5,829.7,2611800.0,21665000.0,8.295046,0.009998,0.01,1991-01-03,1992-12-01
1991-11-29,600651.SH,161.1,161.1,161.1,39700.0,639000.0,16.095718,0.099911,0.1,1991-09-02,1992-12-01
1991-11-29,600653.SH,131.3,131.3,131.3,10900.0,143000.0,13.119266,0.099918,0.1,1991-07-01,1992-02-27
1991-11-29,600654.SH,793.3,793.3,805.3,180100.0,1450000.0,8.051083,0.010149,0.01,1991-07-01,1992-05-30
1991-12-02,600601.SH,83.5,81.9,83.5,598200.0,4988000.0,8.338348,0.09986,0.1,1991-07-01,1992-12-01
1991-12-02,600602.SH,838.0,833.85,838.0,1109400.0,9296000.0,8.379304,0.009999,0.01,1991-01-03,1992-12-01
1991-12-02,600651.SH,162.7,162.7,162.7,5800.0,94000.0,16.206897,0.099612,0.1,1991-09-02,1992-12-01
1991-12-02,600653.SH,132.6,132.6,132.6,12200.0,161000.0,13.196721,0.099523,0.1,1991-07-01,1992-02-27
1991-12-02,600654.SH,801.2,785.4,801.2,157400.0,1257000.0,7.986023,0.009968,0.01,1991-07-01,1992-05-30
1991-12-03,600601.SH,84.3,84.3,84.3,39100.0,329000.0,8.414322,0.099814,0.1,1991-07-01,1992-12-01
1991-12-03,600602.SH,846.4,846.4,846.4,21700.0,183000.0,8.43318,0.009964,0.01,1991-01-03,1992-12-01
1991-12-03,600651.SH,164.3,164.3,164.3,4000.0,65000.0,16.25,0.098904,0.1,1991-09-02,1992-12-01
1991-12-03,600653.SH,133.9,133.9,133.9,11000.0,147000.0,13.363636,0.099803,0.1,1991-07-01,1992-02-27
1991-12-03,600654.SH,809.2,809.2,809.2,13400.0,108000.0,8.059701,0.00996,0.01,1991-07-01,1992-05-30
1991-12-04,600601.SH,85.1,85.1,85.1,16800.0,143000.0,8.511905,0.100022,0.1,1991-07-01,1992-12-01
1991-12-04,600602.SH,846.4,846.4,846.4,16700.0,141000.0,8.443114,0.009975,0.01,1991-01-03,1992-12-01
1991-12-04,600651.SH,165.9,165.9,165.9,4000.0,66000.0,16.5,0.099458,0.1,1991-09-02,1992-12-01
1991-12-04,600653.SH,135.2,135.2,135.2,11000.0,148000.0,13.454545,0.099516,0.1,1991-07-01,1992-02-27
1991-12-04,600654.SH,817.3,817.3,817.3,6500.0,53000.0,8.153846,0.009977,0.01,1991-07-01,1992-05-30
1991-12-05,600601.SH,85.1,85.1,85.1,30200.0,257000.0,8.509934,0.099999,0.1,1991-07-01,1992-12-01
1991-12-05,600602.SH,846.4,846.4,846.4,116200.0,983000.0,8.459552,0.009995,0.01,1991-01-03,1992-12-01
1991-12-05,600651.SH,167.6,167.6,167.6,4000.0,67000.0,16.75,0.09994,0.1,1991-09-02,1992-12-01
1991-12-05,600653.SH,136.6,136.6,136.6,11000.0,150000.0,13.636364,0.099827,0.1,1991-07-01,1992-02-27
1991-12-05,600654.SH,825.5,825.5,825.5,13600.0,112000.0,8.235294,0.009976,0.01,1991-07-01,1992-05-30
1991-12-06,600601.SH,86.0,86.0,86.0,34400.0,296000.0,8.604651,0.100054,0.1,1991-07-01,1992-12-01
1991-12-06,600602.SH,854.9,854.9,854.9,57200.0,489000.0,8.548951,0.01,0.01,1991-01-03,1992-12-01
1991-12-06,600651.SH,169.3,169.3,169.3,4000.0,67000.0,16.75,0.098937,0.1,1991-09-02,1992-12-01
1991-12-06,600653.SH,138.0,138.0,138.0,1500.0,20000.0,13.333333,0.096618,0.1,1991-07-01,1992-02-27
1991-12-06,600654.SH,833.8,833.8,833.8,21900.0,182000.0,8.310502,0.009967,0.01,1991-07-01,1992-05-30
1991-12-09,600601.SH,86.9,86.9,86.9,33000.0,286000.0,8.666667,0.099731,0.1,1991-07-01,1992-12-01
1991-12-09,600602.SH,854.9,854.9,854.9,92800.0,793000.0,8.545259,0.009996,0.01,1991-01-03,1992-12-01
1991-12-09,600651.SH,171.0,171.0,171.0,300.0,5000.0,16.666667,0.097466,0.1,1991-09-02,1992-12-01
1991-12-09,600653.SH,138.0,138.0,138.0,9500.0,131000.0,13.789474,0.099924,0.1,1991-07-01,1992-02-27
1991-12-09,600654.SH,842.1,842.1,842.1,6500.0,54000.0,8.307692,0.009865,0.01,1991-07-01,1992-05-30
1991-12-10,600601.SH,87.8,87.8,87.8,3000.0,26000.0,8.666667,0.098709,0.1,1991-07-01,1992-12-01
1991-12-10,600602.SH,863.4,863.4,863.4,19800.0,170000.0,8.585859,0.009944,0.01,1991-01-03,1992-12-01
1991-12-10,600654.SH,850.5,850.5,850.5,6500.0,55000.0,8.461538,0.009949,0.01,1991-07-01,1992-05-30
1991-12-11,600601.SH,87.8,87.8,87.8,11800.0,103000.0,8.728814,0.099417,0.1,1991-07-01,1992-12-01
1991-12-11,600602.SH,863.4,863.4,863.4,22200.0,191000.0,8.603604,0.009965,0.01,1991-01-03,1992-12-01
1991-12-11,600651.SH,171.0,171.0,171.0,800.0,14000.0,17.5,0.102339,0.1,1991-09-02,1992-12-01
1991-12-11,600653.SH,139.4,139.4,139.4,10500.0,146000.0,13.904762,0.099747,0.1,1991-07-01,1992-02-27
1991-12-11,600654.SH,859.0,859.0,859.0,600.0,5000.0,8.333333,0.009701,0.01,1991-07-01,1992-05-30
1991-12-12,600601.SH,87.8,87.8,87.8,11600.0,102000.0,8.793103,0.100149,0.1,1991-07-01,1992-12-01
1991-12-12,600602.SH,863.4,863.4,863.4,108300.0,935000.0,8.633426,0.009999,0.01,1991-01-03,1992-12-01
1991-12-12,600651.SH,171.0,171.0,171.0,1300.0,22000.0,16.923077,0.098965,0.1,1991-09-02,1992-12-01
1991-12-12,600653.SH,140.8,140.8,140.8,11000.0,154000.0,14.0,0.099432,0.1,1991-07-01,1992-02-27
1991-12-12,600654.SH,859.0,859.0,859.0,5900.0,50000.0,8.474576,0.009866,0.01,1991-07-01,1992-05-30
1991-12-13,600601.SH,87.8,87.8,87.8,6700.0,58000.0,8.656716,0.098596,0.1,1991-07-01,1992-12-01
1991-12-13,600602.SH,872.0,872.0,872.0,31500.0,274000.0,8.698413,0.009975,0.01,1991-01-03,1992-12-01
1991-12-13,600651.SH,171.0,171.0,171.0,1300.0,22000.0,16.923077,0.098965,0.1,1991-09-02,1992-12-01
1991-12-13,600653.SH,142.2,142.2,142.2,11000.0,156000.0,14.181818,0.099731,0.1,1991-07-01,1992-02-27
1991-12-13,600654.SH,867.6,867.6,867.6,1500.0,13000.0,8.666667,0.009989,0.01,1991-07-01,1992-05-30
1991-12-16,600601.SH,88.7,88.7,88.7,6400.0,57000.0,8.90625,0.100409,0.1,1991-07-01,1992-12-01
1991-12-16,600602.SH,872.0,872.0,872.0,15000.0,130000.0,8.666667,0.009939,0.01,1991-01-03,1992-12-01
1991-12-16,600651.SH,172.7,172.7,172.7,800.0,13000.0,16.25,0.094094,0.1,1991-09-02,1992-12-01
1991-12-16,600653.SH,143.6,143.6,143.6,3500.0,50000.0,14.285714,0.099483,0.1,1991-07-01,1992-02-27
1991-12-16,600654.SH,867.6,867.6,867.6,5000.0,43000.0,8.6,0.009912,0.01,1991-07-01,1992-05-30
1991-12-17,600601.SH,88.7,88.7,88.7,2200.0,19000.0,8.636364,0.097366,0.1,1991-07-01,1992-12-01
1991-12-17,600602.SH,872.0,872.0,872.0,11700.0,102000.0,8.717949,0.009998,0.01,1991-01-03,1992-12-01
1991-12-17,600651.SH,172.7,172.7,172.7,400.0,7000.0,17.5,0.101332,0.1,1991-09-02,1992-12-01
1991-12-17,600653.SH,143.6,143.6,143.6,1000.0,14000.0,14.0,0.097493,0.1,1991-07-01,1992-02-27
1991-12-17,600654.SH,876.3,876.3,876.3,6500.0,56000.0,8.615385,0.009832,0.01,1991-07-01,1992-05-30
1991-12-18,600601.SH,88.7,88.7,88.7,8700.0,77000.0,8.850575,0.099781,0.1,1991-07-01,1992-12-01
1991-12-18,600602.SH,872.0,872.0,872.0,42600.0,371000.0,8.70892,0.009987,0.01,1991-01-03,1992-12-01
1991-12-18,600654.SH,885.1,885.1,885.1,4500.0,39000.0,8.666667,0.009792,0.01,1991-07-01,1992-05-30
1991-12-19,600601.SH,88.7,88.7,88.7,5200.0,46000.0,8.846154,0.099731,0.1,1991-07-01,1992-12-01
1991-12-19,600602.SH,872.0,872.0,872.0,71800.0,626000.0,8.718663,0.009998,0.01,1991-01-03,1992-12-01
1991-12-19,600651.SH,172.7,172.7,172.7,1200.0,20000.0,16.666667,0.096506,0.1,1991-09-02,1992-12-01
1991-12-19,600653.SH,143.6,143.6,143.6,10100.0,145000.0,14.356436,0.099975,0.1,1991-07-01,1992-02-27
1991-12-19,600654.SH,885.1,885.1,885.1,2300.0,20000.0,8.695652,0.009824,0.01,1991-07-01,1992-05-30
1991-12-20,600601.SH,88.7,88.7,88.7,17400.0,154000.0,8.850575,0.099781,0.1,1991-07-01,1992-12-01
1991-12-20,600602.SH,880.7,880.7,880.7,150800.0,1328000.0,8.806366,0.009999,0.01,1991-01-03,1992-12-01
1991-12-20,600651.SH,172.7,172.7,172.7,4900.0,84000.0,17.142857,0.099264,0.1,1991-09-02,1992-12-01
1991-12-20,600653.SH,145.0,145.0,145.0,12000.0,174000.0,14.5,0.1,0.1,1991-07-01,1992-02-27
1991-12-20,600654.SH,894.0,894.0,894.0,16800.0,150000.0,8.928571,0.009987,0.01,1991-07-01,1992-05-30
1991-12-23,600601.SH,89.6,89.6,89.6,28100.0,251000.0,8.932384,0.099692,0.1,1991-07-01,1992-12-01
1991-12-23,600602.SH,889.5,889.5,889.5,48800.0,434000.0,8.893443,0.009998,0.01,1991-01-03,1992-12-01
1991-12-23,600651.SH,174.4,174.4,174.4,1600.0,28000.0,17.5,0.100344,0.1,1991-09-02,1992-12-01
1991-12-23,600653.SH,146.5,146.5,146.5,1200.0,18000.0,15.0,0.102389,0.1,1991-07-01,1992-02-27
1991-12-23,600654.SH,902.9,902.9,902.9,5700.0,51000.0,8.947368,0.00991,0.01,1991-07-01,1992-05-30
1991-12-24,600601.SH,90.5,90.5,90.5,6400.0,57000.0,8.90625,0.098412,0.1,1991-07-01,1992-12-01
1991-12-24,600602.SH,889.5,889.5,889.5,23700.0,210000.0,8.860759,0.009962,0.01,1991-01-03,1992-12-01
1991-12-24,600651.SH,174.4,174.4,174.4,2500.0,43000.0,17.2,0.098624,0.1,1991-09-02,1992-12-01
1991-12-24,600654.SH,902.9,902.9,902.9,800.0,7000.0,8.75,0.009691,0.01,1991-07-01,1992-05-30
1991-12-25,600601.SH,90.5,90.5,90.5,6900.0,62000.0,8.985507,0.099287,0.1,1991-07-01,1992-12-01
1991-12-25,600602.SH,889.5,889.5,889.5,18300.0,162000.0,8.852459,0.009952,0.01,1991-01-03,1992-12-01
1991-12-25,600653.SH,146.5,146.5,146.5,1000.0,14000.0,14.0,0.095563,0.1,1991-07-01,1992-02-27
1991-12-25,600654.SH,911.9,911.9,911.9,6500.0,59000.0,9.076923,0.009954,0.01,1991-07-01,1992-05-30
1991-12-26,600601.SH,90.5,90.5,90.5,15300.0,138000.0,9.019608,0.099664,0.1,1991-07-01,1992-12-01
1991-12-26,600602.SH,889.5,889.5,889.5,59300.0,527000.0,8.887015,0.009991,0.01,1991-01-03,1992-12-01
1991-12-26,600653.SH,146.5,146.5,146.5,8600.0,126000.0,14.651163,0.100008,0.1,1991-07-01,1992-02-27
1991-12-26,600654.SH,921.0,921.0,921.0,8900.0,81000.0,9.101124,0.009882,0.01,1991-07-01,1992-05-30
1991-12-27,600601.SH,91.4,91.4,91.4,28000.0,256000.0,9.142857,0.100031,0.1,1991-07-01,1992-12-01
1991-12-27,600602.SH,898.4,898.4,898.4,84800.0,761000.0,8.974057,0.009989,0.01,1991-01-03,1992-12-01
1991-12-27,600651.SH,176.1,176.1,176.1,4000.0,70000.0,17.5,0.099375,0.1,1991-09-02,1992-12-01
1991-12-27,600653.SH,148.0,148.0,148.0,8500.0,126000.0,14.823529,0.100159,0.1,1991-07-01,1992-02-27
1991-12-27,600654.SH,930.2,930.2,930.2,4400.0,40000.0,9.090909,0.009773,0.01,1991-07-01,1992-05-30
1991-12-30,600601.SH,92.3,92.3,92.3,12600.0,115000.0,9.126984,0.098884,0.1,1991-07-01,1992-12-01
1991-12-30,600602.SH,898.4,898.4,898.4,20500.0,184000.0,8.97561,0.009991,0.01,1991-01-03,1992-12-01
1991-12-30,600651.SH,177.9,177.9,177.9,6000.0,105000.0,17.5,0.09837,0.1,1991-09-02,1992-12-01
1991-12-30,600653.SH,148.0,148.0,148.0,3900.0,57000.0,14.615385,0.098753,0.1,1991-07-01,1992-02-27
1991-12-30,600654.SH,930.2,930.2,930.2,4600.0,42000.0,9.130435,0.009816,0.01,1991-07-01,1992-05-30
1991-12-31,600601.SH,92.3,92.3,92.3,5500.0,50000.0,9.090909,0.098493,0.1,1991-07-01,1992-12-01
1991-12-31,600602.SH,898.4,898.4,898.4,11300.0,101000.0,8.938053,0.009949,0.01,1991-01-03,1992-12-01
1991-12-31,600651.SH,179.7,179.7,179.7,900.0,16000.0,17.777778,0.09893,0.1,1991-09-02,1992-12-01
1991-12-31,600653.SH,149.5,149.5,149.5,12100.0,180000.0,14.876033,0.099505,0.1,1991-07-01,1992-02-27
1991-12-31,600654.SH,939.5,939.5,939.5,9000.0,84000.0,9.333333,0.009934,0.01,1991-07-01,1992-05-30
1992-01-02,600651.SH,179.7,179.7,179.7,3100.0,55000.0,17.741935,0.098731,0.1,1991-09-02,1992-12-01
1992-01-03,600601.SH,92.3,92.3,92.3,29000.0,267000.0,9.206897,0.09975,0.1,1991-07-01,1992-12-01
1992-01-03,600602.SH,907.4,907.4,907.4,28100.0,254000.0,9.039146,0.009962,0.01,1991-01-03,1992-12-01
1992-01-03,600651.SH,181.5,181.5,181.5,4400.0,79000.0,17.954545,0.098923,0.1,1991-09-02,1992-12-01
1992-01-03,600653.SH,151.0,151.0,151.0,13200.0,198000.0,15.0,0.099338,0.1,1991-07-01,1992-02-27
1992-01-03,600654.SH,958.4,958.4,958.4,36200.0,346000.0,9.558011,0.009973,0.01,1991-07-01,1992-05-30
1992-01-06,600601.SH,93.2,93.2,93.2,67500.0,629000.0,9.318519,0.099984,0.1,1991-07-01,1992-12-01
1992-01-06,600602.SH,907.4,907.4,907.4,28300.0,256000.0,9.045936,0.009969,0.01,1991-01-03,1992-12-01
1992-01-06,600651.SH,183.3,183.3,183.3,16000.0,292000.0,18.25,0.099564,0.1,1991-09-02,1992-12-01
1992-01-06,600653.SH,152.5,152.5,152.5,3400.0,51000.0,15.0,0.098361,0.1,1991-07-01,1992-02-27
1992-01-06,600654.SH,968.0,968.0,968.0,149500.0,1447000.0,9.67893,0.009999,0.01,1991-07-01,1992-05-30
1992-01-07,600601.SH,94.1,94.1,94.1,39800.0,374000.0,9.396985,0.099862,0.1,1991-07-01,1992-12-01
1992-01-07,600602.SH,907.4,907.4,907.4,11100.0,100000.0,9.009009,0.009928,0.01,1991-01-03,1992-12-01
1992-01-07,600651.SH,185.1,185.1,185.1,1700.0,31000.0,18.235294,0.098516,0.1,1991-09-02,1992-12-01
1992-01-07,600653.SH,152.5,152.5,152.5,7600.0,116000.0,15.263158,0.100086,0.1,1991-07-01,1992-02-27
1992-01-07,600654.SH,977.7,977.7,977.7,13600.0,132000.0,9.705882,0.009927,0.01,1991-07-01,1992-05-30
1992-01-08,600601.SH,95.0,95.0,95.0,19600.0,186000.0,9.489796,0.099893,0.1,1991-07-01,1992-12-01
1992-01-08,600602.SH,907.4,907.4,907.4,11900.0,107000.0,8.991597,0.009909,0.01,1991-01-03,1992-12-01
1992-01-08,600651.SH,185.1,185.1,185.1,800.0,14000.0,17.5,0.094543,0.1,1991-09-02,1992-12-01
1992-01-08,600653.SH,154.0,154.0,154.0,900.0,14000.0,15.555556,0.10101,0.1,1991-07-01,1992-02-27
1992-01-08,600654.SH,987.5,987.5,987.5,10500.0,103000.0,9.809524,0.009934,0.01,1991-07-01,1992-05-30
1992-01-09,600601.SH,95.0,95.0,95.0,16800.0,159000.0,9.464286,0.099624,0.1,1991-07-01,1992-12-01
1992-01-09,600602.SH,907.4,907.4,907.4,35400.0,321000.0,9.067797,0.009993,0.01,1991-01-03,1992-12-01
1992-01-09,600651.SH,185.1,185.1,185.1,2500.0,46000.0,18.4,0.099406,0.1,1991-09-02,1992-12-01
1992-01-09,600653.SH,154.0,154.0,154.0,11500.0,177000.0,15.391304,0.099944,0.1,1991-07-01,1992-02-27
1992-01-09,600654.SH,997.4,997.4,997.4,8300.0,82000.0,9.879518,0.009905,0.01,1991-07-01,1992-05-30
1992-01-10,600601.SH,96.0,96.0,96.0,15300.0,146000.0,9.542484,0.099401,0.1,1991-07-01,1992-12-01
1992-01-10,600602.SH,907.4,907.4,907.4,35100.0,318000.0,9.059829,0.009984,0.01,1991-01-03,1992-12-01
1992-01-10,600651.SH,187.0,187.0,187.0,4000.0,74000.0,18.5,0.09893,0.1,1991-09-02,1992-12-01
1992-01-10,600653.SH,155.5,155.5,155.5,11600.0,181000.0,15.603448,0.100344,0.1,1991-07-01,1992-02-27
1992-01-10,600654.SH,1007.4,1007.4,1007.4,10100.0,101000.0,10.0,0.009927,0.01,1991-07-01,1992-05-30
1992-01-13,600601.SH,96.0,96.0,96.0,7700.0,73000.0,9.480519,0.098755,0.1,1991-07-01,1992-12-01
1992-01-13,600602.SH,907.4,907.4,907.4,5300.0,48000.0,9.056604,0.009981,0.01,1991-01-03,1992-12-01
1992-01-13,600651.SH,188.9,188.9,188.9,6900.0,129000.0,18.695652,0.098971,0.1,1991-09-02,1992-12-01
1992-01-13,600653.SH,157.1,157.1,157.1,13400.0,210000.0,15.671642,0.099756,0.1,1991-07-01,1992-02-27
1992-01-13,600654.SH,1017.5,1017.5,1017.5,5100.0,51000.0,10.0,0.009828,0.01,1991-07-01,1992-05-30
1992-01-14,600601.SH,96.0,96.0,96.0,6600.0,63000.0,9.545455,0.099432,0.1,1991-07-01,1992-12-01
1992-01-14,600602.SH,916.5,916.5,916.5,22200.0,203000.0,9.144144,0.009977,0.01,1991-01-03,1992-12-01
1992-01-14,600654.SH,1017.5,1017.5,1017.5,1400.0,14000.0,10.0,0.009828,0.01,1991-07-01,1992-05-30
1992-01-15,600601.SH,97.0,97.0,97.0,8400.0,81000.0,9.642857,0.099411,0.1,1991-07-01,1992-12-01
1992-01-15,600602.SH,916.5,916.5,916.5,9500.0,87000.0,9.157895,0.009992,0.01,1991-01-03,1992-12-01
1992-01-15,600653.SH,158.7,158.7,158.7,1000.0,15000.0,15.0,0.094518,0.1,1991-07-01,1992-02-27
1992-01-15,600654.SH,1027.7,1027.7,1027.7,1300.0,13000.0,10.0,0.00973,0.01,1991-07-01,1992-05-30
1992-01-16,600601.SH,97.0,97.0,97.0,5800.0,56000.0,9.655172,0.099538,0.1,1991-07-01,1992-12-01
1992-01-16,600602.SH,916.5,916.5,916.5,20800.0,190000.0,9.134615,0.009967,0.01,1991-01-03,1992-12-01
1992-01-16,600651.SH,190.8,190.8,190.8,800.0,15000.0,18.75,0.09827,0.1,1991-09-02,1992-12-01
1992-01-17,600602.SH,916.5,916.5,916.5,15700.0,143000.0,9.10828,0.009938,0.01,1991-01-03,1992-12-01
1992-01-17,600653.SH,158.7,158.7,158.7,400.0,6000.0,15.0,0.094518,0.1,1991-07-01,1992-02-27
1992-01-17,600654.SH,1027.7,1027.7,1027.7,4000.0,41000.0,10.25,0.009974,0.01,1991-07-01,1992-05-30
1992-01-20,600601.SH,97.0,97.0,97.0,5800.0,55000.0,9.482759,0.09776,0.1,1991-07-01,1992-12-01
1992-01-20,600602.SH,916.5,916.5,916.5,29300.0,268000.0,9.146758,0.00998,0.01,1991-01-03,1992-12-01
1992-01-20,600651.SH,190.8,190.8,190.8,3100.0,59000.0,19.032258,0.09975,0.1,1991-09-02,1992-12-01
1992-01-20,600653.SH,158.7,158.7,158.7,2400.0,38000.0,15.833333,0.099769,0.1,1991-07-01,1992-02-27
1992-01-20,600654.SH,1027.7,1027.7,1027.7,2000.0,20000.0,10.0,0.00973,0.01,1991-07-01,1992-05-30
1992-01-21,600601.SH,97.0,97.0,97.0,1700.0,16000.0,9.411765,0.097029,0.1,1991-07-01,1992-12-01
1992-01-21,600602.SH,916.5,916.5,916.5,11600.0,106000.0,9.137931,0.00997,0.01,1991-01-03,1992-12-01
1992-01-21,600651.SH,192.7,192.7,192.7,1000.0,18000.0,18.0,0.093409,0.1,1991-09-02,1992-12-01
1992-01-21,600653.SH,158.7,158.7,158.7,10000.0,158000.0,15.8,0.099559,0.1,1991-07-01,1992-02-27
1992-01-21,600654.SH,1038.0,1038.0,1038.0,3700.0,38000.0,10.27027,0.009894,0.01,1991-07-01,1992-05-30
1992-01-22,600601.SH,97.0,97.0,97.0,5300.0,51000.0,9.622642,0.099202,0.1,1991-07-01,1992-12-01
1992-01-22,600602.SH,916.5,916.5,916.5,10100.0,92000.0,9.108911,0.009939,0.01,1991-01-03,1992-12-01
1992-01-22,600651.SH,192.7,192.7,192.7,3000.0,58000.0,19.333333,0.100329,0.1,1991-09-02,1992-12-01
1992-01-22,600653.SH,160.3,160.3,160.3,6300.0,100000.0,15.873016,0.099021,0.1,1991-07-01,1992-02-27
1992-01-22,600654.SH,1038.0,1038.0,1038.0,500.0,5000.0,10.0,0.009634,0.01,1991-07-01,1992-05-30
1992-01-23,600601.SH,97.0,97.0,97.0,10000.0,97000.0,9.7,0.1,0.1,1991-07-01,1992-12-01
1992-01-23,600602.SH,916.5,916.5,916.5,16400.0,150000.0,9.146341,0.00998,0.01,1991-01-03,1992-12-01
1992-01-23,600651.SH,194.6,194.6,194.6,800.0,15000.0,18.75,0.096351,0.1,1991-09-02,1992-12-01
1992-01-23,600653.SH,160.3,160.3,160.3,1800.0,28000.0,15.555556,0.09704,0.1,1991-07-01,1992-02-27
1992-01-23,600654.SH,1038.0,1038.0,1038.0,2300.0,23000.0,10.0,0.009634,0.01,1991-07-01,1992-05-30
1992-01-24,600601.SH,98.0,98.0,98.0,12000.0,117000.0,9.75,0.09949,0.1,1991-07-01,1992-12-01
1992-01-24,600602.SH,916.5,916.5,916.5,15200.0,139000.0,9.144737,0.009978,0.01,1991-01-03,1992-12-01
1992-01-24,600651.SH,194.6,194.6,194.6,800.0,16000.0,20.0,0.102775,0.1,1991-09-02,1992-12-01
1992-01-24,600653.SH,160.3,160.3,160.3,6100.0,97000.0,15.901639,0.099199,0.1,1991-07-01,1992-02-27
1992-01-24,600654.SH,1048.4,1048.4,1048.4,18000.0,188000.0,10.444444,0.009962,0.01,1991-07-01,1992-05-30
1992-01-27,600601.SH,98.0,98.0,98.0,3300.0,32000.0,9.69697,0.098949,0.1,1991-07-01,1992-12-01
1992-01-27,600602.SH,925.7,925.7,925.7,27300.0,252000.0,9.230769,0.009972,0.01,1991-01-03,1992-12-01
1992-01-27,600651.SH,194.6,194.6,194.6,2600.0,50000.0,19.230769,0.098822,0.1,1991-09-02,1992-12-01
1992-01-27,600653.SH,161.9,161.9,161.9,2600.0,41000.0,15.769231,0.097401,0.1,1991-07-01,1992-02-27
1992-01-27,600654.SH,1058.9,1058.9,1058.9,6100.0,64000.0,10.491803,0.009908,0.01,1991-07-01,1992-05-30
1992-01-28,600601.SH,98.0,98.0,98.0,6200.0,60000.0,9.677419,0.098749,0.1,1991-07-01,1992-12-01
1992-01-28,600602.SH,925.7,925.7,925.7,20500.0,189000.0,9.219512,0.00996,0.01,1991-01-03,1992-12-01
1992-01-28,600651.SH,196.5,196.5,196.5,500.0,10000.0,20.0,0.101781,0.1,1991-09-02,1992-12-01
1992-01-28,600653.SH,161.9,161.9,161.9,1500.0,24000.0,16.0,0.098826,0.1,1991-07-01,1992-02-27
1992-01-28,600654.SH,1058.9,1058.9,1058.9,2100.0,22000.0,10.47619,0.009893,0.01,1991-07-01,1992-05-30
1992-01-29,600601.SH,98.0,98.0,98.0,7000.0,68000.0,9.714286,0.099125,0.1,1991-07-01,1992-12-01
1992-01-29,600602.SH,925.7,925.7,925.7,18500.0,171000.0,9.243243,0.009985,0.01,1991-01-03,1992-12-01
1992-01-29,600653.SH,161.9,161.9,161.9,1300.0,21000.0,16.153846,0.099777,0.1,1991-07-01,1992-02-27
1992-01-29,600654.SH,1069.5,1069.5,1069.5,8000.0,85000.0,10.625,0.009935,0.01,1991-07-01,1992-05-30
1992-01-30,600601.SH,99.0,99.0,99.0,7400.0,73000.0,9.864865,0.099645,0.1,1991-07-01,1992-12-01
1992-01-30,600602.SH,925.7,925.7,925.7,10200.0,94000.0,9.215686,0.009955,0.01,1991-01-03,1992-12-01
1992-01-30,600653.SH,161.9,161.9,161.9,5900.0,95000.0,16.101695,0.099455,0.1,1991-07-01,1992-02-27
1992-01-30,600654.SH,1080.2,1080.2,1080.2,9100.0,98000.0,10.769231,0.00997,0.01,1991-07-01,1992-05-30
1992-01-31,600601.SH,99.0,99.0,99.0,3700.0,36000.0,9.72973,0.09828,0.1,1991-07-01,1992-12-01
1992-01-31,600602.SH,925.7,925.7,925.7,12200.0,112000.0,9.180328,0.009917,0.01,1991-01-03,1992-12-01
1992-01-31,600651.SH,196.5,196.5,196.5,1600.0,30000.0,18.75,0.09542,0.1,1991-09-02,1992-12-01
1992-01-31,600653.SH,163.5,163.5,163.5,4000.0,65000.0,16.25,0.099388,0.1,1991-07-01,1992-02-27
1992-01-31,600654.SH,1091.0,1091.0,1091.0,2500.0,27000.0,10.8,0.009899,0.01,1991-07-01,1992-05-30
1992-02-03,600601.SH,99.0,99.0,99.0,300.0,3000.0,10.0,0.10101,0.1,1991-07-01,1992-12-01
1992-02-03,600602.SH,925.7,925.7,925.7,11100.0,102000.0,9.189189,0.009927,0.01,1991-01-03,1992-12-01
1992-02-03,600651.SH,196.5,196.5,196.5,1100.0,21000.0,19.090909,0.097155,0.1,1991-09-02,1992-12-01
1992-02-03,600654.SH,1091.0,1091.0,1091.0,200.0,2000.0,10.0,0.009166,0.01,1991-07-01,1992-05-30
1992-02-07,600602.SH,925.7,925.7,925.7,7200.0,66000.0,9.166667,0.009902,0.01,1991-01-03,1992-12-01
1992-02-07,600654.SH,1091.0,1091.0,1091.0,9200.0,100000.0,10.869565,0.009963,0.01,1991-07-01,1992-05-30
1992-02-10,600601.SH,99.0,99.0,99.0,6000.0,59000.0,9.833333,0.099327,0.1,1991-07-01,1992-12-01
1992-02-10,600602.SH,925.7,925.7,925.7,6300.0,58000.0,9.206349,0.009945,0.01,1991-01-03,1992-12-01
1992-02-10,600651.SH,198.5,198.5,198.5,900.0,17000.0,18.888889,0.095158,0.1,1991-09-02,1992-12-01
1992-02-10,600653.SH,163.5,163.5,163.5,6500.0,106000.0,16.307692,0.099741,0.1,1991-07-01,1992-02-27
1992-02-10,600654.SH,1101.9,1101.9,1101.9,900.0,9000.0,10.0,0.009075,0.01,1991-07-01,1992-05-30
1992-02-11,600601.SH,99.0,99.0,99.0,2200.0,22000.0,10.0,0.10101,0.1,1991-07-01,1992-12-01
1992-02-11,600602.SH,925.7,925.7,925.7,8600.0,79000.0,9.186047,0.009923,0.01,1991-01-03,1992-12-01
1992-02-11,600651.SH,198.5,198.5,198.5,1600.0,30000.0,18.75,0.094458,0.1,1991-09-02,1992-12-01
1992-02-11,600653.SH,165.1,165.1,165.1,5800.0,96000.0,16.551724,0.100253,0.1,1991-07-01,1992-02-27
1992-02-11,600654.SH,1101.9,1101.9,1101.9,1100.0,12000.0,10.909091,0.0099,0.01,1991-07-01,1992-05-30
1992-02-12,600601.SH,99.0,99.0,99.0,7600.0,75000.0,9.868421,0.099681,0.1,1991-07-01,1992-12-01
1992-02-12,600602.SH,925.7,925.7,925.7,7900.0,73000.0,9.240506,0.009982,0.01,1991-01-03,1992-12-01
1992-02-12,600651.SH,198.5,198.5,198.5,1700.0,33000.0,19.411765,0.097792,0.1,1991-09-02,1992-12-01
1992-02-12,600653.SH,165.1,165.1,165.1,200.0,3000.0,15.0,0.090854,0.1,1991-07-01,1992-02-27
1992-02-12,600654.SH,1101.9,1101.9,1101.9,200.0,2000.0,10.0,0.009075,0.01,1991-07-01,1992-05-30
1992-02-13,600601.SH,98.9,98.9,98.9,1800.0,17000.0,9.444444,0.095495,0.1,1991-07-01,1992-12-01
1992-02-13,600602.SH,925.7,925.7,925.7,20200.0,186000.0,9.207921,0.009947,0.01,1991-01-03,1992-12-01
1992-02-13,600651.SH,199.4,199.4,199.4,39100.0,780000.0,19.948849,0.100044,0.1,1991-09-02,1992-12-01
1992-02-13,600653.SH,163.9,163.9,163.9,800.0,13000.0,16.25,0.099146,0.1,1991-07-01,1992-02-27
1992-02-14,600601.SH,98.9,98.9,98.9,5000.0,49000.0,9.8,0.09909,0.1,1991-07-01,1992-12-01
1992-02-14,600602.SH,935.0,935.0,935.0,8500.0,79000.0,9.294118,0.00994,0.01,1991-01-03,1992-12-01
1992-02-14,600651.SH,201.4,201.4,201.4,26700.0,537000.0,20.11236,0.099863,0.1,1991-09-02,1992-12-01
1992-02-14,600654.SH,1091.6,1091.6,1091.6,1000.0,10000.0,10.0,0.009161,0.01,1991-07-01,1992-05-30
1992-02-17,600601.SH,98.9,98.9,98.9,1300.0,12000.0,9.230769,0.093334,0.1,1991-07-01,1992-12-01
1992-02-17,600602.SH,935.0,935.0,935.0,17100.0,159000.0,9.298246,0.009945,0.01,1991-01-03,1992-12-01
1992-02-17,600651.SH,203.4,203.4,203.4,255800.0,5202000.0,20.3362,0.099981,0.1,1991-09-02,1992-12-01
1992-02-17,600653.SH,163.9,163.9,163.9,3900.0,63000.0,16.153846,0.098559,0.1,1991-07-01,1992-02-27
1992-02-17,600654.SH,1091.6,1091.6,1091.6,10100.0,110000.0,10.891089,0.009977,0.01,1991-07-01,1992-05-30
1992-02-18,600601.SH,168.4,135.4,180.0,569900.0,9607000.0,16.857343,0.100103,0.1,1991-07-01,1992-12-01
1992-02-18,600602.SH,935.0,935.0,935.0,12200.0,114000.0,9.344262,0.009994,0.01,1991-01-03,1992-12-01
1992-02-18,600651.SH,205.4,205.4,205.4,20700.0,424000.0,20.483092,0.099723,0.1,1991-09-02,1992-12-01
1992-02-18,600653.SH,165.5,165.5,165.5,11000.0,182000.0,16.545455,0.099973,0.1,1991-07-01,1992-02-27
1992-02-18,600654.SH,1599.9,1103.8,1652.25,82600.0,1315000.0,15.920097,0.009951,0.01,1991-07-01,1992-05-30
1992-02-19,600601.SH,178.8,168.33,179.35,749900.0,13150000.0,17.535671,0.098074,0.1,1991-07-01,1992-12-01
1992-02-19,600602.SH,935.0,935.0,935.0,3700.0,34000.0,9.189189,0.009828,0.01,1991-01-03,1992-12-01
1992-02-19,600651.SH,207.5,207.5,207.5,16700.0,346000.0,20.718563,0.099848,0.1,1991-09-02,1992-12-01
1992-02-19,600653.SH,167.2,167.2,167.2,1000.0,16000.0,16.0,0.095694,0.1,1991-07-01,1992-02-27
1992-02-19,600654.SH,1774.0,1600.3,1774.2,96900.0,1650000.0,17.027864,0.009599,0.01,1991-07-01,1992-05-30
1992-02-20,600601.SH,199.93,179.3,200.05,972600.0,18755000.0,19.283364,0.096451,0.1,1991-07-01,1992-12-01
1992-02-20,600602.SH,935.0,935.0,935.0,800.0,7000.0,8.75,0.009358,0.01,1991-01-03,1992-12-01
1992-02-20,600651.SH,209.6,209.6,209.6,1300.0,27000.0,20.769231,0.09909,0.1,1991-09-02,1992-12-01
1992-02-20,600654.SH,1913.6,1774.8,1914.3,40600.0,755000.0,18.596059,0.009718,0.01,1991-07-01,1992-05-30
1992-02-21,600601.SH,219.1,201.4,224.5,779600.0,16741000.0,21.473833,0.098009,0.1,1991-07-01,1992-12-01
1992-02-21,600651.SH,209.6,209.6,209.6,2800.0,58000.0,20.714286,0.098828,0.1,1991-09-02,1992-12-01
1992-02-21,600654.SH,1986.3,1917.8,1988.1,25400.0,500000.0,19.685039,0.00991,0.01,1991-07-01,1992-05-30
1992-02-24,600601.SH,229.0,219.3,229.2,99400.0,2235000.0,22.484909,0.098187,0.1,1991-07-01,1992-12-01
1992-02-24,600651.SH,209.6,209.6,209.6,700.0,14000.0,20.0,0.09542,0.1,1991-09-02,1992-12-01
1992-02-24,600653.SH,167.2,167.2,167.2,800.0,13000.0,16.25,0.097189,0.1,1991-07-01,1992-02-27
1992-02-24,600654.SH,1991.3,1986.7,1991.3,14900.0,296000.0,19.865772,0.009976,0.01,1991-07-01,1992-05-30
1992-02-25,600601.SH,243.0,229.1,243.0,227800.0,5461000.0,23.972783,0.098653,0.1,1991-07-01,1992-12-01
1992-02-25,600651.SH,209.6,209.6,209.6,12200.0,255000.0,20.901639,0.099722,0.1,1991-09-02,1992-12-01
1992-02-25,600653.SH,167.2,167.2,167.2,4500.0,75000.0,16.666667,0.099681,0.1,1991-07-01,1992-02-27
1992-02-25,600654.SH,2003.5,1991.5,2003.5,45200.0,904000.0,20.0,0.009983,0.01,1991-07-01,1992-05-30
1992-02-26,600601.SH,257.9,243.1,258.0,225500.0,5723000.0,25.379157,0.098407,0.1,1991-07-01,1992-12-01
1992-02-26,600651.SH,211.7,211.7,211.7,10800.0,228000.0,21.111111,0.099722,0.1,1991-09-02,1992-12-01
1992-02-26,600653.SH,167.2,167.2,167.2,5000.0,83000.0,16.6,0.099282,0.1,1991-07-01,1992-02-27
1992-02-26,600654.SH,2013.1,2003.9,2013.1,25800.0,518000.0,20.077519,0.009973,0.01,1991-07-01,1992-05-30
1992-02-27,600601.SH,272.3,258.0,272.3,563700.0,15201000.0,26.966472,0.099032,0.1,1991-07-01,1992-12-01
1992-02-27,600651.SH,211.7,211.35,211.7,6300.0,133000.0,21.111111,0.099722,0.1,1991-09-02,1992-12-01
1992-02-27,600654.SH,2022.2,2013.2,2022.2,46600.0,941000.0,20.193133,0.009986,0.01,1991-07-01,1992-05-30
1992-02-28,600601.SH,290.05,272.4,290.15,868000.0,24645000.0,28.392857,0.09789,0.1,1991-07-01,1992-12-01
1992-02-28,600651.SH,213.8,213.8,213.8,600.0,12000.0,20.0,0.093545,0.1,1991-09-02,1992-12-01
1992-02-28,600654.SH,2029.1,2022.5,2029.25,53300.0,1080000.0,20.262664,0.009986,0.01,1991-07-01,1992-05-30
1992-03-02,600601.SH,302.3,290.15,302.4,108300.0,3237000.0,29.889197,0.098873,0.1,1991-07-01,1992-12-01
1992-03-02,600602.SH,935.0,935.0,935.0,10000.0,93000.0,9.3,0.009947,0.01,1991-01-03,1992-12-01
1992-03-02,600651.SH,213.8,213.8,213.8,11000.0,235000.0,21.363636,0.099923,0.1,1991-09-02,1992-12-01
1992-03-02,600654.SH,2039.6,2030.0,2039.7,37700.0,767000.0,20.344828,0.009975,0.01,1991-07-01,1992-05-30
1992-03-03,600601.SH,311.5,302.4,311.5,45100.0,1391000.0,30.842572,0.099013,0.1,1991-07-01,1992-12-01
1992-03-03,600602.SH,935.0,935.0,935.0,6100.0,57000.0,9.344262,0.009994,0.01,1991-01-03,1992-12-01
1992-03-03,600651.SH,215.9,215.9,215.9,1300.0,27000.0,20.769231,0.096198,0.1,1991-09-02,1992-12-01
1992-03-03,600654.SH,2051.1,2041.4,2051.1,12100.0,247000.0,20.413223,0.009952,0.01,1991-07-01,1992-05-30
1992-03-04,600601.SH,323.2,311.6,323.2,260500.0,8342000.0,32.023033,0.099081,0.1,1991-07-01,1992-12-01
1992-03-04,600651.SH,215.9,215.9,215.9,500.0,10000.0,20.0,0.092635,0.1,1991-09-02,1992-12-01
1992-03-04,600654.SH,2055.75,2048.8,2056.0,18700.0,384000.0,20.534759,0.009989,0.01,1991-07-01,1992-05-30
1992-03-05,600601.SH,333.8,323.3,333.8,352000.0,11666000.0,33.142045,0.099287,0.1,1991-07-01,1992-12-01
1992-03-05,600602.SH,935.0,935.0,935.0,700.0,6000.0,8.571429,0.009167,0.01,1991-01-03,1992-12-01
1992-03-05,600654.SH,2062.0,2058.9,2062.0,30300.0,624000.0,20.594059,0.009987,0.01,1991-07-01,1992-05-30
1992-03-06,600601.SH,342.5,333.9,342.5,210500.0,7169000.0,34.057007,0.099437,0.1,1991-07-01,1992-12-01
1992-03-06,600602.SH,935.0,935.0,935.0,1200.0,11000.0,9.166667,0.009804,0.01,1991-01-03,1992-12-01
1992-03-06,600651.SH,215.9,215.9,215.9,3200.0,69000.0,21.5625,0.099873,0.1,1991-09-02,1992-12-01
1992-03-06,600654.SH,2068.8,2064.0,2068.8,31600.0,653000.0,20.664557,0.009989,0.01,1991-07-01,1992-05-30
1992-03-09,600601.SH,353.0,342.6,353.0,377000.0,13133000.0,34.835544,0.098684,0.1,1991-07-01,1992-12-01
1992-03-09,600602.SH,925.0,925.0,925.0,10100.0,93000.0,9.207921,0.009955,0.01,1991-01-03,1992-12-01
1992-03-09,600651.SH,215.9,215.9,215.9,4300.0,92000.0,21.395349,0.099098,0.1,1991-09-02,1992-12-01
1992-03-09,600654.SH,2076.4,2069.0,2076.6,32700.0,678000.0,20.733945,0.009986,0.01,1991-07-01,1992-05-30
1992-03-10,600601.SH,361.95,353.0,362.0,128000.0,4604000.0,35.96875,0.099375,0.1,1991-07-01,1992-12-01
1992-03-10,600602.SH,925.0,925.0,925.0,1300.0,12000.0,9.230769,0.009979,0.01,1991-01-03,1992-12-01
1992-03-10,600651.SH,215.9,215.9,215.9,800.0,17000.0,21.25,0.098425,0.1,1991-09-02,1992-12-01
1992-03-10,600654.SH,2084.8,2077.0,2084.8,17400.0,362000.0,20.804598,0.009979,0.01,1991-07-01,1992-05-30
1992-03-11,600601.SH,371.72,362.05,371.72,271700.0,10040000.0,36.952521,0.09941,0.1,1991-07-01,1992-12-01
1992-03-11,600602.SH,925.0,925.0,925.0,11200.0,103000.0,9.196429,0.009942,0.01,1991-01-03,1992-12-01
1992-03-11,600654.SH,2091.4,2085.2,2091.4,7600.0,158000.0,20.789474,0.00994,0.01,1991-07-01,1992-05-30
1992-03-12,600601.SH,373.49,371.8,380.08,792800.0,29960000.0,37.790111,0.101181,0.1,1991-07-01,1992-12-01
1992-03-12,600602.SH,925.0,925.0,925.0,7200.0,66000.0,9.166667,0.00991,0.01,1991-01-03,1992-12-01
1992-03-12,600651.SH,215.9,215.9,215.9,1000.0,20000.0,20.0,0.092635,0.1,1991-09-02,1992-12-01
1992-03-12,600654.SH,2097.5,2093.4,2097.6,10400.0,217000.0,20.865385,0.009948,0.01,1991-07-01,1992-05-30
1992-03-13,600601.SH,365.16,365.16,371.45,80900.0,2970000.0,36.71199,0.100537,0.1,1991-07-01,1992-12-01
1992-03-13,600602.SH,925.0,925.0,925.0,1000.0,9000.0,9.0,0.00973,0.01,1991-01-03,1992-12-01
1992-03-13,600651.SH,215.9,215.9,215.9,400.0,8000.0,20.0,0.092635,0.1,1991-09-02,1992-12-01
1992-03-13,600654.SH,2106.7,2098.0,2106.7,29200.0,613000.0,20.993151,0.009965,0.01,1991-07-01,1992-05-30
1992-03-16,600601.SH,360.4,360.4,364.1,2200.0,80000.0,36.363636,0.100898,0.1,1991-07-01,1992-12-01
1992-03-16,600602.SH,925.0,925.0,925.0,3400.0,31000.0,9.117647,0.009857,0.01,1991-01-03,1992-12-01
1992-03-16,600654.SH,2117.4,2109.5,2117.4,27500.0,581000.0,21.127273,0.009978,0.01,1991-07-01,1992-05-30
1992-03-17,600601.SH,356.0,356.0,360.0,1100.0,39000.0,35.454545,0.099591,0.1,1991-07-01,1992-12-01
1992-03-17,600602.SH,925.0,925.0,925.0,8700.0,80000.0,9.195402,0.009941,0.01,1991-01-03,1992-12-01
1992-03-17,600651.SH,218.1,218.1,218.1,1100.0,24000.0,21.818182,0.100038,0.1,1991-09-02,1992-12-01
1992-03-17,600654.SH,2133.0,2118.2,2133.0,16700.0,355000.0,21.257485,0.009966,0.01,1991-07-01,1992-05-30
1992-03-18,600602.SH,925.0,925.0,925.0,4100.0,37000.0,9.02439,0.009756,0.01,1991-01-03,1992-12-01
1992-03-18,600651.SH,218.1,218.1,218.1,600.0,12000.0,20.0,0.091701,0.1,1991-09-02,1992-12-01
1992-03-18,600654.SH,2144.8,2133.4,2144.8,15100.0,323000.0,21.390728,0.009973,0.01,1991-07-01,1992-05-30
1992-03-19,600601.SH,348.9,348.9,351.5,300.0,11000.0,36.666667,0.105092,0.1,1991-07-01,1992-12-01
1992-03-19,600602.SH,925.0,925.0,925.0,7000.0,64000.0,9.142857,0.009884,0.01,1991-01-03,1992-12-01
1992-03-19,600651.SH,218.1,218.1,218.1,2500.0,55000.0,22.0,0.100871,0.1,1991-09-02,1992-12-01
1992-03-19,600654.SH,2168.5,2145.6,2168.5,49100.0,1059000.0,21.568228,0.009946,0.01,1991-07-01,1992-05-30
1992-03-20,600602.SH,925.0,925.0,925.0,3300.0,30000.0,9.090909,0.009828,0.01,1991-01-03,1992-12-01
1992-03-20,600651.SH,218.1,218.1,218.1,4000.0,87000.0,21.75,0.099725,0.1,1991-09-02,1992-12-01
1992-03-20,600654.SH,2193.0,2169.1,2193.0,61700.0,1346000.0,21.815235,0.009948,0.01,1991-07-01,1992-05-30
1992-03-23,600602.SH,925.0,925.0,925.0,10000.0,92000.0,9.2,0.009946,0.01,1991-01-03,1992-12-01
1992-03-23,600651.SH,218.1,218.1,218.1,3600.0,77000.0,21.388889,0.098069,0.1,1991-09-02,1992-12-01
1992-03-23,600654.SH,2221.4,2193.6,2221.4,113600.0,2510000.0,22.09507,0.009946,0.01,1991-07-01,1992-05-30
1992-03-24,600602.SH,925.0,925.0,925.0,2900.0,26000.0,8.965517,0.009692,0.01,1991-01-03,1992-12-01
1992-03-24,600651.SH,220.3,220.3,220.3,20000.0,440000.0,22.0,0.099864,0.1,1991-09-02,1992-12-01
1992-03-24,600654.SH,2254.3,2221.6,2255.05,120400.0,2700000.0,22.425249,0.009948,0.01,1991-07-01,1992-05-30
1992-03-25,600602.SH,925.0,925.0,925.0,4500.0,41000.0,9.111111,0.00985,0.01,1991-01-03,1992-12-01
1992-03-25,600651.SH,222.5,221.25,222.5,731800.0,16278000.0,22.243782,0.099972,0.1,1991-09-02,1992-12-01
1992-03-25,600654.SH,2239.5,2239.5,2254.1,85900.0,1931000.0,22.479627,0.010038,0.01,1991-07-01,1992-05-30
1992-03-26,600602.SH,925.0,925.0,925.0,21400.0,197000.0,9.205607,0.009952,0.01,1991-01-03,1992-12-01
1992-03-26,600651.SH,224.7,224.7,224.7,68300.0,1535000.0,22.474378,0.100019,0.1,1991-09-02,1992-12-01
1992-03-26,600654.SH,2271.1,2238.5,2271.1,268700.0,6034000.0,22.456271,0.009888,0.01,1991-07-01,1992-05-30
1992-03-27,600601.SH,331.65,331.6,339.2,129700.0,4327000.0,33.361604,0.100593,0.1,1991-07-01,1992-12-01
1992-03-27,600602.SH,934.3,934.3,934.3,10000.0,93000.0,9.3,0.009954,0.01,1991-01-03,1992-12-01
1992-03-27,600651.SH,226.9,226.9,226.9,1900.0,42000.0,22.105263,0.097423,0.1,1991-09-02,1992-12-01
1992-03-27,600654.SH,2281.4,2271.1,2281.4,8700.0,198000.0,22.758621,0.009976,0.01,1991-07-01,1992-05-30
1992-03-30,600601.SH,340.5,331.38,340.5,1172500.0,39196000.0,33.429424,0.098177,0.1,1991-07-01,1992-12-01
1992-03-30,600602.SH,934.3,934.3,934.3,6500.0,60000.0,9.230769,0.00988,0.01,1991-01-03,1992-12-01
1992-03-30,600651.SH,226.9,226.9,226.9,1100.0,24000.0,21.818182,0.096158,0.1,1991-09-02,1992-12-01
1992-03-30,600654.SH,2285.4,2284.6,2285.4,2000.0,45000.0,22.5,0.009845,0.01,1991-07-01,1992-05-30
1992-03-31,600601.SH,332.25,332.2,340.8,1538200.0,52147000.0,33.901313,0.102036,0.1,1991-07-01,1992-12-01
1992-03-31,600651.SH,226.9,226.9,226.9,1000.0,22000.0,22.0,0.096959,0.1,1991-09-02,1992-12-01
1992-03-31,600654.SH,2290.6,2287.4,2290.6,3100.0,70000.0,22.580645,0.009858,0.01,1991-07-01,1992-05-30
1992-04-01,000017.SZ,14.0,12.9,14.7,85000.0,5625000.0,66.176471,4.726891,5.0,1992-04-01,1993-05-01
1992-04-01,600601.SH,320.6,320.55,332.2,100300.0,3271000.0,32.612164,0.101722,0.1,1991-07-01,1992-12-01
1992-04-01,600651.SH,226.9,226.9,226.9,800.0,18000.0,22.5,0.099163,0.1,1991-09-02,1992-12-01
1992-04-01,600653.SH,170.6,170.6,170.6,1000.0,17000.0,17.0,0.099648,0.1,1992-04-01,1992-12-01
1992-04-01,600654.SH,2300.5,2293.4,2300.5,22700.0,521000.0,22.951542,0.009977,0.01,1991-07-01,1992-05-30
1992-04-02,000017.SZ,13.85,13.55,14.0,82900.0,5742000.0,69.264174,5.001023,5.0,1992-04-01,1993-05-01
1992-04-02,600601.SH,313.55,313.55,320.55,37900.0,1197000.0,31.583113,0.100728,0.1,1991-07-01,1992-12-01
1992-04-02,600602.SH,934.3,934.3,934.3,900.0,8000.0,8.888889,0.009514,0.01,1991-01-03,1992-12-01
1992-04-02,600651.SH,226.9,226.9,226.9,3300.0,74000.0,22.424242,0.098829,0.1,1991-09-02,1992-12-01
1992-04-02,600654.SH,2308.5,2300.9,2308.5,18300.0,422000.0,23.060109,0.009989,0.01,1991-07-01,1992-05-30
1992-04-03,000017.SZ,13.5,13.0,14.0,67600.0,4556000.0,67.39645,4.99233,5.0,1992-04-01,1993-05-01
1992-04-03,600601.SH,307.97,307.85,313.25,46200.0,1423000.0,30.800866,0.100013,0.1,1991-07-01,1992-12-01
1992-04-03,600602.SH,934.3,934.3,934.3,3200.0,29000.0,9.0625,0.0097,0.01,1991-01-03,1992-12-01
1992-04-03,600651.SH,226.9,226.9,226.9,3700.0,84000.0,22.702703,0.100056,0.1,1991-09-02,1992-12-01
1992-04-03,600654.SH,2320.6,2309.1,2320.6,13800.0,319000.0,23.115942,0.009961,0.01,1991-07-01,1992-05-30
1992-04-06,000017.SZ,13.7,13.15,13.8,73800.0,4984000.0,67.533875,4.92948,5.0,1992-04-01,1993-05-01
1992-04-06,600601.SH,297.8,297.67,307.97,419700.0,12622000.0,30.073862,0.100987,0.1,1991-07-01,1992-12-01
1992-04-06,600651.SH,229.2,229.2,229.2,11600.0,265000.0,22.844828,0.099672,0.1,1991-09-02,1992-12-01
1992-04-06,600654.SH,2328.0,2321.6,2328.0,3300.0,76000.0,23.030303,0.009893,0.01,1991-07-01,1992-05-30
1992-04-07,000017.SZ,14.1,13.8,14.6,86700.0,6151000.0,70.94579,5.031616,5.0,1992-04-01,1993-05-01
1992-04-07,600601.SH,289.5,289.5,297.7,99000.0,2890000.0,29.191919,0.100836,0.1,1991-07-01,1992-12-01
1992-04-07,600651.SH,231.5,231.5,231.5,11500.0,266000.0,23.130435,0.099915,0.1,1991-09-02,1992-12-01
1992-04-07,600654.SH,2336.9,2328.8,2337.0,5000.0,116000.0,23.2,0.009928,0.01,1991-07-01,1992-05-30
1992-04-08,000017.SZ,14.0,13.7,14.4,58000.0,4088000.0,70.482759,5.034483,5.0,1992-04-01,1993-05-01
1992-04-08,600601.SH,283.55,283.5,289.4,37500.0,1066000.0,28.426667,0.100253,0.1,1991-07-01,1992-12-01
1992-04-08,600651.SH,233.8,233.8,233.8,11500.0,268000.0,23.304348,0.099676,0.1,1991-09-02,1992-12-01
1992-04-08,600653.SH,170.6,170.6,170.6,700.0,11000.0,15.714286,0.092112,0.1,1992-04-01,1992-12-01
1992-04-08,600654.SH,2347.3,2337.05,2347.3,8000.0,187000.0,23.375,0.009958,0.01,1991-07-01,1992-05-30
1992-04-09,000017.SZ,14.35,14.15,14.8,82000.0,5914000.0,72.121951,5.02592,5.0,1992-04-01,1993-05-01
1992-04-09,600601.SH,277.9,277.85,283.25,46000.0,1283000.0,27.891304,0.100365,0.1,1991-07-01,1992-12-01
1992-04-09,600602.SH,934.3,934.3,934.3,1300.0,12000.0,9.230769,0.00988,0.01,1991-01-03,1992-12-01
1992-04-09,600651.SH,236.1,236.1,236.1,1800.0,42000.0,23.333333,0.098828,0.1,1991-09-02,1992-12-01
1992-04-09,600654.SH,2357.8,2348.5,2357.9,10700.0,252000.0,23.551402,0.009989,0.01,1991-07-01,1992-05-30
1992-04-10,000017.SZ,15.0,14.35,15.2,115000.0,8440000.0,73.391304,4.892754,5.0,1992-04-01,1993-05-01
1992-04-10,600601.SH,271.95,271.9,277.7,61200.0,1669000.0,27.271242,0.10028,0.1,1991-07-01,1992-12-01
1992-04-10,600602.SH,934.3,934.3,934.3,3900.0,36000.0,9.230769,0.00988,0.01,1991-01-03,1992-12-01
1992-04-10,600651.SH,236.1,236.1,236.1,137200.0,3239000.0,23.607872,0.099991,0.1,1991-09-02,1992-12-01
1992-04-10,600653.SH,170.6,170.6,170.6,50000.0,853000.0,17.06,0.1,0.1,1992-04-01,1992-12-01
1992-04-10,600654.SH,2357.0,2356.75,2370.0,232300.0,5487000.0,23.620319,0.010021,0.01,1991-07-01,1992-05-30
1992-04-13,000017.SZ,16.8,15.0,17.2,93800.0,7695000.0,82.036247,4.88311,5.0,1992-04-01,1993-05-01
1992-04-13,600601.SH,290.0,271.95,320.25,959300.0,28544000.0,29.75503,0.102604,0.1,1991-07-01,1992-12-01
1992-04-13,600651.SH,247.9,247.9,247.9,10100.0,249000.0,24.653465,0.099449,0.1,1991-09-02,1992-12-01
1992-04-13,600653.SH,172.3,172.3,172.3,68200.0,1175000.0,17.228739,0.099993,0.1,1992-04-01,1992-12-01
1992-04-13,600654.SH,2437.0,2359.5,2437.0,74200.0,1793000.0,24.16442,0.009916,0.01,1991-07-01,1992-05-30
1992-04-14,000017.SZ,17.35,16.95,18.1,78000.0,6786000.0,87.0,5.014409,5.0,1992-04-01,1993-05-01
1992-04-14,600601.SH,288.0,277.0,297.25,539000.0,15649000.0,29.033395,0.10081,0.1,1991-07-01,1992-12-01
1992-04-14,600602.SH,1030.1,1030.1,1030.1,100.0,1000.0,10.0,0.009708,0.01,1991-01-03,1992-12-01
1992-04-14,600651.SH,260.3,260.3,260.3,1300.0,33000.0,25.384615,0.097521,0.1,1991-09-02,1992-12-01
1992-04-14,600653.SH,174.0,174.0,174.0,4600.0,80000.0,17.391304,0.09995,0.1,1992-04-01,1992-12-01
1992-04-14,600654.SH,2641.0,2438.5,2641.0,42900.0,1094000.0,25.501166,0.009656,0.01,1991-07-01,1992-05-30
1992-04-15,000017.SZ,16.0,15.5,17.5,64200.0,5259000.0,81.915888,5.119743,5.0,1992-04-01,1993-05-01
1992-04-15,600601.SH,278.0,274.0,287.5,331000.0,9230000.0,27.885196,0.100306,0.1,1991-07-01,1992-12-01
1992-04-15,600602.SH,1081.6,1081.6,1081.6,6100.0,65000.0,10.655738,0.009852,0.01,1991-01-03,1992-12-01
1992-04-15,600651.SH,273.3,273.3,273.3,8800.0,241000.0,27.386364,0.100206,0.1,1991-09-02,1992-12-01
1992-04-15,600653.SH,175.7,175.7,175.7,20000.0,351000.0,17.55,0.099886,0.1,1992-04-01,1992-12-01
1992-04-15,600654.SH,2688.0,2634.75,2748.75,352000.0,9414000.0,26.744318,0.00995,0.01,1991-07-01,1992-05-30
1992-04-16,000017.SZ,16.55,15.5,16.6,97300.0,7893000.0,81.120247,4.901525,5.0,1992-04-01,1993-05-01
1992-04-16,600601.SH,263.0,262.0,278.23,501800.0,13472000.0,26.84735,0.102081,0.1,1991-07-01,1992-12-01
1992-04-16,600651.SH,287.0,283.5,287.0,748200.0,21468000.0,28.692863,0.099975,0.1,1991-09-02,1992-12-01
1992-04-16,600653.SH,177.5,177.5,177.5,10000.0,177000.0,17.7,0.099718,0.1,1992-04-01,1992-12-01
1992-04-16,600654.SH,2613.0,2613.0,2687.5,177600.0,4719000.0,26.570946,0.010169,0.01,1991-07-01,1992-05-30
1992-04-17,000017.SZ,16.65,16.3,17.0,74800.0,6265000.0,83.756684,5.030432,5.0,1992-04-01,1993-05-01
1992-04-17,600601.SH,256.0,239.75,262.5,712200.0,17867000.0,25.087054,0.097996,0.1,1991-07-01,1992-12-01
1992-04-17,600651.SH,272.7,272.7,294.2,313900.0,8572000.0,27.30806,0.10014,0.1,1991-09-02,1992-12-01
1992-04-17,600653.SH,179.3,179.3,179.3,1000.0,17000.0,17.0,0.094813,0.1,1992-04-01,1992-12-01
1992-04-17,600654.SH,2493.45,2489.5,2611.5,57200.0,1448000.0,25.314685,0.010152,0.01,1991-07-01,1992-05-30
1992-04-20,000017.SZ,15.8,15.6,16.7,44500.0,3557000.0,79.932584,5.059024,5.0,1992-04-01,1993-05-01
1992-04-20,600601.SH,211.38,200.0,256.0,341400.0,7667000.0,22.457528,0.106242,0.1,1991-07-01,1992-12-01
1992-04-20,600602.SH,1252.1,1252.1,1252.1,222800.0,2789000.0,12.517953,0.009998,0.01,1991-01-03,1992-12-01
1992-04-20,600651.SH,259.1,259.1,264.55,90000.0,2333000.0,25.922222,0.100047,0.1,1991-09-02,1992-12-01
1992-04-20,600653.SH,181.1,181.1,181.1,9700.0,176000.0,18.14433,0.10019,0.1,1992-04-01,1992-12-01
1992-04-20,600654.SH,2249.0,2249.0,2493.4,39300.0,948000.0,24.122137,0.010726,0.01,1991-07-01,1992-05-30
1992-04-21,000017.SZ,15.8,15.0,16.0,66900.0,5208000.0,77.847534,4.927059,5.0,1992-04-01,1993-05-01
1992-04-21,600601.SH,194.7,194.45,211.38,101800.0,2025000.0,19.891945,0.102167,0.1,1991-07-01,1992-12-01
1992-04-21,600602.SH,1244.75,1189.5,1314.7,4682100.0,61399000.0,13.11356,0.010535,0.01,1991-01-03,1992-12-01
1992-04-21,600651.SH,246.1,246.1,246.1,6500.0,159000.0,24.461538,0.099397,0.1,1991-09-02,1992-12-01
1992-04-21,600653.SH,182.9,182.9,182.9,24400.0,446000.0,18.278689,0.099938,0.1,1992-04-01,1992-12-01
1992-04-22,000017.SZ,16.7,15.55,16.8,88700.0,7157000.0,80.687711,4.831599,5.0,1992-04-01,1993-05-01
1992-04-22,600601.SH,184.2,183.45,193.85,163400.0,3065000.0,18.75765,0.101833,0.1,1991-07-01,1992-12-01
1992-04-22,600602.SH,1182.65,1182.5,1241.3,2971500.0,35151000.0,11.829379,0.010002,0.01,1991-01-03,1992-12-01
1992-04-22,600651.SH,233.8,233.8,233.8,1000.0,23000.0,23.0,0.098375,0.1,1991-09-02,1992-12-01
1992-04-22,600653.SH,184.7,181.1,184.7,1361900.0,24744000.0,18.168735,0.098369,0.1,1992-04-01,1992-12-01
1992-04-23,000017.SZ,17.1,16.65,17.2,101200.0,8584000.0,84.822134,4.960359,5.0,1992-04-01,1993-05-01
1992-04-23,600601.SH,185.58,182.85,186.6,247600.0,4579000.0,18.493538,0.099653,0.1,1991-07-01,1992-12-01
1992-04-23,600602.SH,1241.0,1136.8,1241.8,4077800.0,50086000.0,12.282603,0.009897,0.01,1991-01-03,1992-12-01
1992-04-23,600651.SH,222.1,222.1,222.1,50800.0,1128000.0,22.204724,0.099976,0.1,1991-09-02,1992-12-01
1992-04-23,600653.SH,185.6,185.6,186.5,13800.0,257000.0,18.623188,0.10034,0.1,1992-04-01,1992-12-01
1992-04-24,000017.SZ,17.15,16.9,17.5,90600.0,7835000.0,86.479029,5.042509,5.0,1992-04-01,1993-05-01
1992-04-24,600601.SH,201.5,185.0,201.75,310100.0,5891000.0,18.997098,0.094278,0.1,1991-07-01,1992-12-01
1992-04-24,600602.SH,1290.0,1179.0,1296.0,2614400.0,32466000.0,12.418146,0.009626,0.01,1991-01-03,1992-12-01
1992-04-24,600651.SH,211.0,211.0,211.0,37800.0,798000.0,21.111111,0.100053,0.1,1991-09-02,1992-12-01
1992-04-24,600653.SH,187.5,187.5,187.5,31400.0,587000.0,18.694268,0.099703,0.1,1992-04-01,1992-12-01
1992-04-24,600654.SH,2244.5,2244.5,2246.0,1100.0,24000.0,21.818182,0.009721,0.01,1991-07-01,1992-05-30
1992-04-27,000017.SZ,16.75,16.5,17.3,62900.0,5312000.0,84.45151,5.041881,5.0,1992-04-01,1993-05-01
1992-04-27,600601.SH,206.75,201.75,207.0,326000.0,6689000.0,20.518405,0.099243,0.1,1991-07-01,1992-12-01
1992-04-27,600602.SH,1354.5,1272.75,1354.5,2065300.0,27734000.0,13.428558,0.009914,0.01,1991-01-03,1992-12-01
1992-04-27,600651.SH,220.8,200.5,221.6,296200.0,6362000.0,21.478731,0.097277,0.1,1991-09-02,1992-12-01
1992-04-27,600653.SH,189.4,189.4,189.4,30900.0,585000.0,18.932039,0.099958,0.1,1992-04-01,1992-12-01
1992-04-27,600654.SH,2237.75,2237.75,2240.0,3500.0,78000.0,22.285714,0.009959,0.01,1991-07-01,1992-05-30
1992-04-28,000017.SZ,16.8,16.3,17.0,59300.0,4954000.0,83.541315,4.972697,5.0,1992-04-01,1993-05-01
1992-04-28,600601.SH,218.5,206.88,220.25,320400.0,6848000.0,21.373283,0.097818,0.1,1991-07-01,1992-12-01
1992-04-28,600602.SH,1422.2,1354.45,1422.2,1725500.0,24359000.0,14.117068,0.009926,0.01,1991-01-03,1992-12-01
1992-04-28,600651.SH,231.8,212.55,231.8,247400.0,5646000.0,22.821342,0.098453,0.1,1991-09-02,1992-12-01
1992-04-28,600653.SH,191.3,191.3,191.3,20900.0,400000.0,19.138756,0.100046,0.1,1992-04-01,1992-12-01
1992-04-28,600654.SH,2209.0,2208.0,2237.4,145100.0,3221000.0,22.198484,0.010049,0.01,1991-07-01,1992-05-30
1992-04-29,000017.SZ,16.9,16.8,17.2,104600.0,8882000.0,84.913958,5.024495,5.0,1992-04-01,1993-05-01
1992-04-29,600601.SH,202.03,199.3,219.0,176800.0,3723000.0,21.057692,0.104231,0.1,1991-07-01,1992-12-01
1992-04-29,600602.SH,1482.5,1446.0,1493.3,2761500.0,41040000.0,14.861488,0.010025,0.01,1991-01-03,1992-12-01
1992-04-29,600651.SH,220.2,220.2,242.7,183900.0,4243000.0,23.072322,0.104779,0.1,1991-09-02,1992-12-01
1992-04-29,600653.SH,193.2,193.2,193.2,700.0,13000.0,18.571429,0.096125,0.1,1992-04-01,1992-12-01
1992-04-29,600654.SH,2182.75,2182.75,2210.25,123800.0,2728000.0,22.035541,0.010095,0.01,1991-07-01,1992-05-30
1992-04-30,000017.SZ,17.2,16.95,17.8,114600.0,9910000.0,86.474695,5.027599,5.0,1992-04-01,1993-05-01
1992-04-30,600601.SH,204.5,189.63,205.0,236800.0,4650000.0,19.636824,0.096024,0.1,1991-07-01,1992-12-01
1992-04-30,600602.SH,1500.0,1410.5,1524.5,1949000.0,28436000.0,14.590046,0.009727,0.01,1991-01-03,1992-12-01
1992-04-30,600651.SH,220.0,209.2,225.6,185400.0,4050000.0,21.84466,0.099294,0.1,1991-09-02,1992-12-01
1992-04-30,600653.SH,195.1,195.1,195.1,100.0,2000.0,20.0,0.102512,0.1,1992-04-01,1992-12-01
1992-04-30,600654.SH,2100.0,2079.8,2179.3,60500.0,1271000.0,21.008264,0.010004,0.01,1991-07-01,1992-05-30
1992-05-03,000017.SZ,17.55,17.35,18.0,107300.0,9519000.0,88.713886,5.054922,5.0,1992-04-01,1993-05-01
1992-05-04,000017.SZ,17.6,17.3,17.9,100900.0,8910000.0,88.305253,5.017344,5.0,1992-04-01,1993-05-01
1992-05-04,600601.SH,205.0,204.5,210.0,255800.0,5291000.0,20.684128,0.100898,0.1,1991-07-01,1992-12-01
1992-05-04,600602.SH,1558.0,1522.5,1575.0,4967200.0,77749000.0,15.65248,0.010047,0.01,1991-01-03,1992-12-01
1992-05-04,600651.SH,230.0,222.5,230.75,278700.0,6392000.0,22.935056,0.099718,0.1,1991-09-02,1992-12-01
1992-05-04,600653.SH,197.1,197.1,197.1,26400.0,520000.0,19.69697,0.099934,0.1,1992-04-01,1992-12-01
1992-05-04,600654.SH,2088.0,2087.15,2104.0,122800.0,2574000.0,20.960912,0.010039,0.01,1991-07-01,1992-05-30
1992-05-05,600601.SH,195.25,174.0,198.0,171700.0,3322000.0,19.347699,0.099092,0.1,1991-07-01,1992-12-01
1992-05-05,600602.SH,1510.0,1480.1,1591.5,3281000.0,49866000.0,15.198415,0.010065,0.01,1991-01-03,1992-12-01
1992-05-05,600651.SH,228.0,218.5,228.0,159000.0,3531000.0,22.207547,0.097402,0.1,1991-09-02,1992-12-01
1992-05-05,600653.SH,207.0,206.0,207.0,26800.0,554000.0,20.671642,0.099863,0.1,1992-04-01,1992-12-01
1992-05-05,600654.SH,2000.0,1740.0,2050.0,101200.0,1905000.0,18.824111,0.009412,0.01,1991-07-01,1992-05-30
1992-05-06,000017.SZ,19.9,18.75,21.0,122800.0,12425000.0,101.180782,5.084461,5.0,1992-04-01,1993-05-01
1992-05-06,600601.SH,194.0,187.5,200.0,88800.0,1731000.0,19.493243,0.100481,0.1,1991-07-01,1992-12-01
1992-05-06,600602.SH,1509.0,1476.0,1552.75,2631600.0,39552000.0,15.02964,0.00996,0.01,1991-01-03,1992-12-01
1992-05-06,600651.SH,225.0,219.5,232.5,69600.0,1567000.0,22.514368,0.100064,0.1,1991-09-02,1992-12-01
1992-05-06,600653.SH,217.4,217.4,217.4,2100.0,45000.0,21.428571,0.098567,0.1,1992-04-01,1992-12-01
1992-05-06,600654.SH,1930.0,1890.0,2050.5,246300.0,4713000.0,19.135201,0.009915,0.01,1991-07-01,1992-05-30
1992-05-07,000017.SZ,18.95,18.0,19.75,82100.0,7652000.0,93.20341,4.918386,5.0,1992-04-01,1993-05-01
1992-05-07,600601.SH,196.0,190.5,198.5,76800.0,1502000.0,19.557292,0.099782,0.1,1991-07-01,1992-12-01
1992-05-07,600602.SH,1510.0,1500.0,1545.0,2365200.0,35874000.0,15.167428,0.010045,0.01,1991-01-03,1992-12-01
1992-05-07,600651.SH,226.0,220.0,231.1,52700.0,1184000.0,22.466793,0.099411,0.1,1991-09-02,1992-12-01
1992-05-07,600653.SH,228.3,228.3,228.3,1900.0,43000.0,22.631579,0.099131,0.1,1992-04-01,1992-12-01
1992-05-07,600654.SH,1890.0,1890.0,1975.0,328700.0,6277000.0,19.096441,0.010104,0.01,1991-07-01,1992-05-30
1992-05-08,000017.SZ,18.75,18.2,19.8,99300.0,9455000.0,95.216516,5.078214,5.0,1992-04-01,1993-05-01
1992-05-08,600601.SH,200.5,193.55,204.0,108200.0,2141000.0,19.787431,0.09869,0.1,1991-07-01,1992-12-01
1992-05-08,600602.SH,1557.5,1515.05,1570.0,1138500.0,17574000.0,15.4361,0.009911,0.01,1991-01-03,1992-12-01
1992-05-08,600603.SH,104.2,104.2,104.2,100.0,1000.0,10.0,0.095969,0.1,1992-05-08,1992-12-01
1992-05-08,600651.SH,228.5,222.55,230.5,58400.0,1329000.0,22.756849,0.099592,0.1,1991-09-02,1992-12-01
1992-05-08,600653.SH,239.7,239.65,239.7,8500.0,203000.0,23.882353,0.099634,0.1,1992-04-01,1992-12-01
1992-05-08,600654.SH,1905.5,1800.0,1950.0,3114800.0,56739000.0,18.215937,0.00956,0.01,1991-07-01,1992-05-30
1992-05-11,000017.SZ,19.35,18.1,19.4,72300.0,6859000.0,94.868603,4.90277,5.0,1992-04-01,1993-05-01
1992-05-11,600601.SH,214.25,200.0,214.25,258100.0,5388000.0,20.87563,0.097436,0.1,1991-07-01,1992-12-01
1992-05-11,600602.SH,1635.4,1585.2,1635.4,1095200.0,17858000.0,16.305698,0.00997,0.01,1991-01-03,1992-12-01
1992-05-11,600603.SH,109.4,109.4,109.4,10100.0,110000.0,10.891089,0.099553,0.1,1992-05-08,1992-12-01
1992-05-11,600604.SH,50.5,50.5,50.5,4800.0,24000.0,5.0,0.09901,0.1,1992-05-11,1992-12-01
1992-05-11,600651.SH,239.9,231.5,239.9,255300.0,6109000.0,23.928711,0.099745,0.1,1991-09-02,1992-12-01
1992-05-11,600653.SH,251.7,251.35,251.7,17700.0,446000.0,25.19774,0.10011,0.1,1992-04-01,1992-12-01
1992-05-11,600654.SH,2170.0,2000.0,2200.0,908100.0,19115000.0,21.049444,0.0097,0.01,1991-07-01,1992-05-30
1992-05-12,000017.SZ,20.9,19.5,21.0,98500.0,10134000.0,102.883249,4.922643,5.0,1992-04-01,1993-05-01
1992-05-12,600601.SH,205.0,203.5,215.0,251700.0,5210000.0,20.699245,0.100972,0.1,1991-07-01,1992-12-01
1992-05-12,600602.SH,1717.1,1698.5,1717.2,1744600.0,29947000.0,17.165539,0.009997,0.01,1991-01-03,1992-12-01
1992-05-12,600651.SH,239.0,235.0,251.15,156800.0,3775000.0,24.075255,0.100733,0.1,1991-09-02,1992-12-01
1992-05-12,600653.SH,264.3,263.65,264.3,65500.0,1730000.0,26.412214,0.099933,0.1,1992-04-01,1992-12-01
1992-05-12,600654.SH,2130.0,2025.0,2240.0,528000.0,11068000.0,20.962121,0.009841,0.01,1991-07-01,1992-05-30
1992-05-13,000017.SZ,21.1,20.8,21.6,171000.0,20269000.0,118.532164,5.617638,5.0,1992-04-01,1993-05-01
1992-05-13,600601.SH,200.5,196.0,211.0,237200.0,4764000.0,20.084317,0.100171,0.1,1991-07-01,1992-12-01
1992-05-13,600602.SH,1730.0,1675.0,1801.5,1951700.0,33571000.0,17.200902,0.009943,0.01,1991-01-03,1992-12-01
1992-05-13,600603.SH,120.6,120.6,120.6,4500.0,54000.0,12.0,0.099502,0.1,1992-05-08,1992-12-01
1992-05-13,600651.SH,229.0,227.1,234.5,163100.0,3733000.0,22.887799,0.099947,0.1,1991-09-02,1992-12-01
1992-05-13,600653.SH,277.5,277.5,277.5,240200.0,6664000.0,27.743547,0.099977,0.1,1992-04-01,1992-12-01
1992-05-13,600654.SH,2125.0,2040.0,2210.0,409500.0,8622000.0,21.054945,0.009908,0.01,1991-07-01,1992-05-30
1992-05-14,000017.SZ,21.45,20.0,21.6,118900.0,12494000.0,105.079899,4.89883,5.0,1992-04-01,1993-05-01
1992-05-14,600601.SH,200.0,194.25,204.98,114100.0,2297000.0,20.131464,0.100657,0.1,1991-07-01,1992-12-01
1992-05-14,600602.SH,1739.5,1710.0,1767.0,2072400.0,36022000.0,17.38178,0.009992,0.01,1991-01-03,1992-12-01
1992-05-14,600651.SH,232.5,228.0,236.2,64500.0,1497000.0,23.209302,0.099825,0.1,1991-09-02,1992-12-01
1992-05-14,600653.SH,291.4,290.7,291.4,150900.0,4396000.0,29.131875,0.099972,0.1,1992-04-01,1992-12-01
1992-05-14,600654.SH,2130.0,2050.0,2164.25,284300.0,6030000.0,21.209989,0.009958,0.01,1991-07-01,1992-05-30
1992-05-15,000017.SZ,21.65,21.0,22.0,88600.0,9572000.0,108.036117,4.990121,5.0,1992-04-01,1993-05-01
1992-05-15,600601.SH,203.05,198.5,206.0,195000.0,3950000.0,20.25641,0.099761,0.1,1991-07-01,1992-12-01
1992-05-15,600602.SH,1826.5,1733.0,1826.5,2081300.0,37154000.0,17.851343,0.009774,0.01,1991-01-03,1992-12-01
1992-05-15,600651.SH,234.5,227.75,236.5,83200.0,1934000.0,23.245192,0.099127,0.1,1991-09-02,1992-12-01
1992-05-15,600653.SH,306.0,305.5,306.0,132400.0,4051000.0,30.596677,0.099989,0.1,1992-04-01,1992-12-01
1992-05-15,600654.SH,2185.0,2110.0,2195.0,251200.0,5432000.0,21.624204,0.009897,0.01,1991-07-01,1992-05-30
1992-05-18,000017.SZ,22.65,21.5,22.8,152200.0,16829000.0,110.571616,4.881749,5.0,1992-04-01,1993-05-01
1992-05-18,600601.SH,211.35,203.5,211.75,486500.0,10183000.0,20.931141,0.099035,0.1,1991-07-01,1992-12-01
1992-05-18,600602.SH,1917.8,1870.05,1917.8,1540500.0,29414000.0,19.093801,0.009956,0.01,1991-01-03,1992-12-01
1992-05-18,600651.SH,246.1,240.0,246.2,260600.0,6406000.0,24.581734,0.099885,0.1,1991-09-02,1992-12-01
1992-05-18,600653.SH,321.3,321.3,321.3,43500.0,1397000.0,32.114943,0.099953,0.1,1992-04-01,1992-12-01
1992-05-18,600654.SH,2320.0,2202.5,2320.0,206800.0,4669000.0,22.577369,0.009732,0.01,1991-07-01,1992-05-30
1992-05-19,000017.SZ,23.9,22.8,24.0,138500.0,16241000.0,117.263538,4.906424,5.0,1992-04-01,1993-05-01
1992-05-19,600601.SH,232.0,211.5,235.0,578700.0,12983000.0,22.434768,0.096702,0.1,1991-07-01,1992-12-01
1992-05-19,600602.SH,2013.7,1968.5,2013.7,819500.0,16496000.0,20.129347,0.009996,0.01,1991-01-03,1992-12-01
1992-05-19,600603.SH,146.5,146.5,146.5,10500.0,153000.0,14.571429,0.099464,0.1,1992-05-08,1992-12-01
1992-05-19,600651.SH,258.4,251.7,258.4,130600.0,3372000.0,25.819296,0.09992,0.1,1991-09-02,1992-12-01
1992-05-19,600653.SH,337.4,337.4,337.4,5900.0,198000.0,33.559322,0.099464,0.1,1992-04-01,1992-12-01
1992-05-19,600654.SH,2480.0,2350.0,2505.0,312600.0,7663000.0,24.513756,0.009885,0.01,1991-07-01,1992-05-30
1992-05-20,000017.SZ,23.8,23.6,25.5,213900.0,26154000.0,122.27209,5.137483,5.0,1992-04-01,1993-05-01
1992-05-20,600601.SH,229.0,220.0,255.5,813700.0,20007000.0,24.587686,0.10737,0.1,1991-07-01,1992-12-01
1992-05-20,600602.SH,2057.2,2000.0,2114.4,2761300.0,58372000.0,21.139318,0.010276,0.01,1991-01-03,1992-12-01
1992-05-20,600603.SH,153.8,153.8,153.8,20000.0,307000.0,15.35,0.099805,0.1,1992-05-08,1992-12-01
1992-05-20,600604.SH,71.1,71.1,71.1,10000.0,71000.0,7.1,0.099859,0.1,1992-05-11,1992-12-01
1992-05-20,600651.SH,249.0,247.75,271.3,194000.0,5190000.0,26.752577,0.10744,0.1,1991-09-02,1992-12-01
1992-05-20,600653.SH,354.3,354.3,354.3,88600.0,3138000.0,35.417607,0.099965,0.1,1992-04-01,1992-12-01
1992-05-20,600654.SH,2535.0,2455.0,2680.0,506200.0,13105000.0,25.888977,0.010213,0.01,1991-07-01,1992-05-30
1992-05-21,000017.SZ,25.0,23.0,25.5,129300.0,15776000.0,122.010828,4.880433,5.0,1992-04-01,1993-05-01
1992-05-21,600601.SH,227.5,200.0,257.5,322000.0,7106000.0,22.068323,0.097004,0.1,1991-07-01,1992-12-01
1992-05-21,600602.SH,2290.0,1942.5,2365.0,2299300.0,50575000.0,21.995825,0.009605,0.01,1991-01-03,1992-12-01
1992-05-21,600603.SH,307.5,285.0,330.0,531300.0,16312000.0,30.702052,0.099844,0.1,1992-05-08,1992-12-01
1992-05-21,600604.SH,293.0,249.0,322.5,987300.0,29344000.0,29.721463,0.101438,0.1,1992-05-11,1992-12-01
1992-05-21,600605.SH,205.5,187.5,250.0,265200.0,5819000.0,21.941931,0.106773,0.1,1992-05-13,1992-12-01
1992-05-21,600606.SH,250.0,227.0,310.0,163300.0,4330000.0,26.515615,0.106062,0.1,1992-05-21,1992-12-01
1992-05-21,600608.SH,215.0,205.0,250.0,190200.0,4196000.0,22.060988,0.102609,0.1,1992-05-21,1992-12-01
1992-05-21,600651.SH,259.5,237.5,262.0,196100.0,4920000.0,25.08924,0.096683,0.1,1991-09-02,1992-12-01
1992-05-21,600653.SH,470.0,365.75,480.0,611700.0,25886000.0,42.31813,0.090039,0.1,1992-04-01,1992-12-01
1992-05-21,600654.SH,2412.5,2225.0,2510.0,253300.0,6032000.0,23.81366,0.009871,0.01,1991-07-01,1992-05-30
1992-05-22,000017.SZ,25.05,24.7,25.8,163100.0,20541000.0,125.94114,5.02759,5.0,1992-04-01,1993-05-01
1992-05-22,600601.SH,245.0,230.0,252.0,481700.0,11769000.0,24.432219,0.099723,0.1,1991-07-01,1992-12-01
1992-05-22,600602.SH,2350.0,2200.0,2432.5,2263800.0,53226000.0,23.511794,0.010005,0.01,1991-01-03,1992-12-01
1992-05-22,600603.SH,321.0,314.0,365.0,467500.0,15879000.0,33.965775,0.105812,0.1,1992-05-08,1992-12-01
1992-05-22,600604.SH,310.0,280.0,327.0,1024600.0,30725000.0,29.987312,0.096733,0.1,1992-05-11,1992-12-01
1992-05-22,600605.SH,220.0,192.5,230.0,328000.0,7005000.0,21.356707,0.097076,0.1,1992-05-13,1992-12-01
1992-05-22,600606.SH,253.0,207.5,267.5,220600.0,5579000.0,25.290118,0.099961,0.1,1992-05-21,1992-12-01
1992-05-22,600608.SH,225.0,209.0,255.0,186800.0,4257000.0,22.789079,0.101285,0.1,1992-05-21,1992-12-01
1992-05-22,600651.SH,265.0,257.5,275.0,163500.0,4380000.0,26.788991,0.101091,0.1,1991-09-02,1992-12-01
1992-05-22,600653.SH,609.0,477.5,635.0,334900.0,19630000.0,58.614512,0.096247,0.1,1992-04-01,1992-12-01
1992-05-22,600654.SH,2710.0,1432.5,2800.0,558700.0,14961000.0,26.778235,0.009881,0.01,1991-07-01,1992-05-30
1992-05-25,000017.SZ,25.6,24.5,26.0,135700.0,17253000.0,127.140752,4.966436,5.0,1992-04-01,1993-05-01
1992-05-25,600601.SH,290.0,257.0,312.5,517700.0,14704000.0,28.40255,0.09794,0.1,1991-07-01,1992-12-01
1992-05-25,600602.SH,2510.0,2400.0,2587.5,2316500.0,57898000.0,24.993741,0.009958,0.01,1991-01-03,1992-12-01
1992-05-25,600603.SH,385.0,327.5,392.5,549900.0,20059000.0,36.477541,0.094747,0.1,1992-05-08,1992-12-01
1992-05-25,600604.SH,320.0,290.02,347.5,1092300.0,35087000.0,32.122128,0.100382,0.1,1992-05-11,1992-12-01
1992-05-25,600605.SH,225.0,205.0,237.5,335200.0,7316000.0,21.825776,0.097003,0.1,1992-05-13,1992-12-01
1992-05-25,600606.SH,260.0,230.0,275.0,243200.0,6205000.0,25.51398,0.098131,0.1,1992-05-21,1992-12-01
1992-05-25,600608.SH,232.0,214.0,252.5,358100.0,8418000.0,23.5074,0.101325,0.1,1992-05-21,1992-12-01
1992-05-25,600651.SH,295.0,245.5,302.5,248300.0,7155000.0,28.815948,0.097681,0.1,1991-09-02,1992-12-01
1992-05-25,600653.SH,640.0,610.0,702.5,219600.0,14056000.0,64.007286,0.100011,0.1,1992-04-01,1992-12-01
1992-05-25,600654.SH,3275.0,2830.0,3550.0,246700.0,8048000.0,32.622619,0.009961,0.01,1991-07-01,1992-05-30
1992-05-26,000017.SZ,26.75,25.5,27.2,138500.0,18272000.0,131.927798,4.93188,5.0,1992-04-01,1993-05-01
1992-05-26,600601.SH,265.5,243.0,305.0,280700.0,7423000.0,26.444603,0.099603,0.1,1991-07-01,1992-12-01
1992-05-26,600602.SH,2325.0,2230.0,2550.0,1274200.0,30033000.0,23.570083,0.010138,0.01,1991-01-03,1992-12-01
1992-05-26,600603.SH,360.0,298.5,402.5,421300.0,15191000.0,36.057441,0.10016,0.1,1992-05-08,1992-12-01
1992-05-26,600604.SH,295.0,283.0,342.0,628800.0,19094000.0,30.365776,0.102935,0.1,1992-05-11,1992-12-01
1992-05-26,600605.SH,202.4,193.0,222.5,174600.0,3573000.0,20.463918,0.101106,0.1,1992-05-13,1992-12-01
1992-05-26,600606.SH,239.0,229.0,270.0,159300.0,3951000.0,24.80226,0.103775,0.1,1992-05-21,1992-12-01
1992-05-26,600608.SH,232.0,204.0,235.0,226900.0,4915000.0,21.661525,0.093369,0.1,1992-05-21,1992-12-01
1992-05-26,600651.SH,270.0,249.0,310.0,86000.0,2342000.0,27.232558,0.100861,0.1,1991-09-02,1992-12-01
1992-05-26,600653.SH,577.5,551.0,625.0,200300.0,11537000.0,57.598602,0.099738,0.1,1992-04-01,1992-12-01
1992-05-26,600654.SH,1590.0,1590.0,3300.0,657900.0,18935000.0,28.78097,0.018101,0.01,1991-07-01,1992-05-30
1992-05-27,000017.SZ,26.55,26.25,27.5,118200.0,15767000.0,133.392555,5.024202,5.0,1992-04-01,1993-05-01
1992-05-27,600601.SH,290.0,250.0,302.45,642400.0,17851000.0,27.787983,0.095821,0.1,1991-07-01,1992-12-01
1992-05-27,600602.SH,2090.0,2049.5,2360.0,1390200.0,30282000.0,21.782477,0.010422,0.01,1991-01-03,1992-12-01
1992-05-27,600603.SH,343.0,330.5,380.0,279400.0,9759000.0,34.928418,0.101832,0.1,1992-05-08,1992-12-01
1992-05-27,600604.SH,269.45,269.45,294.95,507400.0,13880000.0,27.355144,0.101522,0.1,1992-05-11,1992-12-01
1992-05-27,600605.SH,171.0,167.5,207.5,205400.0,3853000.0,18.75852,0.109699,0.1,1992-05-13,1992-12-01
1992-05-27,600606.SH,215.0,215.0,240.0,109800.0,2321000.0,21.138434,0.098318,0.1,1992-05-21,1992-12-01
1992-05-27,600608.SH,185.0,185.0,227.5,289100.0,5471000.0,18.924248,0.102293,0.1,1992-05-21,1992-12-01
1992-05-27,600651.SH,258.5,252.5,270.0,56600.0,1469000.0,25.954064,0.100403,0.1,1991-09-02,1992-12-01
1992-05-27,600653.SH,557.45,554.95,601.5,209300.0,11959000.0,57.138079,0.102499,0.1,1992-04-01,1992-12-01
1992-05-27,600654.SH,2900.0,2775.0,3100.0,645100.0,18630000.0,28.879244,0.009958,0.01,1991-07-01,1992-05-30
1992-05-28,000017.SZ,26.15,25.0,26.7,107500.0,13910000.0,129.395349,4.948197,5.0,1992-04-01,1993-05-01
1992-05-28,600601.SH,260.5,250.0,309.0,289900.0,7990000.0,27.561228,0.105801,0.1,1991-07-01,1992-12-01
1992-05-28,600602.SH,2070.05,1945.0,2150.0,1800300.0,36616000.0,20.338832,0.009825,0.01,1991-01-03,1992-12-01
1992-05-28,600603.SH,315.5,300.0,344.0,355200.0,11106000.0,31.266892,0.099103,0.1,1992-05-08,1992-12-01
1992-05-28,600604.SH,253.5,229.0,271.0,546500.0,13895000.0,25.425435,0.100298,0.1,1992-05-11,1992-12-01
1992-05-28,600605.SH,174.5,150.5,184.4,167500.0,2828000.0,16.883582,0.096754,0.1,1992-05-13,1992-12-01
1992-05-28,600606.SH,216.5,190.0,220.0,98300.0,2007000.0,20.417091,0.094305,0.1,1992-05-21,1992-12-01
1992-05-28,600608.SH,200.0,169.1,200.0,228800.0,4263000.0,18.631993,0.09316,0.1,1992-05-21,1992-12-01
1992-05-28,600651.SH,245.05,240.0,260.0,69000.0,1722000.0,24.956522,0.101843,0.1,1991-09-02,1992-12-01
1992-05-28,600653.SH,520.0,480.0,571.0,226800.0,11886000.0,52.407407,0.100783,0.1,1992-04-01,1992-12-01
1992-05-28,600654.SH,2780.0,2675.0,3025.0,420700.0,11961000.0,28.431186,0.010227,0.01,1991-07-01,1992-05-30
1992-05-29,000017.SZ,25.55,25.4,26.0,94000.0,12060000.0,128.297872,5.021443,5.0,1992-04-01,1993-05-01
1992-05-29,600601.SH,270.75,245.5,279.0,343100.0,9245000.0,26.945497,0.099522,0.1,1991-07-01,1992-12-01
1992-05-29,600602.SH,2219.0,2025.5,2257.5,1615600.0,35509000.0,21.978831,0.009905,0.01,1991-01-03,1992-12-01
1992-05-29,600603.SH,339.95,305.5,369.5,323700.0,10933000.0,33.7751,0.099353,0.1,1992-05-08,1992-12-01
1992-05-29,600604.SH,272.0,251.0,287.5,526100.0,14440000.0,27.447253,0.100909,0.1,1992-05-11,1992-12-01
1992-05-29,600605.SH,190.0,173.0,197.5,198300.0,3714000.0,18.729198,0.098575,0.1,1992-05-13,1992-12-01
1992-05-29,600606.SH,222.0,210.0,240.0,161600.0,3636000.0,22.5,0.101351,0.1,1992-05-21,1992-12-01
1992-05-29,600608.SH,205.0,190.0,213.75,513500.0,10334000.0,20.124635,0.098169,0.1,1992-05-21,1992-12-01
1992-05-29,600651.SH,260.0,247.5,269.0,61700.0,1599000.0,25.915721,0.099676,0.1,1991-09-02,1992-12-01
1992-05-29,600653.SH,505.0,500.0,565.0,303800.0,16143000.0,53.136932,0.105222,0.1,1992-04-01,1992-12-01
1992-05-29,600654.SH,2880.0,2765.0,2995.0,461300.0,13307000.0,28.846737,0.010016,0.01,1991-07-01,1992-05-30
1992-06-01,000017.SZ,26.0,25.7,26.6,97000.0,12697000.0,130.896907,5.034496,5.0,1992-04-01,1993-05-01
1992-06-01,600601.SH,260.0,250.0,270.0,210500.0,5461000.0,25.942993,0.099781,0.1,1991-07-01,1992-12-01
1992-06-01,600602.SH,2180.0,2000.0,2274.5,1189300.0,25569000.0,21.499201,0.009862,0.01,1991-01-03,1992-12-01
1992-06-01,600603.SH,334.0,310.5,339.5,356500.0,11478000.0,32.196353,0.096396,0.1,1992-05-08,1992-12-01
1992-06-01,600604.SH,253.5,236.5,275.0,754800.0,19345000.0,25.629306,0.101102,0.1,1992-05-11,1992-12-01
1992-06-01,600605.SH,174.25,157.5,181.0,150400.0,2601000.0,17.293883,0.099248,0.1,1992-05-13,1992-12-01
1992-06-01,600606.SH,210.0,185.0,217.5,130300.0,2694000.0,20.675365,0.098454,0.1,1992-05-21,1992-12-01
1992-06-01,600608.SH,191.0,172.5,200.0,254200.0,4871000.0,19.162077,0.100325,0.1,1992-05-21,1992-12-01
1992-06-01,600651.SH,254.5,245.5,265.0,28900.0,727000.0,25.155709,0.098844,0.1,1991-09-02,1992-12-01
1992-06-01,600653.SH,340.0,320.0,349.5,214200.0,7220000.0,33.706816,0.099138,0.1,1992-04-01,1992-12-01
1992-06-02,000017.SZ,24.75,24.6,25.85,86900.0,10909000.0,125.535098,5.072125,5.0,1992-04-01,1993-05-01
1992-06-02,600601.SH,254.0,250.25,268.5,215300.0,5533000.0,25.699025,0.101177,0.1,1991-07-01,1992-12-01
1992-06-02,600602.SH,2145.0,2100.0,2245.0,808000.0,17495000.0,21.652228,0.010094,0.01,1991-01-03,1992-12-01
1992-06-02,600603.SH,320.0,310.0,345.05,245200.0,7923000.0,32.312398,0.100976,0.1,1992-05-08,1992-12-01
1992-06-02,600604.SH,241.0,241.0,260.0,828500.0,20703000.0,24.988533,0.103687,0.1,1992-05-11,1992-12-01
1992-06-02,600605.SH,168.05,159.5,175.0,173400.0,2939000.0,16.94925,0.100858,0.1,1992-05-13,1992-12-01
1992-06-02,600606.SH,200.0,197.5,215.0,153800.0,3110000.0,20.221066,0.101105,0.1,1992-05-21,1992-12-01
1992-06-02,600608.SH,185.0,181.0,200.0,222600.0,4154000.0,18.661276,0.100872,0.1,1992-05-21,1992-12-01
1992-06-02,600651.SH,250.0,248.5,261.0,43800.0,1116000.0,25.479452,0.101918,0.1,1991-09-02,1992-12-01
1992-06-02,600653.SH,324.5,292.25,347.5,139600.0,4617000.0,33.073066,0.10192,0.1,1992-04-01,1992-12-01
1992-06-03,000017.SZ,21.9,21.6,24.9,88700.0,10736000.0,121.037204,5.526813,5.0,1992-04-01,1993-05-01
1992-06-03,600601.SH,235.0,218.5,253.5,199800.0,4734000.0,23.693694,0.100824,0.1,1991-07-01,1992-12-01
1992-06-03,600602.SH,1981.0,1580.0,2164.0,1218900.0,24673000.0,20.242021,0.010218,0.01,1991-01-03,1992-12-01
1992-06-03,600603.SH,310.0,297.5,319.95,247600.0,7585000.0,30.634087,0.09882,0.1,1992-05-08,1992-12-01
1992-06-03,600604.SH,225.0,212.0,240.5,969400.0,21958000.0,22.651124,0.100672,0.1,1992-05-11,1992-12-01
1992-06-03,600605.SH,156.0,146.0,167.0,232800.0,3657000.0,15.708763,0.100697,0.1,1992-05-13,1992-12-01
1992-06-03,600606.SH,180.0,173.0,199.0,120300.0,2207000.0,18.345802,0.101921,0.1,1992-05-21,1992-12-01
1992-06-03,600608.SH,172.0,162.5,183.0,133700.0,2306000.0,17.247569,0.100277,0.1,1992-05-21,1992-12-01
1992-06-03,600651.SH,231.0,228.0,246.0,42300.0,997000.0,23.56974,0.102034,0.1,1991-09-02,1992-12-01
1992-06-03,600653.SH,294.95,281.0,316.0,228600.0,6771000.0,29.619423,0.100422,0.1,1992-04-01,1992-12-01
1992-06-04,000017.SZ,23.45,19.7,23.8,141100.0,15448000.0,109.482636,4.668769,5.0,1992-04-01,1993-05-01
1992-06-04,600601.SH,154.5,147.5,156.0,119900.0,1829000.0,15.254379,0.098734,0.1,1991-07-01,1992-12-01
1992-06-04,600602.SH,2035.0,1905.5,2074.5,1514500.0,30393000.0,20.068009,0.009861,0.01,1991-01-03,1992-12-01
1992-06-04,600603.SH,319.9,310.0,335.0,214600.0,6908000.0,32.190121,0.100626,0.1,1992-05-08,1992-12-01
1992-06-04,600604.SH,240.0,215.0,249.0,688500.0,16147000.0,23.452433,0.097718,0.1,1992-05-11,1992-12-01
1992-06-04,600605.SH,159.0,150.0,169.5,150800.0,2443000.0,16.200265,0.101888,0.1,1992-05-13,1992-12-01
1992-06-04,600606.SH,193.1,175.0,208.0,146500.0,2799000.0,19.105802,0.098943,0.1,1992-05-21,1992-12-01
1992-06-04,600608.SH,180.5,165.8,185.0,204100.0,3643000.0,17.849094,0.098887,0.1,1992-05-21,1992-12-01
1992-06-04,600651.SH,242.0,219.0,247.5,44100.0,1048000.0,23.764172,0.098199,0.1,1991-09-02,1992-12-01
1992-06-04,600653.SH,308.55,282.5,323.95,287200.0,8916000.0,31.044568,0.100614,0.1,1992-04-01,1992-12-01
1992-06-04,600654.SH,175.0,160.0,189.0,556800.0,9598000.0,17.237787,0.098502,0.1,1992-06-01,1992-12-01
1992-06-05,000017.SZ,23.55,23.3,24.5,159300.0,19079000.0,119.767734,5.085679,5.0,1992-04-01,1993-05-01
1992-06-05,600601.SH,155.25,150.0,160.0,218600.0,3397000.0,15.539799,0.100095,0.1,1991-07-01,1992-12-01
1992-06-05,600602.SH,2051.0,1955.0,2135.0,1344900.0,27867000.0,20.7205,0.010103,0.01,1991-01-03,1992-12-01
1992-06-05,600603.SH,325.6,317.55,337.25,237400.0,7752000.0,32.653749,0.100288,0.1,1992-05-08,1992-12-01
1992-06-05,600604.SH,240.5,236.0,253.5,779600.0,18975000.0,24.339405,0.101203,0.1,1992-05-11,1992-12-01
1992-06-05,600605.SH,160.0,157.5,171.25,228200.0,3736000.0,16.371604,0.102323,0.1,1992-05-13,1992-12-01
1992-06-05,600606.SH,188.5,185.0,209.0,235400.0,4617000.0,19.613424,0.10405,0.1,1992-05-21,1992-12-01
1992-06-05,600608.SH,180.0,173.0,193.5,217400.0,3981000.0,18.311868,0.101733,0.1,1992-05-21,1992-12-01
1992-06-05,600651.SH,248.0,235.0,251.0,44900.0,1092000.0,24.320713,0.098067,0.1,1991-09-02,1992-12-01
1992-06-05,600653.SH,316.95,305.0,329.5,378200.0,11928000.0,31.538868,0.099507,0.1,1992-04-01,1992-12-01
1992-06-05,600654.SH,169.5,167.5,179.48,201700.0,3478000.0,17.243431,0.101731,0.1,1992-06-01,1992-12-01
1992-06-08,000017.SZ,23.8,22.85,24.2,145100.0,17180000.0,118.401103,4.974836,5.0,1992-04-01,1993-05-01
1992-06-08,600601.SH,146.0,146.0,156.0,145400.0,2197000.0,15.110041,0.103493,0.1,1991-07-01,1992-12-01
1992-06-08,600602.SH,2065.0,1170.5,2130.0,836800.0,17320000.0,20.697897,0.010023,0.01,1991-01-03,1992-12-01
1992-06-08,600603.SH,324.0,317.5,337.5,156800.0,5090000.0,32.461735,0.100191,0.1,1992-05-08,1992-12-01
1992-06-08,600604.SH,238.0,230.5,249.5,507200.0,11991000.0,23.641562,0.099334,0.1,1992-05-11,1992-12-01
1992-06-08,600605.SH,156.5,152.95,164.0,159600.0,2528000.0,15.839599,0.101211,0.1,1992-05-13,1992-12-01
1992-06-08,600606.SH,188.5,177.55,204.0,143200.0,2686000.0,18.756983,0.099507,0.1,1992-05-21,1992-12-01
1992-06-08,600608.SH,177.0,172.5,188.0,122300.0,2174000.0,17.775961,0.100429,0.1,1992-05-21,1992-12-01
1992-06-08,600651.SH,240.0,235.0,252.5,24000.0,572000.0,23.833333,0.099306,0.1,1991-09-02,1992-12-01
1992-06-08,600653.SH,318.48,310.25,324.7,146400.0,4652000.0,31.775956,0.099774,0.1,1992-04-01,1992-12-01
1992-06-08,600654.SH,156.0,154.05,175.0,122400.0,1975000.0,16.135621,0.103433,0.1,1992-06-01,1992-12-01
1992-06-09,000017.SZ,21.5,20.95,23.95,59700.0,6661000.0,111.574539,5.189513,5.0,1992-04-01,1993-05-01
1992-06-09,600601.SH,152.25,140.25,196.25,137100.0,2059000.0,15.018235,0.098642,0.1,1991-07-01,1992-12-01
1992-06-09,600602.SH,2130.0,2050.0,2140.0,686200.0,14331000.0,20.884582,0.009805,0.01,1991-01-03,1992-12-01
1992-06-09,600603.SH,339.25,320.0,341.0,234800.0,7793000.0,33.189949,0.097833,0.1,1992-05-08,1992-12-01
1992-06-09,600604.SH,237.0,229.05,252.5,592900.0,14423000.0,24.326193,0.102642,0.1,1992-05-11,1992-12-01
1992-06-09,600605.SH,166.0,151.5,167.0,212800.0,3429000.0,16.113722,0.097071,0.1,1992-05-13,1992-12-01
1992-06-09,600606.SH,195.0,182.0,200.25,170600.0,3295000.0,19.314185,0.099047,0.1,1992-05-21,1992-12-01
1992-06-09,600608.SH,177.0,168.0,185.5,579000.0,10343000.0,17.863558,0.100924,0.1,1992-05-21,1992-12-01
1992-06-09,600651.SH,246.5,232.0,249.75,36600.0,889000.0,24.289617,0.098538,0.1,1991-09-02,1992-12-01
1992-06-09,600653.SH,332.4,315.0,337.0,223000.0,7334000.0,32.887892,0.098941,0.1,1992-04-01,1992-12-01
1992-06-09,600654.SH,165.0,155.5,165.0,147300.0,2353000.0,15.974202,0.096813,0.1,1992-06-01,1992-12-01
1992-06-10,000017.SZ,22.0,20.6,22.4,90500.0,9821000.0,108.519337,4.932697,5.0,1992-04-01,1993-05-01
1992-06-10,600601.SH,157.75,152.25,159.0,204700.0,3207000.0,15.66683,0.099314,0.1,1991-07-01,1992-12-01
1992-06-10,600602.SH,2160.0,2128.0,2225.0,1339000.0,29192000.0,21.801344,0.010093,0.01,1991-01-03,1992-12-01
1992-06-10,600603.SH,348.5,295.1,355.0,337900.0,11746000.0,34.761764,0.099747,0.1,1992-05-08,1992-12-01
1992-06-10,600604.SH,258.5,242.5,264.0,1017600.0,26356000.0,25.900157,0.100194,0.1,1992-05-11,1992-12-01
1992-06-10,600605.SH,174.0,156.0,179.0,384100.0,6657000.0,17.331424,0.099606,0.1,1992-05-13,1992-12-01
1992-06-10,600606.SH,211.0,200.0,222.25,420600.0,8879000.0,21.110319,0.100049,0.1,1992-05-21,1992-12-01
1992-06-10,600608.SH,189.5,185.0,195.0,768500.0,14689000.0,19.113858,0.100865,0.1,1992-05-21,1992-12-01
1992-06-10,600651.SH,240.0,240.0,256.0,120800.0,3047000.0,25.22351,0.105098,0.1,1991-09-02,1992-12-01
1992-06-10,600653.SH,341.63,335.0,369.5,332700.0,11554000.0,34.727983,0.101654,0.1,1992-04-01,1992-12-01
1992-06-10,600654.SH,167.95,162.5,173.0,233100.0,3932000.0,16.868297,0.100436,0.1,1992-06-01,1992-12-01
1992-06-11,000017.SZ,21.5,21.4,22.5,85900.0,9407000.0,109.511059,5.093538,5.0,1992-04-01,1993-05-01
1992-06-11,600601.SH,155.0,150.0,159.75,162800.0,2522000.0,15.4914,0.099945,0.1,1991-07-01,1992-12-01
1992-06-11,600602.SH,2171.5,2140.0,2195.0,634500.0,13762000.0,21.689519,0.009988,0.01,1991-01-03,1992-12-01
1992-06-11,600603.SH,348.0,298.0,352.5,146200.0,5073000.0,34.699042,0.09971,0.1,1992-05-08,1992-12-01
1992-06-11,600604.SH,258.0,249.5,262.5,680600.0,17545000.0,25.778725,0.099918,0.1,1992-05-11,1992-12-01
1992-06-11,600605.SH,169.0,164.75,175.2,254000.0,4314000.0,16.984252,0.100499,0.1,1992-05-13,1992-12-01
1992-06-11,600606.SH,206.5,198.75,216.5,268000.0,5607000.0,20.921642,0.101315,0.1,1992-05-21,1992-12-01
1992-06-11,600608.SH,188.25,174.5,194.0,299800.0,5672000.0,18.91928,0.100501,0.1,1992-05-21,1992-12-01
1992-06-11,600651.SH,246.5,240.0,250.0,29700.0,731000.0,24.612795,0.099849,0.1,1991-09-02,1992-12-01
1992-06-11,600653.SH,350.0,299.05,355.0,290000.0,10011000.0,34.52069,0.098631,0.1,1992-04-01,1992-12-01
1992-06-11,600654.SH,164.0,162.5,170.0,121400.0,2006000.0,16.523888,0.100755,0.1,1992-06-01,1992-12-01
1992-06-12,000017.SZ,22.0,21.0,22.0,75700.0,8158000.0,107.767503,4.898523,5.0,1992-04-01,1993-05-01
1992-06-12,600601.SH,154.5,145.0,155.5,78900.0,1218000.0,15.437262,0.099918,0.1,1991-07-01,1992-12-01
1992-06-12,600602.SH,2160.0,2102.55,2195.0,617100.0,13354000.0,21.639929,0.010018,0.01,1991-01-03,1992-12-01
1992-06-12,600603.SH,345.5,340.0,355.5,268400.0,9233000.0,34.400149,0.099566,0.1,1992-05-08,1992-12-01
1992-06-12,600604.SH,258.0,240.0,261.0,560300.0,14336000.0,25.586293,0.099172,0.1,1992-05-11,1992-12-01
1992-06-12,600605.SH,168.0,163.5,171.0,145200.0,2423000.0,16.687328,0.099329,0.1,1992-05-13,1992-12-01
1992-06-12,600606.SH,207.0,197.5,211.5,225500.0,4626000.0,20.514412,0.099103,0.1,1992-05-21,1992-12-01
1992-06-12,600608.SH,188.25,181.5,191.5,214500.0,4004000.0,18.666667,0.099159,0.1,1992-05-21,1992-12-01
1992-06-12,600651.SH,247.0,244.0,248.0,51200.0,1258000.0,24.570312,0.099475,0.1,1991-09-02,1992-12-01
1992-06-12,600653.SH,351.0,350.0,357.0,215800.0,7607000.0,35.250232,0.100428,0.1,1992-04-01,1992-12-01
1992-06-12,600654.SH,161.55,160.0,163.75,110400.0,1780000.0,16.123188,0.099803,0.1,1992-06-01,1992-12-01
1992-06-15,000017.SZ,20.0,20.0,22.0,45500.0,4842000.0,106.417582,5.320879,5.0,1992-04-01,1993-05-01
1992-06-15,600601.SH,154.0,151.5,156.25,119300.0,1840000.0,15.423303,0.100151,0.1,1991-07-01,1992-12-01
1992-06-15,600602.SH,2145.0,2124.0,2197.5,563500.0,12108000.0,21.487134,0.010017,0.01,1991-01-03,1992-12-01
1992-06-15,600603.SH,351.25,299.25,357.5,162800.0,5684000.0,34.914005,0.099399,0.1,1992-05-08,1992-12-01
1992-06-15,600604.SH,257.0,242.5,265.5,342300.0,8807000.0,25.728893,0.100112,0.1,1992-05-11,1992-12-01
1992-06-15,600605.SH,166.0,160.4,169.0,189600.0,3153000.0,16.629747,0.100179,0.1,1992-05-13,1992-12-01
1992-06-15,600606.SH,206.25,203.0,213.75,271900.0,5665000.0,20.834866,0.101018,0.1,1992-05-21,1992-12-01
1992-06-15,600608.SH,191.0,184.0,200.0,418000.0,7950000.0,19.019139,0.099577,0.1,1992-05-21,1992-12-01
1992-06-15,600651.SH,259.0,244.25,265.0,154900.0,3926000.0,25.345384,0.097859,0.1,1991-09-02,1992-12-01
1992-06-15,600653.SH,366.0,307.75,377.5,148300.0,5314000.0,35.832771,0.097904,0.1,1992-04-01,1992-12-01
1992-06-15,600654.SH,162.9,158.68,166.5,115400.0,1883000.0,16.317158,0.100167,0.1,1992-06-01,1992-12-01
1992-06-16,000017.SZ,18.8,18.5,20.2,73400.0,7164000.0,97.60218,5.191605,5.0,1992-04-01,1993-05-01
1992-06-16,600601.SH,152.6,152.05,156.5,142400.0,2185000.0,15.344101,0.100551,0.1,1991-07-01,1992-12-01
1992-06-16,600602.SH,2143.0,2070.03,2172.5,601500.0,12865000.0,21.388196,0.00998,0.01,1991-01-03,1992-12-01
1992-06-16,600603.SH,355.0,346.75,369.0,175100.0,6210000.0,35.465448,0.099903,0.1,1992-05-08,1992-12-01
1992-06-16,600604.SH,257.0,247.9,260.0,514000.0,13167000.0,25.616732,0.099676,0.1,1992-05-11,1992-12-01
1992-06-16,600605.SH,167.0,162.5,170.0,194500.0,3250000.0,16.709512,0.100057,0.1,1992-05-13,1992-12-01
1992-06-16,600606.SH,205.9,202.0,211.5,230500.0,4747000.0,20.59436,0.100021,0.1,1992-05-21,1992-12-01
1992-06-16,600608.SH,192.0,188.5,195.0,273700.0,5264000.0,19.232737,0.100171,0.1,1992-05-21,1992-12-01
1992-06-16,600651.SH,280.5,265.0,291.5,460600.0,12932000.0,28.076422,0.100094,0.1,1991-09-02,1992-12-01
1992-06-16,600653.SH,378.0,322.13,380.0,201000.0,7502000.0,37.323383,0.098739,0.1,1992-04-01,1992-12-01
1992-06-16,600654.SH,161.95,160.5,164.9,143600.0,2332000.0,16.239554,0.100275,0.1,1992-06-01,1992-12-01
1992-06-17,000017.SZ,21.6,18.0,21.6,93700.0,8901000.0,94.994664,4.397901,5.0,1992-04-01,1993-05-01
1992-06-17,600601.SH,152.0,151.0,156.5,119600.0,1831000.0,15.309365,0.10072,0.1,1991-07-01,1992-12-01
1992-06-17,600602.SH,2100.0,2065.5,2147.5,726900.0,15374000.0,21.150089,0.010071,0.01,1991-01-03,1992-12-01
1992-06-17,600603.SH,355.0,351.5,362.0,135300.0,4820000.0,35.624538,0.100351,0.1,1992-05-08,1992-12-01
1992-06-17,600604.SH,261.0,255.5,271.23,675100.0,17701000.0,26.219819,0.100459,0.1,1992-05-11,1992-12-01
1992-06-17,600605.SH,165.0,163.55,169.0,186800.0,3111000.0,16.654176,0.100934,0.1,1992-05-13,1992-12-01
1992-06-17,600606.SH,204.9,201.5,209.0,243400.0,4996000.0,20.525883,0.100175,0.1,1992-05-21,1992-12-01
1992-06-17,600608.SH,192.3,188.0,196.0,283600.0,5468000.0,19.280677,0.100264,0.1,1992-05-21,1992-12-01
1992-06-17,600651.SH,270.0,265.0,287.0,246900.0,6807000.0,27.569866,0.102111,0.1,1991-09-02,1992-12-01
1992-06-17,600653.SH,370.05,367.6,389.0,273600.0,10435000.0,38.13962,0.103066,0.1,1992-04-01,1992-12-01
1992-06-17,600654.SH,161.5,160.0,164.0,140000.0,2272000.0,16.228571,0.100487,0.1,1992-06-01,1992-12-01
1992-06-18,000017.SZ,20.8,20.0,22.8,93300.0,9997000.0,107.148982,5.151393,5.0,1992-04-01,1993-05-01
1992-06-18,600601.SH,153.0,150.0,157.0,119800.0,1830000.0,15.275459,0.09984,0.1,1991-07-01,1992-12-01
1992-06-18,600602.SH,2094.0,2065.0,2144.0,545300.0,11428000.0,20.957271,0.010008,0.01,1991-01-03,1992-12-01
1992-06-18,600603.SH,354.25,349.75,358.0,118000.0,4160000.0,35.254237,0.099518,0.1,1992-05-08,1992-12-01
1992-06-18,600604.SH,262.25,255.0,266.0,591400.0,15362000.0,25.975651,0.099049,0.1,1992-05-11,1992-12-01
1992-06-18,600605.SH,164.75,161.5,166.98,148200.0,2442000.0,16.477733,0.100017,0.1,1992-05-13,1992-12-01
1992-06-18,600606.SH,205.0,201.5,206.9,152200.0,3116000.0,20.473062,0.099869,0.1,1992-05-21,1992-12-01
1992-06-18,600608.SH,191.0,188.0,195.5,197700.0,3778000.0,19.109762,0.100051,0.1,1992-05-21,1992-12-01
1992-06-18,600651.SH,266.0,262.5,271.0,113000.0,2998000.0,26.530973,0.099741,0.1,1991-09-02,1992-12-01
1992-06-18,600653.SH,370.0,368.0,376.0,136400.0,5067000.0,37.148094,0.1004,0.1,1992-04-01,1992-12-01
1992-06-18,600654.SH,162.5,160.25,164.25,122500.0,1984000.0,16.195918,0.099667,0.1,1992-06-01,1992-12-01
1992-06-19,000017.SZ,20.8,19.6,21.0,76700.0,7911000.0,103.142112,4.958755,5.0,1992-04-01,1993-05-01
1992-06-19,600601.SH,154.0,151.75,156.1,117100.0,1803000.0,15.397096,0.099981,0.1,1991-07-01,1992-12-01
1992-06-19,600602.SH,2110.0,2080.0,2110.5,435500.0,9131000.0,20.966705,0.009937,0.01,1991-01-03,1992-12-01
1992-06-19,600603.SH,352.0,350.05,354.45,109900.0,3864000.0,35.159236,0.099884,0.1,1992-05-08,1992-12-01
1992-06-19,600604.SH,260.7,257.25,264.95,363200.0,9439000.0,25.988436,0.099687,0.1,1992-05-11,1992-12-01
1992-06-19,600605.SH,166.0,162.05,167.5,120300.0,1980000.0,16.458853,0.09915,0.1,1992-05-13,1992-12-01
1992-06-19,600606.SH,205.5,202.5,206.5,149300.0,3060000.0,20.495646,0.099736,0.1,1992-05-21,1992-12-01
1992-06-19,600608.SH,192.0,189.75,194.1,260900.0,4987000.0,19.114603,0.099555,0.1,1992-05-21,1992-12-01
1992-06-19,600651.SH,280.0,265.0,280.0,155200.0,4266000.0,27.487113,0.098168,0.1,1991-09-02,1992-12-01
1992-06-19,600653.SH,376.0,370.0,376.0,124800.0,4649000.0,37.251603,0.099073,0.1,1992-04-01,1992-12-01
1992-06-19,600654.SH,163.0,161.0,164.0,109900.0,1785000.0,16.242038,0.099644,0.1,1992-06-01,1992-12-01
1992-06-22,000017.SZ,19.3,19.0,20.95,54100.0,5318000.0,98.299445,5.093236,5.0,1992-04-01,1993-05-01
1992-06-22,600601.SH,156.0,154.0,157.75,134600.0,2094000.0,15.557207,0.099726,0.1,1991-07-01,1992-12-01
1992-06-22,600602.SH,2115.0,2100.0,2147.5,434300.0,9200000.0,21.183514,0.010016,0.01,1991-01-03,1992-12-01
1992-06-22,600603.SH,354.0,351.1,360.0,88100.0,3120000.0,35.414302,0.10004,0.1,1992-05-08,1992-12-01
1992-06-22,600604.SH,260.0,143.25,264.45,325400.0,8456000.0,25.986478,0.099948,0.1,1992-05-11,1992-12-01
1992-06-22,600605.SH,165.0,164.75,170.0,147400.0,2462000.0,16.702849,0.101229,0.1,1992-05-13,1992-12-01
1992-06-22,600606.SH,206.9,204.75,208.4,151600.0,3126000.0,20.620053,0.099662,0.1,1992-05-21,1992-12-01
1992-06-22,600608.SH,191.25,190.0,195.0,294300.0,5640000.0,19.164118,0.100205,0.1,1992-05-21,1992-12-01
1992-06-22,600651.SH,284.0,235.0,292.3,252200.0,7177000.0,28.457573,0.100203,0.1,1991-09-02,1992-12-01
1992-06-22,600653.SH,354.0,352.55,376.0,244800.0,8769000.0,35.821078,0.101189,0.1,1992-04-01,1992-12-01
1992-06-22,600654.SH,164.5,163.0,166.0,143800.0,2364000.0,16.439499,0.099936,0.1,1992-06-01,1992-12-01
1992-06-23,000017.SZ,20.2,19.15,20.2,59000.0,5774000.0,97.864407,4.844773,5.0,1992-04-01,1993-05-01
1992-06-23,600601.SH,155.5,154.0,158.0,163300.0,2547000.0,15.597061,0.100303,0.1,1991-07-01,1992-12-01
1992-06-23,600602.SH,2096.0,2070.0,2150.0,275300.0,5788000.0,21.024337,0.010031,0.01,1991-01-03,1992-12-01
1992-06-23,600603.SH,352.0,350.0,354.1,73900.0,2600000.0,35.182679,0.099951,0.1,1992-05-08,1992-12-01
1992-06-23,600604.SH,257.0,253.8,260.0,174000.0,4470000.0,25.689655,0.09996,0.1,1992-05-11,1992-12-01
1992-06-23,600605.SH,164.0,163.3,167.0,84500.0,1392000.0,16.473373,0.100447,0.1,1992-05-13,1992-12-01
1992-06-23,600606.SH,204.5,202.75,206.9,118000.0,2420000.0,20.508475,0.100286,0.1,1992-05-21,1992-12-01
1992-06-23,600608.SH,189.75,187.25,192.5,147600.0,2808000.0,19.02439,0.10026,0.1,1992-05-21,1992-12-01
1992-06-23,600651.SH,279.9,278.0,285.0,77400.0,2173000.0,28.074935,0.100303,0.1,1991-09-02,1992-12-01
1992-06-23,600653.SH,347.0,343.55,355.5,331000.0,11476000.0,34.670695,0.099916,0.1,1992-04-01,1992-12-01
1992-06-23,600654.SH,163.0,162.1,165.75,74000.0,1215000.0,16.418919,0.10073,0.1,1992-06-01,1992-12-01
1992-06-24,000017.SZ,19.8,19.5,20.65,60500.0,6005000.0,99.256198,5.012939,5.0,1992-04-01,1993-05-01
1992-06-24,600601.SH,154.65,151.5,156.0,58700.0,909000.0,15.48552,0.100133,0.1,1991-07-01,1992-12-01
1992-06-24,600602.SH,2073.0,2060.0,2099.25,276800.0,5747000.0,20.762283,0.010016,0.01,1991-01-03,1992-12-01
1992-06-24,600603.SH,350.0,346.75,353.0,69600.0,2432000.0,34.942529,0.099836,0.1,1992-05-08,1992-12-01
1992-06-24,600604.SH,254.2,251.5,258.5,252800.0,6435000.0,25.454905,0.100137,0.1,1992-05-11,1992-12-01
1992-06-24,600605.SH,163.0,160.0,165.0,112000.0,1825000.0,16.294643,0.099967,0.1,1992-05-13,1992-12-01
1992-06-24,600606.SH,203.95,200.0,205.65,89200.0,1819000.0,20.392377,0.099987,0.1,1992-05-21,1992-12-01
1992-06-24,600608.SH,189.0,186.0,190.45,130100.0,2452000.0,18.847041,0.09972,0.1,1992-05-21,1992-12-01
1992-06-24,600651.SH,284.0,275.0,284.0,87300.0,2449000.0,28.052692,0.098777,0.1,1991-09-02,1992-12-01
1992-06-24,600653.SH,354.0,344.0,357.0,139600.0,4880000.0,34.95702,0.098749,0.1,1992-04-01,1992-12-01
1992-06-24,600654.SH,161.0,160.0,163.0,63300.0,1023000.0,16.161137,0.10038,0.1,1992-06-01,1992-12-01
1992-06-25,000017.SZ,20.0,19.5,20.5,56800.0,5707000.0,100.475352,5.023768,5.0,1992-04-01,1993-05-01
1992-06-25,600601.SH,154.5,154.0,156.0,75100.0,1162000.0,15.472703,0.100147,0.1,1991-07-01,1992-12-01
1992-06-25,600602.SH,2090.0,2060.0,2090.0,253800.0,5271000.0,20.768322,0.009937,0.01,1991-01-03,1992-12-01
1992-06-25,600603.SH,352.0,324.77,353.0,74800.0,2625000.0,35.093583,0.099698,0.1,1992-05-08,1992-12-01
1992-06-25,600604.SH,256.0,250.0,258.0,227900.0,5812000.0,25.502413,0.099619,0.1,1992-05-11,1992-12-01
1992-06-25,600605.SH,164.8,162.03,166.0,62800.0,1028000.0,16.369427,0.099329,0.1,1992-05-13,1992-12-01
1992-06-25,600606.SH,203.9,200.0,205.98,57200.0,1164000.0,20.34965,0.099802,0.1,1992-05-21,1992-12-01
1992-06-25,600608.SH,188.98,170.0,189.5,226000.0,4251000.0,18.809735,0.099533,0.1,1992-05-21,1992-12-01
1992-06-25,600651.SH,288.5,282.0,289.0,148500.0,4240000.0,28.552189,0.098968,0.1,1991-09-02,1992-12-01
1992-06-25,600653.SH,368.0,349.0,368.0,463700.0,16805000.0,36.241104,0.098481,0.1,1992-04-01,1992-12-01
1992-06-25,600654.SH,161.0,159.0,163.0,58200.0,937000.0,16.099656,0.099998,0.1,1992-06-01,1992-12-01
1992-06-26,000017.SZ,20.95,20.0,21.0,133000.0,13868000.0,104.270677,4.977121,5.0,1992-04-01,1993-05-01
1992-06-26,600601.SH,155.0,153.5,156.0,109700.0,1696000.0,15.460346,0.099744,0.1,1991-07-01,1992-12-01
1992-06-26,600602.SH,2089.0,2067.5,2135.0,303000.0,6341000.0,20.927393,0.010018,0.01,1991-01-03,1992-12-01
1992-06-26,600603.SH,355.0,352.0,358.0,113800.0,4034000.0,35.448155,0.099854,0.1,1992-05-08,1992-12-01
1992-06-26,600604.SH,256.5,255.0,259.0,184200.0,4729000.0,25.673181,0.10009,0.1,1992-05-11,1992-12-01
1992-06-26,600605.SH,165.0,164.0,167.0,63000.0,1038000.0,16.47619,0.099856,0.1,1992-05-13,1992-12-01
1992-06-26,600606.SH,204.0,203.25,205.5,73200.0,1494000.0,20.409836,0.100048,0.1,1992-05-21,1992-12-01
1992-06-26,600608.SH,190.5,188.8,191.5,271600.0,5157000.0,18.987482,0.099672,0.1,1992-05-21,1992-12-01
1992-06-26,600651.SH,305.98,286.75,306.0,389900.0,11622000.0,29.807643,0.097417,0.1,1991-09-02,1992-12-01
1992-06-26,600653.SH,374.0,369.75,375.5,368500.0,13750000.0,37.313433,0.099769,0.1,1992-04-01,1992-12-01
1992-06-26,600654.SH,164.5,159.0,310.5,172500.0,2787000.0,16.156522,0.098216,0.1,1992-06-01,1992-12-01
1992-06-29,000017.SZ,23.3,21.0,24.0,134500.0,15241000.0,113.315985,4.863347,5.0,1992-04-01,1993-05-01
1992-06-29,600601.SH,172.0,156.8,175.0,438400.0,7219000.0,16.466697,0.095737,0.1,1991-07-01,1992-12-01
1992-06-29,600602.SH,2082.0,2070.0,2100.0,493100.0,10281000.0,20.849726,0.010014,0.01,1991-01-03,1992-12-01
1992-06-29,600603.SH,355.8,354.4,365.1,263700.0,9456000.0,35.858931,0.100784,0.1,1992-05-08,1992-12-01
1992-06-29,600604.SH,255.0,253.25,258.0,318400.0,8128000.0,25.527638,0.100108,0.1,1992-05-11,1992-12-01
1992-06-29,600605.SH,164.55,160.0,166.25,123500.0,2030000.0,16.437247,0.099892,0.1,1992-05-13,1992-12-01
1992-06-29,600606.SH,206.9,200.0,209.0,125200.0,2576000.0,20.57508,0.099445,0.1,1992-05-21,1992-12-01
1992-06-29,600608.SH,191.0,189.5,193.5,348100.0,6647000.0,19.095088,0.099974,0.1,1992-05-21,1992-12-01
1992-06-29,600651.SH,352.0,310.5,352.03,548700.0,18456000.0,33.635867,0.095556,0.1,1991-09-02,1992-12-01
1992-06-29,600653.SH,375.0,370.0,382.45,295700.0,11078000.0,37.463646,0.099903,0.1,1992-04-01,1992-12-01
1992-06-29,600654.SH,169.0,128.4,254.0,317000.0,5311000.0,16.753943,0.099136,0.1,1992-06-01,1992-12-01
1992-06-30,000017.SZ,24.05,23.45,24.5,193000.0,23119000.0,119.787565,4.980772,5.0,1992-04-01,1993-05-01
1992-06-30,600601.SH,179.45,175.0,186.5,849900.0,15533000.0,18.276268,0.101846,0.1,1991-07-01,1992-12-01
1992-06-30,600602.SH,2092.5,2078.0,2105.0,711100.0,14855000.0,20.89017,0.009983,0.01,1991-01-03,1992-12-01
1992-06-30,600603.SH,360.5,354.0,362.5,374000.0,13454000.0,35.973262,0.099787,0.1,1992-05-08,1992-12-01
1992-06-30,600604.SH,255.0,252.5,259.5,459800.0,11779000.0,25.61766,0.100461,0.1,1992-05-11,1992-12-01
1992-06-30,600605.SH,170.05,165.0,172.0,183900.0,3093000.0,16.818923,0.098906,0.1,1992-05-13,1992-12-01
1992-06-30,600606.SH,215.4,205.02,217.5,247700.0,5236000.0,21.138474,0.098136,0.1,1992-05-21,1992-12-01
1992-06-30,600608.SH,203.03,190.55,208.0,533800.0,10421000.0,19.522293,0.096155,0.1,1992-05-21,1992-12-01
1992-06-30,600651.SH,360.0,324.75,379.0,571400.0,21044000.0,36.828841,0.102302,0.1,1991-09-02,1992-12-01
1992-06-30,600653.SH,378.0,374.0,381.0,368700.0,13963000.0,37.870898,0.100188,0.1,1992-04-01,1992-12-01
1992-06-30,600654.SH,182.0,172.0,186.5,719000.0,13098000.0,18.216968,0.100093,0.1,1992-06-01,1992-12-01
1992-07-01,000017.SZ,23.0,22.45,24.25,173400.0,20330000.0,117.243368,5.097538,5.0,1992-04-01,1993-05-01
1992-07-01,600601.SH,172.0,170.55,186.5,270200.0,4763000.0,17.627683,0.102487,0.1,1991-07-01,1992-12-01
1992-07-01,600602.SH,2145.0,2090.0,2220.0,717700.0,15475000.0,21.561934,0.010052,0.01,1991-01-03,1992-12-01
1992-07-01,600603.SH,363.0,361.0,370.0,156600.0,5693000.0,36.353768,0.100148,0.1,1992-05-08,1992-12-01
1992-07-01,600604.SH,258.0,255.5,261.1,386300.0,10004000.0,25.896971,0.100376,0.1,1992-05-11,1992-12-01
1992-07-01,600605.SH,175.0,171.5,180.5,333800.0,5897000.0,17.666267,0.10095,0.1,1992-05-13,1992-12-01
1992-07-01,600606.SH,220.0,217.0,229.95,299600.0,6608000.0,22.056075,0.100255,0.1,1992-05-21,1992-12-01
1992-07-01,600608.SH,213.5,205.0,216.25,793600.0,16842000.0,21.222278,0.099402,0.1,1992-05-21,1992-12-01
1992-07-01,600651.SH,369.0,320.0,375.25,421400.0,15533000.0,36.860465,0.099893,0.1,1991-09-02,1992-12-01
1992-07-01,600653.SH,373.0,370.0,380.5,181500.0,6804000.0,37.487603,0.100503,0.1,1992-04-01,1992-12-01
1992-07-01,600654.SH,177.5,176.05,186.0,290900.0,5225000.0,17.961499,0.101192,0.1,1992-06-01,1992-12-01
1992-07-02,000017.SZ,22.8,22.0,22.95,133300.0,15055000.0,112.940735,4.953541,5.0,1992-04-01,1993-05-01
1992-07-02,600601.SH,170.25,166.75,173.75,198200.0,3356000.0,16.932392,0.099456,0.1,1991-07-01,1992-12-01
1992-07-02,600602.SH,2172.5,2139.75,2172.75,607200.0,13044000.0,21.482213,0.009888,0.01,1991-01-03,1992-12-01
1992-07-02,600603.SH,360.75,359.75,364.0,146000.0,5272000.0,36.109589,0.100096,0.1,1992-05-08,1992-12-01
1992-07-02,600604.SH,255.0,253.25,263.0,170600.0,4373000.0,25.63306,0.100522,0.1,1992-05-11,1992-12-01
1992-07-02,600605.SH,172.0,169.75,176.0,122600.0,2115000.0,17.251223,0.100298,0.1,1992-05-13,1992-12-01
1992-07-02,600606.SH,219.0,210.0,225.0,238200.0,5212000.0,21.880772,0.099912,0.1,1992-05-21,1992-12-01
1992-07-02,600608.SH,210.0,208.0,218.0,609100.0,12915000.0,21.203415,0.100969,0.1,1992-05-21,1992-12-01
1992-07-02,600651.SH,395.0,333.0,395.03,346400.0,13203000.0,38.114896,0.096493,0.1,1991-09-02,1992-12-01
1992-07-02,600653.SH,380.0,370.5,384.75,235500.0,8876000.0,37.690021,0.099184,0.1,1992-04-01,1992-12-01
1992-07-02,600654.SH,177.9,173.6,178.95,216000.0,3802000.0,17.601852,0.098942,0.1,1992-06-01,1992-12-01
1992-07-03,000017.SZ,23.3,22.4,23.5,101700.0,11777000.0,115.801377,4.970016,5.0,1992-04-01,1993-05-01
1992-07-03,600601.SH,174.5,167.25,176.0,259400.0,4466000.0,17.216654,0.098663,0.1,1991-07-01,1992-12-01
1992-07-03,600602.SH,2174.0,2160.0,2197.5,905300.0,19656000.0,21.71214,0.009987,0.01,1991-01-03,1992-12-01
1992-07-03,600603.SH,362.98,360.0,365.25,490100.0,17764000.0,36.245664,0.099856,0.1,1992-05-08,1992-12-01
1992-07-03,600604.SH,251.8,250.0,256.5,247200.0,6241000.0,25.246764,0.100265,0.1,1992-05-11,1992-12-01
1992-07-03,600605.SH,172.5,170.0,174.25,165400.0,2845000.0,17.200726,0.099714,0.1,1992-05-13,1992-12-01
1992-07-03,600606.SH,221.0,215.0,222.0,233000.0,5111000.0,21.935622,0.099256,0.1,1992-05-21,1992-12-01
1992-07-03,600608.SH,209.75,208.1,214.0,479400.0,10083000.0,21.032541,0.100274,0.1,1992-05-21,1992-12-01
1992-07-03,600651.SH,401.0,375.0,415.0,837200.0,33427000.0,39.927138,0.099569,0.1,1991-09-02,1992-12-01
1992-07-03,600653.SH,390.5,379.5,395.0,412100.0,16028000.0,38.893472,0.099599,0.1,1992-04-01,1992-12-01
1992-07-03,600654.SH,185.0,179.25,185.5,518900.0,9534000.0,18.373482,0.099316,0.1,1992-06-01,1992-12-01
1992-07-06,000017.SZ,22.6,22.2,24.15,147300.0,17192000.0,116.714189,5.164345,5.0,1992-04-01,1993-05-01
1992-07-06,600601.SH,176.5,174.05,182.0,499300.0,8919000.0,17.863008,0.101207,0.1,1991-07-01,1992-12-01
1992-07-06,600602.SH,2219.5,2141.0,2245.0,622700.0,13660000.0,21.936727,0.009884,0.01,1991-01-03,1992-12-01
1992-07-06,600603.SH,410.0,352.25,415.0,720100.0,28762000.0,39.941675,0.097419,0.1,1992-05-08,1992-12-01
1992-07-06,600604.SH,252.75,250.0,260.0,434600.0,10993000.0,25.294524,0.100077,0.1,1992-05-11,1992-12-01
1992-07-06,600605.SH,174.75,169.0,178.5,195700.0,3419000.0,17.470618,0.099975,0.1,1992-05-13,1992-12-01
1992-07-06,600606.SH,207.28,203.75,220.5,91300.0,1906000.0,20.876232,0.100715,0.1,1992-05-21,1992-12-01
1992-07-06,600608.SH,197.5,197.5,212.0,321900.0,6484000.0,20.142902,0.101989,0.1,1992-05-21,1992-12-01
1992-07-06,600651.SH,370.0,350.0,389.0,357000.0,13246000.0,37.103641,0.10028,0.1,1991-09-02,1992-12-01
1992-07-06,600653.SH,504.0,445.0,560.0,1149300.0,57158000.0,49.732881,0.098676,0.1,1992-04-01,1992-12-01
1992-07-06,600654.SH,190.5,187.2,340.75,585800.0,11245000.0,19.195971,0.100766,0.1,1992-06-01,1992-12-01
1992-07-07,000017.SZ,23.0,22.5,23.4,62300.0,7171000.0,115.104334,5.004536,5.0,1992-04-01,1993-05-01
1992-07-07,600601.SH,178.0,174.0,180.0,278600.0,4929000.0,17.692032,0.099393,0.1,1991-07-01,1992-12-01
1992-07-07,600602.SH,2194.05,2182.5,2250.0,816400.0,17922000.0,21.952474,0.010005,0.01,1991-01-03,1992-12-01
1992-07-07,600603.SH,428.25,374.0,442.0,723600.0,31053000.0,42.914594,0.100209,0.1,1992-05-08,1992-12-01
1992-07-07,600604.SH,255.5,245.0,258.0,521700.0,13147000.0,25.200307,0.098631,0.1,1992-05-11,1992-12-01
1992-07-07,600605.SH,172.0,170.0,175.25,154800.0,2661000.0,17.189922,0.099941,0.1,1992-05-13,1992-12-01
1992-07-07,600606.SH,197.5,194.25,206.0,165300.0,3299000.0,19.957653,0.101051,0.1,1992-05-21,1992-12-01
1992-07-07,600608.SH,196.5,191.95,201.0,323700.0,6300000.0,19.462465,0.099046,0.1,1992-05-21,1992-12-01
1992-07-07,600651.SH,384.0,361.0,390.5,514400.0,19353000.0,37.622473,0.097975,0.1,1991-09-02,1992-12-01
1992-07-07,600653.SH,538.0,499.0,556.5,874600.0,47231000.0,54.002973,0.100377,0.1,1992-04-01,1992-12-01
1992-07-07,600654.SH,190.0,185.0,192.0,386000.0,7281000.0,18.862694,0.099277,0.1,1992-06-01,1992-12-01
1992-07-08,000017.SZ,23.2,22.7,23.2,70200.0,8104000.0,115.441595,4.975931,5.0,1992-04-01,1993-05-01
1992-07-08,600601.SH,177.0,177.0,184.0,389400.0,7001000.0,17.978942,0.101576,0.1,1991-07-01,1992-12-01
1992-07-08,600602.SH,2200.0,2100.55,2232.5,887700.0,19547000.0,22.019827,0.010009,0.01,1991-01-03,1992-12-01
1992-07-08,600603.SH,408.75,357.75,448.1,442800.0,18328000.0,41.391147,0.101263,0.1,1992-05-08,1992-12-01
1992-07-08,600604.SH,251.0,250.0,258.5,364700.0,9231000.0,25.311215,0.100841,0.1,1992-05-11,1992-12-01
1992-07-08,600605.SH,172.0,168.0,174.0,279600.0,4777000.0,17.085122,0.099332,0.1,1992-05-13,1992-12-01
1992-07-08,600606.SH,188.5,159.5,195.0,297100.0,5595000.0,18.832043,0.099905,0.1,1992-05-21,1992-12-01
1992-07-08,600608.SH,193.0,190.5,197.1,308600.0,5985000.0,19.394038,0.100487,0.1,1992-05-21,1992-12-01
1992-07-08,600651.SH,371.0,368.0,392.5,117500.0,4454000.0,37.906383,0.102174,0.1,1991-09-02,1992-12-01
1992-07-08,600653.SH,513.0,500.05,555.0,598900.0,30998000.0,51.758223,0.100893,0.1,1992-04-01,1992-12-01
1992-07-08,600654.SH,182.0,179.75,198.5,210600.0,3894000.0,18.490028,0.101594,0.1,1992-06-01,1992-12-01
1992-07-09,000017.SZ,22.8,22.65,23.3,91300.0,10460000.0,114.56736,5.024884,5.0,1992-04-01,1993-05-01
1992-07-09,600601.SH,175.4,172.5,178.25,175600.0,3078000.0,17.528474,0.099934,0.1,1991-07-01,1992-12-01
1992-07-09,600602.SH,2183.0,2140.0,2231.5,567400.0,12401000.0,21.855834,0.010012,0.01,1991-01-03,1992-12-01
1992-07-09,600603.SH,393.2,390.0,448.75,368600.0,14633000.0,39.698861,0.100964,0.1,1992-05-08,1992-12-01
1992-07-09,600604.SH,254.0,245.0,257.7,771200.0,19560000.0,25.363071,0.099855,0.1,1992-05-11,1992-12-01
1992-07-09,600605.SH,172.0,167.5,173.5,232200.0,3965000.0,17.075797,0.099278,0.1,1992-05-13,1992-12-01
1992-07-09,600606.SH,185.0,180.5,188.75,218600.0,4022000.0,18.398902,0.099454,0.1,1992-05-21,1992-12-01
1992-07-09,600608.SH,192.5,189.5,198.0,207600.0,3979000.0,19.166667,0.099567,0.1,1992-05-21,1992-12-01
1992-07-09,600651.SH,370.0,361.0,376.0,104200.0,3863000.0,37.072937,0.100197,0.1,1991-09-02,1992-12-01
1992-07-09,600653.SH,491.5,475.0,513.0,821500.0,40366000.0,49.136945,0.099973,0.1,1992-04-01,1992-12-01
1992-07-09,600654.SH,174.0,171.15,183.75,191900.0,3342000.0,17.41532,0.100088,0.1,1992-06-01,1992-12-01
1992-07-10,000017.SZ,22.7,22.3,22.8,64000.0,7250000.0,113.28125,4.990363,5.0,1992-04-01,1993-05-01
1992-07-10,600601.SH,176.25,171.0,177.0,218800.0,3829000.0,17.5,0.099291,0.1,1991-07-01,1992-12-01
1992-07-10,600602.SH,2142.25,2130.0,2190.0,669000.0,14356000.0,21.458894,0.010017,0.01,1991-01-03,1992-12-01
1992-07-10,600603.SH,410.0,380.5,410.25,430000.0,17085000.0,39.732558,0.096909,0.1,1992-05-08,1992-12-01
1992-07-10,600604.SH,258.75,253.6,264.95,843200.0,21828000.0,25.887097,0.100047,0.1,1992-05-11,1992-12-01
1992-07-10,600605.SH,171.3,168.0,174.5,257000.0,4381000.0,17.046693,0.099514,0.1,1992-05-13,1992-12-01
1992-07-10,600606.SH,184.0,160.9,185.5,237800.0,4267000.0,17.94365,0.09752,0.1,1992-05-21,1992-12-01
1992-07-10,600608.SH,191.95,185.0,192.95,186600.0,3560000.0,19.078242,0.099392,0.1,1992-05-21,1992-12-01
1992-07-10,600651.SH,376.0,368.0,378.05,141600.0,5299000.0,37.422316,0.099527,0.1,1991-09-02,1992-12-01
1992-07-10,600653.SH,515.25,474.5,519.5,484100.0,24063000.0,49.706672,0.096471,0.1,1992-04-01,1992-12-01
1992-07-10,600654.SH,174.75,169.0,174.75,168400.0,2890000.0,17.16152,0.098206,0.1,1992-06-01,1992-12-01
1992-07-13,600601.SH,170.0,170.0,186.0,219200.0,3880000.0,17.70073,0.104122,0.1,1991-07-01,1992-12-01
1992-07-13,600602.SH,2000.0,1961.0,2159.95,906000.0,18238000.0,20.130243,0.010065,0.01,1991-01-03,1992-12-01
1992-07-13,600603.SH,407.0,314.5,428.75,385400.0,15846000.0,41.115724,0.101021,0.1,1992-05-08,1992-12-01
1992-07-13,600604.SH,250.3,232.75,268.5,288000.0,7398000.0,25.6875,0.102627,0.1,1992-05-11,1992-12-01
1992-07-13,600605.SH,164.0,156.0,174.25,131800.0,2226000.0,16.889226,0.102983,0.1,1992-05-13,1992-12-01
1992-07-13,600606.SH,184.9,181.5,188.0,140600.0,2601000.0,18.499289,0.10005,0.1,1992-05-21,1992-12-01
1992-07-13,600608.SH,191.0,189.0,195.95,140600.0,2693000.0,19.153627,0.100281,0.1,1992-05-21,1992-12-01
1992-07-13,600651.SH,377.5,370.05,389.0,148900.0,5637000.0,37.857623,0.100285,0.1,1991-09-02,1992-12-01
1992-07-13,600653.SH,528.0,517.75,550.5,608300.0,32107000.0,52.781522,0.099965,0.1,1992-04-01,1992-12-01
1992-07-13,600654.SH,166.7,165.0,174.25,118600.0,1981000.0,16.703204,0.100199,0.1,1992-06-01,1992-12-01
1992-07-14,000017.SZ,23.45,23.3,23.85,94800.0,11165000.0,117.774262,5.022357,5.0,1992-04-01,1993-05-01
1992-07-14,600601.SH,165.0,164.0,171.0,178600.0,2972000.0,16.640538,0.100852,0.1,1991-07-01,1992-12-01
1992-07-14,600602.SH,1945.0,1930.5,2025.0,604900.0,11906000.0,19.682592,0.01012,0.01,1991-01-03,1992-12-01
1992-07-14,600603.SH,403.05,400.0,409.9,322500.0,12984000.0,40.260465,0.09989,0.1,1992-05-08,1992-12-01
1992-07-14,600604.SH,243.03,240.0,253.5,312000.0,7642000.0,24.49359,0.100784,0.1,1992-05-11,1992-12-01
1992-07-14,600605.SH,160.75,160.0,165.5,76500.0,1237000.0,16.169935,0.100591,0.1,1992-05-13,1992-12-01
1992-07-14,600606.SH,183.25,181.0,186.0,73800.0,1352000.0,18.319783,0.099972,0.1,1992-05-21,1992-12-01
1992-07-14,600608.SH,188.0,188.0,192.95,143800.0,2726000.0,18.956885,0.100834,0.1,1992-05-21,1992-12-01
1992-07-14,600651.SH,380.0,370.25,384.0,140300.0,5292000.0,37.719173,0.099261,0.1,1991-09-02,1992-12-01
1992-07-14,600653.SH,528.0,515.5,537.5,362200.0,18905000.0,52.19492,0.098854,0.1,1992-04-01,1992-12-01
1992-07-14,600654.SH,163.0,161.0,167.45,112700.0,1851000.0,16.424135,0.100762,0.1,1992-06-01,1992-12-01
1992-07-15,000017.SZ,23.2,23.0,23.6,35600.0,4121000.0,115.758427,4.989587,5.0,1992-04-01,1993-05-01
1992-07-15,600601.SH,167.25,163.5,173.5,131900.0,2200000.0,16.679303,0.099727,0.1,1991-07-01,1992-12-01
1992-07-15,600602.SH,1891.0,1882.55,1940.0,853600.0,16256000.0,19.044049,0.010071,0.01,1991-01-03,1992-12-01
1992-07-15,600603.SH,418.0,400.0,425.0,360600.0,14895000.0,41.306156,0.098819,0.1,1992-05-08,1992-12-01
1992-07-15,600604.SH,239.2,236.55,245.0,315400.0,7535000.0,23.890298,0.099876,0.1,1992-05-11,1992-12-01
1992-07-15,600605.SH,159.6,155.0,161.0,100200.0,1593000.0,15.898204,0.099613,0.1,1992-05-13,1992-12-01
1992-07-15,600606.SH,180.75,178.1,184.5,96000.0,1737000.0,18.09375,0.100104,0.1,1992-05-21,1992-12-01
1992-07-15,600608.SH,190.0,184.5,190.5,137000.0,2591000.0,18.912409,0.099539,0.1,1992-05-21,1992-12-01
1992-07-15,600651.SH,399.7,380.5,400.0,427200.0,16780000.0,39.279026,0.098271,0.1,1991-09-02,1992-12-01
1992-07-15,600653.SH,540.0,522.0,541.0,515700.0,27645000.0,53.606748,0.099272,0.1,1992-04-01,1992-12-01
1992-07-15,600654.SH,163.0,160.0,273.2,187200.0,3023000.0,16.148504,0.099071,0.1,1992-06-01,1992-12-01
1992-07-16,000017.SZ,23.7,23.0,23.7,76300.0,8923000.0,116.946265,4.934442,5.0,1992-04-01,1993-05-01
1992-07-16,600601.SH,166.9,165.05,170.0,231900.0,3883000.0,16.744286,0.100325,0.1,1991-07-01,1992-12-01
1992-07-16,600602.SH,2000.0,1886.53,2000.0,715500.0,13663000.0,19.095737,0.009548,0.01,1991-01-03,1992-12-01
1992-07-16,600603.SH,418.0,411.0,472.7,750600.0,31564000.0,42.051692,0.100602,0.1,1992-05-08,1992-12-01
1992-07-16,600604.SH,240.5,235.0,333.4,240000.0,5741000.0,23.920833,0.099463,0.1,1992-05-11,1992-12-01
1992-07-16,600605.SH,162.0,158.0,163.0,72600.0,1164000.0,16.033058,0.098969,0.1,1992-05-13,1992-12-01
1992-07-16,600606.SH,180.0,178.0,183.5,92900.0,1674000.0,18.019376,0.100108,0.1,1992-05-21,1992-12-01
1992-07-16,600608.SH,192.0,189.0,193.0,127900.0,2448000.0,19.139953,0.099687,0.1,1992-05-21,1992-12-01
1992-07-16,600651.SH,415.0,400.0,426.0,800300.0,33066000.0,41.317006,0.099559,0.1,1991-09-02,1992-12-01
1992-07-16,600653.SH,536.0,530.0,557.0,538900.0,29275000.0,54.323622,0.10135,0.1,1992-04-01,1992-12-01
1992-07-16,600654.SH,164.0,163.0,169.45,137500.0,2276000.0,16.552727,0.100931,0.1,1992-06-01,1992-12-01
1992-07-17,000017.SZ,24.2,23.7,24.2,155000.0,18580000.0,119.870968,4.953346,5.0,1992-04-01,1993-05-01
1992-07-17,600601.SH,167.98,165.0,174.0,257900.0,4314000.0,16.727414,0.09958,0.1,1991-07-01,1992-12-01
1992-07-17,600602.SH,1982.5,1069.0,2050.0,576300.0,11257000.0,19.533229,0.009853,0.01,1991-01-03,1992-12-01
1992-07-17,600603.SH,419.95,417.0,425.0,330200.0,13871000.0,42.007874,0.100031,0.1,1992-05-08,1992-12-01
1992-07-17,600604.SH,241.0,240.0,246.25,192400.0,4660000.0,24.220374,0.100499,0.1,1992-05-11,1992-12-01
1992-07-17,600605.SH,161.0,160.0,165.0,82700.0,1331000.0,16.094317,0.099965,0.1,1992-05-13,1992-12-01
1992-07-17,600606.SH,178.45,178.45,184.5,108500.0,1953000.0,18.0,0.100869,0.1,1992-05-21,1992-12-01
1992-07-17,600608.SH,194.0,191.4,194.5,190300.0,3679000.0,19.332633,0.099653,0.1,1992-05-21,1992-12-01
1992-07-17,600651.SH,414.0,400.0,421.5,515400.0,21082000.0,40.904152,0.098802,0.1,1991-09-02,1992-12-01
1992-07-17,600653.SH,542.0,530.0,562.5,319500.0,17264000.0,54.034429,0.099695,0.1,1992-04-01,1992-12-01
1992-07-17,600654.SH,164.5,163.0,167.0,161600.0,2661000.0,16.466584,0.100101,0.1,1992-06-01,1992-12-01
1992-07-20,000017.SZ,25.25,24.35,25.5,170600.0,21367000.0,125.24619,4.960245,5.0,1992-04-01,1993-05-01
1992-07-20,600601.SH,165.5,160.0,167.5,155100.0,2543000.0,16.395874,0.099069,0.1,1991-07-01,1992-12-01
1992-07-20,600602.SH,1902.5,1899.5,1940.0,499800.0,9538000.0,19.083633,0.010031,0.01,1991-01-03,1992-12-01
1992-07-20,600603.SH,416.0,401.0,423.0,318900.0,13326000.0,41.787394,0.10045,0.1,1992-05-08,1992-12-01
1992-07-20,600604.SH,238.4,235.25,242.5,166800.0,3949000.0,23.67506,0.099308,0.1,1992-05-11,1992-12-01
1992-07-20,600605.SH,156.0,153.25,161.0,76400.0,1193000.0,15.615183,0.100097,0.1,1992-05-13,1992-12-01
1992-07-20,600606.SH,175.0,173.9,180.5,80100.0,1413000.0,17.640449,0.100803,0.1,1992-05-21,1992-12-01
1992-07-20,600608.SH,191.0,190.25,194.75,156100.0,3003000.0,19.237668,0.100721,0.1,1992-05-21,1992-12-01
1992-07-20,600651.SH,407.0,405.0,415.0,124900.0,5108000.0,40.896717,0.100483,0.1,1991-09-02,1992-12-01
1992-07-20,600653.SH,547.0,537.05,547.0,219500.0,11870000.0,54.077449,0.098862,0.1,1992-04-01,1992-12-01
1992-07-20,600654.SH,157.3,157.0,166.0,122200.0,1930000.0,15.793781,0.100405,0.1,1992-06-01,1992-12-01
1992-07-21,000017.SZ,24.85,24.5,25.6,125400.0,15713000.0,125.30303,5.042375,5.0,1992-04-01,1993-05-01
1992-07-21,600601.SH,169.0,159.25,169.0,457200.0,7503000.0,16.410761,0.097105,0.1,1991-07-01,1992-12-01
1992-07-21,600602.SH,1890.0,1887.0,1906.0,520300.0,9860000.0,18.950605,0.010027,0.01,1991-01-03,1992-12-01
1992-07-21,600603.SH,410.0,408.0,416.5,331600.0,13667000.0,41.21532,0.100525,0.1,1992-05-08,1992-12-01
1992-07-21,600604.SH,231.0,230.0,238.45,170800.0,3991000.0,23.366511,0.101154,0.1,1992-05-11,1992-12-01
1992-07-21,600605.SH,154.73,153.5,156.0,51800.0,801000.0,15.46332,0.099937,0.1,1992-05-13,1992-12-01
1992-07-21,600606.SH,171.0,170.0,176.8,73700.0,1269000.0,17.218453,0.100693,0.1,1992-05-21,1992-12-01
1992-07-21,600608.SH,190.28,188.88,192.0,98000.0,1863000.0,19.010204,0.099906,0.1,1992-05-21,1992-12-01
1992-07-21,600651.SH,406.0,400.0,407.95,75700.0,3069000.0,40.541612,0.099856,0.1,1991-09-02,1992-12-01
1992-07-21,600653.SH,540.0,539.0,543.75,179200.0,9691000.0,54.079241,0.100147,0.1,1992-04-01,1992-12-01
1992-07-21,600654.SH,156.0,153.95,157.9,158000.0,2457000.0,15.550633,0.099684,0.1,1992-06-01,1992-12-01
1992-07-22,000017.SZ,24.95,24.55,25.0,84800.0,10544000.0,124.339623,4.983552,5.0,1992-04-01,1993-05-01
1992-07-22,600601.SH,163.0,160.0,180.3,686300.0,11528000.0,16.797319,0.103051,0.1,1991-07-01,1992-12-01
1992-07-22,600602.SH,1770.0,1770.0,1885.0,702700.0,12726000.0,18.110147,0.010232,0.01,1991-01-03,1992-12-01
1992-07-22,600603.SH,402.0,399.0,409.0,558900.0,22538000.0,40.32564,0.100313,0.1,1992-05-08,1992-12-01
1992-07-22,600604.SH,220.0,219.08,231.5,286200.0,6453000.0,22.54717,0.102487,0.1,1992-05-11,1992-12-01
1992-07-22,600605.SH,148.05,144.1,153.5,124600.0,1861000.0,14.935795,0.100883,0.1,1992-05-13,1992-12-01
1992-07-22,600606.SH,165.0,162.0,172.0,79000.0,1320000.0,16.708861,0.101266,0.1,1992-05-21,1992-12-01
1992-07-22,600608.SH,182.0,181.5,190.5,75300.0,1403000.0,18.632138,0.102374,0.1,1992-05-21,1992-12-01
1992-07-22,600651.SH,392.0,367.25,405.0,179000.0,7182000.0,40.122905,0.102354,0.1,1991-09-02,1992-12-01
1992-07-22,600653.SH,520.05,515.0,541.2,370000.0,19452000.0,52.572973,0.101092,0.1,1992-04-01,1992-12-01
1992-07-22,600654.SH,156.75,155.0,159.95,252800.0,3972000.0,15.712025,0.100236,0.1,1992-06-01,1992-12-01
1992-07-23,000017.SZ,25.4,24.8,25.5,139100.0,17529000.0,126.017254,4.961309,5.0,1992-04-01,1993-05-01
1992-07-23,600601.SH,158.0,147.0,162.0,482300.0,7656000.0,15.873937,0.100468,0.1,1991-07-01,1992-12-01
1992-07-23,600602.SH,1699.0,1510.0,1785.0,1013600.0,17220000.0,16.98895,0.009999,0.01,1991-01-03,1992-12-01
1992-07-23,600603.SH,392.25,365.0,400.25,471400.0,18538000.0,39.325414,0.100256,0.1,1992-05-08,1992-12-01
1992-07-23,600604.SH,220.5,209.1,224.0,455100.0,9867000.0,21.680949,0.098326,0.1,1992-05-11,1992-12-01
1992-07-23,600605.SH,144.0,134.5,149.5,113000.0,1631000.0,14.433628,0.100234,0.1,1992-05-13,1992-12-01
1992-07-23,600606.SH,159.75,150.0,163.0,111800.0,1756000.0,15.706619,0.09832,0.1,1992-05-21,1992-12-01
1992-07-23,600608.SH,179.5,173.0,184.0,200800.0,3580000.0,17.828685,0.099324,0.1,1992-05-21,1992-12-01
1992-07-23,600651.SH,381.0,357.75,401.0,281000.0,10783000.0,38.373665,0.100718,0.1,1991-09-02,1992-12-01
1992-07-23,600653.SH,508.0,475.0,520.0,552400.0,28247000.0,51.135047,0.10066,0.1,1992-04-01,1992-12-01
1992-07-23,600654.SH,145.95,135.0,155.5,358200.0,5264000.0,14.695701,0.10069,0.1,1992-06-01,1992-12-01
1992-07-24,000017.SZ,25.9,25.5,25.9,167100.0,21474000.0,128.509874,4.961771,5.0,1992-04-01,1993-05-01
1992-07-24,600601.SH,162.9,155.0,166.5,303800.0,4892000.0,16.102699,0.09885,0.1,1991-07-01,1992-12-01
1992-07-24,600602.SH,1730.0,1665.0,1800.0,586800.0,10105000.0,17.220518,0.009954,0.01,1991-01-03,1992-12-01
1992-07-24,600603.SH,395.0,375.03,397.5,359200.0,14099000.0,39.251114,0.09937,0.1,1992-05-08,1992-12-01
1992-07-24,600604.SH,222.5,217.9,229.0,281700.0,6255000.0,22.204473,0.099795,0.1,1992-05-11,1992-12-01
1992-07-24,600605.SH,150.0,140.0,156.0,81800.0,1221000.0,14.92665,0.099511,0.1,1992-05-13,1992-12-01
1992-07-24,600606.SH,163.75,151.05,166.75,98000.0,1590000.0,16.22449,0.099081,0.1,1992-05-21,1992-12-01
1992-07-24,600608.SH,184.0,178.0,188.0,442000.0,8060000.0,18.235294,0.099105,0.1,1992-05-21,1992-12-01
1992-07-24,600651.SH,389.35,381.0,397.5,138500.0,5375000.0,38.808664,0.099676,0.1,1991-09-02,1992-12-01
1992-07-24,600653.SH,514.0,501.5,519.98,248000.0,12729000.0,51.326613,0.099857,0.1,1992-04-01,1992-12-01
1992-07-24,600654.SH,151.0,140.0,153.5,411000.0,6116000.0,14.880779,0.098548,0.1,1992-06-01,1992-12-01
1992-07-27,000017.SZ,26.75,25.9,26.8,143700.0,19003000.0,132.240779,4.943581,5.0,1992-04-01,1993-05-01
1992-07-27,600601.SH,168.1,164.5,170.0,483900.0,8091000.0,16.720397,0.099467,0.1,1991-07-01,1992-12-01
1992-07-27,600602.SH,1880.0,1777.53,1880.0,699900.0,12631000.0,18.046864,0.009599,0.01,1991-01-03,1992-12-01
1992-07-27,600603.SH,414.9,402.75,459.5,348200.0,14253000.0,40.933372,0.098658,0.1,1992-05-08,1992-12-01
1992-07-27,600604.SH,238.0,225.05,240.9,275100.0,6413000.0,23.311523,0.097948,0.1,1992-05-11,1992-12-01
1992-07-27,600605.SH,158.0,151.0,158.5,115900.0,1806000.0,15.582399,0.098623,0.1,1992-05-13,1992-12-01
1992-07-27,600606.SH,178.0,170.0,180.0,104100.0,1807000.0,17.358309,0.097519,0.1,1992-05-21,1992-12-01
1992-07-27,600608.SH,194.5,185.43,194.5,358600.0,6805000.0,18.976576,0.097566,0.1,1992-05-21,1992-12-01
1992-07-27,600651.SH,406.5,396.0,408.0,172500.0,6922000.0,40.127536,0.098715,0.1,1991-09-02,1992-12-01
1992-07-27,600653.SH,528.5,520.0,530.0,297200.0,15548000.0,52.314939,0.098988,0.1,1992-04-01,1992-12-01
1992-07-27,600654.SH,156.6,152.1,159.75,560400.0,8707000.0,15.537116,0.099215,0.1,1992-06-01,1992-12-01
1992-07-28,000017.SZ,25.8,25.8,26.8,118600.0,15604000.0,131.568297,5.099546,5.0,1992-04-01,1993-05-01
1992-07-28,600601.SH,165.13,163.5,171.0,310000.0,5205000.0,16.790323,0.101679,0.1,1991-07-01,1992-12-01
1992-07-28,600602.SH,1805.0,1800.0,1909.0,595200.0,10907000.0,18.324933,0.010152,0.01,1991-01-03,1992-12-01
1992-07-28,600603.SH,406.0,404.0,420.0,206900.0,8478000.0,40.976317,0.100927,0.1,1992-05-08,1992-12-01
1992-07-28,600604.SH,233.5,230.28,243.7,301400.0,7122000.0,23.629728,0.101198,0.1,1992-05-11,1992-12-01
1992-07-28,600605.SH,155.0,153.0,162.5,85200.0,1346000.0,15.798122,0.101923,0.1,1992-05-13,1992-12-01
1992-07-28,600606.SH,174.0,169.95,185.0,160400.0,2824000.0,17.605985,0.101184,0.1,1992-05-21,1992-12-01
1992-07-28,600608.SH,189.0,187.75,198.0,179600.0,3456000.0,19.242762,0.101814,0.1,1992-05-21,1992-12-01
1992-07-28,600651.SH,395.6,390.0,415.0,111000.0,4431000.0,39.918919,0.100907,0.1,1991-09-02,1992-12-01
1992-07-28,600653.SH,517.0,514.0,535.0,138900.0,7285000.0,52.447804,0.101446,0.1,1992-04-01,1992-12-01
1992-07-28,600654.SH,159.35,154.75,163.9,1028800.0,16220000.0,15.765941,0.098939,0.1,1992-06-01,1992-12-01
1992-07-29,000017.SZ,25.85,25.35,26.05,99200.0,12807000.0,129.102823,4.994306,5.0,1992-04-01,1993-05-01
1992-07-29,600601.SH,165.23,161.25,165.5,150800.0,2471000.0,16.385942,0.09917,0.1,1991-07-01,1992-12-01
1992-07-29,600602.SH,1798.5,1750.0,1799.98,354900.0,6291000.0,17.72612,0.009856,0.01,1991-01-03,1992-12-01
1992-07-29,600603.SH,404.95,397.0,410.0,219800.0,8840000.0,40.21838,0.099317,0.1,1992-05-08,1992-12-01
1992-07-29,600604.SH,230.0,224.5,234.0,129600.0,2959000.0,22.83179,0.099269,0.1,1992-05-11,1992-12-01
1992-07-29,600605.SH,158.0,145.0,158.0,68400.0,1051000.0,15.365497,0.09725,0.1,1992-05-13,1992-12-01
1992-07-29,600606.SH,171.0,165.5,173.75,63000.0,1073000.0,17.031746,0.099601,0.1,1992-05-21,1992-12-01
1992-07-29,600608.SH,189.0,185.05,190.4,82400.0,1547000.0,18.774272,0.099335,0.1,1992-05-21,1992-12-01
1992-07-29,600651.SH,399.0,391.0,399.0,46300.0,1831000.0,39.546436,0.099114,0.1,1991-09-02,1992-12-01
1992-07-29,600653.SH,514.98,507.25,519.25,102300.0,5264000.0,51.4565,0.099919,0.1,1992-04-01,1992-12-01
1992-07-29,600654.SH,162.5,155.0,187.48,1536900.0,24520000.0,15.954194,0.09818,0.1,1992-06-01,1992-12-01
1992-07-30,000017.SZ,25.9,25.7,26.0,67600.0,8750000.0,129.43787,4.997601,5.0,1992-04-01,1993-05-01
1992-07-30,600601.SH,163.9,157.25,167.55,146400.0,2400000.0,16.393443,0.100021,0.1,1991-07-01,1992-12-01
1992-07-30,600602.SH,1792.5,1770.0,1822.48,225900.0,4035000.0,17.861886,0.009965,0.01,1991-01-03,1992-12-01
1992-07-30,600603.SH,403.0,400.0,414.25,123200.0,4970000.0,40.340909,0.100102,0.1,1992-05-08,1992-12-01
1992-07-30,600604.SH,225.0,224.0,235.0,287400.0,6505000.0,22.63396,0.100595,0.1,1992-05-11,1992-12-01
1992-07-30,600605.SH,154.0,151.0,155.5,63900.0,980000.0,15.336463,0.099587,0.1,1992-05-13,1992-12-01
1992-07-30,600606.SH,171.5,169.5,180.0,60800.0,1041000.0,17.121711,0.099835,0.1,1992-05-21,1992-12-01
1992-07-30,600608.SH,188.0,187.0,191.5,42200.0,797000.0,18.886256,0.100459,0.1,1992-05-21,1992-12-01
1992-07-30,600651.SH,398.0,397.0,405.0,31100.0,1239000.0,39.839228,0.100099,0.1,1991-09-02,1992-12-01
1992-07-30,600653.SH,511.0,509.0,519.25,117800.0,6030000.0,51.188455,0.100173,0.1,1992-04-01,1992-12-01
1992-07-30,600654.SH,162.18,158.0,165.0,652400.0,10532000.0,16.14347,0.09954,0.1,1992-06-01,1992-12-01
1992-07-31,000017.SZ,25.3,25.3,26.0,73500.0,9501000.0,129.265306,5.109301,5.0,1992-04-01,1993-05-01
1992-07-31,600601.SH,164.1,161.9,165.0,108000.0,1769000.0,16.37963,0.099815,0.1,1991-07-01,1992-12-01
1992-07-31,600602.SH,1786.0,1772.55,1801.5,260000.0,4629000.0,17.803846,0.009969,0.01,1991-01-03,1992-12-01
1992-07-31,600603.SH,404.0,400.1,406.5,129800.0,5230000.0,40.292758,0.099735,0.1,1992-05-08,1992-12-01
1992-07-31,600604.SH,227.05,223.0,228.75,176400.0,3981000.0,22.568027,0.099397,0.1,1992-05-11,1992-12-01
1992-07-31,600605.SH,153.78,151.0,154.95,73100.0,1120000.0,15.321477,0.099632,0.1,1992-05-13,1992-12-01
1992-07-31,600606.SH,173.5,167.5,173.5,91600.0,1571000.0,17.150655,0.098851,0.1,1992-05-21,1992-12-01
1992-07-31,600608.SH,189.25,184.0,190.0,84800.0,1596000.0,18.820755,0.099449,0.1,1992-05-21,1992-12-01
1992-07-31,600651.SH,397.0,395.0,402.5,35900.0,1427000.0,39.749304,0.100124,0.1,1991-09-02,1992-12-01
1992-07-31,600653.SH,512.0,510.0,518.5,120600.0,6170000.0,51.160862,0.099924,0.1,1992-04-01,1992-12-01
1992-07-31,600654.SH,158.0,157.05,173.2,208400.0,3298000.0,15.825336,0.10016,0.1,1992-06-01,1992-12-01
1992-08-03,000017.SZ,24.0,23.8,25.15,77300.0,9567000.0,123.764554,5.156856,5.0,1992-04-01,1993-05-01
1992-08-03,600601.SH,162.15,160.0,165.0,141400.0,2283000.0,16.145686,0.099573,0.1,1991-07-01,1992-12-01
1992-08-03,600602.SH,1786.5,1740.0,1816.0,408000.0,7235000.0,17.732843,0.009926,0.01,1991-01-03,1992-12-01
1992-08-03,600603.SH,400.0,398.0,408.0,164800.0,6609000.0,40.103155,0.100258,0.1,1992-05-08,1992-12-01
1992-08-03,600604.SH,219.95,217.35,230.0,466400.0,10311000.0,22.107633,0.100512,0.1,1992-05-11,1992-12-01
1992-08-03,600605.SH,150.7,149.3,156.85,75600.0,1141000.0,15.092593,0.10015,0.1,1992-05-13,1992-12-01
1992-08-03,600606.SH,168.0,164.75,171.0,48100.0,806000.0,16.756757,0.099743,0.1,1992-05-21,1992-12-01
1992-08-03,600608.SH,186.05,185.0,190.75,76900.0,1442000.0,18.751625,0.100788,0.1,1992-05-21,1992-12-01
1992-08-03,600651.SH,390.0,386.0,396.0,50200.0,1977000.0,39.38247,0.100981,0.1,1991-09-02,1992-12-01
1992-08-03,600653.SH,503.5,502.0,512.0,114200.0,5777000.0,50.58669,0.10047,0.1,1992-04-01,1992-12-01
1992-08-03,600654.SH,158.25,157.25,163.5,271700.0,4324000.0,15.914612,0.100566,0.1,1992-06-01,1992-12-01
1992-08-04,000017.SZ,24.8,23.4,25.05,93600.0,11434000.0,122.15812,4.925731,5.0,1992-04-01,1993-05-01
1992-08-04,600601.SH,163.0,159.1,164.0,166100.0,2682000.0,16.146899,0.099061,0.1,1991-07-01,1992-12-01
1992-08-04,600602.SH,1771.0,1755.0,1780.0,189500.0,3347000.0,17.662269,0.009973,0.01,1991-01-03,1992-12-01
1992-08-04,600603.SH,401.0,391.0,402.0,98800.0,3918000.0,39.65587,0.098892,0.1,1992-05-08,1992-12-01
1992-08-04,600604.SH,224.0,215.0,237.1,428800.0,9375000.0,21.86334,0.097604,0.1,1992-05-11,1992-12-01
1992-08-04,600605.SH,154.0,149.2,155.0,92700.0,1400000.0,15.102481,0.098068,0.1,1992-05-13,1992-12-01
1992-08-04,600606.SH,169.7,164.75,169.9,49600.0,830000.0,16.733871,0.098609,0.1,1992-05-21,1992-12-01
1992-08-04,600608.SH,187.5,184.03,188.0,129100.0,2404000.0,18.621224,0.099313,0.1,1992-05-21,1992-12-01
1992-08-04,600651.SH,392.0,385.05,396.0,31700.0,1230000.0,38.801262,0.098983,0.1,1991-09-02,1992-12-01
1992-08-04,600653.SH,504.5,500.0,505.0,126600.0,6346000.0,50.126382,0.099359,0.1,1992-04-01,1992-12-01
1992-08-04,600654.SH,158.5,154.0,162.65,180600.0,2830000.0,15.669989,0.098864,0.1,1992-06-01,1992-12-01
1992-08-05,000017.SZ,24.6,24.2,25.2,91100.0,11265000.0,123.655324,5.026639,5.0,1992-04-01,1993-05-01
1992-08-05,600601.SH,160.3,160.0,163.25,107400.0,1729000.0,16.098696,0.100429,0.1,1991-07-01,1992-12-01
1992-08-05,600602.SH,1785.0,1765.0,1832.5,576100.0,10317000.0,17.908349,0.010033,0.01,1991-01-03,1992-12-01
1992-08-05,600603.SH,395.0,394.0,400.98,42400.0,1690000.0,39.858491,0.100908,0.1,1992-05-08,1992-12-01
1992-08-05,600604.SH,217.0,216.13,224.0,267400.0,5844000.0,21.854899,0.100714,0.1,1992-05-11,1992-12-01
1992-08-05,600605.SH,150.2,149.1,154.6,114400.0,1728000.0,15.104895,0.100565,0.1,1992-05-13,1992-12-01
1992-08-05,600606.SH,163.5,161.5,169.0,72200.0,1191000.0,16.495845,0.100892,0.1,1992-05-21,1992-12-01
1992-08-05,600608.SH,184.75,183.05,188.0,77000.0,1423000.0,18.480519,0.10003,0.1,1992-05-21,1992-12-01
1992-08-05,600651.SH,390.0,387.63,392.0,17800.0,693000.0,38.932584,0.099827,0.1,1991-09-02,1992-12-01
1992-08-05,600653.SH,498.0,493.0,507.0,84700.0,4231000.0,49.952774,0.100307,0.1,1992-04-01,1992-12-01
1992-08-05,600654.SH,155.5,155.25,158.98,116700.0,1826000.0,15.646958,0.100624,0.1,1992-06-01,1992-12-01
1992-08-06,000017.SZ,24.75,24.5,24.9,64400.0,7954000.0,123.509317,4.990275,5.0,1992-04-01,1993-05-01
1992-08-06,600601.SH,159.0,156.4,161.0,227600.0,3606000.0,15.843585,0.099645,0.1,1991-07-01,1992-12-01
1992-08-06,600602.SH,1765.0,1759.5,1781.0,253900.0,4491000.0,17.688066,0.010022,0.01,1991-01-03,1992-12-01
1992-08-06,600603.SH,389.0,333.58,400.0,241400.0,9372000.0,38.823529,0.099803,0.1,1992-05-08,1992-12-01
1992-08-06,600604.SH,216.55,206.5,220.0,576300.0,12340000.0,21.412459,0.09888,0.1,1992-05-11,1992-12-01
1992-08-06,600605.SH,150.0,146.0,152.0,176000.0,2628000.0,14.931818,0.099545,0.1,1992-05-13,1992-12-01
1992-08-06,600606.SH,162.0,157.4,167.0,117500.0,1896000.0,16.13617,0.099606,0.1,1992-05-21,1992-12-01
1992-08-06,600608.SH,182.25,177.58,185.0,223800.0,4068000.0,18.176944,0.099736,0.1,1992-05-21,1992-12-01
1992-08-06,600651.SH,388.0,380.0,392.0,104400.0,4038000.0,38.678161,0.099686,0.1,1991-09-02,1992-12-01
1992-08-06,600653.SH,491.0,478.38,496.9,389500.0,18994000.0,48.765083,0.099318,0.1,1992-04-01,1992-12-01
1992-08-06,600654.SH,153.6,151.0,163.5,345500.0,5292000.0,15.316932,0.09972,0.1,1992-06-01,1992-12-01
1992-08-07,000017.SZ,25.6,24.3,25.7,70300.0,8894000.0,126.514936,4.94199,5.0,1992-04-01,1993-05-01
1992-08-07,600601.SH,157.15,157.0,159.75,139800.0,2209000.0,15.801144,0.100548,0.1,1991-07-01,1992-12-01
1992-08-07,600602.SH,1763.0,1755.0,1790.0,347800.0,6144000.0,17.665325,0.01002,0.01,1991-01-03,1992-12-01
1992-08-07,600603.SH,384.0,379.25,393.25,131800.0,5082000.0,38.558422,0.100413,0.1,1992-05-08,1992-12-01
1992-08-07,600604.SH,215.5,210.0,220.75,488200.0,10537000.0,21.583367,0.100155,0.1,1992-05-11,1992-12-01
1992-08-07,600605.SH,147.7,145.05,149.8,79900.0,1183000.0,14.806008,0.100244,0.1,1992-05-13,1992-12-01
1992-08-07,600606.SH,161.0,159.5,164.5,80000.0,1294000.0,16.175,0.100466,0.1,1992-05-21,1992-12-01
1992-08-07,600608.SH,183.5,180.0,183.55,162600.0,2949000.0,18.136531,0.098837,0.1,1992-05-21,1992-12-01
1992-08-07,600651.SH,380.0,378.0,390.0,51500.0,1972000.0,38.291262,0.100766,0.1,1991-09-02,1992-12-01
1992-08-07,600653.SH,480.0,478.0,492.5,161800.0,7809000.0,48.263288,0.100549,0.1,1992-04-01,1992-12-01
1992-08-07,600654.SH,154.0,150.0,156.0,210800.0,3228000.0,15.313093,0.099436,0.1,1992-06-01,1992-12-01
1992-08-10,000017.SZ,26.35,25.75,27.0,81700.0,10755000.0,131.640147,4.995831,5.0,1992-04-01,1993-05-01
1992-08-10,600601.SH,148.0,142.05,160.0,197200.0,2995000.0,15.187627,0.102619,0.1,1991-07-01,1992-12-01
1992-08-10,600602.SH,1685.0,1600.0,1810.0,404700.0,7082000.0,17.499382,0.010385,0.01,1991-01-03,1992-12-01
1992-08-10,600603.SH,348.5,299.5,385.0,240700.0,8700000.0,36.144578,0.103715,0.1,1992-05-08,1992-12-01
1992-08-10,600604.SH,202.0,200.25,217.5,368800.0,7757000.0,21.03308,0.104124,0.1,1992-05-11,1992-12-01
1992-08-10,600605.SH,137.0,135.0,146.5,166400.0,2351000.0,14.128606,0.103129,0.1,1992-05-13,1992-12-01
1992-08-10,600606.SH,148.3,148.0,162.0,89700.0,1384000.0,15.429208,0.104041,0.1,1992-05-21,1992-12-01
1992-08-10,600608.SH,171.2,160.0,184.0,165000.0,2986000.0,18.09697,0.105707,0.1,1992-05-21,1992-12-01
1992-08-10,600651.SH,325.5,322.0,379.0,104800.0,3628000.0,34.618321,0.106354,0.1,1991-09-02,1992-12-01
1992-08-10,600653.SH,429.0,423.0,479.0,331300.0,14705000.0,44.385753,0.103463,0.1,1992-04-01,1992-12-01
1992-08-10,600654.SH,145.25,139.0,155.5,303100.0,4471000.0,14.750907,0.101555,0.1,1992-06-01,1992-12-01
1992-08-11,000017.SZ,24.7,22.9,26.15,22800.0,2775000.0,121.710526,4.927552,5.0,1992-04-01,1993-05-01
1992-08-11,600601.SH,130.0,122.0,149.5,503800.0,6828000.0,13.552997,0.104254,0.1,1991-07-01,1992-12-01
1992-08-11,600602.SH,1502.5,1489.5,1635.0,1340400.0,20534000.0,15.319308,0.010196,0.01,1991-01-03,1992-12-01
1992-08-11,600603.SH,305.0,300.55,344.0,457000.0,14561000.0,31.862144,0.104466,0.1,1992-05-08,1992-12-01
1992-08-11,600604.SH,170.8,152.0,276.0,435300.0,7907000.0,18.164484,0.106349,0.1,1992-05-11,1992-12-01
1992-08-11,600605.SH,122.1,120.0,140.0,277900.0,3493000.0,12.56927,0.102942,0.1,1992-05-13,1992-12-01
1992-08-11,600606.SH,132.0,120.0,151.0,164200.0,2290000.0,13.946407,0.105655,0.1,1992-05-21,1992-12-01
1992-08-11,600608.SH,154.0,125.0,172.0,293700.0,4707000.0,16.026558,0.104069,0.1,1992-05-21,1992-12-01
1992-08-11,600651.SH,295.0,290.0,360.0,275800.0,8450000.0,30.638144,0.103858,0.1,1991-09-02,1992-12-01
1992-08-11,600653.SH,383.5,370.0,426.75,638600.0,25378000.0,39.740056,0.103625,0.1,1992-04-01,1992-12-01
1992-08-11,600654.SH,127.0,120.0,141.5,808100.0,10624000.0,13.146888,0.103519,0.1,1992-06-01,1992-12-01
1992-08-12,000017.SZ,24.55,24.5,25.5,120000.0,14997000.0,124.975,5.090631,5.0,1992-04-01,1993-05-01
1992-08-12,600601.SH,119.25,80.0,128.0,1096900.0,12490000.0,11.386635,0.095485,0.1,1991-07-01,1992-12-01
1992-08-12,600602.SH,1266.0,1000.0,1450.0,2000500.0,25728000.0,12.860785,0.010159,0.01,1991-01-03,1992-12-01
1992-08-12,600603.SH,279.5,200.0,295.0,612800.0,15979000.0,26.075392,0.093293,0.1,1992-05-08,1992-12-01
1992-08-12,600604.SH,149.0,104.5,164.5,989000.0,14111000.0,14.267947,0.095758,0.1,1992-05-11,1992-12-01
1992-08-12,600605.SH,110.5,85.0,119.0,366000.0,3723000.0,10.172131,0.092055,0.1,1992-05-13,1992-12-01
1992-08-12,600606.SH,117.25,86.5,129.0,214700.0,2440000.0,11.364695,0.096927,0.1,1992-05-21,1992-12-01
1992-08-12,600608.SH,132.0,100.0,143.0,468300.0,5853000.0,12.498398,0.094685,0.1,1992-05-21,1992-12-01
1992-08-12,600651.SH,268.0,120.0,280.0,289800.0,7248000.0,25.010352,0.093322,0.1,1991-09-02,1992-12-01
1992-08-12,600653.SH,350.0,260.0,362.5,965300.0,31945000.0,33.093339,0.094552,0.1,1992-04-01,1992-12-01
1992-08-12,600654.SH,115.0,90.0,122.48,1187200.0,12934000.0,10.894542,0.094735,0.1,1992-06-01,1992-12-01
1992-08-13,000017.SZ,23.7,23.6,24.5,116800.0,14060000.0,120.376712,5.079186,5.0,1992-04-01,1993-05-01
1992-08-13,600601.SH,127.0,105.0,139.5,708300.0,8752000.0,12.356346,0.097294,0.1,1991-07-01,1992-12-01
1992-08-13,600602.SH,1385.0,1165.03,1480.0,1625000.0,21793000.0,13.411077,0.009683,0.01,1991-01-03,1992-12-01
1992-08-13,600603.SH,299.0,259.02,327.6,611600.0,17571000.0,28.729562,0.096085,0.1,1992-05-08,1992-12-01
1992-08-13,600604.SH,167.0,135.5,177.0,858000.0,13351000.0,15.560606,0.093177,0.1,1992-05-11,1992-12-01
1992-08-13,600605.SH,118.25,95.0,129.95,492000.0,5584000.0,11.349593,0.09598,0.1,1992-05-13,1992-12-01
1992-08-13,600606.SH,129.0,106.0,145.0,198000.0,2453000.0,12.388889,0.096038,0.1,1992-05-21,1992-12-01
1992-08-13,600608.SH,144.5,117.03,170.0,375900.0,5376000.0,14.301676,0.098974,0.1,1992-05-21,1992-12-01
1992-08-13,600651.SH,288.0,230.5,320.0,293800.0,8152000.0,27.746767,0.096343,0.1,1991-09-02,1992-12-01
1992-08-13,600653.SH,371.95,320.0,420.0,715000.0,25934000.0,36.271329,0.097517,0.1,1992-04-01,1992-12-01
1992-08-13,600654.SH,123.0,100.05,135.0,1183500.0,14031000.0,11.855513,0.096386,0.1,1992-06-01,1992-12-01
1992-08-14,000017.SZ,24.9,23.8,25.0,87200.0,10693000.0,122.626147,4.924745,5.0,1992-04-01,1993-05-01
1992-08-14,600601.SH,129.0,126.5,135.0,738700.0,9591000.0,12.98362,0.100648,0.1,1991-07-01,1992-12-01
1992-08-14,600602.SH,1390.0,1339.5,1420.0,1104500.0,15393000.0,13.936623,0.010026,0.01,1991-01-03,1992-12-01
1992-08-14,600603.SH,316.5,296.0,322.5,500700.0,15724000.0,31.404034,0.099223,0.1,1992-05-08,1992-12-01
1992-08-14,600604.SH,173.5,160.0,178.0,721900.0,12402000.0,17.179665,0.099018,0.1,1992-05-11,1992-12-01
1992-08-14,600605.SH,120.0,114.0,124.5,358000.0,4303000.0,12.019553,0.100163,0.1,1992-05-13,1992-12-01
1992-08-14,600606.SH,130.5,125.0,146.0,165000.0,2177000.0,13.193939,0.101103,0.1,1992-05-21,1992-12-01
1992-08-14,600608.SH,152.0,145.0,154.98,271400.0,4095000.0,15.08843,0.099266,0.1,1992-05-21,1992-12-01
1992-08-14,600651.SH,296.0,285.0,305.0,299100.0,8812000.0,29.461718,0.099533,0.1,1991-09-02,1992-12-01
1992-08-14,600653.SH,380.0,320.5,394.0,459800.0,17630000.0,38.342758,0.100902,0.1,1992-04-01,1992-12-01
1992-08-14,600654.SH,129.0,120.0,132.0,980400.0,12557000.0,12.808038,0.099287,0.1,1992-06-01,1992-12-01
1992-08-17,000017.SZ,25.4,25.05,26.0,81000.0,10337000.0,127.617284,5.024303,5.0,1992-04-01,1993-05-01
1992-08-17,600601.SH,141.95,130.0,149.2,701300.0,9711000.0,13.847141,0.097549,0.1,1991-07-01,1992-12-01
1992-08-17,600602.SH,1550.0,1435.5,1564.5,1802600.0,27242000.0,15.112615,0.00975,0.01,1991-01-03,1992-12-01
1992-08-17,600603.SH,349.9,185.5,365.0,401800.0,13591000.0,33.825286,0.096671,0.1,1992-05-08,1992-12-01
1992-08-17,600604.SH,186.0,172.0,189.5,658900.0,12002000.0,18.215207,0.097931,0.1,1992-05-11,1992-12-01
1992-08-17,600605.SH,136.0,123.0,137.0,361100.0,4693000.0,12.9964,0.095562,0.1,1992-05-13,1992-12-01
1992-08-17,600606.SH,149.85,133.5,151.5,245500.0,3520000.0,14.338086,0.095683,0.1,1992-05-21,1992-12-01
1992-08-17,600608.SH,170.0,157.05,170.0,254200.0,4172000.0,16.412274,0.096543,0.1,1992-05-21,1992-12-01
1992-08-17,600651.SH,332.0,305.0,335.5,254600.0,8296000.0,32.584446,0.098146,0.1,1991-09-02,1992-12-01
1992-08-17,600653.SH,417.75,389.5,418.98,642200.0,25867000.0,40.278729,0.096418,0.1,1992-04-01,1992-12-01
1992-08-17,600654.SH,143.5,132.0,154.25,876600.0,12094000.0,13.796486,0.096143,0.1,1992-06-01,1992-12-01
1992-08-18,000017.SZ,25.0,24.35,25.4,52400.0,6495000.0,123.950382,4.958015,5.0,1992-04-01,1993-05-01
1992-08-18,600601.SH,135.0,131.0,151.95,550200.0,7868000.0,14.300254,0.105928,0.1,1991-07-01,1992-12-01
1992-08-18,600602.SH,1647.5,1585.0,1982.5,3294300.0,54213000.0,16.456607,0.009989,0.01,1991-01-03,1992-12-01
1992-08-18,600603.SH,334.9,293.5,367.0,419700.0,14735000.0,35.108411,0.104833,0.1,1992-05-08,1992-12-01
1992-08-18,600604.SH,177.05,176.05,200.0,745500.0,14125000.0,18.947015,0.107015,0.1,1992-05-11,1992-12-01
1992-08-18,600605.SH,130.0,125.0,164.75,319100.0,4333000.0,13.578815,0.104452,0.1,1992-05-13,1992-12-01
1992-08-18,600606.SH,142.0,139.0,159.4,223200.0,3374000.0,15.116487,0.106454,0.1,1992-05-21,1992-12-01
1992-08-18,600608.SH,161.0,160.0,178.0,292100.0,4925000.0,16.860664,0.104725,0.1,1992-05-21,1992-12-01
1992-08-18,600651.SH,322.5,300.0,385.45,288200.0,9787000.0,33.959056,0.105299,0.1,1991-09-02,1992-12-01
1992-08-18,600653.SH,405.5,383.5,450.0,644600.0,27657000.0,42.905678,0.105809,0.1,1992-04-01,1992-12-01
1992-08-18,600654.SH,137.0,130.0,149.0,720900.0,10157000.0,14.089333,0.102842,0.1,1992-06-01,1992-12-01
1992-08-19,000017.SZ,24.85,24.6,25.0,47300.0,5872000.0,124.143763,4.995725,5.0,1992-04-01,1993-05-01
1992-08-19,600601.SH,140.0,130.05,142.0,352800.0,4850000.0,13.747166,0.098194,0.1,1991-07-01,1992-12-01
1992-08-19,600602.SH,1622.5,1481.0,1664.5,1285200.0,20749000.0,16.144569,0.00995,0.01,1991-01-03,1992-12-01
1992-08-19,600603.SH,340.1,321.5,348.0,264700.0,8856000.0,33.456743,0.098373,0.1,1992-05-08,1992-12-01
1992-08-19,600604.SH,183.0,172.25,194.0,400000.0,7204000.0,18.01,0.098415,0.1,1992-05-11,1992-12-01
1992-08-19,600605.SH,132.0,125.0,134.02,416000.0,5410000.0,13.004808,0.098521,0.1,1992-05-13,1992-12-01
1992-08-19,600606.SH,146.0,134.55,148.0,161800.0,2316000.0,14.313968,0.098041,0.1,1992-05-21,1992-12-01
1992-08-19,600608.SH,166.0,148.0,168.0,293000.0,4746000.0,16.197952,0.097578,0.1,1992-05-21,1992-12-01
1992-08-19,600651.SH,326.0,300.0,331.0,182700.0,5878000.0,32.172961,0.09869,0.1,1991-09-02,1992-12-01
1992-08-19,600653.SH,414.5,387.5,420.05,265000.0,10885000.0,41.075472,0.099096,0.1,1992-04-01,1992-12-01
1992-08-19,600654.SH,138.5,130.0,142.0,487800.0,6635000.0,13.601886,0.098209,0.1,1992-06-01,1992-12-01
1992-08-20,000017.SZ,24.8,24.6,25.0,29700.0,3679000.0,123.872054,4.994841,5.0,1992-04-01,1993-05-01
1992-08-20,600601.SH,137.5,135.1,141.5,114900.0,1582000.0,13.768494,0.100135,0.1,1991-07-01,1992-12-01
1992-08-20,600602.SH,1632.5,1510.0,1680.0,1416600.0,22897000.0,16.163349,0.009901,0.01,1991-01-03,1992-12-01
1992-08-20,600603.SH,339.0,335.0,374.0,164700.0,5618000.0,34.110504,0.100621,0.1,1992-05-08,1992-12-01
1992-08-20,600604.SH,178.5,176.0,189.0,217200.0,3914000.0,18.020258,0.100954,0.1,1992-05-11,1992-12-01
1992-08-20,600605.SH,130.0,126.55,134.0,104200.0,1354000.0,12.994242,0.099956,0.1,1992-05-13,1992-12-01
1992-08-20,600606.SH,141.28,140.5,147.05,64000.0,909000.0,14.203125,0.100532,0.1,1992-05-21,1992-12-01
1992-08-20,600608.SH,163.5,159.5,170.0,127900.0,2070000.0,16.184519,0.098988,0.1,1992-05-21,1992-12-01
1992-08-20,600651.SH,324.9,315.55,334.5,83900.0,2747000.0,32.741359,0.100774,0.1,1991-09-02,1992-12-01
1992-08-20,600653.SH,410.0,405.0,425.0,140000.0,5761000.0,41.15,0.100366,0.1,1992-04-01,1992-12-01
1992-08-20,600654.SH,137.0,135.0,142.0,379800.0,5217000.0,13.736177,0.100264,0.1,1992-06-01,1992-12-01
1992-08-21,000017.SZ,24.4,24.2,24.8,38400.0,4701000.0,122.421875,5.01729,5.0,1992-04-01,1993-05-01
1992-08-21,600601.SH,135.25,132.35,140.0,225800.0,3053000.0,13.520815,0.099969,0.1,1991-07-01,1992-12-01
1992-08-21,600602.SH,1641.0,1620.0,1724.0,2158400.0,35517000.0,16.455245,0.010028,0.01,1991-01-03,1992-12-01
1992-08-21,600603.SH,330.0,269.5,340.0,223800.0,7422000.0,33.163539,0.100496,0.1,1992-05-08,1992-12-01
1992-08-21,600604.SH,174.4,171.5,189.5,617000.0,10733000.0,17.395462,0.099745,0.1,1992-05-11,1992-12-01
1992-08-21,600605.SH,126.0,125.0,129.5,188500.0,2380000.0,12.625995,0.100206,0.1,1992-05-13,1992-12-01
1992-08-21,600606.SH,138.0,133.55,142.95,331600.0,4516000.0,13.618818,0.098687,0.1,1992-05-21,1992-12-01
1992-08-21,600608.SH,160.0,157.75,165.0,184400.0,2947000.0,15.981562,0.099885,0.1,1992-05-21,1992-12-01
1992-08-21,600651.SH,312.5,310.0,325.0,250200.0,7838000.0,31.326938,0.100246,0.1,1991-09-02,1992-12-01
1992-08-21,600653.SH,403.0,387.05,414.5,386500.0,15576000.0,40.300129,0.1,0.1,1992-04-01,1992-12-01
1992-08-21,600654.SH,136.0,131.0,223.05,523000.0,6987000.0,13.359465,0.098231,0.1,1992-06-01,1992-12-01
1992-08-24,000017.SZ,23.6,23.5,24.25,56600.0,6743000.0,119.134276,5.048063,5.0,1992-04-01,1993-05-01
1992-08-24,600601.SH,130.5,127.0,175.0,384000.0,5045000.0,13.138021,0.100674,0.1,1991-07-01,1992-12-01
1992-08-24,600602.SH,1610.0,1550.03,1677.0,2136500.0,34100000.0,15.960683,0.009913,0.01,1991-01-03,1992-12-01
1992-08-24,600603.SH,316.75,310.0,338.0,332400.0,10652000.0,32.045728,0.10117,0.1,1992-05-08,1992-12-01
1992-08-24,600604.SH,168.5,164.0,177.45,548400.0,9328000.0,17.009482,0.100946,0.1,1992-05-11,1992-12-01
1992-08-24,600605.SH,120.0,120.0,125.5,214900.0,2644000.0,12.303397,0.102528,0.1,1992-05-13,1992-12-01
1992-08-24,600606.SH,132.0,130.0,138.0,165700.0,2219000.0,13.391672,0.101452,0.1,1992-05-21,1992-12-01
1992-08-24,600608.SH,152.25,145.5,158.75,206400.0,3196000.0,15.484496,0.101704,0.1,1992-05-21,1992-12-01
1992-08-24,600651.SH,301.25,295.98,315.0,223500.0,6833000.0,30.572707,0.101486,0.1,1991-09-02,1992-12-01
1992-08-24,600653.SH,385.0,383.03,409.0,447700.0,17677000.0,39.484029,0.102556,0.1,1992-04-01,1992-12-01
1992-08-24,600654.SH,128.0,127.0,134.5,569400.0,7411000.0,13.015455,0.101683,0.1,1992-06-01,1992-12-01
1992-08-25,000017.SZ,22.8,22.8,23.6,89400.0,10307000.0,115.290828,5.056615,5.0,1992-04-01,1993-05-01
1992-08-25,600601.SH,125.75,124.0,130.95,403700.0,5115000.0,12.6703,0.100758,0.1,1991-07-01,1992-12-01
1992-08-25,600602.SH,1440.0,1420.0,1561.95,1244600.0,18569000.0,14.919653,0.010361,0.01,1991-01-03,1992-12-01
1992-08-25,600603.SH,307.25,301.0,320.0,475700.0,14660000.0,30.817742,0.100302,0.1,1992-05-08,1992-12-01
1992-08-25,600604.SH,158.8,156.0,169.25,709200.0,11409000.0,16.08714,0.101304,0.1,1992-05-11,1992-12-01
1992-08-25,600605.SH,118.0,114.0,140.0,188500.0,2240000.0,11.883289,0.100706,0.1,1992-05-13,1992-12-01
1992-08-25,600606.SH,128.9,124.0,135.0,177500.0,2297000.0,12.940845,0.100394,0.1,1992-05-21,1992-12-01
1992-08-25,600608.SH,146.99,142.75,153.75,241200.0,3592000.0,14.892206,0.101314,0.1,1992-05-21,1992-12-01
1992-08-25,600651.SH,295.5,286.0,308.5,220000.0,6528000.0,29.672727,0.100415,0.1,1991-09-02,1992-12-01
1992-08-25,600653.SH,377.6,372.0,389.4,600000.0,22696000.0,37.826667,0.100177,0.1,1992-04-01,1992-12-01
1992-08-25,600654.SH,125.5,121.6,129.25,519600.0,6496000.0,12.501925,0.099617,0.1,1992-06-01,1992-12-01
1992-08-26,000017.SZ,23.6,22.5,24.0,107600.0,12497000.0,116.143123,4.921319,5.0,1992-04-01,1993-05-01
1992-08-26,600601.SH,129.9,121.0,129.9,339600.0,4264000.0,12.555948,0.096659,0.1,1991-07-01,1992-12-01
1992-08-26,600602.SH,1485.0,1360.0,1500.0,1487800.0,21061000.0,14.155801,0.009533,0.01,1991-01-03,1992-12-01
1992-08-26,600603.SH,319.0,300.0,319.0,353200.0,10898000.0,30.85504,0.096724,0.1,1992-05-08,1992-12-01
1992-08-26,600604.SH,165.0,150.0,169.5,931900.0,14635000.0,15.704475,0.095179,0.1,1992-05-11,1992-12-01
1992-08-26,600605.SH,124.0,114.0,124.0,284700.0,3391000.0,11.910783,0.096055,0.1,1992-05-13,1992-12-01
1992-08-26,600606.SH,134.0,124.25,134.75,163200.0,2126000.0,13.026961,0.097216,0.1,1992-05-21,1992-12-01
1992-08-26,600608.SH,154.0,143.0,154.0,273300.0,4049000.0,14.815221,0.096203,0.1,1992-05-21,1992-12-01
1992-08-26,600651.SH,304.2,287.0,310.0,163200.0,4845000.0,29.6875,0.097592,0.1,1991-09-02,1992-12-01
1992-08-26,600653.SH,389.0,365.5,389.75,408000.0,15359000.0,37.644608,0.096773,0.1,1992-04-01,1992-12-01
1992-08-26,600654.SH,132.5,120.5,162.25,565400.0,7086000.0,12.53272,0.094587,0.1,1992-06-01,1992-12-01
1992-08-27,000017.SZ,23.6,23.1,24.1,69300.0,8154000.0,117.662338,4.985692,5.0,1992-04-01,1993-05-01
1992-08-27,600601.SH,128.0,127.05,133.0,213500.0,2747000.0,12.866511,0.10052,0.1,1991-07-01,1992-12-01
1992-08-27,600602.SH,1470.0,1459.95,1517.5,915300.0,13554000.0,14.80826,0.010074,0.01,1991-01-03,1992-12-01
1992-08-27,600603.SH,312.0,312.0,325.0,157000.0,4957000.0,31.573248,0.101196,0.1,1992-05-08,1992-12-01
1992-08-27,600604.SH,160.0,88.25,169.55,849400.0,13858000.0,16.315046,0.101969,0.1,1992-05-11,1992-12-01
1992-08-27,600605.SH,120.5,120.0,160.25,156800.0,1918000.0,12.232143,0.101512,0.1,1992-05-13,1992-12-01
1992-08-27,600606.SH,130.0,129.5,136.25,172100.0,2260000.0,13.1319,0.101015,0.1,1992-05-21,1992-12-01
1992-08-27,600608.SH,150.0,148.0,159.0,169500.0,2572000.0,15.174041,0.10116,0.1,1992-05-21,1992-12-01
1992-08-27,600651.SH,298.0,295.0,309.45,92200.0,2784000.0,30.195228,0.101326,0.1,1991-09-02,1992-12-01
1992-08-27,600653.SH,380.0,375.0,394.25,240700.0,9200000.0,38.221853,0.100584,0.1,1992-04-01,1992-12-01
1992-08-27,600654.SH,128.0,126.0,169.5,290300.0,3714000.0,12.793662,0.09995,0.1,1992-06-01,1992-12-01
1992-08-28,000017.SZ,23.7,23.35,23.9,41400.0,4891000.0,118.140097,4.984814,5.0,1992-04-01,1993-05-01
1992-08-28,600601.SH,128.0,124.0,128.25,176600.0,2216000.0,12.548131,0.098032,0.1,1991-07-01,1992-12-01
1992-08-28,600602.SH,1435.0,1427.5,1479.5,611800.0,8808000.0,14.396862,0.010033,0.01,1991-01-03,1992-12-01
1992-08-28,600603.SH,308.05,307.0,317.25,108000.0,3355000.0,31.064815,0.100843,0.1,1992-05-08,1992-12-01
1992-08-28,600604.SH,159.0,143.75,166.0,292000.0,4668000.0,15.986301,0.100543,0.1,1992-05-11,1992-12-01
1992-08-28,600605.SH,118.0,115.75,120.0,98200.0,1156000.0,11.771894,0.099762,0.1,1992-05-13,1992-12-01
1992-08-28,600606.SH,128.5,126.45,134.0,90400.0,1158000.0,12.809735,0.099687,0.1,1992-05-21,1992-12-01
1992-08-28,600608.SH,148.0,145.0,154.0,108000.0,1590000.0,14.722222,0.099474,0.1,1992-05-21,1992-12-01
1992-08-28,600651.SH,295.1,277.05,298.0,82200.0,2423000.0,29.476886,0.099888,0.1,1991-09-02,1992-12-01
1992-08-28,600653.SH,377.0,375.5,382.5,119200.0,4498000.0,37.734899,0.100093,0.1,1992-04-01,1992-12-01
1992-08-28,600654.SH,126.0,124.03,128.0,260600.0,3270000.0,12.547966,0.099587,0.1,1992-06-01,1992-12-01
1992-08-31,000017.SZ,23.1,23.0,23.7,20300.0,2365000.0,116.502463,5.043397,5.0,1992-04-01,1993-05-01
1992-08-31,600601.SH,122.0,121.0,129.0,263600.0,3246000.0,12.314112,0.100935,0.1,1991-07-01,1992-12-01
1992-08-31,600602.SH,1367.5,1367.5,1469.0,722000.0,10122000.0,14.019391,0.010252,0.01,1991-01-03,1992-12-01
1992-08-31,600603.SH,303.98,302.25,310.0,217800.0,6635000.0,30.463728,0.100216,0.1,1992-05-08,1992-12-01
1992-08-31,600604.SH,156.2,155.3,162.0,333000.0,5236000.0,15.723724,0.100664,0.1,1992-05-11,1992-12-01
1992-08-31,600605.SH,113.5,113.3,117.75,121400.0,1398000.0,11.515651,0.101459,0.1,1992-05-13,1992-12-01
1992-08-31,600606.SH,123.0,122.15,126.95,153400.0,1908000.0,12.43807,0.101123,0.1,1992-05-21,1992-12-01
1992-08-31,600608.SH,141.05,140.0,150.0,119400.0,1710000.0,14.321608,0.101536,0.1,1992-05-21,1992-12-01
1992-08-31,600651.SH,284.9,235.75,292.25,99700.0,2852000.0,28.605817,0.100407,0.1,1991-09-02,1992-12-01
1992-08-31,600653.SH,369.0,366.5,378.5,201000.0,7462000.0,37.124378,0.100608,0.1,1992-04-01,1992-12-01
1992-08-31,600654.SH,121.4,121.0,127.0,259700.0,3188000.0,12.275703,0.101118,0.1,1992-06-01,1992-12-01
1992-09-01,000017.SZ,22.55,22.45,23.0,31100.0,3535000.0,113.665595,5.040603,5.0,1992-04-01,1993-05-01
1992-09-01,600601.SH,123.03,119.9,125.5,254600.0,3124000.0,12.270228,0.099734,0.1,1991-07-01,1992-12-01
1992-09-01,600602.SH,1365.03,1355.0,1397.5,845300.0,11603000.0,13.726488,0.010056,0.01,1991-01-03,1992-12-01
1992-09-01,600603.SH,305.45,300.0,308.5,191400.0,5811000.0,30.360502,0.099396,0.1,1992-05-08,1992-12-01
1992-09-01,600604.SH,157.0,151.5,159.2,312300.0,4864000.0,15.574768,0.099202,0.1,1992-05-11,1992-12-01
1992-09-01,600605.SH,114.0,110.6,118.0,104600.0,1192000.0,11.395793,0.099963,0.1,1992-05-13,1992-12-01
1992-09-01,600606.SH,123.2,120.15,126.75,112600.0,1385000.0,12.300178,0.099839,0.1,1992-05-21,1992-12-01
1992-09-01,600608.SH,142.0,138.0,147.0,154800.0,2191000.0,14.153747,0.099674,0.1,1992-05-21,1992-12-01
1992-09-01,600651.SH,284.75,278.0,290.0,62200.0,1774000.0,28.5209,0.100161,0.1,1991-09-02,1992-12-01
1992-09-01,600653.SH,369.0,361.5,376.0,218700.0,8062000.0,36.863283,0.0999,0.1,1992-04-01,1992-12-01
1992-09-01,600654.SH,122.5,118.5,124.98,415500.0,5066000.0,12.192539,0.099531,0.1,1992-06-01,1992-12-01
1992-09-02,000017.SZ,22.6,21.0,22.7,61600.0,6831000.0,110.892857,4.906764,5.0,1992-04-01,1993-05-01
1992-09-02,600601.SH,117.0,115.05,125.25,314200.0,3720000.0,11.839593,0.101193,0.1,1991-07-01,1992-12-01
1992-09-02,600602.SH,1300.0,1260.0,1384.5,595100.0,7919000.0,13.307007,0.010236,0.01,1991-01-03,1992-12-01
1992-09-02,600603.SH,293.25,283.25,307.48,243000.0,7196000.0,29.613169,0.100983,0.1,1992-05-08,1992-12-01
1992-09-02,600604.SH,150.0,148.03,158.0,499300.0,7552000.0,15.125175,0.100835,0.1,1992-05-11,1992-12-01
1992-09-02,600605.SH,109.5,108.08,114.75,204200.0,2247000.0,11.003918,0.100492,0.1,1992-05-13,1992-12-01
1992-09-02,600606.SH,119.0,118.3,123.0,209400.0,2506000.0,11.967526,0.100567,0.1,1992-05-21,1992-12-01
1992-09-02,600608.SH,136.0,133.5,143.0,182200.0,2504000.0,13.743139,0.101052,0.1,1992-05-21,1992-12-01
1992-09-02,600651.SH,271.5,262.0,281.55,109000.0,2960000.0,27.155963,0.100022,0.1,1991-09-02,1992-12-01
1992-09-02,600653.SH,355.5,306.0,371.5,242000.0,8700000.0,35.950413,0.101126,0.1,1992-04-01,1992-12-01
1992-09-02,600654.SH,115.88,114.5,150.05,483100.0,5696000.0,11.79052,0.101748,0.1,1992-06-01,1992-12-01
1992-09-03,000017.SZ,22.3,21.8,22.9,44700.0,5002000.0,111.901566,5.018007,5.0,1992-04-01,1993-05-01
1992-09-03,600601.SH,111.05,103.1,116.0,739100.0,8323000.0,11.260993,0.101405,0.1,1991-07-01,1992-12-01
1992-09-03,600602.SH,1265.0,1222.5,1300.0,1652000.0,20824000.0,12.605327,0.009965,0.01,1991-01-03,1992-12-01
1992-09-03,600603.SH,285.0,271.0,291.25,563700.0,15934000.0,28.266809,0.099182,0.1,1992-05-08,1992-12-01
1992-09-03,600604.SH,147.0,130.0,151.25,1198000.0,17585000.0,14.678631,0.099855,0.1,1992-05-11,1992-12-01
1992-09-03,600605.SH,106.3,100.03,108.0,338400.0,3565000.0,10.53487,0.099105,0.1,1992-05-13,1992-12-01
1992-09-03,600606.SH,113.55,102.0,116.9,261200.0,2949000.0,11.290199,0.099429,0.1,1992-05-21,1992-12-01
1992-09-03,600608.SH,129.0,117.0,133.98,433600.0,5607000.0,12.931273,0.100242,0.1,1992-05-21,1992-12-01
1992-09-03,600651.SH,267.75,253.0,276.0,252900.0,6722000.0,26.579676,0.09927,0.1,1991-09-02,1992-12-01
1992-09-03,600653.SH,352.75,339.5,357.0,604700.0,21157000.0,34.987597,0.099185,0.1,1992-04-01,1992-12-01
1992-09-03,600654.SH,112.75,105.0,115.0,977900.0,10881000.0,11.126905,0.098687,0.1,1992-06-01,1992-12-01
1992-09-04,000017.SZ,21.15,20.95,22.25,87400.0,9327000.0,106.716247,5.045685,5.0,1992-04-01,1993-05-01
1992-09-04,600601.SH,112.5,108.0,118.0,488500.0,5509000.0,11.27738,0.100243,0.1,1991-07-01,1992-12-01
1992-09-04,600602.SH,1262.5,1245.03,1295.5,1133700.0,14356000.0,12.662962,0.01003,0.01,1991-01-03,1992-12-01
1992-09-04,600603.SH,280.0,275.0,336.5,329600.0,9346000.0,28.355583,0.10127,0.1,1992-05-08,1992-12-01
1992-09-04,600604.SH,146.75,132.75,156.0,567500.0,8424000.0,14.844053,0.101152,0.1,1992-05-11,1992-12-01
1992-09-04,600605.SH,103.75,103.0,110.98,245800.0,2604000.0,10.593979,0.102111,0.1,1992-05-13,1992-12-01
1992-09-04,600606.SH,111.8,110.0,119.0,198300.0,2263000.0,11.412002,0.102075,0.1,1992-05-21,1992-12-01
1992-09-04,600608.SH,128.8,126.05,135.0,329800.0,4289000.0,13.004851,0.100969,0.1,1992-05-21,1992-12-01
1992-09-04,600651.SH,262.5,258.55,277.5,131600.0,3491000.0,26.527356,0.101057,0.1,1991-09-02,1992-12-01
1992-09-04,600653.SH,345.5,302.27,362.5,294200.0,10383000.0,35.292318,0.102149,0.1,1992-04-01,1992-12-01
1992-09-04,600654.SH,111.6,109.53,115.5,709000.0,7941000.0,11.200282,0.100361,0.1,1992-06-01,1992-12-01
1992-09-07,000017.SZ,19.7,19.4,21.0,84000.0,8383000.0,99.797619,5.065869,5.0,1992-04-01,1993-05-01
1992-09-07,600601.SH,104.25,101.0,119.0,608400.0,6718000.0,11.042078,0.105919,0.1,1991-07-01,1992-12-01
1992-09-07,600602.SH,1225.0,1212.5,1360.0,1513000.0,19429000.0,12.841375,0.010483,0.01,1991-01-03,1992-12-01
1992-09-07,600603.SH,256.5,254.0,295.05,376200.0,10271000.0,27.301967,0.10644,0.1,1992-05-08,1992-12-01
1992-09-07,600604.SH,137.0,123.0,157.0,712600.0,10366000.0,14.54673,0.106181,0.1,1992-05-11,1992-12-01
1992-09-07,600605.SH,98.25,95.0,109.9,296100.0,3026000.0,10.21952,0.104015,0.1,1992-05-13,1992-12-01
1992-09-07,600606.SH,103.5,102.5,121.0,260600.0,2896000.0,11.112817,0.10737,0.1,1992-05-21,1992-12-01
1992-09-07,600608.SH,119.5,114.05,137.55,326600.0,4041000.0,12.372933,0.103539,0.1,1992-05-21,1992-12-01
1992-09-07,600651.SH,235.0,225.0,301.5,183200.0,4733000.0,25.835153,0.109937,0.1,1991-09-02,1992-12-01
1992-09-07,600653.SH,313.55,310.05,376.5,513400.0,17412000.0,33.915076,0.108165,0.1,1992-04-01,1992-12-01
1992-09-07,600654.SH,101.0,100.0,118.95,709800.0,7651000.0,10.779093,0.106724,0.1,1992-06-01,1992-12-01
1992-09-08,000017.SZ,21.8,19.2,21.8,101800.0,10387000.0,102.033399,4.680431,5.0,1992-04-01,1993-05-01
1992-09-08,600601.SH,94.5,85.5,103.5,794200.0,7563000.0,9.52279,0.10077,0.1,1991-07-01,1992-12-01
1992-09-08,600602.SH,1045.5,945.0,1190.0,1347300.0,14114000.0,10.475766,0.01002,0.01,1991-01-03,1992-12-01
1992-09-08,600603.SH,230.5,209.0,250.5,446400.0,10227000.0,22.909946,0.099392,0.1,1992-05-08,1992-12-01
1992-09-08,600604.SH,123.5,113.5,135.0,748000.0,9285000.0,12.413102,0.100511,0.1,1992-05-11,1992-12-01
1992-09-08,600605.SH,87.5,79.5,95.0,320800.0,2825000.0,8.80611,0.100641,0.1,1992-05-13,1992-12-01
1992-09-08,600606.SH,94.25,84.5,101.5,316500.0,3004000.0,9.491311,0.100704,0.1,1992-05-21,1992-12-01
1992-09-08,600608.SH,104.05,91.0,125.0,414500.0,4247000.0,10.24608,0.098473,0.1,1992-05-21,1992-12-01
1992-09-08,600651.SH,225.0,194.5,242.0,222000.0,4809000.0,21.662162,0.096276,0.1,1991-09-02,1992-12-01
1992-09-08,600653.SH,288.5,265.0,309.4,548200.0,15914000.0,29.029551,0.100622,0.1,1992-04-01,1992-12-01
1992-09-08,600654.SH,93.0,82.5,99.5,1003700.0,9235000.0,9.200956,0.098935,0.1,1992-06-01,1992-12-01
1992-09-09,000017.SZ,22.3,21.0,22.3,126000.0,13739000.0,109.039683,4.889672,5.0,1992-04-01,1993-05-01
1992-09-09,600601.SH,96.0,88.5,98.0,695000.0,6497000.0,9.348201,0.097377,0.1,1991-07-01,1992-12-01
1992-09-09,600602.SH,1030.0,972.5,1146.03,1585200.0,16119000.0,10.168433,0.009872,0.01,1991-01-03,1992-12-01
1992-09-09,600603.SH,227.5,207.5,235.0,447000.0,10007000.0,22.387025,0.098405,0.1,1992-05-08,1992-12-01
1992-09-09,600604.SH,122.7,113.55,126.0,771400.0,9297000.0,12.052113,0.098224,0.1,1992-05-11,1992-12-01
1992-09-09,600605.SH,87.25,70.0,90.0,265700.0,2303000.0,8.66767,0.099343,0.1,1992-05-13,1992-12-01
1992-09-09,600606.SH,94.5,87.25,98.5,348700.0,3231000.0,9.265845,0.098051,0.1,1992-05-21,1992-12-01
1992-09-09,600608.SH,104.0,88.1,106.05,461800.0,4666000.0,10.103941,0.097153,0.1,1992-05-21,1992-12-01
1992-09-09,600651.SH,228.0,204.5,241.0,288000.0,6293000.0,21.850694,0.095836,0.1,1991-09-02,1992-12-01
1992-09-09,600653.SH,291.25,271.5,300.5,490700.0,14015000.0,28.561239,0.098064,0.1,1992-04-01,1992-12-01
1992-09-09,600654.SH,92.65,85.4,95.45,977200.0,8942000.0,9.150634,0.098766,0.1,1992-06-01,1992-12-01
1992-09-10,000017.SZ,22.05,21.5,22.65,105800.0,11799000.0,111.521739,5.057675,5.0,1992-04-01,1993-05-01
1992-09-10,600601.SH,106.0,94.0,109.0,470800.0,4783000.0,10.159303,0.095842,0.1,1991-07-01,1992-12-01
1992-09-10,600602.SH,1185.0,1012.5,1185.0,1087000.0,11826000.0,10.879485,0.009181,0.01,1991-01-03,1992-12-01
1992-09-10,600603.SH,250.0,226.0,257.0,346300.0,8390000.0,24.227548,0.09691,0.1,1992-05-08,1992-12-01
1992-09-10,600604.SH,134.5,119.5,137.5,420800.0,5464000.0,12.984791,0.096541,0.1,1992-05-11,1992-12-01
1992-09-10,600605.SH,97.55,83.5,101.0,347200.0,3285000.0,9.461406,0.09699,0.1,1992-05-13,1992-12-01
1992-09-10,600606.SH,106.0,94.25,108.0,222900.0,2260000.0,10.139076,0.095652,0.1,1992-05-21,1992-12-01
1992-09-10,600608.SH,112.0,100.0,119.5,332000.0,3666000.0,11.042169,0.098591,0.1,1992-05-21,1992-12-01
1992-09-10,600651.SH,246.0,223.5,246.5,257800.0,6048000.0,23.460047,0.095366,0.1,1991-09-02,1992-12-01
1992-09-10,600653.SH,317.0,292.5,462.0,373200.0,11427000.0,30.618971,0.09659,0.1,1992-04-01,1992-12-01
1992-09-10,600654.SH,103.0,91.0,105.75,594700.0,5836000.0,9.813351,0.095275,0.1,1992-06-01,1992-12-01
1992-09-11,000017.SZ,22.0,21.35,22.0,92200.0,10015000.0,108.62256,4.937389,5.0,1992-04-01,1993-05-01
1992-09-11,600601.SH,115.5,106.0,129.5,582700.0,6638000.0,11.391797,0.09863,0.1,1991-07-01,1992-12-01
1992-09-11,600602.SH,1267.5,1217.5,1320.05,1276100.0,16137000.0,12.645561,0.009977,0.01,1991-01-03,1992-12-01
1992-09-11,600603.SH,277.0,260.0,310.0,384600.0,10605000.0,27.574103,0.099545,0.1,1992-05-08,1992-12-01
1992-09-11,600604.SH,145.0,136.0,155.6,521000.0,7503000.0,14.401152,0.099318,0.1,1992-05-11,1992-12-01
1992-09-11,600605.SH,105.75,99.05,110.25,425100.0,4430000.0,10.421077,0.098544,0.1,1992-05-13,1992-12-01
1992-09-11,600606.SH,115.03,109.55,120.0,304700.0,3485000.0,11.437479,0.09943,0.1,1992-05-21,1992-12-01
1992-09-11,600608.SH,127.0,116.63,133.0,338600.0,4205000.0,12.418783,0.097786,0.1,1992-05-21,1992-12-01
1992-09-11,600651.SH,272.5,251.5,279.0,182200.0,4825000.0,26.481888,0.097181,0.1,1991-09-02,1992-12-01
1992-09-11,600653.SH,345.0,335.5,370.5,509900.0,17713000.0,34.738184,0.10069,0.1,1992-04-01,1992-12-01
1992-09-11,600654.SH,114.75,105.5,212.5,864300.0,9660000.0,11.176675,0.0974,0.1,1992-06-01,1992-12-01
1992-09-14,000017.SZ,21.0,20.6,22.6,72000.0,7995000.0,111.041667,5.287698,5.0,1992-04-01,1993-05-01
1992-09-14,600601.SH,107.6,103.0,123.5,694500.0,7841000.0,11.290137,0.104927,0.1,1991-07-01,1992-12-01
1992-09-14,600602.SH,1207.5,672.5,1353.5,1321300.0,16722000.0,12.655718,0.010481,0.01,1991-01-03,1992-12-01
1992-09-14,600603.SH,261.0,254.0,296.5,485200.0,13092000.0,26.982688,0.103382,0.1,1992-05-08,1992-12-01
1992-09-14,600604.SH,137.25,130.55,154.5,768800.0,10924000.0,14.209157,0.103528,0.1,1992-05-11,1992-12-01
1992-09-14,600605.SH,96.75,94.0,113.0,411700.0,4144000.0,10.065582,0.104037,0.1,1992-05-13,1992-12-01
1992-09-14,600606.SH,105.0,104.0,122.5,345600.0,3816000.0,11.041667,0.105159,0.1,1992-05-21,1992-12-01
1992-09-14,600608.SH,115.5,110.5,137.5,323500.0,3952000.0,12.216383,0.10577,0.1,1992-05-21,1992-12-01
1992-09-14,600651.SH,242.05,145.5,275.0,281300.0,7200000.0,25.59545,0.105744,0.1,1991-09-02,1992-12-01
1992-09-14,600653.SH,328.0,245.0,360.5,708200.0,24029000.0,33.929681,0.103444,0.1,1992-04-01,1992-12-01
1992-09-14,600654.SH,98.1,98.1,116.0,908200.0,9730000.0,10.713499,0.10921,0.1,1992-06-01,1992-12-01
1992-09-15,000017.SZ,21.2,20.7,21.9,45100.0,4771000.0,105.78714,4.989959,5.0,1992-04-01,1993-05-01
1992-09-15,600601.SH,107.0,94.75,113.75,635200.0,6710000.0,10.563602,0.098725,0.1,1991-07-01,1992-12-01
1992-09-15,600602.SH,1185.0,1060.0,1242.5,1856700.0,21736000.0,11.706792,0.009879,0.01,1991-01-03,1992-12-01
1992-09-15,600603.SH,261.98,242.5,272.5,458200.0,11772000.0,25.691838,0.098068,0.1,1992-05-08,1992-12-01
1992-09-15,600604.SH,138.0,125.6,143.0,574600.0,7745000.0,13.478942,0.097673,0.1,1992-05-11,1992-12-01
1992-09-15,600605.SH,98.25,89.98,102.4,461300.0,4449000.0,9.644483,0.098163,0.1,1992-05-13,1992-12-01
1992-09-15,600606.SH,107.0,96.85,110.5,271100.0,2835000.0,10.457396,0.097733,0.1,1992-05-21,1992-12-01
1992-09-15,600608.SH,116.03,104.0,124.25,413700.0,4734000.0,11.443075,0.098622,0.1,1992-05-21,1992-12-01
1992-09-15,600651.SH,248.0,230.03,261.0,204700.0,5027000.0,24.55789,0.099024,0.1,1991-09-02,1992-12-01
1992-09-15,600653.SH,336.5,307.75,347.5,601900.0,19791000.0,32.880877,0.097714,0.1,1992-04-01,1992-12-01
1992-09-15,600654.SH,104.5,90.0,109.25,873800.0,8882000.0,10.164797,0.097271,0.1,1992-06-01,1992-12-01
1992-09-16,600601.SH,112.75,105.05,116.5,1338200.0,14840000.0,11.089523,0.098355,0.1,1991-07-01,1992-12-01
1992-09-16,600602.SH,1250.0,1200.5,1295.0,1462300.0,18154000.0,12.414689,0.009932,0.01,1991-01-03,1992-12-01
1992-09-16,600603.SH,273.25,263.5,322.4,442300.0,12005000.0,27.142211,0.099331,0.1,1992-05-08,1992-12-01
1992-09-16,600604.SH,143.5,137.0,149.5,704000.0,10031000.0,14.24858,0.099293,0.1,1992-05-11,1992-12-01
1992-09-16,600605.SH,103.25,97.8,106.75,601100.0,6189000.0,10.296124,0.09972,0.1,1992-05-13,1992-12-01
1992-09-16,600606.SH,114.03,107.8,115.25,374800.0,4198000.0,11.20064,0.098225,0.1,1992-05-21,1992-12-01
1992-09-16,600608.SH,123.6,117.0,128.5,394000.0,4814000.0,12.218274,0.098853,0.1,1992-05-21,1992-12-01
1992-09-16,600651.SH,263.0,251.0,266.0,275500.0,7117000.0,25.833031,0.098224,0.1,1991-09-02,1992-12-01
1992-09-16,600653.SH,357.75,302.98,369.0,794800.0,27932000.0,35.143432,0.098235,0.1,1992-04-01,1992-12-01
1992-09-16,600654.SH,109.35,103.75,113.5,999800.0,10853000.0,10.855171,0.09927,0.1,1992-06-01,1992-12-01
1992-09-17,000017.SZ,21.7,21.3,21.85,48000.0,5172000.0,107.75,4.965438,5.0,1992-04-01,1993-05-01
1992-09-17,600601.SH,113.0,109.0,115.75,714100.0,8063000.0,11.291136,0.099922,0.1,1991-07-01,1992-12-01
1992-09-17,600602.SH,1250.4,1220.25,1287.5,1130200.0,14220000.0,12.581844,0.010062,0.01,1991-01-03,1992-12-01
1992-09-17,600603.SH,273.0,271.0,281.5,467100.0,12801000.0,27.405267,0.100386,0.1,1992-05-08,1992-12-01
1992-09-17,600604.SH,141.0,128.32,149.7,520700.0,7429000.0,14.267332,0.101187,0.1,1992-05-11,1992-12-01
1992-09-17,600605.SH,103.1,100.75,112.15,344600.0,3562000.0,10.336622,0.100258,0.1,1992-05-13,1992-12-01
1992-09-17,600606.SH,113.5,109.53,116.75,264900.0,2989000.0,11.283503,0.099414,0.1,1992-05-21,1992-12-01
1992-09-17,600608.SH,122.5,120.5,128.45,369600.0,4596000.0,12.435065,0.101511,0.1,1992-05-21,1992-12-01
1992-09-17,600651.SH,263.05,259.5,276.5,250800.0,6625000.0,26.41547,0.10042,0.1,1991-09-02,1992-12-01
1992-09-17,600653.SH,355.7,311.4,369.0,432300.0,15487000.0,35.824659,0.100716,0.1,1992-04-01,1992-12-01
1992-09-17,600654.SH,109.5,104.8,112.5,835400.0,9153000.0,10.956428,0.100059,0.1,1992-06-01,1992-12-01
1992-09-18,000017.SZ,21.6,21.6,22.0,41600.0,4521000.0,108.677885,5.031384,5.0,1992-04-01,1993-05-01
1992-09-18,600601.SH,111.3,108.5,113.55,261300.0,2902000.0,11.106008,0.099784,0.1,1991-07-01,1992-12-01
1992-09-18,600602.SH,1268.5,1179.95,1276.5,796700.0,9806000.0,12.308272,0.009703,0.01,1991-01-03,1992-12-01
1992-09-18,600603.SH,270.95,264.0,276.4,202100.0,5467000.0,27.050965,0.099837,0.1,1992-05-08,1992-12-01
1992-09-18,600604.SH,139.5,137.05,142.5,327200.0,4562000.0,13.942543,0.099947,0.1,1992-05-11,1992-12-01
1992-09-18,600605.SH,101.8,99.28,103.5,229400.0,2318000.0,10.104621,0.09926,0.1,1992-05-13,1992-12-01
1992-09-18,600606.SH,111.8,108.9,113.95,119900.0,1328000.0,11.075897,0.099069,0.1,1992-05-21,1992-12-01
1992-09-18,600608.SH,120.9,118.55,128.2,233400.0,2824000.0,12.0994,0.100078,0.1,1992-05-21,1992-12-01
1992-09-18,600651.SH,259.5,253.5,265.0,129800.0,3360000.0,25.885978,0.099753,0.1,1991-09-02,1992-12-01
1992-09-18,600653.SH,355.0,350.0,360.0,273800.0,9679000.0,35.350621,0.099579,0.1,1992-04-01,1992-12-01
1992-09-18,600654.SH,107.5,105.0,111.65,462500.0,4944000.0,10.68973,0.099439,0.1,1992-06-01,1992-12-01
1992-09-21,000017.SZ,21.3,21.1,21.5,29700.0,3159000.0,106.363636,4.993598,5.0,1992-04-01,1993-05-01
1992-09-21,600601.SH,108.0,107.05,114.0,371500.0,4082000.0,10.987887,0.10174,0.1,1991-07-01,1992-12-01
1992-09-21,600602.SH,1157.5,1087.5,1268.0,2637600.0,31489000.0,11.938505,0.010314,0.01,1991-01-03,1992-12-01
1992-09-21,600603.SH,264.5,260.75,276.5,214400.0,5712000.0,26.641791,0.100725,0.1,1992-05-08,1992-12-01
1992-09-21,600604.SH,136.0,134.5,144.0,330800.0,4547000.0,13.745466,0.10107,0.1,1992-05-11,1992-12-01
1992-09-21,600605.SH,98.0,97.25,105.0,210800.0,2098000.0,9.952562,0.101557,0.1,1992-05-13,1992-12-01
1992-09-21,600606.SH,107.25,106.0,112.75,208400.0,2270000.0,10.892514,0.101562,0.1,1992-05-21,1992-12-01
1992-09-21,600608.SH,118.0,115.5,124.1,246200.0,2917000.0,11.848091,0.100408,0.1,1992-05-21,1992-12-01
1992-09-21,600651.SH,252.0,250.25,261.5,115600.0,2941000.0,25.441176,0.100957,0.1,1991-09-02,1992-12-01
1992-09-21,600653.SH,345.0,338.75,361.95,384300.0,13406000.0,34.884205,0.101114,0.1,1992-04-01,1992-12-01
1992-09-21,600654.SH,104.65,102.75,109.5,557200.0,5867000.0,10.529433,0.100616,0.1,1992-06-01,1992-12-01
1992-09-22,000017.SZ,21.0,20.8,21.3,27100.0,2850000.0,105.166052,5.007907,5.0,1992-04-01,1993-05-01
1992-09-22,600601.SH,107.1,104.9,109.75,357000.0,3825000.0,10.714286,0.10004,0.1,1991-07-01,1992-12-01
1992-09-22,600602.SH,1116.97,1085.0,1160.0,1864200.0,20853000.0,11.186032,0.010015,0.01,1991-01-03,1992-12-01
1992-09-22,600603.SH,260.5,255.95,268.75,190400.0,4977000.0,26.139706,0.100344,0.1,1992-05-08,1992-12-01
1992-09-22,600604.SH,134.2,131.53,138.0,312400.0,4215000.0,13.492318,0.100539,0.1,1992-05-11,1992-12-01
1992-09-22,600605.SH,96.35,93.0,101.0,203900.0,1989000.0,9.754782,0.101243,0.1,1992-05-13,1992-12-01
1992-09-22,600606.SH,105.8,103.5,109.25,172400.0,1830000.0,10.614849,0.100329,0.1,1992-05-21,1992-12-01
1992-09-22,600608.SH,115.5,113.5,120.13,197200.0,2299000.0,11.658215,0.100937,0.1,1992-05-21,1992-12-01
1992-09-22,600651.SH,250.0,247.25,255.0,105800.0,2655000.0,25.094518,0.100378,0.1,1991-09-02,1992-12-01
1992-09-22,600653.SH,339.5,335.5,349.75,296900.0,10128000.0,34.112496,0.100479,0.1,1992-04-01,1992-12-01
1992-09-22,600654.SH,102.5,100.25,105.95,405000.0,4182000.0,10.325926,0.100741,0.1,1992-06-01,1992-12-01
1992-09-23,000017.SZ,21.2,21.0,21.35,24000.0,2542000.0,105.916667,4.996069,5.0,1992-04-01,1993-05-01
1992-09-23,600601.SH,105.0,102.75,107.5,314600.0,3299000.0,10.486332,0.09987,0.1,1991-07-01,1992-12-01
1992-09-23,600602.SH,1067.0,1055.0,1115.97,1611900.0,17471000.0,10.838762,0.010158,0.01,1991-01-03,1992-12-01
1992-09-23,600603.SH,255.25,253.78,262.0,210300.0,5413000.0,25.73942,0.10084,0.1,1992-05-08,1992-12-01
1992-09-23,600604.SH,131.2,131.0,137.35,306200.0,4074000.0,13.305029,0.10141,0.1,1992-05-11,1992-12-01
1992-09-23,600605.SH,95.5,93.95,98.0,184300.0,1760000.0,9.549647,0.099996,0.1,1992-05-13,1992-12-01
1992-09-23,600606.SH,103.85,102.5,106.95,145900.0,1524000.0,10.445511,0.100583,0.1,1992-05-21,1992-12-01
1992-09-23,600608.SH,113.2,112.6,117.6,156800.0,1798000.0,11.466837,0.101297,0.1,1992-05-21,1992-12-01
1992-09-23,600651.SH,244.5,241.35,252.75,88100.0,2172000.0,24.653802,0.100834,0.1,1991-09-02,1992-12-01
1992-09-23,600653.SH,332.0,329.75,342.5,264000.0,8838000.0,33.477273,0.100835,0.1,1992-04-01,1992-12-01
1992-09-23,600654.SH,101.0,100.0,104.0,438700.0,4450000.0,10.143606,0.100432,0.1,1992-06-01,1992-12-01
1992-09-24,000017.SZ,22.05,21.05,22.2,55400.0,6054000.0,109.277978,4.955917,5.0,1992-04-01,1993-05-01
1992-09-24,600601.SH,108.98,103.0,109.9,419200.0,4486000.0,10.701336,0.098195,0.1,1991-07-01,1992-12-01
1992-09-24,600602.SH,1095.0,1040.0,1127.5,1311200.0,14205000.0,10.833588,0.009894,0.01,1991-01-03,1992-12-01
1992-09-24,600603.SH,263.25,250.08,265.75,198800.0,5171000.0,26.011066,0.098807,0.1,1992-05-08,1992-12-01
1992-09-24,600604.SH,135.25,128.5,137.25,413300.0,5537000.0,13.397048,0.099054,0.1,1992-05-11,1992-12-01
1992-09-24,600605.SH,99.0,94.8,100.1,273700.0,2677000.0,9.780782,0.098796,0.1,1992-05-13,1992-12-01
1992-09-24,600606.SH,108.0,101.75,111.5,224200.0,2379000.0,10.611062,0.098251,0.1,1992-05-21,1992-12-01
1992-09-24,600608.SH,117.25,111.0,118.75,185200.0,2154000.0,11.63067,0.099195,0.1,1992-05-21,1992-12-01
1992-09-24,600651.SH,253.0,243.0,255.15,143500.0,3595000.0,25.052265,0.099021,0.1,1991-09-02,1992-12-01
1992-09-24,600653.SH,339.5,328.75,345.05,234200.0,7910000.0,33.774552,0.099483,0.1,1992-04-01,1992-12-01
1992-09-24,600654.SH,104.9,100.0,106.95,529200.0,5485000.0,10.364701,0.098806,0.1,1992-06-01,1992-12-01
1992-09-25,000017.SZ,21.7,21.6,22.6,58000.0,6406000.0,110.448276,5.089782,5.0,1992-04-01,1993-05-01
1992-09-25,600601.SH,109.7,107.53,112.25,594500.0,6527000.0,10.978974,0.100082,0.1,1991-07-01,1992-12-01
1992-09-25,600602.SH,1100.0,1091.03,1125.0,733500.0,8073000.0,11.006135,0.010006,0.01,1991-01-03,1992-12-01
1992-09-25,600603.SH,264.5,213.65,267.75,111600.0,2943000.0,26.370968,0.099701,0.1,1992-05-08,1992-12-01
1992-09-25,600604.SH,135.8,133.0,137.95,263900.0,3566000.0,13.512694,0.099504,0.1,1992-05-11,1992-12-01
1992-09-25,600605.SH,98.0,97.0,100.48,221300.0,2188000.0,9.887031,0.100888,0.1,1992-05-13,1992-12-01
1992-09-25,600606.SH,108.7,106.25,109.35,145400.0,1574000.0,10.825309,0.099589,0.1,1992-05-21,1992-12-01
1992-09-25,600608.SH,117.5,116.25,119.0,163200.0,1922000.0,11.776961,0.100229,0.1,1992-05-21,1992-12-01
1992-09-25,600651.SH,253.5,249.95,255.75,82500.0,2085000.0,25.272727,0.099695,0.1,1991-09-02,1992-12-01
1992-09-25,600653.SH,345.75,338.5,346.2,236100.0,8105000.0,34.328674,0.099288,0.1,1992-04-01,1992-12-01
1992-09-25,600654.SH,104.9,103.5,106.9,419200.0,4408000.0,10.515267,0.100241,0.1,1992-06-01,1992-12-01
1992-09-28,000017.SZ,22.05,21.4,22.5,79500.0,8780000.0,110.440252,5.008628,5.0,1992-04-01,1993-05-01
1992-09-28,600601.SH,108.8,106.5,110.5,165300.0,1797000.0,10.871143,0.099919,0.1,1991-07-01,1992-12-01
1992-09-28,600602.SH,1086.0,1070.0,1113.0,325200.0,3540000.0,10.885609,0.010024,0.01,1991-01-03,1992-12-01
1992-09-28,600603.SH,261.5,238.55,265.5,85800.0,2244000.0,26.153846,0.100015,0.1,1992-05-08,1992-12-01
1992-09-28,600604.SH,134.5,132.0,136.0,149000.0,1996000.0,13.395973,0.099598,0.1,1992-05-11,1992-12-01
1992-09-28,600605.SH,97.45,97.05,99.45,78300.0,763000.0,9.744572,0.099996,0.1,1992-05-13,1992-12-01
1992-09-28,600606.SH,107.0,106.25,107.5,77700.0,830000.0,10.682111,0.099833,0.1,1992-05-21,1992-12-01
1992-09-28,600608.SH,117.0,115.9,118.0,58800.0,687000.0,11.683673,0.09986,0.1,1992-05-21,1992-12-01
1992-09-28,600651.SH,251.7,249.0,253.95,31400.0,789000.0,25.127389,0.099831,0.1,1991-09-02,1992-12-01
1992-09-28,600653.SH,343.5,341.0,346.35,91000.0,3130000.0,34.395604,0.100133,0.1,1992-04-01,1992-12-01
1992-09-28,600654.SH,103.9,103.0,105.0,253600.0,2632000.0,10.378549,0.09989,0.1,1992-06-01,1992-12-01
1992-09-29,000017.SZ,22.6,22.0,22.6,118100.0,13247000.0,112.167655,4.963171,5.0,1992-04-01,1993-05-01
1992-09-29,600601.SH,105.9,104.1,109.5,215000.0,2285000.0,10.627907,0.100358,0.1,1991-07-01,1992-12-01
1992-09-29,600602.SH,1055.0,1040.0,1085.5,737100.0,7786000.0,10.563017,0.010012,0.01,1991-01-03,1992-12-01
1992-09-29,600603.SH,257.93,252.65,263.0,123500.0,3171000.0,25.676113,0.099547,0.1,1992-05-08,1992-12-01
1992-09-29,600604.SH,131.35,129.28,135.0,214100.0,2802000.0,13.087342,0.099637,0.1,1992-05-11,1992-12-01
1992-09-29,600605.SH,94.5,93.5,97.25,149200.0,1411000.0,9.457105,0.100075,0.1,1992-05-13,1992-12-01
1992-09-29,600606.SH,103.7,101.5,107.0,122300.0,1267000.0,10.359771,0.099901,0.1,1992-05-21,1992-12-01
1992-09-29,600608.SH,113.73,111.78,117.25,137400.0,1559000.0,11.346434,0.099766,0.1,1992-05-21,1992-12-01
1992-09-29,600651.SH,245.5,243.0,251.0,67000.0,1638000.0,24.447761,0.099584,0.1,1991-09-02,1992-12-01
1992-09-29,600653.SH,335.5,331.5,348.0,118400.0,3969000.0,33.521959,0.099916,0.1,1992-04-01,1992-12-01
1992-09-29,600654.SH,101.55,98.4,104.0,372700.0,3773000.0,10.123424,0.099689,0.1,1992-06-01,1992-12-01
1992-09-30,000017.SZ,22.8,22.45,22.8,118600.0,13475000.0,113.617201,4.983211,5.0,1992-04-01,1993-05-01
1992-09-30,600601.SH,104.98,103.4,105.75,318000.0,3329000.0,10.468553,0.09972,0.1,1991-07-01,1992-12-01
1992-09-30,600602.SH,1038.0,1034.0,1089.5,887500.0,9229000.0,10.398873,0.010018,0.01,1991-01-03,1992-12-01
1992-09-30,600603.SH,254.2,251.0,257.0,198000.0,5014000.0,25.323232,0.099619,0.1,1992-05-08,1992-12-01
1992-09-30,600604.SH,129.93,126.75,132.5,383500.0,4958000.0,12.928292,0.099502,0.1,1992-05-11,1992-12-01
1992-09-30,600605.SH,94.0,91.75,95.0,183700.0,1720000.0,9.363092,0.099607,0.1,1992-05-13,1992-12-01
1992-09-30,600606.SH,102.53,101.1,103.75,164800.0,1693000.0,10.273058,0.100196,0.1,1992-05-21,1992-12-01
1992-09-30,600608.SH,112.6,107.5,114.4,211900.0,2376000.0,11.212836,0.099581,0.1,1992-05-21,1992-12-01
1992-09-30,600651.SH,242.25,238.0,245.88,93500.0,2267000.0,24.245989,0.100087,0.1,1991-09-02,1992-12-01
1992-09-30,600653.SH,332.5,328.25,339.75,239000.0,7937000.0,33.209205,0.099877,0.1,1992-04-01,1992-12-01
1992-09-30,600654.SH,101.0,98.75,102.0,541300.0,5428000.0,10.027711,0.099284,0.1,1992-06-01,1992-12-01
1992-10-04,000017.SZ,23.4,22.95,23.6,60200.0,7018000.0,116.578073,4.981969,5.0,1992-04-01,1993-05-01
1992-10-05,000017.SZ,23.0,22.8,23.5,44000.0,5072000.0,115.272727,5.011858,5.0,1992-04-01,1993-05-01
1992-10-05,600601.SH,101.8,99.75,106.7,509800.0,5185000.0,10.170655,0.099908,0.1,1991-07-01,1992-12-01
1992-10-05,600602.SH,978.0,945.03,1054.0,995800.0,9837000.0,9.87849,0.010101,0.01,1991-01-03,1992-12-01
1992-10-05,600603.SH,244.3,235.1,254.0,273800.0,6691000.0,24.437546,0.100031,0.1,1992-05-08,1992-12-01
1992-10-05,600604.SH,124.8,121.0,131.55,563600.0,7012000.0,12.441448,0.099691,0.1,1992-05-11,1992-12-01
1992-10-05,600605.SH,91.7,87.9,95.5,302200.0,2751000.0,9.103243,0.099272,0.1,1992-05-13,1992-12-01
1992-10-05,600606.SH,98.5,95.85,103.0,283400.0,2802000.0,9.887085,0.100377,0.1,1992-05-21,1992-12-01
1992-10-05,600608.SH,107.4,105.0,112.5,310000.0,3360000.0,10.83871,0.100919,0.1,1992-05-21,1992-12-01
1992-10-05,600651.SH,234.55,229.0,245.0,191600.0,4497000.0,23.470772,0.100067,0.1,1991-09-02,1992-12-01
1992-10-05,600653.SH,323.5,317.25,335.95,258700.0,8368000.0,32.346347,0.099989,0.1,1992-04-01,1992-12-01
1992-10-05,600654.SH,96.0,94.25,100.25,728000.0,7033000.0,9.660714,0.100632,0.1,1992-06-01,1992-12-01
1992-10-06,000017.SZ,22.55,22.45,23.0,30700.0,3475000.0,113.192182,5.019609,5.0,1992-04-01,1993-05-01
1992-10-06,600601.SH,101.8,97.95,116.85,868900.0,8681000.0,9.990793,0.098141,0.1,1991-07-01,1992-12-01
1992-10-06,600602.SH,941.5,925.0,989.5,930000.0,8823000.0,9.487097,0.010077,0.01,1991-01-03,1992-12-01
1992-10-06,600603.SH,259.0,246.5,275.0,654000.0,16890000.0,25.825688,0.099713,0.1,1992-05-08,1992-12-01
1992-10-06,600604.SH,124.0,120.5,127.45,336000.0,4167000.0,12.401786,0.100014,0.1,1992-05-11,1992-12-01
1992-10-06,600605.SH,90.1,85.05,93.75,235900.0,2146000.0,9.097075,0.100966,0.1,1992-05-13,1992-12-01
1992-10-06,600606.SH,98.5,95.6,103.5,141100.0,1403000.0,9.943303,0.100947,0.1,1992-05-21,1992-12-01
1992-10-06,600608.SH,108.0,102.8,118.0,183900.0,1979000.0,10.761283,0.099642,0.1,1992-05-21,1992-12-01
1992-10-06,600651.SH,239.05,226.0,248.8,159800.0,3820000.0,23.904881,0.1,0.1,1991-09-02,1992-12-01
1992-10-06,600653.SH,318.6,305.0,329.0,322000.0,10229000.0,31.767081,0.099708,0.1,1992-04-01,1992-12-01
1992-10-06,600654.SH,96.0,92.88,99.53,600600.0,5765000.0,9.598735,0.099987,0.1,1992-06-01,1992-12-01
1992-10-07,000017.SZ,22.8,22.5,22.8,23500.0,2662000.0,113.276596,4.968272,5.0,1992-04-01,1993-05-01
1992-10-07,600601.SH,100.0,99.05,101.9,325100.0,3276000.0,10.076899,0.100769,0.1,1991-07-01,1992-12-01
1992-10-07,600602.SH,920.0,795.5,950.5,1177700.0,11009000.0,9.347881,0.010161,0.01,1991-01-03,1992-12-01
1992-10-07,600603.SH,254.0,249.5,262.5,191500.0,4929000.0,25.738903,0.101334,0.1,1992-05-08,1992-12-01
1992-10-07,600604.SH,123.2,121.25,125.25,266000.0,3296000.0,12.390977,0.100576,0.1,1992-05-11,1992-12-01
1992-10-07,600605.SH,88.9,88.5,91.0,99300.0,890000.0,8.962739,0.100818,0.1,1992-05-13,1992-12-01
1992-10-07,600606.SH,97.5,97.25,100.4,81000.0,797000.0,9.839506,0.100918,0.1,1992-05-21,1992-12-01
1992-10-07,600608.SH,106.8,105.1,109.95,98100.0,1056000.0,10.764526,0.100791,0.1,1992-05-21,1992-12-01
1992-10-07,600651.SH,237.55,235.25,243.0,104800.0,2510000.0,23.950382,0.100822,0.1,1991-09-02,1992-12-01
1992-10-07,600653.SH,313.0,312.0,323.0,160600.0,5105000.0,31.787049,0.101556,0.1,1992-04-01,1992-12-01
1992-10-07,600654.SH,95.0,93.9,96.75,335000.0,3194000.0,9.534328,0.100361,0.1,1992-06-01,1992-12-01
1992-10-08,000017.SZ,22.7,22.5,23.0,23500.0,2676000.0,113.87234,5.016403,5.0,1992-04-01,1993-05-01
1992-10-08,600601.SH,97.8,96.35,100.1,397700.0,3911000.0,9.834046,0.100553,0.1,1991-07-01,1992-12-01
1992-10-08,600602.SH,860.0,856.5,925.0,1837000.0,16249000.0,8.8454,0.010285,0.01,1991-01-03,1992-12-01
1992-10-08,600603.SH,247.68,196.8,253.95,229700.0,5682000.0,24.736613,0.099873,0.1,1992-05-08,1992-12-01
1992-10-08,600604.SH,119.5,117.0,126.0,381700.0,4600000.0,12.051349,0.100848,0.1,1992-05-11,1992-12-01
1992-10-08,600605.SH,85.25,84.0,88.5,235100.0,2028000.0,8.626117,0.101186,0.1,1992-05-13,1992-12-01
1992-10-08,600606.SH,94.5,92.75,97.0,158300.0,1504000.0,9.500948,0.100539,0.1,1992-05-21,1992-12-01
1992-10-08,600608.SH,105.0,102.0,106.3,267200.0,2800000.0,10.479042,0.0998,0.1,1992-05-21,1992-12-01
1992-10-08,600651.SH,228.0,225.75,238.1,162400.0,3733000.0,22.986453,0.100818,0.1,1991-09-02,1992-12-01
1992-10-08,600653.SH,306.75,303.9,312.3,278500.0,8567000.0,30.761221,0.100281,0.1,1992-04-01,1992-12-01
1992-10-08,600654.SH,92.75,91.0,96.5,545200.0,5054000.0,9.269993,0.099946,0.1,1992-06-01,1992-12-01
1992-10-09,000017.SZ,22.8,22.6,22.9,30300.0,3445000.0,113.69637,4.986683,5.0,1992-04-01,1993-05-01
1992-10-09,600601.SH,100.55,97.0,105.45,443600.0,4455000.0,10.042831,0.099879,0.1,1991-07-01,1992-12-01
1992-10-09,600602.SH,893.0,757.5,930.0,1822700.0,16099000.0,8.832501,0.009891,0.01,1991-01-03,1992-12-01
1992-10-09,600603.SH,254.65,246.5,261.0,362400.0,9205000.0,25.40011,0.099745,0.1,1992-05-08,1992-12-01
1992-10-09,600604.SH,123.1,118.5,125.8,477500.0,5844000.0,12.238743,0.099421,0.1,1992-05-11,1992-12-01
1992-10-09,600605.SH,87.55,83.0,90.48,246000.0,2156000.0,8.764228,0.100105,0.1,1992-05-13,1992-12-01
1992-10-09,600606.SH,97.75,94.0,100.75,192600.0,1865000.0,9.683281,0.099062,0.1,1992-05-21,1992-12-01
1992-10-09,600608.SH,108.0,104.75,110.0,347500.0,3732000.0,10.739568,0.09944,0.1,1992-05-21,1992-12-01
1992-10-09,600651.SH,239.0,229.5,242.03,230800.0,5452000.0,23.622184,0.098838,0.1,1991-09-02,1992-12-01
1992-10-09,600653.SH,319.0,310.0,321.5,351300.0,11083000.0,31.548534,0.098898,0.1,1992-04-01,1992-12-01
1992-10-09,600654.SH,95.15,89.5,97.0,699900.0,6623000.0,9.46278,0.099451,0.1,1992-06-01,1992-12-01
1992-10-12,000017.SZ,22.8,22.7,23.6,140900.0,16275000.0,115.507452,5.066116,5.0,1992-04-01,1993-05-01
1992-10-12,600601.SH,104.28,99.75,108.0,466200.0,4879000.0,10.465465,0.100359,0.1,1991-07-01,1992-12-01
1992-10-12,600602.SH,958.05,917.5,1035.0,1491800.0,14275000.0,9.568977,0.009988,0.01,1991-01-03,1992-12-01
1992-10-12,600603.SH,270.5,262.5,291.0,609900.0,16520000.0,27.086408,0.100135,0.1,1992-05-08,1992-12-01
1992-10-12,600604.SH,134.0,120.0,150.0,772900.0,10354000.0,13.3963,0.099972,0.1,1992-05-11,1992-12-01
1992-10-12,600605.SH,94.8,91.0,106.0,414100.0,3912000.0,9.446993,0.099652,0.1,1992-05-13,1992-12-01
1992-10-12,600606.SH,102.5,99.1,110.03,311800.0,3174000.0,10.179602,0.099313,0.1,1992-05-21,1992-12-01
1992-10-12,600608.SH,117.95,112.0,125.0,515700.0,6048000.0,11.727749,0.09943,0.1,1992-05-21,1992-12-01
1992-10-12,600651.SH,261.5,252.55,280.0,347500.0,9081000.0,26.132374,0.099933,0.1,1991-09-02,1992-12-01
1992-10-12,600653.SH,340.0,331.5,355.5,465800.0,15886000.0,34.104766,0.100308,0.1,1992-04-01,1992-12-01
1992-10-12,600654.SH,98.5,96.25,104.5,569900.0,5630000.0,9.878926,0.100294,0.1,1992-06-01,1992-12-01
1992-10-13,000017.SZ,22.35,22.2,22.8,44400.0,4981000.0,112.184685,5.019449,5.0,1992-04-01,1993-05-01
1992-10-13,600601.SH,100.0,98.95,107.25,287000.0,2946000.0,10.264808,0.102648,0.1,1991-07-01,1992-12-01
1992-10-13,600602.SH,938.25,897.5,1017.0,1264300.0,12108000.0,9.576841,0.010207,0.01,1991-01-03,1992-12-01
1992-10-13,600603.SH,264.05,261.0,279.95,528600.0,14226000.0,26.912599,0.101922,0.1,1992-05-08,1992-12-01
1992-10-13,600604.SH,131.0,126.8,140.75,727200.0,9744000.0,13.39934,0.102285,0.1,1992-05-11,1992-12-01
1992-10-13,600605.SH,90.0,89.25,97.75,305600.0,2829000.0,9.257199,0.102858,0.1,1992-05-13,1992-12-01
1992-10-13,600606.SH,97.0,96.6,105.53,131800.0,1327000.0,10.068285,0.103797,0.1,1992-05-21,1992-12-01
1992-10-13,600608.SH,112.6,111.0,120.75,417700.0,4828000.0,11.558535,0.102651,0.1,1992-05-21,1992-12-01
1992-10-13,600651.SH,253.0,251.0,272.45,318800.0,8320000.0,26.097867,0.103154,0.1,1991-09-02,1992-12-01
1992-10-13,600653.SH,328.2,188.0,347.55,284300.0,9538000.0,33.549068,0.102221,0.1,1992-04-01,1992-12-01
1992-10-13,600654.SH,95.03,92.53,173.85,505100.0,4935000.0,9.770343,0.102813,0.1,1992-06-01,1992-12-01
1992-10-14,000017.SZ,21.4,21.3,22.2,93800.0,10117000.0,107.857143,5.040053,5.0,1992-04-01,1993-05-01
1992-10-14,600601.SH,98.5,95.5,101.6,338800.0,3316000.0,9.787485,0.099365,0.1,1991-07-01,1992-12-01
1992-10-14,600602.SH,893.0,870.0,929.95,1740200.0,15690000.0,9.016205,0.010097,0.01,1991-01-03,1992-12-01
1992-10-14,600603.SH,264.0,258.55,268.75,448000.0,11731000.0,26.185268,0.099187,0.1,1992-05-08,1992-12-01
1992-10-14,600604.SH,132.0,124.0,132.0,898200.0,11475000.0,12.775551,0.096784,0.1,1992-05-11,1992-12-01
1992-10-14,600605.SH,87.5,85.75,89.95,232700.0,2042000.0,8.775247,0.100289,0.1,1992-05-13,1992-12-01
1992-10-14,600606.SH,94.5,93.5,96.25,214700.0,2034000.0,9.473684,0.100251,0.1,1992-05-21,1992-12-01
1992-10-14,600608.SH,109.85,107.25,111.5,437000.0,4785000.0,10.949657,0.099678,0.1,1992-05-21,1992-12-01
1992-10-14,600651.SH,257.5,245.5,258.0,350200.0,8834000.0,25.225585,0.097963,0.1,1991-09-02,1992-12-01
1992-10-14,600653.SH,320.75,314.0,328.0,299600.0,9656000.0,32.22964,0.100482,0.1,1992-04-01,1992-12-01
1992-10-14,600654.SH,93.0,91.75,342.85,566400.0,5289000.0,9.337924,0.100408,0.1,1992-06-01,1992-12-01
1992-10-15,000017.SZ,21.75,21.0,22.1,62000.0,6637000.0,107.048387,4.921765,5.0,1992-04-01,1993-05-01
1992-10-15,600601.SH,99.0,96.55,100.0,280900.0,2758000.0,9.818441,0.099176,0.1,1991-07-01,1992-12-01
1992-10-15,600602.SH,885.0,873.5,919.0,698600.0,6185000.0,8.853421,0.010004,0.01,1991-01-03,1992-12-01
1992-10-15,600603.SH,264.35,260.0,266.25,419700.0,11062000.0,26.356922,0.099705,0.1,1992-05-08,1992-12-01
1992-10-15,600604.SH,132.2,126.4,132.5,925600.0,11999000.0,12.963483,0.09806,0.1,1992-05-11,1992-12-01
1992-10-15,600605.SH,88.8,87.28,89.0,224000.0,1972000.0,8.803571,0.099139,0.1,1992-05-13,1992-12-01
1992-10-15,600606.SH,95.2,92.25,95.7,157100.0,1482000.0,9.433482,0.099091,0.1,1992-05-21,1992-12-01
1992-10-15,600608.SH,110.88,107.0,112.0,308300.0,3380000.0,10.963347,0.098876,0.1,1992-05-21,1992-12-01
1992-10-15,600651.SH,261.0,254.0,262.0,274100.0,7070000.0,25.793506,0.098826,0.1,1991-09-02,1992-12-01
1992-10-15,600653.SH,326.0,262.5,326.5,313300.0,10138000.0,32.358762,0.09926,0.1,1992-04-01,1992-12-01
1992-10-15,600654.SH,93.6,90.25,95.95,372300.0,3469000.0,9.317754,0.099549,0.1,1992-06-01,1992-12-01
1992-10-16,000017.SZ,21.6,21.4,22.0,43700.0,4723000.0,108.077803,5.003602,5.0,1992-04-01,1993-05-01
1992-10-16,600601.SH,99.0,98.8,102.48,425600.0,4255000.0,9.99765,0.100986,0.1,1991-07-01,1992-12-01
1992-10-16,600602.SH,885.0,878.25,916.0,527600.0,4690000.0,8.88931,0.010044,0.01,1991-01-03,1992-12-01
1992-10-16,600603.SH,266.3,264.9,268.5,191600.0,5112000.0,26.680585,0.10019,0.1,1992-05-08,1992-12-01
1992-10-16,600604.SH,132.25,129.0,133.45,1136400.0,14979000.0,13.181098,0.099668,0.1,1992-05-11,1992-12-01
1992-10-16,600605.SH,88.85,87.75,91.0,184400.0,1640000.0,8.893709,0.100098,0.1,1992-05-13,1992-12-01
1992-10-16,600606.SH,94.35,94.2,97.3,120700.0,1149000.0,9.51947,0.100895,0.1,1992-05-21,1992-12-01
1992-10-16,600608.SH,111.0,100.5,112.5,244700.0,2718000.0,11.107479,0.100067,0.1,1992-05-21,1992-12-01
1992-10-16,600651.SH,263.68,259.9,314.95,220500.0,5823000.0,26.408163,0.100152,0.1,1991-09-02,1992-12-01
1992-10-16,600653.SH,327.92,314.0,331.25,256800.0,8429000.0,32.823209,0.100095,0.1,1992-04-01,1992-12-01
1992-10-16,600654.SH,94.4,92.0,95.0,444600.0,4173000.0,9.385965,0.099428,0.1,1992-06-01,1992-12-01
1992-10-19,000017.SZ,20.4,20.3,21.5,52800.0,5487000.0,103.920455,5.09414,5.0,1992-04-01,1993-05-01
1992-10-19,600601.SH,93.65,92.55,99.55,451200.0,4274000.0,9.472518,0.101148,0.1,1991-07-01,1992-12-01
1992-10-19,600602.SH,818.0,816.58,902.0,1529300.0,12913000.0,8.443732,0.010322,0.01,1991-01-03,1992-12-01
1992-10-19,600603.SH,259.0,258.05,274.25,216200.0,5690000.0,26.318224,0.101615,0.1,1992-05-08,1992-12-01
1992-10-19,600604.SH,125.9,125.28,135.5,644200.0,8270000.0,12.837628,0.101967,0.1,1992-05-11,1992-12-01
1992-10-19,600605.SH,84.0,84.0,91.0,222900.0,1930000.0,8.658591,0.103078,0.1,1992-05-13,1992-12-01
1992-10-19,600606.SH,88.08,87.95,99.08,259800.0,2343000.0,9.018476,0.10239,0.1,1992-05-21,1992-12-01
1992-10-19,600608.SH,105.5,104.63,111.2,312000.0,3322000.0,10.647436,0.100924,0.1,1992-05-21,1992-12-01
1992-10-19,600651.SH,254.0,253.75,268.3,216400.0,5619000.0,25.965804,0.102228,0.1,1991-09-02,1992-12-01
1992-10-19,600653.SH,315.75,313.1,329.0,243600.0,7750000.0,31.81445,0.100758,0.1,1992-04-01,1992-12-01
1992-10-19,600654.SH,90.05,80.0,96.5,736000.0,6786000.0,9.220109,0.102389,0.1,1992-06-01,1992-12-01
1992-10-20,000017.SZ,20.6,20.3,21.5,46700.0,4806000.0,102.912206,4.995738,5.0,1992-04-01,1993-05-01
1992-10-20,600601.SH,90.0,88.0,96.5,357700.0,3275000.0,9.155717,0.10173,0.1,1991-07-01,1992-12-01
1992-10-20,600602.SH,785.0,554.5,895.0,1332500.0,10631000.0,7.978236,0.010163,0.01,1991-01-03,1992-12-01
1992-10-20,600603.SH,255.05,246.5,269.0,289100.0,7442000.0,25.741958,0.100929,0.1,1992-05-08,1992-12-01
1992-10-20,600604.SH,124.0,119.5,132.0,648500.0,8118000.0,12.518119,0.100953,0.1,1992-05-11,1992-12-01
1992-10-20,600605.SH,82.8,75.0,89.95,330200.0,2761000.0,8.361599,0.100985,0.1,1992-05-13,1992-12-01
1992-10-20,600606.SH,85.15,82.9,93.95,208100.0,1819000.0,8.74099,0.102654,0.1,1992-05-21,1992-12-01
1992-10-20,600608.SH,103.55,98.0,110.45,311000.0,3257000.0,10.472669,0.101136,0.1,1992-05-21,1992-12-01
1992-10-20,600651.SH,252.95,240.0,277.0,238400.0,6039000.0,25.331376,0.100144,0.1,1991-09-02,1992-12-01
1992-10-20,600653.SH,312.0,300.0,331.0,279800.0,8725000.0,31.182988,0.099945,0.1,1992-04-01,1992-12-01
1992-10-20,600654.SH,87.75,80.6,93.9,557600.0,4930000.0,8.841463,0.100757,0.1,1992-06-01,1992-12-01
1992-10-21,000017.SZ,19.75,19.45,20.6,28600.0,2859000.0,99.965035,5.061521,5.0,1992-04-01,1993-05-01
1992-10-21,600601.SH,85.75,84.5,90.5,403100.0,3495000.0,8.670305,0.101111,0.1,1991-07-01,1992-12-01
1992-10-21,600602.SH,732.5,716.5,765.0,1326300.0,9796000.0,7.385961,0.010083,0.01,1991-01-03,1992-12-01
1992-10-21,600603.SH,249.78,244.0,254.1,342500.0,8574000.0,25.033577,0.100223,0.1,1992-05-08,1992-12-01
1992-10-21,600604.SH,120.75,115.5,124.45,654900.0,7970000.0,12.169797,0.100785,0.1,1992-05-11,1992-12-01
1992-10-21,600605.SH,77.2,75.1,82.0,271600.0,2143000.0,7.89028,0.102206,0.1,1992-05-13,1992-12-01
1992-10-21,600606.SH,81.0,78.75,84.0,256600.0,2085000.0,8.125487,0.100315,0.1,1992-05-21,1992-12-01
1992-10-21,600608.SH,98.25,96.45,104.0,411100.0,4077000.0,9.917295,0.100939,0.1,1992-05-21,1992-12-01
1992-10-21,600651.SH,245.63,236.5,255.0,193000.0,4768000.0,24.704663,0.100577,0.1,1991-09-02,1992-12-01
1992-10-21,600653.SH,299.6,296.5,307.55,395700.0,11893000.0,30.055598,0.100319,0.1,1992-04-01,1992-12-01
1992-10-21,600654.SH,82.3,80.5,88.0,622200.0,5159000.0,8.291546,0.100748,0.1,1992-06-01,1992-12-01
1992-10-22,000017.SZ,19.15,18.35,19.6,56700.0,5431000.0,95.784832,5.001819,5.0,1992-04-01,1993-05-01
1992-10-22,600601.SH,75.25,75.05,86.5,646500.0,5060000.0,7.826759,0.10401,0.1,1991-07-01,1992-12-01
1992-10-22,600602.SH,669.0,657.5,715.0,2502400.0,17107000.0,6.836237,0.010219,0.01,1991-01-03,1992-12-01
1992-10-22,600603.SH,234.98,231.5,247.6,461800.0,11039000.0,23.904288,0.101729,0.1,1992-05-08,1992-12-01
1992-10-22,600604.SH,115.25,113.0,120.0,980800.0,11398000.0,11.621126,0.100834,0.1,1992-05-11,1992-12-01
1992-10-22,600605.SH,70.25,69.0,75.4,571800.0,4095000.0,7.161595,0.101944,0.1,1992-05-13,1992-12-01
1992-10-22,600606.SH,70.75,65.0,81.75,242500.0,1776000.0,7.323711,0.103515,0.1,1992-05-21,1992-12-01
1992-10-22,600608.SH,88.0,84.6,98.75,513800.0,4603000.0,8.958739,0.101804,0.1,1992-05-21,1992-12-01
1992-10-22,600651.SH,234.75,230.5,243.4,283300.0,6672000.0,23.551006,0.100324,0.1,1991-09-02,1992-12-01
1992-10-22,600653.SH,274.25,271.4,300.05,680600.0,19167000.0,28.161916,0.102687,0.1,1992-04-01,1992-12-01
1992-10-22,600654.SH,78.65,76.8,85.0,1210900.0,9657000.0,7.97506,0.101399,0.1,1992-06-01,1992-12-01
1992-10-23,000017.SZ,18.35,18.3,19.05,66400.0,6197000.0,93.328313,5.086012,5.0,1992-04-01,1993-05-01
1992-10-23,600601.SH,79.55,72.5,89.0,565700.0,4467000.0,7.896412,0.099264,0.1,1991-07-01,1992-12-01
1992-10-23,600602.SH,679.5,637.5,731.0,1670000.0,11241000.0,6.731138,0.009906,0.01,1991-01-03,1992-12-01
1992-10-23,600603.SH,244.0,230.0,250.0,308000.0,7403000.0,24.035714,0.098507,0.1,1992-05-08,1992-12-01
1992-10-23,600604.SH,119.55,110.05,125.0,585700.0,6821000.0,11.645894,0.097414,0.1,1992-05-11,1992-12-01
1992-10-23,600605.SH,73.75,66.65,77.9,417300.0,3024000.0,7.246585,0.098259,0.1,1992-05-13,1992-12-01
1992-10-23,600606.SH,74.55,66.45,82.75,264700.0,1954000.0,7.381942,0.09902,0.1,1992-05-21,1992-12-01
1992-10-23,600608.SH,91.05,77.5,100.0,314800.0,2824000.0,8.970775,0.098526,0.1,1992-05-21,1992-12-01
1992-10-23,600651.SH,242.5,222.75,445.25,162700.0,3939000.0,24.210203,0.099836,0.1,1991-09-02,1992-12-01
1992-10-23,600653.SH,281.0,264.0,291.5,516400.0,14498000.0,28.075136,0.099912,0.1,1992-04-01,1992-12-01
1992-10-23,600654.SH,82.0,75.47,89.0,874700.0,7146000.0,8.169658,0.09963,0.1,1992-06-01,1992-12-01
1992-10-26,000017.SZ,16.5,15.2,18.2,66000.0,5348000.0,81.030303,4.910927,5.0,1992-04-01,1993-05-01
1992-10-26,600601.SH,70.75,68.45,79.75,528800.0,3916000.0,7.405446,0.104671,0.1,1991-07-01,1992-12-01
1992-10-26,600602.SH,590.0,465.0,699.0,1920400.0,12059000.0,6.279421,0.010643,0.01,1991-01-03,1992-12-01
1992-10-26,600603.SH,210.03,210.03,245.05,375400.0,8408000.0,22.397443,0.106639,0.1,1992-05-08,1992-12-01
1992-10-26,600604.SH,107.4,104.5,119.25,743300.0,8323000.0,11.197363,0.104259,0.1,1992-05-11,1992-12-01
1992-10-26,600605.SH,66.0,64.8,74.22,576700.0,3979000.0,6.899601,0.104539,0.1,1992-05-13,1992-12-01
1992-10-26,600606.SH,68.0,66.5,75.05,424500.0,2981000.0,7.022379,0.10327,0.1,1992-05-21,1992-12-01
1992-10-26,600608.SH,81.45,76.25,91.75,503300.0,4263000.0,8.470097,0.103991,0.1,1992-05-21,1992-12-01
1992-10-26,600651.SH,215.2,213.55,241.4,286400.0,6579000.0,22.971369,0.106744,0.1,1991-09-02,1992-12-01
1992-10-26,600653.SH,251.0,250.01,283.5,553300.0,14664000.0,26.502801,0.105589,0.1,1992-04-01,1992-12-01
1992-10-26,600654.SH,74.5,72.8,84.5,1091800.0,8528000.0,7.810954,0.104845,0.1,1992-06-01,1992-12-01
1992-10-27,000017.SZ,15.9,15.6,17.0,88700.0,7169000.0,80.822999,5.083207,5.0,1992-04-01,1993-05-01
1992-10-27,600601.SH,65.0,62.8,72.5,947800.0,6171000.0,6.510867,0.100167,0.1,1991-07-01,1992-12-01
1992-10-27,600602.SH,480.53,477.5,578.0,2104800.0,10919000.0,5.187666,0.010796,0.01,1991-01-03,1992-12-01
1992-10-27,600603.SH,176.5,174.5,200.0,601000.0,11030000.0,18.352745,0.103982,0.1,1992-05-08,1992-12-01
1992-10-27,600604.SH,90.8,90.5,107.0,1279600.0,12387000.0,9.680369,0.106612,0.1,1992-05-11,1992-12-01
1992-10-27,600605.SH,59.35,57.48,65.0,579100.0,3455000.0,5.966154,0.100525,0.1,1992-05-13,1992-12-01
1992-10-27,600606.SH,59.25,57.0,69.95,332000.0,1998000.0,6.018072,0.101571,0.1,1992-05-21,1992-12-01
1992-10-27,600608.SH,71.15,67.75,75.0,626000.0,4438000.0,7.089457,0.099641,0.1,1992-05-21,1992-12-01
1992-10-27,600651.SH,184.8,181.5,210.5,297800.0,5671000.0,19.042982,0.103046,0.1,1991-09-02,1992-12-01
1992-10-27,600653.SH,218.0,214.08,246.0,748400.0,16566000.0,22.135222,0.101538,0.1,1992-04-01,1992-12-01
1992-10-27,600654.SH,68.6,65.55,73.75,1091600.0,7589000.0,6.95218,0.101344,0.1,1992-06-01,1992-12-01
1992-10-28,000017.SZ,16.25,15.6,16.5,79600.0,6391000.0,80.288945,4.940858,5.0,1992-04-01,1993-05-01
1992-10-28,600601.SH,65.0,62.75,70.0,524900.0,3490000.0,6.648886,0.102291,0.1,1991-07-01,1992-12-01
1992-10-28,600602.SH,500.0,468.0,529.5,1803300.0,8964000.0,4.970887,0.009942,0.01,1991-01-03,1992-12-01
1992-10-28,600603.SH,180.0,172.5,188.0,676200.0,12319000.0,18.217983,0.101211,0.1,1992-05-08,1992-12-01
1992-10-28,600604.SH,92.0,88.0,98.48,889900.0,8328000.0,9.358355,0.101721,0.1,1992-05-11,1992-12-01
1992-10-28,600605.SH,58.9,56.35,65.25,288200.0,1734000.0,6.016655,0.10215,0.1,1992-05-13,1992-12-01
1992-10-28,600606.SH,117.78,53.35,117.78,183900.0,1123000.0,6.10658,0.051847,0.1,1992-05-21,1992-12-01
1992-10-28,600608.SH,70.0,67.5,319.0,276400.0,1990000.0,7.199711,0.102853,0.1,1992-05-21,1992-12-01
1992-10-28,600651.SH,188.0,179.0,200.0,279500.0,5338000.0,19.09839,0.101587,0.1,1991-09-02,1992-12-01
1992-10-28,600653.SH,220.0,212.5,234.75,618500.0,13889000.0,22.455942,0.102072,0.1,1992-04-01,1992-12-01
1992-10-28,600654.SH,69.5,66.05,122.25,751500.0,5255000.0,6.992681,0.100614,0.1,1992-06-01,1992-12-01
1992-10-29,000017.SZ,17.45,16.0,17.5,64400.0,5304000.0,82.360248,4.719785,5.0,1992-04-01,1993-05-01
1992-10-29,600601.SH,68.4,64.03,284.1,419000.0,2816000.0,6.720764,0.098257,0.1,1991-07-01,1992-12-01
1992-10-29,600602.SH,520.0,488.5,527.5,1865200.0,9524000.0,5.106155,0.00982,0.01,1991-01-03,1992-12-01
1992-10-29,600603.SH,187.38,177.78,189.03,391500.0,7240000.0,18.492976,0.098692,0.1,1992-05-08,1992-12-01
1992-10-29,600604.SH,97.5,90.75,98.0,679400.0,6461000.0,9.509862,0.097537,0.1,1992-05-11,1992-12-01
1992-10-29,600605.SH,62.0,58.0,62.25,315100.0,1917000.0,6.083783,0.098126,0.1,1992-05-13,1992-12-01
1992-10-29,600606.SH,62.0,57.8,63.9,289300.0,1764000.0,6.097477,0.098346,0.1,1992-05-21,1992-12-01
1992-10-29,600608.SH,73.7,68.55,74.45,350800.0,2546000.0,7.257697,0.098476,0.1,1992-05-21,1992-12-01
1992-10-29,600651.SH,205.0,187.95,205.0,162400.0,3173000.0,19.538177,0.095308,0.1,1991-09-02,1992-12-01
1992-10-29,600653.SH,231.5,217.0,233.95,363900.0,8266000.0,22.715032,0.098121,0.1,1992-04-01,1992-12-01
1992-10-29,600654.SH,72.95,66.55,73.55,700800.0,5004000.0,7.140411,0.097881,0.1,1992-06-01,1992-12-01
1992-10-30,000017.SZ,18.1,17.5,18.5,111600.0,10053000.0,90.080645,4.976831,5.0,1992-04-01,1993-05-01
1992-10-30,600601.SH,70.9,68.6,72.55,651500.0,4563000.0,7.003837,0.098785,0.1,1991-07-01,1992-12-01
1992-10-30,600602.SH,552.5,492.5,559.5,2357900.0,12818000.0,5.436193,0.009839,0.01,1991-01-03,1992-12-01
1992-10-30,600603.SH,200.98,190.7,200.98,573100.0,11188000.0,19.521898,0.097134,0.1,1992-05-08,1992-12-01
1992-10-30,600604.SH,102.45,97.55,105.55,1187400.0,11968000.0,10.079165,0.098381,0.1,1992-05-11,1992-12-01
1992-10-30,600605.SH,64.55,62.7,66.0,533800.0,3427000.0,6.420007,0.099458,0.1,1992-05-13,1992-12-01
1992-10-30,600606.SH,65.35,62.1,66.78,459200.0,2956000.0,6.437282,0.098505,0.1,1992-05-21,1992-12-01
1992-10-30,600608.SH,77.75,73.0,78.5,481000.0,3665000.0,7.619543,0.098001,0.1,1992-05-21,1992-12-01
1992-10-30,600651.SH,224.5,213.6,225.5,257300.0,5625000.0,21.86164,0.097379,0.1,1991-09-02,1992-12-01
1992-10-30,600653.SH,248.0,232.05,248.4,451500.0,10862000.0,24.057586,0.097006,0.1,1992-04-01,1992-12-01
1992-10-30,600654.SH,74.9,72.6,75.75,888200.0,6612000.0,7.444269,0.099389,0.1,1992-06-01,1992-12-01
1992-11-02,000017.SZ,16.7,16.65,18.1,85400.0,7365000.0,86.241218,5.164145,5.0,1992-04-01,1993-05-01
1992-11-02,600601.SH,66.25,62.55,73.95,335200.0,2237000.0,6.673628,0.100734,0.1,1991-07-01,1992-12-01
1992-11-02,600602.SH,511.0,485.0,574.5,2366300.0,12178000.0,5.146431,0.010071,0.01,1991-01-03,1992-12-01
1992-11-02,600603.SH,183.75,179.53,207.9,477800.0,8948000.0,18.727501,0.101918,0.1,1992-05-08,1992-12-01
1992-11-02,600604.SH,95.0,92.0,104.75,658700.0,6376000.0,9.679672,0.101891,0.1,1992-05-11,1992-12-01
1992-11-02,600605.SH,59.0,57.15,63.53,297100.0,1759000.0,5.920565,0.100349,0.1,1992-05-13,1992-12-01
1992-11-02,600606.SH,60.0,57.0,66.25,221800.0,1335000.0,6.018936,0.100316,0.1,1992-05-21,1992-12-01
1992-11-02,600608.SH,71.0,67.75,79.7,270500.0,1922000.0,7.10536,0.100075,0.1,1992-05-21,1992-12-01
1992-11-02,600651.SH,207.25,197.5,228.9,307900.0,6332000.0,20.565119,0.099229,0.1,1991-09-02,1992-12-01
1992-11-02,600653.SH,227.75,218.5,252.5,381300.0,8735000.0,22.908471,0.100586,0.1,1992-04-01,1992-12-01
1992-11-02,600654.SH,69.13,65.5,75.47,474200.0,3312000.0,6.984395,0.101033,0.1,1992-06-01,1992-12-01
1992-11-03,000017.SZ,17.3,16.0,17.3,60900.0,5021000.0,82.446634,4.765701,5.0,1992-04-01,1993-05-01
1992-11-03,600601.SH,65.8,64.8,68.25,252400.0,1667000.0,6.604596,0.100374,0.1,1991-07-01,1992-12-01
1992-11-03,600602.SH,495.5,480.0,513.0,1723100.0,8586000.0,4.98288,0.010056,0.01,1991-01-03,1992-12-01
1992-11-03,600603.SH,182.3,174.0,188.65,377400.0,6907000.0,18.301537,0.100392,0.1,1992-05-08,1992-12-01
1992-11-03,600604.SH,92.9,78.05,97.1,980800.0,9145000.0,9.324021,0.100366,0.1,1992-05-11,1992-12-01
1992-11-03,600605.SH,58.6,55.0,63.85,188300.0,1105000.0,5.868295,0.100142,0.1,1992-05-13,1992-12-01
1992-11-03,600606.SH,59.3,57.05,62.25,140600.0,841000.0,5.981508,0.100869,0.1,1992-05-21,1992-12-01
1992-11-03,600608.SH,70.0,66.85,72.58,233200.0,1639000.0,7.028302,0.100404,0.1,1992-05-21,1992-12-01
1992-11-03,600651.SH,204.6,198.75,210.0,158700.0,3250000.0,20.478891,0.100092,0.1,1991-09-02,1992-12-01
1992-11-03,600653.SH,226.35,216.5,231.0,168900.0,3807000.0,22.539964,0.09958,0.1,1992-04-01,1992-12-01
1992-11-03,600654.SH,68.6,66.8,70.82,524600.0,3598000.0,6.858559,0.099979,0.1,1992-06-01,1992-12-01
1992-11-04,000017.SZ,16.7,16.65,17.45,49100.0,4152000.0,84.562118,5.0636,5.0,1992-04-01,1993-05-01
1992-11-04,600601.SH,65.03,64.55,70.5,278000.0,1821000.0,6.55036,0.100728,0.1,1991-07-01,1992-12-01
1992-11-04,600602.SH,489.0,470.0,499.85,1634500.0,7974000.0,4.878556,0.009977,0.01,1991-01-03,1992-12-01
1992-11-04,600603.SH,179.63,177.0,184.0,225800.0,4075000.0,18.046944,0.100467,0.1,1992-05-08,1992-12-01
1992-11-04,600604.SH,91.0,77.7,93.5,599400.0,5475000.0,9.134134,0.100375,0.1,1992-05-11,1992-12-01
1992-11-04,600605.SH,56.83,55.45,59.2,214200.0,1224000.0,5.714286,0.100551,0.1,1992-05-13,1992-12-01
1992-11-04,600606.SH,58.4,56.55,70.8,125500.0,734000.0,5.848606,0.100147,0.1,1992-05-21,1992-12-01
1992-11-04,600608.SH,68.13,67.25,70.8,228500.0,1572000.0,6.87965,0.100978,0.1,1992-05-21,1992-12-01
1992-11-04,600651.SH,199.15,197.0,206.5,125900.0,2523000.0,20.039714,0.100626,0.1,1991-09-02,1992-12-01
1992-11-04,600653.SH,222.05,218.0,227.5,241200.0,5376000.0,22.288557,0.100376,0.1,1992-04-01,1992-12-01
1992-11-04,600654.SH,67.4,66.0,69.7,490700.0,3315000.0,6.755655,0.100232,0.1,1992-06-01,1992-12-01
1992-11-05,000017.SZ,16.55,16.4,17.0,28400.0,2367000.0,83.34507,5.035956,5.0,1992-04-01,1993-05-01
1992-11-05,600601.SH,64.8,63.75,66.1,272700.0,1768000.0,6.483315,0.100051,0.1,1991-07-01,1992-12-01
1992-11-05,600602.SH,485.0,474.55,489.0,1069600.0,5162000.0,4.826103,0.009951,0.01,1991-01-03,1992-12-01
1992-11-05,600603.SH,176.5,174.03,180.2,284100.0,5009000.0,17.631116,0.099893,0.1,1992-05-08,1992-12-01
1992-11-05,600604.SH,89.6,87.75,93.6,699200.0,6251000.0,8.940217,0.099779,0.1,1992-05-11,1992-12-01
1992-11-05,600605.SH,55.8,54.85,57.5,206000.0,1148000.0,5.572816,0.099871,0.1,1992-05-13,1992-12-01
1992-11-05,600606.SH,56.25,55.2,59.0,192500.0,1086000.0,5.641558,0.100294,0.1,1992-05-21,1992-12-01
1992-11-05,600608.SH,67.35,65.9,69.0,277400.0,1858000.0,6.697909,0.099449,0.1,1992-05-21,1992-12-01
1992-11-05,600651.SH,194.0,187.75,199.55,181300.0,3509000.0,19.354661,0.099766,0.1,1991-09-02,1992-12-01
1992-11-05,600653.SH,223.98,220.0,223.98,399200.0,8843000.0,22.151804,0.098901,0.1,1992-04-01,1992-12-01
1992-11-05,600654.SH,67.0,65.35,68.47,422800.0,2815000.0,6.657994,0.099373,0.1,1992-06-01,1992-12-01
1992-11-06,000017.SZ,16.2,16.1,16.5,32900.0,2687000.0,81.671733,5.041465,5.0,1992-04-01,1993-05-01
1992-11-06,600601.SH,64.0,63.9,66.05,208600.0,1349000.0,6.466922,0.101046,0.1,1991-07-01,1992-12-01
1992-11-06,600602.SH,489.5,483.1,497.0,806500.0,3945000.0,4.891507,0.009993,0.01,1991-01-03,1992-12-01
1992-11-06,600603.SH,175.3,174.5,178.25,241400.0,4251000.0,17.609776,0.100455,0.1,1992-05-08,1992-12-01
1992-11-06,600604.SH,88.55,88.0,91.15,453700.0,4049000.0,8.924399,0.100784,0.1,1992-05-11,1992-12-01
1992-11-06,600605.SH,55.08,54.83,58.0,213400.0,1185000.0,5.552952,0.100816,0.1,1992-05-13,1992-12-01
1992-11-06,600606.SH,55.35,54.4,57.25,129300.0,719000.0,5.560712,0.100465,0.1,1992-05-21,1992-12-01
1992-11-06,600608.SH,65.8,65.35,67.95,171200.0,1137000.0,6.641355,0.100932,0.1,1992-05-21,1992-12-01
1992-11-06,600651.SH,192.2,191.0,195.7,60400.0,1165000.0,19.288079,0.100354,0.1,1991-09-02,1992-12-01
1992-11-06,600653.SH,224.0,220.0,225.0,143600.0,3193000.0,22.235376,0.099265,0.1,1992-04-01,1992-12-01
1992-11-06,600654.SH,66.1,65.5,68.25,310000.0,2062000.0,6.651613,0.10063,0.1,1992-06-01,1992-12-01
1992-11-09,000017.SZ,16.1,15.9,16.55,26900.0,2171000.0,80.70632,5.012815,5.0,1992-04-01,1993-05-01
1992-11-09,600601.SH,60.6,59.85,64.9,352500.0,2163000.0,6.13617,0.101257,0.1,1991-07-01,1992-12-01
1992-11-09,600602.SH,475.03,460.9,491.75,1393100.0,6693000.0,4.804393,0.010114,0.01,1991-01-03,1992-12-01
1992-11-09,600603.SH,161.0,158.05,175.0,339800.0,5558000.0,16.35668,0.101594,0.1,1992-05-08,1992-12-01
1992-11-09,600604.SH,79.03,78.5,88.5,760100.0,6146000.0,8.085778,0.102313,0.1,1992-05-11,1992-12-01
1992-11-09,600605.SH,50.0,48.28,56.3,261000.0,1315000.0,5.038314,0.100766,0.1,1992-05-13,1992-12-01
1992-11-09,600606.SH,50.3,48.75,54.9,226000.0,1149000.0,5.084071,0.101075,0.1,1992-05-21,1992-12-01
1992-11-09,600608.SH,59.0,57.8,65.25,302700.0,1811000.0,5.982821,0.101404,0.1,1992-05-21,1992-12-01
1992-11-09,600651.SH,184.2,179.0,190.0,181800.0,3356000.0,18.459846,0.100216,0.1,1991-09-02,1992-12-01
1992-11-09,600653.SH,209.4,203.25,222.0,332100.0,7096000.0,21.367058,0.102039,0.1,1992-04-01,1992-12-01
1992-11-09,600654.SH,61.23,60.53,66.0,583300.0,3633000.0,6.228356,0.101721,0.1,1992-06-01,1992-12-01
1992-11-10,000017.SZ,15.95,15.9,16.4,22600.0,1820000.0,80.530973,5.048964,5.0,1992-04-01,1993-05-01
1992-11-10,600601.SH,60.2,54.55,61.0,686200.0,3961000.0,5.77237,0.095887,0.1,1991-07-01,1992-12-01
1992-11-10,600602.SH,453.0,448.0,476.5,1556600.0,7109000.0,4.567005,0.010082,0.01,1991-01-03,1992-12-01
1992-11-10,600603.SH,147.15,142.25,158.0,567900.0,8468000.0,14.911076,0.101332,0.1,1992-05-08,1992-12-01
1992-11-10,600604.SH,70.8,69.0,77.9,1010100.0,7379000.0,7.305217,0.103181,0.1,1992-05-11,1992-12-01
1992-11-10,600605.SH,45.5,42.5,48.0,317500.0,1462000.0,4.604724,0.101203,0.1,1992-05-13,1992-12-01
1992-11-10,600606.SH,46.73,45.5,50.0,244100.0,1155000.0,4.731667,0.101255,0.1,1992-05-21,1992-12-01
1992-11-10,600608.SH,54.75,52.5,59.45,345400.0,1907000.0,5.521135,0.100843,0.1,1992-05-21,1992-12-01
1992-11-10,600651.SH,167.0,160.3,181.0,217400.0,3711000.0,17.069917,0.102215,0.1,1991-09-02,1992-12-01
1992-11-10,600653.SH,189.5,185.05,206.5,529300.0,10280000.0,19.421878,0.10249,0.1,1992-04-01,1992-12-01
1992-11-10,600654.SH,60.5,53.0,61.43,1341700.0,7718000.0,5.752404,0.095081,0.1,1992-06-01,1992-12-01
1992-11-11,000017.SZ,15.5,15.0,16.0,40500.0,3126000.0,77.185185,4.979689,5.0,1992-04-01,1993-05-01
1992-11-11,600601.SH,60.5,57.4,61.2,387400.0,2307000.0,5.955085,0.098431,0.1,1991-07-01,1992-12-01
1992-11-11,600602.SH,469.0,445.0,469.0,869800.0,3964000.0,4.55737,0.009717,0.01,1991-01-03,1992-12-01
1992-11-11,600603.SH,148.0,140.0,150.03,342200.0,4974000.0,14.535359,0.098212,0.1,1992-05-08,1992-12-01
1992-11-11,600604.SH,72.4,67.03,73.28,890700.0,6332000.0,7.109015,0.098191,0.1,1992-05-11,1992-12-01
1992-11-11,600605.SH,46.65,43.8,48.0,284300.0,1304000.0,4.586704,0.098322,0.1,1992-05-13,1992-12-01
1992-11-11,600606.SH,47.75,44.78,51.1,225400.0,1060000.0,4.702751,0.098487,0.1,1992-05-21,1992-12-01
1992-11-11,600608.SH,56.25,50.1,57.1,406000.0,2203000.0,5.426108,0.096464,0.1,1992-05-21,1992-12-01
1992-11-11,600651.SH,170.0,162.55,171.3,129600.0,2167000.0,16.720679,0.098357,0.1,1991-09-02,1992-12-01
1992-11-11,600653.SH,190.6,183.0,193.0,317600.0,5996000.0,18.879093,0.099051,0.1,1992-04-01,1992-12-01
1992-11-11,600654.SH,60.4,57.88,61.1,741700.0,4408000.0,5.943104,0.098396,0.1,1992-06-01,1992-12-01
1992-11-12,000017.SZ,14.9,14.5,16.05,49600.0,3769000.0,75.987903,5.099859,5.0,1992-04-01,1993-05-01
1992-11-12,600601.SH,61.1,58.5,63.2,420400.0,2559000.0,6.08706,0.099625,0.1,1991-07-01,1992-12-01
1992-11-12,600602.SH,483.75,462.1,488.9,2243900.0,10761000.0,4.795668,0.009914,0.01,1991-01-03,1992-12-01
1992-11-12,600603.SH,151.03,145.0,153.1,441200.0,6608000.0,14.977335,0.099168,0.1,1992-05-08,1992-12-01
1992-11-12,600604.SH,73.5,70.55,74.75,810700.0,5922000.0,7.304798,0.099385,0.1,1992-05-11,1992-12-01
1992-11-12,600605.SH,48.03,46.0,48.95,437900.0,2087000.0,4.765928,0.099228,0.1,1992-05-13,1992-12-01
1992-11-12,600606.SH,49.35,46.05,54.0,313800.0,1522000.0,4.850223,0.098282,0.1,1992-05-21,1992-12-01
1992-11-12,600608.SH,57.0,53.0,107.05,417400.0,2361000.0,5.656445,0.099236,0.1,1992-05-21,1992-12-01
1992-11-12,600651.SH,175.0,167.05,175.25,160400.0,2774000.0,17.294264,0.098824,0.1,1991-09-02,1992-12-01
1992-11-12,600653.SH,194.7,188.35,197.5,350200.0,6776000.0,19.348943,0.099378,0.1,1992-04-01,1992-12-01
1992-11-12,600654.SH,61.25,58.55,63.5,581800.0,3545000.0,6.093159,0.09948,0.1,1992-06-01,1992-12-01
1992-11-13,000017.SZ,14.2,13.65,15.0,87400.0,6171000.0,70.606407,4.972282,5.0,1992-04-01,1993-05-01
1992-11-13,600601.SH,60.75,60.05,63.05,296600.0,1806000.0,6.089009,0.100231,0.1,1991-07-01,1992-12-01
1992-11-13,600602.SH,486.5,482.5,502.0,1628700.0,8010000.0,4.918033,0.010109,0.01,1991-01-03,1992-12-01
1992-11-13,600603.SH,151.5,150.0,160.0,380400.0,5798000.0,15.241851,0.100606,0.1,1992-05-08,1992-12-01
1992-11-13,600604.SH,73.08,72.2,75.9,642600.0,4719000.0,7.343604,0.100487,0.1,1992-05-11,1992-12-01
1992-11-13,600605.SH,47.8,47.0,50.43,294100.0,1436000.0,4.882693,0.102148,0.1,1992-05-13,1992-12-01
1992-11-13,600606.SH,48.45,46.28,50.5,232200.0,1142000.0,4.918174,0.10151,0.1,1992-05-21,1992-12-01
1992-11-13,600608.SH,55.95,54.75,58.75,259200.0,1462000.0,5.640432,0.100812,0.1,1992-05-21,1992-12-01
1992-11-13,600651.SH,174.2,173.75,179.5,142600.0,2524000.0,17.69986,0.101607,0.1,1991-09-02,1992-12-01
1992-11-13,600653.SH,194.7,192.45,199.0,259200.0,5082000.0,19.606481,0.100701,0.1,1992-04-01,1992-12-01
1992-11-13,600654.SH,60.8,60.5,63.75,397400.0,2451000.0,6.167589,0.101441,0.1,1992-06-01,1992-12-01
1992-11-16,000017.SZ,12.55,12.5,14.2,87300.0,5772000.0,66.116838,5.268274,5.0,1992-04-01,1993-05-01
1992-11-16,600601.SH,60.0,57.0,61.0,251900.0,1488000.0,5.907106,0.098452,0.1,1991-07-01,1992-12-01
1992-11-16,600602.SH,472.5,469.0,495.0,1005400.0,4797000.0,4.771235,0.010098,0.01,1991-01-03,1992-12-01
1992-11-16,600603.SH,145.4,144.55,152.25,165800.0,2438000.0,14.704463,0.101131,0.1,1992-05-08,1992-12-01
1992-11-16,600604.SH,69.78,68.75,73.75,526700.0,3710000.0,7.043858,0.100944,0.1,1992-05-11,1992-12-01
1992-11-16,600605.SH,46.5,45.15,47.2,222000.0,1016000.0,4.576577,0.098421,0.1,1992-05-13,1992-12-01
1992-11-16,600606.SH,46.65,45.5,48.0,115900.0,535000.0,4.616048,0.098951,0.1,1992-05-21,1992-12-01
1992-11-16,600608.SH,52.95,51.5,55.45,193800.0,1025000.0,5.288958,0.099886,0.1,1992-05-21,1992-12-01
1992-11-16,600651.SH,166.5,164.5,174.55,96500.0,1625000.0,16.839378,0.101137,0.1,1991-09-02,1992-12-01
1992-11-16,600653.SH,189.05,187.75,195.0,226200.0,4296000.0,18.992042,0.10046,0.1,1992-04-01,1992-12-01
1992-11-16,600654.SH,59.95,57.5,60.65,561400.0,3316000.0,5.906662,0.098526,0.1,1992-06-01,1992-12-01
1992-11-17,000017.SZ,12.45,11.3,12.75,133700.0,7992000.0,59.775617,4.801254,5.0,1992-04-01,1993-05-01
1992-11-17,600601.SH,58.6,57.0,60.0,225000.0,1316000.0,5.848889,0.09981,0.1,1991-07-01,1992-12-01
1992-11-17,600602.SH,465.5,457.0,467.5,925900.0,4299000.0,4.64305,0.009974,0.01,1991-01-03,1992-12-01
1992-11-17,600603.SH,141.0,138.05,144.0,410800.0,5781000.0,14.072541,0.099805,0.1,1992-05-08,1992-12-01
1992-11-17,600604.SH,67.5,65.8,69.25,652900.0,4415000.0,6.762138,0.10018,0.1,1992-05-11,1992-12-01
1992-11-17,600605.SH,44.65,42.0,45.85,196700.0,869000.0,4.417895,0.098945,0.1,1992-05-13,1992-12-01
1992-11-17,600606.SH,45.55,43.8,46.55,175200.0,798000.0,4.554795,0.099995,0.1,1992-05-21,1992-12-01
1992-11-17,600608.SH,51.0,48.75,52.13,325700.0,1636000.0,5.023027,0.098491,0.1,1992-05-21,1992-12-01
1992-11-17,600651.SH,165.0,158.0,165.0,124000.0,2020000.0,16.290323,0.098729,0.1,1991-09-02,1992-12-01
1992-11-17,600653.SH,186.0,175.0,186.5,227800.0,4210000.0,18.481124,0.099361,0.1,1992-04-01,1992-12-01
1992-11-17,600654.SH,58.8,56.5,59.35,270000.0,1577000.0,5.840741,0.099332,0.1,1992-06-01,1992-12-01
1992-11-18,000017.SZ,13.4,12.2,14.0,142500.0,9286000.0,65.164912,4.863053,5.0,1992-04-01,1993-05-01
1992-11-18,600601.SH,59.4,58.6,59.4,169600.0,1003000.0,5.913915,0.099561,0.1,1991-07-01,1992-12-01
1992-11-18,600602.SH,482.95,464.2,483.0,611600.0,2910000.0,4.758012,0.009852,0.01,1991-01-03,1992-12-01
1992-11-18,600603.SH,145.0,140.1,145.0,198500.0,2839000.0,14.302267,0.098636,0.1,1992-05-08,1992-12-01
1992-11-18,600604.SH,70.0,66.0,70.0,457900.0,3164000.0,6.909806,0.098712,0.1,1992-05-11,1992-12-01
1992-11-18,600605.SH,46.8,44.0,46.8,325300.0,1489000.0,4.577313,0.097806,0.1,1992-05-13,1992-12-01
1992-11-18,600606.SH,47.55,45.0,47.8,187200.0,882000.0,4.711538,0.099086,0.1,1992-05-21,1992-12-01
1992-11-18,600608.SH,53.2,50.8,53.5,266900.0,1403000.0,5.25665,0.098809,0.1,1992-05-21,1992-12-01
1992-11-18,600651.SH,169.0,162.2,169.0,71300.0,1193000.0,16.732118,0.099007,0.1,1991-09-02,1992-12-01
1992-11-18,600653.SH,190.0,185.0,190.0,115500.0,2177000.0,18.848485,0.099203,0.1,1992-04-01,1992-12-01
1992-11-18,600654.SH,59.2,57.5,59.5,292100.0,1725000.0,5.905512,0.099755,0.1,1992-06-01,1992-12-01
1992-11-19,000017.SZ,13.4,12.9,13.8,120500.0,8063000.0,66.912863,4.993497,5.0,1992-04-01,1993-05-01
1992-11-19,600601.SH,58.2,57.5,60.5,147100.0,865000.0,5.880354,0.101037,0.1,1991-07-01,1992-12-01
1992-11-19,600602.SH,473.0,470.0,486.0,682100.0,3257000.0,4.77496,0.010095,0.01,1991-01-03,1992-12-01
1992-11-19,600603.SH,142.0,140.1,147.0,172600.0,2482000.0,14.38007,0.101268,0.1,1992-05-08,1992-12-01
1992-11-19,600604.SH,68.0,67.1,71.5,544000.0,3772000.0,6.933824,0.101968,0.1,1992-05-11,1992-12-01
1992-11-19,600605.SH,45.5,44.0,47.5,227700.0,1051000.0,4.615722,0.101444,0.1,1992-05-13,1992-12-01
1992-11-19,600606.SH,46.0,45.2,48.2,193800.0,901000.0,4.649123,0.101068,0.1,1992-05-21,1992-12-01
1992-11-19,600608.SH,51.8,51.1,54.5,278300.0,1470000.0,5.28207,0.10197,0.1,1992-05-21,1992-12-01
1992-11-19,600651.SH,167.0,163.0,173.8,57100.0,960000.0,16.812609,0.100674,0.1,1991-09-02,1992-12-01
1992-11-19,600653.SH,187.0,186.1,194.0,94300.0,1788000.0,18.960764,0.101394,0.1,1992-04-01,1992-12-01
1992-11-19,600654.SH,58.3,58.0,60.0,334300.0,1978000.0,5.916841,0.10149,0.1,1992-06-01,1992-12-01
1992-11-20,000017.SZ,12.6,12.6,13.5,110800.0,7291000.0,65.803249,5.22248,5.0,1992-04-01,1993-05-01
1992-11-20,600601.SH,58.2,57.5,59.95,139800.0,811000.0,5.801144,0.099676,0.1,1991-07-01,1992-12-01
1992-11-20,600602.SH,475.0,470.0,477.6,337300.0,1595000.0,4.728728,0.009955,0.01,1991-01-03,1992-12-01
1992-11-20,600603.SH,142.0,140.0,143.5,164100.0,2319000.0,14.131627,0.099519,0.1,1992-05-08,1992-12-01
1992-11-20,600604.SH,69.15,67.55,71.0,426800.0,2932000.0,6.869728,0.099345,0.1,1992-05-11,1992-12-01
1992-11-20,600605.SH,45.5,44.6,45.9,266800.0,1204000.0,4.512744,0.099181,0.1,1992-05-13,1992-12-01
1992-11-20,600606.SH,46.5,45.15,46.9,88200.0,406000.0,4.603175,0.098993,0.1,1992-05-21,1992-12-01
1992-11-20,600608.SH,51.7,50.1,52.5,206400.0,1064000.0,5.155039,0.099711,0.1,1992-05-21,1992-12-01
1992-11-20,600651.SH,167.0,165.0,168.0,48800.0,810000.0,16.598361,0.099391,0.1,1991-09-02,1992-12-01
1992-11-20,600653.SH,188.0,185.05,189.8,110400.0,2062000.0,18.677536,0.099349,0.1,1992-04-01,1992-12-01
1992-11-20,600654.SH,58.2,57.55,58.5,224900.0,1305000.0,5.802579,0.099701,0.1,1992-06-01,1992-12-01
1992-11-23,000017.SZ,11.9,11.35,12.6,89700.0,5339000.0,59.520624,5.001733,5.0,1992-04-01,1993-05-01
1992-11-23,600601.SH,59.6,58.1,60.0,279200.0,1653000.0,5.920487,0.099337,0.1,1991-07-01,1992-12-01
1992-11-23,600602.SH,511.0,482.0,515.0,3203100.0,15991000.0,4.992351,0.00977,0.01,1991-01-03,1992-12-01
1992-11-23,600603.SH,145.0,141.0,146.0,270200.0,3890000.0,14.396743,0.099288,0.1,1992-05-08,1992-12-01
1992-11-23,600604.SH,71.0,69.0,71.0,608500.0,4278000.0,7.030403,0.09902,0.1,1992-05-11,1992-12-01
1992-11-23,600605.SH,46.9,45.4,48.0,295000.0,1376000.0,4.664407,0.099454,0.1,1992-05-13,1992-12-01
1992-11-23,600606.SH,48.0,46.8,48.5,199300.0,948000.0,4.756648,0.099097,0.1,1992-05-21,1992-12-01
1992-11-23,600608.SH,53.05,52.0,53.8,239300.0,1261000.0,5.269536,0.099332,0.1,1992-05-21,1992-12-01
1992-11-23,600651.SH,174.45,166.9,174.45,158400.0,2709000.0,17.102273,0.098035,0.1,1991-09-02,1992-12-01
1992-11-23,600653.SH,198.0,190.0,198.0,384900.0,7519000.0,19.534944,0.098661,0.1,1992-04-01,1992-12-01
1992-11-23,600654.SH,59.55,58.0,60.0,329400.0,1956000.0,5.938069,0.099716,0.1,1992-06-01,1992-12-01
1992-11-24,000017.SZ,12.5,11.85,12.5,57200.0,3513000.0,61.416084,4.913287,5.0,1992-04-01,1993-05-01
1992-11-24,600601.SH,63.5,59.9,64.0,377000.0,2294000.0,6.084881,0.095825,0.1,1991-07-01,1992-12-01
1992-11-24,600602.SH,585.0,518.0,590.0,4017700.0,22064000.0,5.491699,0.009388,0.01,1991-01-03,1992-12-01
1992-11-24,600603.SH,158.0,146.0,162.0,496100.0,7544000.0,15.206612,0.096244,0.1,1992-05-08,1992-12-01
1992-11-24,600604.SH,77.1,71.0,80.0,1224700.0,9021000.0,7.365886,0.095537,0.1,1992-05-11,1992-12-01
1992-11-24,600605.SH,51.5,46.5,51.8,453800.0,2213000.0,4.876598,0.094691,0.1,1992-05-13,1992-12-01
1992-11-24,600606.SH,53.0,48.1,100.0,488500.0,2434000.0,4.9826,0.094011,0.1,1992-05-21,1992-12-01
1992-11-24,600608.SH,57.5,53.1,64.5,440800.0,2427000.0,5.505898,0.095755,0.1,1992-05-21,1992-12-01
1992-11-24,600651.SH,187.0,174.9,190.0,107600.0,1916000.0,17.806691,0.095223,0.1,1991-09-02,1992-12-01
1992-11-24,600653.SH,220.0,199.0,220.0,394100.0,8155000.0,20.692718,0.094058,0.1,1992-04-01,1992-12-01
1992-11-24,600654.SH,65.0,59.2,65.0,527100.0,3220000.0,6.108898,0.093983,0.1,1992-06-01,1992-12-01
1992-11-25,000017.SZ,13.0,12.3,13.1,102800.0,6542000.0,63.638132,4.895241,5.0,1992-04-01,1993-05-01
1992-11-25,600601.SH,85.0,66.5,85.0,915000.0,6605000.0,7.218579,0.084924,0.1,1991-07-01,1992-12-01
1992-11-25,600602.SH,790.0,630.0,802.0,5084500.0,35628000.0,7.007179,0.00887,0.01,1991-01-03,1992-12-01
1992-11-25,600603.SH,205.0,165.0,205.0,724800.0,13127000.0,18.111203,0.088347,0.1,1992-05-08,1992-12-01
1992-11-25,600604.SH,105.0,80.0,110.0,1686000.0,15274000.0,9.059312,0.086279,0.1,1992-05-11,1992-12-01
1992-11-25,600605.SH,70.0,54.85,72.0,1055500.0,6591000.0,6.244434,0.089206,0.1,1992-05-13,1992-12-01
1992-11-25,600606.SH,72.2,58.0,73.5,652300.0,4495000.0,6.891001,0.095443,0.1,1992-05-21,1992-12-01
1992-11-25,600608.SH,84.0,60.5,88.88,930300.0,6437000.0,6.919273,0.082372,0.1,1992-05-21,1992-12-01
1992-11-25,600651.SH,232.0,194.0,260.0,267100.0,5879000.0,22.010483,0.094873,0.1,1991-09-02,1992-12-01
1992-11-25,600653.SH,270.0,228.0,279.0,694800.0,17094000.0,24.602763,0.091121,0.1,1992-04-01,1992-12-01
1992-11-25,600654.SH,84.0,66.1,84.5,1421700.0,10188000.0,7.166069,0.08531,0.1,1992-06-01,1992-12-01
1992-11-26,000017.SZ,15.0,13.15,15.25,189300.0,13374000.0,70.649762,4.709984,5.0,1992-04-01,1993-05-01
1992-11-26,600601.SH,80.0,79.0,110.0,1820700.0,16220000.0,8.908662,0.111358,0.1,1991-07-01,1992-12-01
1992-11-26,600602.SH,860.0,855.0,1250.0,7978400.0,77788000.0,9.749825,0.011337,0.01,1991-01-03,1992-12-01
1992-11-26,600603.SH,198.0,170.0,260.0,1192600.0,27266000.0,22.862653,0.115468,0.1,1992-05-08,1992-12-01
1992-11-26,600604.SH,108.0,100.0,140.0,3001600.0,36458000.0,12.146189,0.112465,0.1,1992-05-11,1992-12-01
1992-11-26,600605.SH,74.0,72.0,100.0,1527200.0,13166000.0,8.621006,0.1165,0.1,1992-05-13,1992-12-01
1992-11-26,600606.SH,79.0,78.0,110.0,1345600.0,12304000.0,9.143876,0.115745,0.1,1992-05-21,1992-12-01
1992-11-26,600608.SH,80.0,79.0,135.0,776000.0,7819000.0,10.076031,0.12595,0.1,1992-05-21,1992-12-01
1992-11-26,600651.SH,218.0,210.0,290.0,298800.0,7568000.0,25.327979,0.116183,0.1,1991-09-02,1992-12-01
1992-11-26,600653.SH,275.0,270.0,350.0,1112200.0,34162000.0,30.715699,0.111693,0.1,1992-04-01,1992-12-01
1992-11-26,600654.SH,82.0,77.0,140.0,1957300.0,17965000.0,9.17846,0.111932,0.1,1992-06-01,1992-12-01
1992-11-27,000017.SZ,14.8,13.8,15.3,174300.0,12870000.0,73.83821,4.989068,5.0,1992-04-01,1993-05-01
1992-11-27,600601.SH,93.0,65.0,100.0,1192000.0,10550000.0,8.850671,0.095169,0.1,1991-07-01,1992-12-01
1992-11-27,600602.SH,965.0,670.0,1049.0,4952100.0,45793000.0,9.247188,0.009583,0.01,1991-01-03,1992-12-01
1992-11-27,600603.SH,231.0,175.0,261.0,954200.0,21691000.0,22.732132,0.098407,0.1,1992-05-08,1992-12-01
1992-11-27,600604.SH,117.0,85.0,125.0,1636900.0,18596000.0,11.360499,0.097098,0.1,1992-05-11,1992-12-01
1992-11-27,600605.SH,84.9,65.0,92.0,761200.0,6284000.0,8.255386,0.097237,0.1,1992-05-13,1992-12-01
1992-11-27,600606.SH,88.0,51.0,95.5,763200.0,6402000.0,8.388365,0.095322,0.1,1992-05-21,1992-12-01
1992-11-27,600608.SH,95.0,65.5,110.0,913200.0,8347000.0,9.140385,0.096215,0.1,1992-05-21,1992-12-01
1992-11-27,600651.SH,241.0,185.0,268.0,267600.0,6343000.0,23.703288,0.098354,0.1,1991-09-02,1992-12-01
1992-11-27,600653.SH,300.0,210.0,320.0,723500.0,20868000.0,28.843124,0.096144,0.1,1992-04-01,1992-12-01
1992-11-27,600654.SH,91.0,60.0,115.0,1694400.0,15396000.0,9.086402,0.099851,0.1,1992-06-01,1992-12-01
1992-11-30,000017.SZ,17.0,14.8,17.2,216000.0,17918000.0,82.953704,4.87963,5.0,1992-04-01,1993-05-01
1992-11-30,600601.SH,105.0,86.0,107.0,1858700.0,18590000.0,10.001614,0.095253,0.1,1991-07-01,1992-12-01
1992-11-30,600602.SH,1212.0,1060.0,1299.9,6205500.0,73201000.0,11.796149,0.009733,0.01,1991-01-03,1992-12-01
1992-11-30,600603.SH,245.2,240.0,258.0,983200.0,24617000.0,25.037632,0.102111,0.1,1992-05-08,1992-12-01
1992-11-30,600604.SH,140.0,126.2,140.0,3252500.0,43817000.0,13.471791,0.096227,0.1,1992-05-11,1992-12-01
1992-11-30,600605.SH,96.0,88.0,98.0,947500.0,8796000.0,9.283377,0.096702,0.1,1992-05-13,1992-12-01
1992-11-30,600606.SH,101.5,91.0,110.0,934500.0,9146000.0,9.787052,0.096424,0.1,1992-05-21,1992-12-01
1992-11-30,600608.SH,115.1,100.1,119.5,1162100.0,12742000.0,10.964633,0.095262,0.1,1992-05-21,1992-12-01
1992-11-30,600651.SH,265.0,250.0,270.0,216000.0,5675000.0,26.273148,0.099144,0.1,1991-09-02,1992-12-01
1992-11-30,600653.SH,335.0,315.0,340.0,713100.0,23354000.0,32.749965,0.097761,0.1,1992-04-01,1992-12-01
1992-11-30,600654.SH,106.0,96.0,110.0,2382000.0,24404000.0,10.245172,0.096653,0.1,1992-06-01,1992-12-01
1992-12-02,000017.SZ,17.5,16.8,18.7,236200.0,21000000.0,88.907705,5.08044,5.0,1992-04-01,1993-05-01
1992-12-03,000017.SZ,12.25,12.2,13.0,54700.0,3423000.0,62.577697,5.108383,5.0,1992-04-01,1993-05-01
1992-12-04,000017.SZ,12.8,11.9,13.0,59800.0,3797000.0,63.494983,4.960546,5.0,1992-04-01,1993-05-01
1992-12-07,000017.SZ,13.6,12.95,13.8,105900.0,7188000.0,67.875354,4.990835,5.0,1992-04-01,1993-05-01
1992-12-08,000017.SZ,13.1,13.1,13.7,52100.0,3494000.0,67.06334,5.119339,5.0,1992-04-01,1993-05-01
1992-12-09,000017.SZ,12.65,12.25,13.0,36200.0,2285000.0,63.121547,4.989846,5.0,1992-04-01,1993-05-01
1992-12-10,000017.SZ,12.3,12.15,12.65,47900.0,2976000.0,62.129436,5.051174,5.0,1992-04-01,1993-05-01
1992-12-11,000017.SZ,12.55,12.1,13.5,25300.0,1585000.0,62.648221,4.99189,5.0,1992-04-01,1993-05-01
1992-12-14,000017.SZ,12.3,12.2,12.55,30800.0,1911000.0,62.045455,5.044346,5.0,1992-04-01,1993-05-01
1992-12-15,000017.SZ,12.0,11.6,12.35,13300.0,797000.0,59.924812,4.993734,5.0,1992-04-01,1993-05-01
1992-12-16,000017.SZ,12.25,11.8,12.3,18200.0,1098000.0,60.32967,4.924871,5.0,1992-04-01,1993-05-01
1992-12-17,000017.SZ,12.1,12.0,12.4,15800.0,959000.0,60.696203,5.016215,5.0,1992-04-01,1993-05-01
1992-12-18,000017.SZ,12.2,12.05,12.2,11300.0,686000.0,60.707965,4.976063,5.0,1992-04-01,1993-05-01
1992-12-21,000017.SZ,12.3,11.95,12.4,30800.0,1885000.0,61.201299,4.975715,5.0,1992-04-01,1993-05-01
1992-12-22,000017.SZ,12.1,12.0,12.55,29800.0,1846000.0,61.946309,5.11953,5.0,1992-04-01,1993-05-01
1992-12-23,000017.SZ,12.0,11.9,12.2,12400.0,748000.0,60.322581,5.026882,5.0,1992-04-01,1993-05-01
1992-12-24,000017.SZ,12.1,11.7,12.1,39200.0,2330000.0,59.438776,4.912295,5.0,1992-04-01,1993-05-01
1992-12-25,000017.SZ,12.1,12.0,12.15,12900.0,780000.0,60.465116,4.997117,5.0,1992-04-01,1993-05-01
1992-12-28,000017.SZ,12.4,12.15,12.65,23600.0,1466000.0,62.118644,5.009568,5.0,1992-04-01,1993-05-01
1992-12-29,000017.SZ,12.5,12.4,12.5,35700.0,2222000.0,62.240896,4.979272,5.0,1992-04-01,1993-05-01
1992-12-30,000017.SZ,13.5,12.5,13.5,60100.0,3875000.0,64.475874,4.775991,5.0,1992-04-01,1993-05-01
1992-12-31,000017.SZ,13.8,13.5,14.2,110800.0,7681000.0,69.323105,5.023413,5.0,1992-04-01,1993-05-01
1993-01-03,000017.SZ,15.0,13.8,15.1,99700.0,7238000.0,72.597793,4.839853,5.0,1992-04-01,1993-05-01
1993-01-04,000017.SZ,14.6,14.6,15.5,117000.0,8829000.0,75.461538,5.168599,5.0,1992-04-01,1993-05-01
1993-01-05,000017.SZ,14.85,14.5,15.2,60500.0,4473000.0,73.933884,4.978713,5.0,1992-04-01,1993-05-01
1993-01-06,000017.SZ,14.9,14.75,14.95,38300.0,2845000.0,74.281984,4.985368,5.0,1992-04-01,1993-05-01
1993-01-07,000017.SZ,15.05,14.85,15.2,75200.0,5626000.0,74.81383,4.971019,5.0,1992-04-01,1993-05-01
1993-01-08,000017.SZ,15.9,15.1,15.9,113200.0,8812000.0,77.844523,4.895882,5.0,1992-04-01,1993-05-01
1993-01-11,000017.SZ,23.3,22.9,23.5,207100.0,23966000.0,115.721873,4.966604,5.0,1992-04-01,1993-05-01
1993-01-12,000017.SZ,22.8,22.8,24.0,174300.0,20256000.0,116.213425,5.09708,5.0,1992-04-01,1993-05-01
1993-01-13,000017.SZ,22.95,22.7,23.3,115900.0,13305000.0,114.797239,5.002058,5.0,1992-04-01,1993-05-01
1993-01-14,000017.SZ,22.8,22.7,23.6,98900.0,11424000.0,115.510617,5.066255,5.0,1992-04-01,1993-05-01
1993-01-15,000017.SZ,23.15,22.45,23.3,77500.0,8881000.0,114.593548,4.950045,5.0,1992-04-01,1993-05-01
1993-01-18,000017.SZ,23.8,23.15,23.85,186200.0,22012000.0,118.216971,4.9671,5.0,1992-04-01,1993-05-01
1993-01-19,000017.SZ,23.95,23.85,24.35,98500.0,11891000.0,120.720812,5.040535,5.0,1992-04-01,1993-05-01
1993-02-01,000017.SZ,25.8,24.1,26.3,189600.0,24495000.0,129.193038,5.007482,5.0,1992-04-01,1993-05-01
1993-02-02,000017.SZ,26.05,25.7,26.6,213400.0,27781000.0,130.182755,4.997419,5.0,1992-04-01,1993-05-01
1993-02-03,000017.SZ,25.4,25.4,26.5,224700.0,29103000.0,129.519359,5.099187,5.0,1992-04-01,1993-05-01
1993-02-04,000017.SZ,26.0,25.0,26.3,222500.0,28664000.0,128.826966,4.954883,5.0,1992-04-01,1993-05-01
1993-02-05,000017.SZ,26.75,26.0,26.8,443900.0,58510000.0,131.808966,4.927438,5.0,1992-04-01,1993-05-01
1993-02-08,000017.SZ,28.15,26.9,28.3,394700.0,55258000.0,140.0,4.973357,5.0,1992-04-01,1993-05-01
1993-02-09,000017.SZ,27.9,27.3,28.5,267500.0,37229000.0,139.173832,4.988309,5.0,1992-04-01,1993-05-01
1993-02-10,000017.SZ,27.1,27.0,28.1,142600.0,19670000.0,137.938289,5.089974,5.0,1992-04-01,1993-05-01
1993-02-11,000017.SZ,26.0,26.0,27.45,176500.0,23653000.0,134.011331,5.154282,5.0,1992-04-01,1993-05-01
1993-02-12,000017.SZ,25.5,24.9,26.8,285900.0,37033000.0,129.531305,5.079659,5.0,1992-04-01,1993-05-01
1993-02-15,000017.SZ,25.95,25.6,26.4,202300.0,26221000.0,129.614434,4.994776,5.0,1992-04-01,1993-05-01
1993-02-16,000017.SZ,24.9,24.5,26.2,156200.0,19935000.0,127.62484,5.125496,5.0,1992-04-01,1993-05-01
1993-02-17,000017.SZ,25.85,24.5,26.0,141600.0,17870000.0,126.200565,4.882033,5.0,1992-04-01,1993-05-01
1993-02-18,000017.SZ,25.35,25.15,26.0,148600.0,19047000.0,128.176312,5.056265,5.0,1992-04-01,1993-05-01
1993-02-19,000017.SZ,27.0,25.2,27.2,335300.0,43912000.0,130.963316,4.850493,5.0,1992-04-01,1993-05-01
1993-02-22,000017.SZ,26.5,26.5,28.1,366700.0,50183000.0,136.850286,5.164162,5.0,1992-04-01,1993-05-01
1993-02-23,000017.SZ,26.0,25.8,26.7,190300.0,24940000.0,131.056227,5.040624,5.0,1992-04-01,1993-05-01
1993-02-24,000017.SZ,24.55,24.1,26.0,185700.0,23393000.0,125.971998,5.131242,5.0,1992-04-01,1993-05-01
1993-02-25,000017.SZ,25.6,24.2,26.0,190100.0,24003000.0,126.265124,4.932231,5.0,1992-04-01,1993-05-01
1993-02-26,000017.SZ,25.9,25.75,26.4,293100.0,38155000.0,130.177414,5.026155,5.0,1992-04-01,1993-05-01
1993-03-01,000017.SZ,25.45,24.9,26.5,151600.0,19384000.0,127.862797,5.024078,5.0,1992-04-01,1993-05-01
1993-03-02,000017.SZ,24.4,24.4,25.5,114800.0,14256000.0,124.181185,5.089393,5.0,1992-04-01,1993-05-01
1993-03-03,000017.SZ,23.55,23.5,24.95,156100.0,18833000.0,120.647021,5.123016,5.0,1992-04-01,1993-05-01
1993-03-04,000017.SZ,23.8,22.8,24.4,146500.0,17241000.0,117.686007,4.94479,5.0,1992-04-01,1993-05-01
1993-03-05,000017.SZ,22.15,22.0,23.95,104500.0,12012000.0,114.947368,5.189497,5.0,1992-04-01,1993-05-01
1993-03-08,000017.SZ,22.8,22.0,23.2,164800.0,18727000.0,113.634709,4.983978,5.0,1992-04-01,1993-05-01
1993-03-09,000017.SZ,22.2,21.5,23.0,90800.0,10064000.0,110.837004,4.992658,5.0,1992-04-01,1993-05-01
1993-03-10,000017.SZ,23.9,22.0,23.9,109600.0,12621000.0,115.155109,4.818205,5.0,1992-04-01,1993-05-01
1993-03-11,000017.SZ,24.45,23.7,24.9,204400.0,24855000.0,121.599804,4.973407,5.0,1992-04-01,1993-05-01
1993-03-12,000017.SZ,24.9,24.0,24.9,151600.0,18558000.0,122.414248,4.916235,5.0,1992-04-01,1993-05-01
1993-03-15,000017.SZ,22.9,22.8,24.9,138300.0,16101000.0,116.420824,5.083879,5.0,1992-04-01,1993-05-01
1993-03-16,000017.SZ,23.1,22.8,23.5,84600.0,9769000.0,115.472813,4.998823,5.0,1992-04-01,1993-05-01
1993-03-17,000017.SZ,22.3,22.0,23.1,74900.0,8396000.0,112.096128,5.026732,5.0,1992-04-01,1993-05-01
1993-03-18,000017.SZ,22.6,22.1,23.0,54300.0,6173000.0,113.683241,5.030232,5.0,1992-04-01,1993-05-01
1993-03-19,000017.SZ,22.6,22.35,22.8,35900.0,4060000.0,113.091922,5.004067,5.0,1992-04-01,1993-05-01
1993-03-22,000017.SZ,21.3,21.0,22.45,50000.0,5442000.0,108.84,5.109859,5.0,1992-04-01,1993-05-01
1993-03-23,000017.SZ,21.3,21.0,22.3,67400.0,7223000.0,107.166172,5.031276,5.0,1992-04-01,1993-05-01
1993-03-24,000017.SZ,20.35,20.05,21.35,84200.0,8646000.0,102.684086,5.045901,5.0,1992-04-01,1993-05-01
1993-03-25,000017.SZ,22.15,20.3,22.3,112600.0,11910000.0,105.772647,4.775289,5.0,1992-04-01,1993-05-01
1993-03-26,000017.SZ,21.5,21.45,22.5,127600.0,14070000.0,110.266458,5.128672,5.0,1992-04-01,1993-05-01
1993-03-29,000017.SZ,22.4,21.35,23.5,149200.0,16981000.0,113.813673,5.080968,5.0,1992-04-01,1993-05-01
1993-03-30,000017.SZ,22.7,21.8,23.0,64500.0,7222000.0,111.968992,4.932555,5.0,1992-04-01,1993-05-01
1993-03-31,000017.SZ,23.15,22.3,23.5,151600.0,17461000.0,115.1781,4.975296,5.0,1992-04-01,1993-05-01
1993-04-01,000017.SZ,23.0,22.8,23.3,72000.0,8301000.0,115.291667,5.012681,5.0,1992-04-01,1993-05-01
1993-04-02,000017.SZ,22.8,22.45,23.2,70800.0,8127000.0,114.788136,5.034567,5.0,1992-04-01,1993-05-01
1993-04-05,000017.SZ,22.4,22.35,23.0,39400.0,4442000.0,112.741117,5.033086,5.0,1992-04-01,1993-05-01
1993-04-06,000017.SZ,22.6,21.8,23.0,60300.0,6745000.0,111.85738,4.949442,5.0,1992-04-01,1993-05-01
1993-04-07,000017.SZ,23.3,22.6,23.4,126100.0,14628000.0,116.003172,4.978677,5.0,1992-04-01,1993-05-01
1993-04-08,000017.SZ,24.1,23.3,24.8,213400.0,25650000.0,120.196813,4.98742,5.0,1992-04-01,1993-05-01
1993-04-09,000017.SZ,23.8,23.6,24.5,142800.0,17166000.0,120.210084,5.050844,5.0,1992-04-01,1993-05-01
1993-04-12,000017.SZ,24.6,23.95,24.85,147500.0,18113000.0,122.8,4.99187,5.0,1992-04-01,1993-05-01
1993-04-13,000017.SZ,24.5,24.15,24.8,146700.0,18018000.0,122.822086,5.013146,5.0,1992-04-01,1993-05-01
1993-04-14,000017.SZ,24.4,24.1,24.75,113600.0,13905000.0,122.403169,5.016523,5.0,1992-04-01,1993-05-01
1993-04-15,000017.SZ,24.55,24.15,24.6,86900.0,10639000.0,122.428078,4.986887,5.0,1992-04-01,1993-05-01
1993-04-16,000017.SZ,25.1,24.6,25.3,208200.0,26033000.0,125.038425,4.981611,5.0,1992-04-01,1993-05-01
1993-04-19,000017.SZ,25.2,25.2,25.7,227200.0,28846000.0,126.963028,5.038215,5.0,1992-04-01,1993-05-01
1993-04-20,000017.SZ,25.0,24.7,25.2,84900.0,10608000.0,124.946996,4.99788,5.0,1992-04-01,1993-05-01
1993-04-21,000017.SZ,25.15,24.8,25.2,36800.0,4616000.0,125.434783,4.987467,5.0,1992-04-01,1993-05-01
1993-04-22,000017.SZ,24.8,24.75,25.2,49600.0,6213000.0,125.262097,5.050891,5.0,1992-04-01,1993-05-01
1993-04-23,000017.SZ,24.5,24.4,24.9,74600.0,9162000.0,122.815013,5.012858,5.0,1992-04-01,1993-05-01
1993-04-26,000017.SZ,24.85,24.2,25.15,49900.0,6145000.0,123.146293,4.955585,5.0,1992-04-01,1993-05-01
1993-04-27,000017.SZ,24.5,24.25,25.05,32700.0,4039000.0,123.51682,5.041503,5.0,1992-04-01,1993-05-01
1993-04-28,000017.SZ,24.7,24.4,24.85,24700.0,3054000.0,123.643725,5.005819,5.0,1992-04-01,1993-05-01
1993-04-29,000017.SZ,24.3,24.3,24.9,28300.0,3459000.0,122.226148,5.029883,5.0,1992-04-01,1993-05-01
1993-04-30,000017.SZ,24.4,24.2,24.85,36900.0,4530000.0,122.764228,5.031321,5.0,1992-04-01,1993-05-01
