category,trade_date,code,close,volume,amount,vwap,ratio,adj_factor
registry_extra,1991-01-14,000004.SZ,15.98,100.0,8000.0,80.0,5.006258,1.0
registry_extra,1991-01-15,000004.SZ,15.9,100.0,8000.0,80.0,5.031447,1.0
registry_extra,1991-01-17,000004.SZ,15.74,100.0,8000.0,80.0,5.082592,1.0
registry_extra,1991-01-22,000004.SZ,15.42,200.0,15000.0,75.0,4.863813,1.0
registry_extra,1991-01-23,000004.SZ,15.34,300.0,23000.0,76.666667,4.997827,1.0
registry_extra,1991-01-29,000002.SZ,14.58,300.0,22000.0,73.333333,5.029721,1.0
registry_extra,1991-01-30,000002.SZ,14.51,1700.0,123000.0,72.352941,4.986419,1.0
registry_extra,1991-01-30,000004.SZ,14.87,600.0,45000.0,75.0,5.043712,1.0
registry_extra,1991-01-31,000004.SZ,14.8,700.0,52000.0,74.285714,5.019305,1.0
registry_extra,1991-02-04,000002.SZ,14.66,5600.0,410000.0,73.214286,4.994153,1.0
registry_extra,1991-02-04,000004.SZ,14.73,12100.0,893000.0,73.801653,5.010296,1.0
registry_extra,1991-02-05,000002.SZ,14.73,2900.0,213000.0,73.448276,4.986305,1.0
registry_extra,1991-02-05,000004.SZ,14.8,5400.0,400000.0,74.074074,5.005005,1.0
registry_extra,1991-02-06,000002.SZ,14.8,2900.0,215000.0,74.137931,5.00932,1.0
registry_extra,1991-02-06,000004.SZ,14.87,7900.0,587000.0,74.303797,4.996893,1.0
registry_extra,1991-02-07,000002.SZ,14.87,4800.0,357000.0,74.375,5.001681,1.0
registry_extra,1991-02-07,000004.SZ,14.94,12800.0,956000.0,74.6875,4.999163,1.0
registry_extra,1991-02-08,000002.SZ,14.94,6600.0,493000.0,74.69697,4.999797,1.0
registry_extra,1991-02-08,000004.SZ,17.73,24700.0,2190000.0,88.663968,5.000788,1.0
registry_extra,1991-02-11,000002.SZ,15.09,3300.0,249000.0,75.454545,5.000301,1.0
registry_extra,1991-02-11,000004.SZ,14.73,1700.0,125000.0,73.529412,4.991813,1.0
registry_extra,1991-02-12,000002.SZ,15.07,23600.0,1778000.0,75.338983,4.999269,1.0
registry_extra,1991-02-12,000004.SZ,14.66,1400.0,103000.0,73.571429,5.018515,1.0
registry_extra,1991-02-13,000002.SZ,15.25,3300.0,252000.0,76.363636,5.007452,1.0
registry_extra,1991-02-13,000004.SZ,14.59,900.0,66000.0,73.333333,5.026274,1.0
registry_extra,1991-02-22,000002.SZ,15.33,11600.0,889000.0,76.637931,4.999213,1.0
registry_extra,1991-02-22,000004.SZ,14.52,1400.0,102000.0,72.857143,5.01771,1.0
registry_extra,1991-02-25,000002.SZ,15.33,41000.0,3143000.0,76.658537,5.000557,1.0
registry_extra,1991-02-25,000004.SZ,14.38,600.0,43000.0,71.666667,4.983774,1.0
registry_extra,1991-02-26,000002.SZ,15.25,10000.0,762000.0,76.2,4.996721,1.0
registry_extra,1991-02-26,000004.SZ,14.31,300.0,21000.0,70.0,4.891684,1.0
registry_extra,1991-02-27,000002.SZ,15.17,25800.0,1957000.0,75.852713,5.000179,1.0
registry_extra,1991-02-27,000004.SZ,14.24,100.0,7000.0,70.0,4.91573,1.0
registry_extra,1991-02-28,000002.SZ,15.09,4600.0,347000.0,75.434783,4.998992,1.0
registry_extra,1991-02-28,000004.SZ,14.17,400.0,28000.0,70.0,4.940014,1.0
registry_extra,1991-03-01,000002.SZ,15.01,2800.0,210000.0,75.0,4.996669,1.0
registry_extra,1991-03-01,000004.SZ,14.1,100.0,7000.0,70.0,4.964539,1.0
registry_extra,1991-03-04,000002.SZ,14.86,3000.0,222000.0,74.0,4.979812,1.0
registry_extra,1991-03-05,000002.SZ,14.79,2200.0,163000.0,74.090909,5.009527,1.0
registry_extra,1991-03-05,000004.SZ,13.89,500.0,35000.0,70.0,5.039597,1.0
registry_extra,1991-03-06,000002.SZ,14.72,2100.0,154000.0,73.333333,4.981884,1.0
registry_extra,1991-03-06,000004.SZ,13.82,100.0,7000.0,70.0,5.065123,1.0
registry_extra,1991-03-07,000002.SZ,14.65,500.0,37000.0,74.0,5.051195,1.0
registry_extra,1991-03-08,000002.SZ,14.58,1000.0,73000.0,73.0,5.006859,1.0
registry_extra,1991-03-11,000002.SZ,14.44,1500.0,108000.0,72.0,4.98615,1.0
registry_extra,1991-03-12,000002.SZ,14.37,1300.0,93000.0,71.538462,4.97832,1.0
registry_extra,1991-03-13,000002.SZ,14.3,3900.0,279000.0,71.538462,5.00269,1.0
registry_extra,1991-03-13,000004.SZ,13.4,100.0,7000.0,70.0,5.223881,1.0
registry_extra,1991-03-14,000002.SZ,14.23,3200.0,228000.0,71.25,5.007027,1.0
registry_extra,1991-03-14,000004.SZ,13.33,100.0,7000.0,70.0,5.251313,1.0
registry_extra,1991-03-15,000002.SZ,14.16,1300.0,92000.0,70.769231,4.997827,1.0
registry_extra,1991-03-15,000004.SZ,13.26,100.0,7000.0,70.0,5.279035,1.0
registry_extra,1991-03-18,000002.SZ,14.02,2600.0,182000.0,70.0,4.992867,1.0
registry_extra,1991-03-18,000004.SZ,13.12,700.0,46000.0,65.714286,5.008711,1.0
registry_extra,1991-03-19,000002.SZ,13.95,1500.0,105000.0,70.0,5.017921,1.0
registry_extra,1991-03-19,000004.SZ,13.05,1500.0,98000.0,65.333333,5.006386,1.0
registry_extra,1991-03-20,000002.SZ,13.88,1900.0,132000.0,69.473684,5.005309,1.0
registry_extra,1991-03-20,000004.SZ,12.98,1600.0,104000.0,65.0,5.007704,1.0
registry_extra,1991-03-21,000002.SZ,13.81,1200.0,83000.0,69.166667,5.008448,1.0
registry_extra,1991-03-21,000004.SZ,12.92,200.0,13000.0,65.0,5.03096,1.0
registry_extra,1991-03-22,000002.SZ,13.74,1000.0,69000.0,69.0,5.021834,1.0
registry_extra,1991-03-22,000004.SZ,12.86,700.0,45000.0,64.285714,4.998889,1.0
registry_extra,1991-03-25,000002.SZ,13.6,400.0,27000.0,67.5,4.963235,1.0
registry_extra,1991-03-25,000004.SZ,12.74,100.0,6000.0,60.0,4.709576,1.0
registry_extra,1991-03-26,000002.SZ,13.53,400.0,27000.0,67.5,4.988914,1.0
registry_extra,1991-03-26,000004.SZ,12.68,400.0,25000.0,62.5,4.929022,1.0
registry_extra,1991-03-27,000002.SZ,13.46,9000.0,606000.0,67.333333,5.002476,1.0
registry_extra,1991-03-27,000004.SZ,12.62,800.0,50000.0,62.5,4.952456,1.0
registry_extra,1991-03-28,000002.SZ,13.39,400.0,27000.0,67.5,5.041075,1.0
registry_extra,1991-03-28,000004.SZ,12.56,600.0,38000.0,63.333333,5.042463,1.0
registry_extra,1991-03-29,000002.SZ,13.18,1200.0,79000.0,65.833333,4.994942,1.0
registry_extra,1991-03-29,000004.SZ,12.38,300.0,18000.0,60.0,4.846527,1.0
registry_extra,1991-04-02,000002.SZ,13.11,1400.0,92000.0,65.714286,5.012531,1.0
registry_extra,1991-04-02,000004.SZ,12.32,600.0,37000.0,61.666667,5.005411,1.0
registry_extra,1991-04-03,000002.SZ,13.04,1100.0,72000.0,65.454545,5.01952,1.0
registry_extra,1991-04-03,000004.SZ,12.86,100.0,6000.0,60.0,4.66563,1.0
registry_extra,1991-04-04,000002.SZ,12.97,700.0,45000.0,64.285714,4.956493,1.0
registry_extra,1991-04-04,000004.SZ,12.2,100.0,6000.0,60.0,4.918033,1.0
registry_extra,1991-04-05,000002.SZ,12.91,1400.0,90000.0,64.285714,4.979529,1.0
registry_extra,1991-04-06,000002.SZ,12.85,1400.0,90000.0,64.285714,5.002779,1.0
registry_extra,1991-04-08,000002.SZ,12.79,200.0,13000.0,65.0,5.082095,1.0
registry_extra,1991-04-08,000004.SZ,12.02,100.0,6000.0,60.0,4.991681,1.0
registry_extra,1991-04-09,000002.SZ,12.73,100.0,6000.0,60.0,4.713276,1.0
registry_extra,1991-04-10,000002.SZ,12.67,400.0,25000.0,62.5,4.932912,1.0
registry_extra,1991-04-10,000004.SZ,11.9,100.0,6000.0,60.0,5.042017,1.0
registry_extra,1991-04-11,000002.SZ,12.61,200.0,13000.0,65.0,5.154639,1.0
registry_extra,1991-04-12,000002.SZ,12.55,700.0,44000.0,62.857143,5.008537,1.0
registry_extra,1991-04-12,000004.SZ,11.78,200.0,12000.0,60.0,5.093379,1.0
registry_extra,1991-04-16,000002.SZ,12.37,300.0,18000.0,60.0,4.850445,1.0
registry_extra,1991-04-16,000004.SZ,11.6,100.0,6000.0,60.0,5.172414,1.0
registry_extra,1991-04-17,000002.SZ,12.31,200.0,12000.0,60.0,4.874086,1.0
registry_extra,1991-04-19,000002.SZ,12.19,300.0,18000.0,60.0,4.922067,1.0
registry_extra,1991-04-23,000002.SZ,12.01,100.0,6000.0,60.0,4.995837,1.0
registry_extra,1991-04-23,000004.SZ,11.24,200.0,11000.0,55.0,4.893238,1.0
registry_extra,1991-04-24,000002.SZ,11.95,100.0,6000.0,60.0,5.020921,1.0
registry_extra,1991-04-24,000004.SZ,11.18,200.0,11000.0,55.0,4.919499,1.0
registry_extra,1991-04-25,000002.SZ,11.89,200.0,12000.0,60.0,5.046257,1.0
registry_extra,1991-04-26,000002.SZ,11.83,400.0,24000.0,60.0,5.071851,1.0
registry_extra,1991-04-29,000002.SZ,11.71,500.0,29000.0,58.0,4.953032,1.0
registry_extra,1991-04-30,000002.SZ,11.65,600.0,35000.0,58.333333,5.007153,1.0
registry_extra,1991-05-02,000002.SZ,11.59,600.0,35000.0,58.333333,5.033074,1.0
registry_extra,1991-05-03,000002.SZ,11.53,500.0,29000.0,58.0,5.030356,1.0
registry_extra,1991-05-07,000002.SZ,11.35,1000.0,57000.0,57.0,5.022026,1.0
registry_extra,1991-05-08,000002.SZ,11.29,2000.0,113000.0,56.5,5.004429,1.0
registry_extra,1991-05-09,000002.SZ,11.23,8700.0,481000.0,55.287356,4.923184,1.0
registry_extra,1991-05-09,000004.SZ,10.55,200.0,10000.0,50.0,4.739336,1.0
registry_extra,1991-05-10,000002.SZ,11.17,4900.0,274000.0,55.918367,5.006121,1.0
registry_extra,1991-05-10,000004.SZ,10.5,100.0,5000.0,50.0,4.761905,1.0
registry_extra,1991-05-11,000002.SZ,11.11,3700.0,205000.0,55.405405,4.986985,1.0
registry_extra,1991-05-11,000004.SZ,10.45,100.0,5000.0,50.0,4.784689,1.0
registry_extra,1991-05-13,000002.SZ,11.05,8700.0,481000.0,55.287356,5.003381,1.0
registry_extra,1991-05-13,000004.SZ,10.4,400.0,21000.0,52.5,5.048077,1.0
registry_extra,1991-05-14,000002.SZ,10.99,20500.0,1133000.0,55.268293,5.028962,1.0
registry_extra,1991-05-14,000004.SZ,10.35,3300.0,171000.0,51.818182,5.006588,1.0
registry_extra,1991-05-15,000002.SZ,11.17,11600.0,648000.0,55.862069,5.00108,1.0
registry_extra,1991-05-15,000004.SZ,10.3,5300.0,275000.0,51.886792,5.037553,1.0
registry_extra,1991-05-16,000002.SZ,11.23,9200.0,516000.0,56.086957,4.994386,1.0
registry_extra,1991-05-16,000004.SZ,10.45,4700.0,245000.0,52.12766,4.988293,1.0
registry_extra,1991-05-17,000002.SZ,11.29,37800.0,2134000.0,56.455026,5.000445,1.0
registry_extra,1991-05-17,000004.SZ,10.5,11400.0,598000.0,52.45614,4.995823,1.0
registry_extra,1991-05-18,000002.SZ,11.35,30700.0,1742000.0,56.742671,4.999354,1.0
registry_extra,1991-05-18,000004.SZ,10.55,13100.0,691000.0,52.748092,4.999819,1.0
registry_extra,1991-05-20,000002.SZ,11.41,53300.0,3041000.0,57.054409,5.000386,1.0
registry_extra,1991-05-20,000004.SZ,10.4,7400.0,385000.0,52.027027,5.002599,1.0
registry_extra,1991-05-21,000002.SZ,11.47,38300.0,2196000.0,57.336815,4.99885,1.0
registry_extra,1991-05-21,000004.SZ,10.35,1200.0,62000.0,51.666667,4.991948,1.0
registry_extra,1991-05-22,000002.SZ,11.53,48800.0,2813000.0,57.643443,4.999431,1.0
registry_extra,1991-05-22,000004.SZ,10.3,900.0,46000.0,51.111111,4.962244,1.0
registry_extra,1991-05-23,000002.SZ,11.59,31200.0,1791000.0,57.403846,4.952877,1.0
registry_extra,1991-05-23,000004.SZ,10.25,500.0,26000.0,52.0,5.073171,1.0
registry_extra,1991-05-24,000004.SZ,10.2,100.0,5000.0,50.0,4.901961,1.0
registry_extra,1991-05-27,000002.SZ,11.29,25300.0,1426000.0,56.363636,4.99235,1.0
registry_extra,1991-05-28,000004.SZ,10.05,100.0,5000.0,50.0,4.975124,1.0
registry_extra,1991-05-30,000004.SZ,9.95,100.0,5000.0,50.0,5.025126,1.0
registry_extra,1991-05-31,000004.SZ,9.9,400.0,20000.0,50.0,5.050505,1.0
registry_extra,1991-06-03,000004.SZ,9.8,200.0,10000.0,50.0,5.102041,1.0
registry_extra,1991-06-04,000004.SZ,9.75,1400.0,68000.0,48.571429,4.981685,1.0
registry_extra,1991-06-05,000004.SZ,9.7,400.0,19000.0,47.5,4.896907,1.0
registry_extra,1991-06-08,000002.SZ,7.95,500.0,19000.0,38.0,4.779874,1.223899
registry_extra,1991-06-08,000004.SZ,9.55,1300.0,62000.0,47.692308,4.993959,1.0
registry_extra,1991-06-10,000004.SZ,9.5,900.0,43000.0,47.777778,5.02924,1.0
registry_extra,1991-06-11,000002.SZ,6.2,17300.0,613000.0,35.433526,5.715085,1.145161
registry_extra,1991-06-11,000004.SZ,9.45,1900.0,90000.0,47.368421,5.012531,1.0
registry_extra,1991-06-12,000002.SZ,7.85,25200.0,996000.0,39.52381,5.03488,1.219108
registry_extra,1991-06-13,000002.SZ,7.75,19800.0,746000.0,37.676768,4.861518,1.216774
registry_extra,1991-06-13,000004.SZ,9.55,26200.0,1251000.0,47.748092,4.9998,1.0
registry_extra,1991-06-14,000002.SZ,7.4,15700.0,556000.0,35.414013,4.785677,1.202703
registry_extra,1991-06-14,000004.SZ,9.6,30300.0,1445000.0,47.689769,4.967684,1.0
registry_extra,1991-06-15,000002.SZ,6.9,8000.0,269000.0,33.625,4.873188,1.181159
registry_extra,1991-06-15,000004.SZ,9.45,11300.0,534000.0,47.256637,5.000702,1.0
registry_extra,1991-06-17,000002.SZ,6.55,10400.0,344000.0,33.076923,5.049912,1.163359
registry_extra,1991-06-17,000004.SZ,9.4,28100.0,1321000.0,47.010676,5.001136,1.0
registry_extra,1991-06-18,000002.SZ,6.75,14000.0,478000.0,34.142857,5.058201,1.173333
registry_extra,1991-06-19,000002.SZ,6.8,23800.0,816000.0,34.285714,5.042017,1.176471
registry_extra,1991-06-20,000002.SZ,6.8,24300.0,809000.0,33.292181,4.895909,1.176471
registry_extra,1991-06-21,000002.SZ,6.65,16600.0,544000.0,32.771084,4.927983,1.169925
registry_extra,1991-06-22,000002.SZ,6.5,17700.0,570000.0,32.20339,4.954368,1.161538
registry_extra,1991-06-25,000002.SZ,6.0,22100.0,676000.0,30.588235,5.098039,1.133333
registry_extra,1991-06-26,000002.SZ,6.1,23100.0,724000.0,31.341991,5.138031,1.139344
registry_extra,1991-06-27,000002.SZ,6.4,40400.0,1315000.0,32.549505,5.08586,1.15625
registry_extra,1991-06-28,000002.SZ,6.55,44400.0,1457000.0,32.815315,5.009972,1.163359
registry_extra,1991-06-28,000004.SZ,5.4,200.0,5000.0,25.0,4.62963,1.15
registry_extra,1991-06-29,000002.SZ,6.55,13800.0,452000.0,32.753623,5.000553,1.163359
registry_extra,1991-06-29,000004.SZ,5.15,700.0,18000.0,25.714286,4.993065,1.149515
registry_extra,1991-07-01,000002.SZ,6.6,41500.0,1362000.0,32.819277,4.972618,1.166667
registry_extra,1991-07-01,000004.SZ,5.1,9800.0,255000.0,26.020408,5.102041,1.14902
registry_extra,1991-07-02,000002.SZ,6.5,14300.0,455000.0,31.818182,4.895105,1.161538
registry_extra,1991-07-02,000004.SZ,4.9,6500.0,163000.0,25.076923,5.117739,1.15102
registry_extra,1991-07-03,000002.SZ,6.2,25900.0,809000.0,31.235521,5.037987,1.145161
registry_extra,1991-07-04,000002.SZ,6.3,30700.0,953000.0,31.042345,4.927356,1.150794
registry_extra,1991-07-04,000004.SZ,5.0,7100.0,178000.0,25.070423,5.014085,1.15
registry_extra,1991-07-05,000002.SZ,6.1,42900.0,1296000.0,30.20979,4.952425,1.139344
registry_extra,1991-07-05,000004.SZ,4.85,4300.0,104000.0,24.186047,4.986814,1.150515
registry_extra,1991-07-06,000002.SZ,6.1,18300.0,551000.0,30.10929,4.935949,1.139344
registry_extra,1991-07-06,000004.SZ,4.8,3500.0,83000.0,23.714286,4.940476,1.15
registry_extra,1991-07-08,000002.SZ,6.0,27100.0,769000.0,28.376384,4.729397,1.133333
registry_extra,1991-07-08,000004.SZ,4.5,3400.0,79000.0,23.235294,5.163399,1.151111
registry_extra,1991-07-09,000002.SZ,5.2,31100.0,779000.0,25.048232,4.816968,1.076923
registry_extra,1991-07-09,000004.SZ,4.0,7500.0,152000.0,20.266667,5.066667,1.15
registry_extra,1991-07-10,000002.SZ,5.2,39500.0,1057000.0,26.759494,5.146056,1.076923
registry_extra,1991-07-10,000004.SZ,4.2,5100.0,106000.0,20.784314,4.948646,1.15
registry_extra,1991-07-11,000002.SZ,5.3,44400.0,1155000.0,26.013514,4.90821,1.084906
registry_extra,1991-07-11,000004.SZ,4.1,11500.0,227000.0,19.73913,4.814422,1.14878
registry_extra,1991-07-12,000002.SZ,5.0,45900.0,1146000.0,24.96732,4.993464,1.06
registry_extra,1991-07-12,000004.SZ,3.8,8300.0,178000.0,21.445783,5.643627,1.15
registry_extra,1991-07-13,000002.SZ,5.0,19100.0,479000.0,25.078534,5.015707,1.06
registry_extra,1991-07-13,000004.SZ,3.85,1500.0,29000.0,19.333333,5.021645,1.150649
registry_extra,1991-07-15,000002.SZ,5.05,34800.0,849000.0,24.396552,4.831,1.063366
registry_extra,1991-07-15,000004.SZ,3.8,6200.0,118000.0,19.032258,5.008489,1.15
registry_extra,1991-07-16,000002.SZ,4.85,46500.0,1110000.0,23.870968,4.921849,1.045361
registry_extra,1991-07-16,000004.SZ,3.5,8400.0,150000.0,17.857143,5.102041,1.148571
registry_extra,1991-07-17,000002.SZ,4.6,30300.0,677000.0,22.343234,4.857225,1.021739
registry_extra,1991-07-17,000004.SZ,3.4,9200.0,148000.0,16.086957,4.731458,1.15
registry_extra,1991-07-18,000002.SZ,4.6,55300.0,1455000.0,26.311031,5.719789,1.021739
registry_extra,1991-07-18,000004.SZ,4.0,11200.0,201000.0,17.946429,4.486607,1.15
registry_extra,1991-07-19,000002.SZ,5.65,83700.0,2451000.0,29.283154,5.182859,1.111504
registry_extra,1991-07-19,000004.SZ,4.35,10300.0,236000.0,22.912621,5.267269,1.149425
registry_extra,1991-07-20,000002.SZ,5.5,40600.0,1077000.0,26.527094,4.823108,1.1
registry_extra,1991-07-20,000004.SZ,4.4,6700.0,140000.0,20.895522,4.748982,1.15
registry_extra,1991-07-22,000002.SZ,5.3,54400.0,1455000.0,26.746324,5.046476,1.084906
registry_extra,1991-07-22,000004.SZ,3.9,28400.0,593000.0,20.880282,5.353918,1.148718
registry_extra,1991-07-23,000002.SZ,5.3,56500.0,1536000.0,27.185841,5.129404,1.084906
registry_extra,1991-07-23,000004.SZ,4.2,10500.0,225000.0,21.428571,5.102041,1.15
registry_extra,1991-07-24,000002.SZ,5.4,25900.0,695000.0,26.833977,4.969255,1.092593
registry_extra,1991-07-24,000004.SZ,4.2,7700.0,160000.0,20.779221,4.947434,1.15
registry_extra,1991-07-25,000002.SZ,5.4,31200.0,830000.0,26.602564,4.926401,1.092593
registry_extra,1991-07-25,000004.SZ,4.1,8600.0,177000.0,20.581395,5.019853,1.14878
registry_extra,1991-07-26,000002.SZ,5.25,33900.0,885000.0,26.106195,4.972609,1.081905
registry_extra,1991-07-26,000004.SZ,4.05,9100.0,183000.0,20.10989,4.965405,1.150617
registry_extra,1991-07-27,000002.SZ,5.2,12600.0,325000.0,25.793651,4.960317,1.076923
registry_extra,1991-07-27,000004.SZ,4.0,4100.0,83000.0,20.243902,5.060976,1.15
registry_extra,1991-07-29,000002.SZ,5.1,45600.0,1140000.0,25.0,4.901961,1.068627
registry_extra,1991-07-30,000002.SZ,5.0,25900.0,640000.0,24.710425,4.942085,1.06
registry_extra,1991-07-30,000004.SZ,3.9,3500.0,67000.0,19.142857,4.908425,1.148718
registry_extra,1991-07-31,000002.SZ,4.95,33100.0,842000.0,25.438066,5.139003,1.054545
registry_extra,1991-07-31,000004.SZ,4.05,2300.0,46000.0,20.0,4.938272,1.150617
registry_extra,1991-08-02,000002.SZ,5.3,41200.0,1082000.0,26.262136,4.95512,1.084906
registry_extra,1991-08-02,000004.SZ,4.15,10800.0,225000.0,20.833333,5.02008,1.149398
registry_extra,1991-08-03,000002.SZ,5.25,9700.0,253000.0,26.082474,4.96809,1.081905
registry_extra,1991-08-03,000004.SZ,4.1,8200.0,169000.0,20.609756,5.02677,1.14878
registry_extra,1991-08-05,000002.SZ,5.25,22700.0,594000.0,26.167401,4.984267,1.081905
registry_extra,1991-08-05,000004.SZ,4.15,12800.0,264000.0,20.625,4.96988,1.149398
registry_extra,1991-08-06,000002.SZ,5.2,31800.0,828000.0,26.037736,5.007257,1.076923
registry_extra,1991-08-06,000004.SZ,4.15,6700.0,139000.0,20.746269,4.999101,1.149398
registry_extra,1991-08-07,000004.SZ,4.1,8800.0,181000.0,20.568182,5.01663,1.14878
registry_extra,1991-08-08,000002.SZ,5.1,26100.0,668000.0,25.59387,5.018406,1.068627
registry_extra,1991-08-08,000004.SZ,4.05,4400.0,90000.0,20.454545,5.050505,1.150617
registry_extra,1991-08-09,000002.SZ,5.1,24000.0,611000.0,25.458333,4.99183,1.068627
registry_extra,1991-08-09,000004.SZ,4.05,11000.0,222000.0,20.181818,4.983165,1.150617
registry_extra,1991-08-13,000002.SZ,5.1,18400.0,470000.0,25.543478,5.008525,1.068627
registry_extra,1991-08-13,000004.SZ,4.1,5400.0,110000.0,20.37037,4.968383,1.14878
registry_extra,1991-08-14,000002.SZ,5.1,13200.0,337000.0,25.530303,5.005942,1.068627
registry_extra,1991-08-14,000004.SZ,4.05,4500.0,92000.0,20.444444,5.048011,1.150617
registry_extra,1991-08-15,000002.SZ,5.05,26500.0,671000.0,25.320755,5.014011,1.063366
registry_extra,1991-08-15,000004.SZ,4.0,10000.0,201000.0,20.1,5.025,1.15
registry_extra,1991-08-16,000002.SZ,5.05,36200.0,909000.0,25.110497,4.972376,1.063366
registry_extra,1991-08-16,000004.SZ,4.0,5200.0,105000.0,20.192308,5.048077,1.15
registry_extra,1991-08-17,000002.SZ,5.0,9600.0,241000.0,25.104167,5.020833,1.06
registry_extra,1991-08-17,000004.SZ,4.0,1200.0,24000.0,20.0,5.0,1.15
registry_extra,1991-08-19,000002.SZ,5.2,14600.0,377000.0,25.821918,4.965753,1.076923
registry_extra,1991-08-19,000004.SZ,4.1,5100.0,103000.0,20.196078,4.925873,1.14878
registry_extra,1991-08-20,000002.SZ,5.1,18400.0,470000.0,25.543478,5.008525,1.068627
registry_extra,1991-08-20,000004.SZ,4.1,5000.0,103000.0,20.6,5.02439,1.14878
registry_extra,1991-08-21,000002.SZ,5.1,15800.0,400000.0,25.316456,4.964011,1.068627
registry_extra,1991-08-21,000004.SZ,4.15,18500.0,380000.0,20.540541,4.949528,1.149398
registry_extra,1991-08-22,000002.SZ,5.1,28500.0,720000.0,25.263158,4.95356,1.068627
registry_extra,1991-08-22,000004.SZ,4.15,11200.0,229000.0,20.446429,4.92685,1.149398
registry_extra,1991-08-23,000002.SZ,5.0,23500.0,589000.0,25.06383,5.012766,1.06
registry_extra,1991-08-23,000004.SZ,4.1,11200.0,229000.0,20.446429,4.986934,1.14878
registry_extra,1991-08-24,000002.SZ,5.1,13000.0,328000.0,25.230769,4.94721,1.068627
registry_extra,1991-08-24,000004.SZ,4.05,8400.0,171000.0,20.357143,5.026455,1.150617
registry_extra,1991-08-26,000002.SZ,5.05,12800.0,323000.0,25.234375,4.996906,1.063366
registry_extra,1991-08-26,000004.SZ,4.05,8400.0,171000.0,20.357143,5.026455,1.150617
registry_extra,1991-08-27,000002.SZ,5.0,28600.0,717000.0,25.06993,5.013986,1.06
registry_extra,1991-08-27,000004.SZ,4.1,11600.0,237000.0,20.431034,4.983179,1.14878
registry_extra,1991-08-28,000002.SZ,5.0,14700.0,367000.0,24.965986,4.993197,1.06
registry_extra,1991-08-28,000004.SZ,4.1,9500.0,194000.0,20.421053,4.980745,1.14878
registry_extra,1991-08-29,000002.SZ,5.0,10800.0,268000.0,24.814815,4.962963,1.06
registry_extra,1991-08-29,000004.SZ,4.1,9000.0,183000.0,20.333333,4.95935,1.14878
registry_extra,1991-08-30,000002.SZ,4.95,19000.0,470000.0,24.736842,4.997342,1.054545
registry_extra,1991-08-30,000004.SZ,4.1,10200.0,207000.0,20.294118,4.949785,1.14878
registry_extra,1991-08-31,000002.SZ,4.95,5200.0,138000.0,26.538462,5.361305,1.054545
registry_extra,1991-08-31,000004.SZ,4.05,5900.0,118000.0,20.0,4.938272,1.150617
registry_extra,1991-09-02,000002.SZ,4.95,17500.0,429000.0,24.514286,4.952381,1.054545
registry_extra,1991-09-02,000004.SZ,4.0,6800.0,137000.0,20.147059,5.036765,1.15
registry_extra,1991-09-03,000002.SZ,4.85,16500.0,403000.0,24.424242,5.035926,1.045361
registry_extra,1991-09-03,000004.SZ,4.0,12900.0,260000.0,20.155039,5.03876,1.15
registry_extra,1991-09-04,000002.SZ,4.75,20200.0,484000.0,23.960396,5.044294,1.035789
registry_extra,1991-09-04,000004.SZ,3.9,4500.0,88000.0,19.555556,5.014245,1.148718
registry_extra,1991-09-05,000002.SZ,4.55,25900.0,603000.0,23.281853,5.116891,1.015385
registry_extra,1991-09-05,000004.SZ,3.8,6700.0,129000.0,19.253731,5.066771,1.15
registry_extra,1991-09-06,000002.SZ,4.35,30600.0,674000.0,22.026144,5.063481,0.993103
registry_extra,1991-09-06,000004.SZ,3.75,4700.0,88000.0,18.723404,4.992908,1.149333
registry_extra,1991-09-07,000002.SZ,4.3,25100.0,544000.0,21.673307,5.040304,0.988372
registry_extra,1991-09-07,000004.SZ,3.65,1800.0,32000.0,17.777778,4.870624,1.150685
registry_extra,1991-09-09,000002.SZ,4.7,47300.0,1078000.0,22.790698,4.849085,1.031915
registry_extra,1991-09-09,000004.SZ,3.6,6500.0,116000.0,17.846154,4.957265,1.15
registry_extra,1991-09-10,000002.SZ,4.6,30100.0,699000.0,23.222591,5.048389,1.021739
registry_extra,1991-09-10,000004.SZ,3.7,8100.0,149000.0,18.395062,4.971638,1.151351
registry_extra,1991-09-11,000002.SZ,4.65,50500.0,1167000.0,23.108911,4.969658,1.027957
registry_extra,1991-09-11,000004.SZ,3.85,4300.0,81000.0,18.837209,4.892782,1.150649
registry_extra,1991-09-12,000002.SZ,4.7,44900.0,1043000.0,23.229399,4.942425,1.031915
registry_extra,1991-09-12,000004.SZ,3.95,11200.0,221000.0,19.732143,4.995479,1.149367
registry_extra,1991-09-13,000002.SZ,4.65,30800.0,711000.0,23.084416,4.96439,1.027957
registry_extra,1991-09-13,000004.SZ,3.95,14400.0,283000.0,19.652778,4.975387,1.149367
registry_extra,1991-09-14,000002.SZ,4.55,9400.0,213000.0,22.659574,4.980126,1.015385
registry_extra,1991-09-14,000004.SZ,4.0,2300.0,45000.0,19.565217,4.891304,1.15
registry_extra,1991-09-16,000002.SZ,4.6,22700.0,517000.0,22.77533,4.951159,1.021739
registry_extra,1991-09-16,000004.SZ,3.95,5800.0,115000.0,19.827586,5.019642,1.149367
registry_extra,1991-09-17,000002.SZ,4.6,23500.0,534000.0,22.723404,4.93987,1.021739
registry_extra,1991-09-17,000004.SZ,3.9,8100.0,154000.0,19.012346,4.87496,1.148718
registry_extra,1991-09-18,000002.SZ,4.55,18500.0,417000.0,22.540541,4.953965,1.015385
registry_extra,1991-09-18,000004.SZ,3.9,6200.0,121000.0,19.516129,5.004136,1.148718
registry_extra,1991-09-19,000002.SZ,4.4,15000.0,336000.0,22.4,5.090909,1.0
registry_extra,1991-09-19,000004.SZ,3.85,3500.0,67000.0,19.142857,4.972171,1.150649
registry_extra,1991-09-20,000002.SZ,4.45,20200.0,446000.0,22.079208,4.96162,1.006742
registry_extra,1991-09-20,000004.SZ,3.85,2300.0,45000.0,19.565217,5.081875,1.150649
registry_extra,1991-09-21,000002.SZ,4.45,14700.0,327000.0,22.244898,4.998853,1.006742
registry_extra,1991-09-21,000004.SZ,3.95,2100.0,41000.0,19.52381,4.942737,1.149367
registry_extra,1991-09-23,000002.SZ,4.5,14800.0,330000.0,22.297297,4.954955,1.011111
registry_extra,1991-09-23,000004.SZ,3.95,6000.0,116000.0,19.333333,4.894515,1.149367
registry_extra,1991-09-24,000002.SZ,4.5,15300.0,342000.0,22.352941,4.96732,1.011111
registry_extra,1991-09-24,000004.SZ,3.85,1200.0,23000.0,19.166667,4.978355,1.150649
registry_extra,1991-09-25,000002.SZ,4.5,67100.0,1578000.0,23.517139,5.226031,1.011111
registry_extra,1991-09-25,000004.SZ,3.9,3800.0,74000.0,19.473684,4.993252,1.148718
registry_extra,1991-09-26,000002.SZ,4.55,18800.0,424000.0,22.553191,4.956745,1.015385
registry_extra,1991-09-26,000004.SZ,3.9,2600.0,50000.0,19.230769,4.930966,1.148718
registry_extra,1991-09-27,000002.SZ,4.55,18000.0,412000.0,22.888889,5.030525,1.015385
registry_extra,1991-09-27,000004.SZ,4.0,5100.0,101000.0,19.803922,4.95098,1.15
registry_extra,1991-09-28,000002.SZ,4.65,247400.0,5522000.0,22.320129,4.800028,1.027957
registry_extra,1991-09-28,000004.SZ,3.95,9500.0,188000.0,19.789474,5.009993,1.149367
registry_extra,1991-09-29,000002.SZ,4.7,23100.0,540000.0,23.376623,4.97375,1.031915
registry_extra,1991-09-29,000004.SZ,3.95,1900.0,37000.0,19.473684,4.930047,1.149367
registry_extra,1991-09-30,000002.SZ,4.7,23100.0,540000.0,23.376623,4.97375,1.031915
registry_extra,1991-09-30,000004.SZ,3.95,19000.0,375000.0,19.736842,4.996669,1.149367
registry_extra,1991-10-03,000002.SZ,4.95,57300.0,1421000.0,24.799302,5.00996,1.054545
registry_extra,1991-10-03,000004.SZ,4.25,21100.0,437000.0,20.7109,4.873153,1.150588
registry_extra,1991-10-04,000002.SZ,4.95,80600.0,1982000.0,24.590571,4.967792,1.054545
registry_extra,1991-10-04,000004.SZ,4.15,11300.0,240000.0,21.238938,5.117816,1.149398
registry_extra,1991-10-05,000002.SZ,4.9,36700.0,894000.0,24.359673,4.971362,1.05102
registry_extra,1991-10-05,000004.SZ,4.15,17800.0,372000.0,20.898876,5.035874,1.149398
registry_extra,1991-10-07,000002.SZ,5.7,112200.0,2961000.0,26.390374,4.62989,1.114035
registry_extra,1991-10-07,000004.SZ,4.75,22400.0,498000.0,22.232143,4.680451,1.149474
registry_extra,1991-10-08,000002.SZ,6.6,150800.0,5051000.0,33.494695,5.074954,1.166667
registry_extra,1991-10-08,000004.SZ,5.8,22800.0,652000.0,28.596491,4.93043,1.15
registry_extra,1991-10-09,000002.SZ,8.5,137600.0,5478000.0,39.811047,4.683653,1.241176
registry_extra,1991-10-10,000002.SZ,8.2,154500.0,7061000.0,45.702265,5.573447,1.231707
registry_extra,1991-10-10,000004.SZ,6.6,62100.0,2095000.0,33.73591,5.111501,1.15
registry_extra,1991-10-11,000002.SZ,8.1,168400.0,6321000.0,37.535629,4.634028,1.228395
registry_extra,1991-10-11,000004.SZ,6.85,37300.0,1194000.0,32.010724,4.673098,1.150365
registry_extra,1991-10-12,000002.SZ,8.5,101200.0,4297000.0,42.460474,4.99535,1.241176
registry_extra,1991-10-12,000004.SZ,7.05,14100.0,498000.0,35.319149,5.009808,1.150355
registry_extra,1991-10-14,000002.SZ,8.4,107300.0,4631000.0,43.159366,5.13802,1.238095
registry_extra,1991-10-14,000004.SZ,7.5,40100.0,1484000.0,37.007481,4.934331,1.149333
registry_extra,1991-10-15,000002.SZ,7.9,64400.0,2584000.0,40.124224,5.079016,1.221519
registry_extra,1991-10-15,000004.SZ,7.4,45900.0,1705000.0,37.145969,5.019726,1.15
registry_extra,1991-10-16,000002.SZ,7.7,78400.0,3052000.0,38.928571,5.055659,1.214286
registry_extra,1991-10-16,000004.SZ,6.93,27700.0,997000.0,35.99278,5.193763,1.150072
registry_extra,1991-10-17,000002.SZ,7.95,98400.0,3805000.0,38.668699,4.863987,1.223899
registry_extra,1991-10-17,000004.SZ,7.1,17600.0,622000.0,35.340909,4.977593,1.149296
registry_extra,1991-10-18,000002.SZ,8.0,113900.0,4669000.0,40.992098,5.124012,1.225
registry_extra,1991-10-18,000004.SZ,7.4,18300.0,673000.0,36.775956,4.969724,1.15
registry_extra,1991-10-19,000002.SZ,8.0,25100.0,992000.0,39.521912,4.940239,1.225
registry_extra,1991-10-19,000004.SZ,7.25,9300.0,338000.0,36.344086,5.012977,1.150345
registry_extra,1991-10-21,000002.SZ,7.9,75000.0,2944000.0,39.253333,4.968776,1.221519
registry_extra,1991-10-21,000004.SZ,7.2,18400.0,665000.0,36.141304,5.019626,1.15
registry_extra,1991-10-22,000002.SZ,7.75,78400.0,3047000.0,38.864796,5.014812,1.216774
registry_extra,1991-10-22,000004.SZ,7.15,25200.0,896000.0,35.555556,4.972805,1.14965
registry_extra,1991-10-23,000002.SZ,7.7,85500.0,3272000.0,38.269006,4.970001,1.214286
registry_extra,1991-10-23,000004.SZ,7.15,36300.0,1293000.0,35.619835,4.981795,1.14965
registry_extra,1991-10-24,000002.SZ,7.9,68300.0,2693000.0,39.42899,4.991011,1.221519
registry_extra,1991-10-24,000004.SZ,7.3,19400.0,702000.0,36.185567,4.956927,1.150685
registry_extra,1991-10-25,000002.SZ,7.9,54200.0,2135000.0,39.391144,4.986221,1.221519
registry_extra,1991-10-25,000004.SZ,7.3,14000.0,509000.0,36.357143,4.980431,1.150685
registry_extra,1991-10-26,000002.SZ,7.9,47500.0,1873000.0,39.431579,4.991339,1.221519
registry_extra,1991-10-26,000004.SZ,7.35,14200.0,517000.0,36.408451,4.953531,1.14966
registry_extra,1991-10-28,000002.SZ,8.4,102500.0,4178000.0,40.760976,4.852497,1.238095
registry_extra,1991-10-28,000004.SZ,7.8,19700.0,744000.0,37.766497,4.841859,1.15
registry_extra,1991-10-29,000002.SZ,8.45,102900.0,4398000.0,42.740525,5.05805,1.239053
registry_extra,1991-10-29,000004.SZ,8.2,32300.0,1317000.0,40.773994,4.972438,1.15
registry_extra,1991-10-30,000002.SZ,8.6,133100.0,5669000.0,42.592036,4.952562,1.244186
registry_extra,1991-10-30,000004.SZ,8.6,38700.0,1629000.0,42.093023,4.894538,1.15
registry_extra,1991-10-31,000002.SZ,9.3,165400.0,7379000.0,44.613059,4.797103,1.263441
registry_extra,1991-10-31,000004.SZ,9.2,28800.0,1276000.0,44.305556,4.815821,1.15
registry_extra,1991-11-01,000002.SZ,9.8,171200.0,8389000.0,49.001168,5.000119,1.27551
registry_extra,1991-11-01,000004.SZ,10.0,33900.0,1717000.0,50.648968,5.064897,1.15
registry_extra,1991-11-02,000002.SZ,9.6,64600.0,3135000.0,48.529412,5.055147,1.270833
registry_extra,1991-11-02,000004.SZ,10.4,21500.0,1117000.0,51.953488,4.995528,1.15
registry_extra,1991-11-04,000002.SZ,10.8,198600.0,10171000.0,51.213494,4.74199,1.296296
registry_extra,1991-11-04,000004.SZ,11.25,39300.0,2093000.0,53.256997,4.733955,1.150222
registry_extra,1991-11-05,000002.SZ,10.85,226000.0,12714000.0,56.256637,5.184944,1.297696
registry_extra,1991-11-05,000004.SZ,12.1,60700.0,3597000.0,59.258649,4.897409,1.150413
registry_extra,1991-11-06,000002.SZ,10.0,156800.0,7680000.0,48.979592,4.897959,1.28
registry_extra,1991-11-06,000004.SZ,11.5,45500.0,2568000.0,56.43956,4.907788,1.149565
registry_extra,1991-11-07,000002.SZ,10.35,184600.0,9730000.0,52.708559,5.092614,1.286957
registry_extra,1991-11-07,000004.SZ,12.0,77900.0,4629000.0,59.422336,4.951861,1.15
registry_extra,1991-11-08,000002.SZ,10.55,219700.0,11320000.0,51.524807,4.883868,1.290995
registry_extra,1991-11-08,000004.SZ,11.8,27800.0,1627000.0,58.52518,4.959761,1.15
registry_extra,1991-11-09,000002.SZ,11.1,137400.0,7617000.0,55.436681,4.994296,1.301802
registry_extra,1991-11-09,000004.SZ,12.35,27100.0,1631000.0,60.184502,4.873239,1.149798
registry_extra,1991-11-12,000002.SZ,14.65,199800.0,13463000.0,67.382382,4.59948,1.350171
registry_extra,1991-11-12,000004.SZ,14.05,40000.0,2699000.0,67.475,4.802491,1.150178
registry_extra,1991-11-13,000002.SZ,15.0,254800.0,19704000.0,77.33124,5.155416,1.353333
registry_extra,1991-11-13,000004.SZ,15.2,48500.0,3646000.0,75.175258,4.945741,1.15
registry_extra,1991-11-14,000002.SZ,15.8,213700.0,16741000.0,78.338793,4.958151,1.360759
registry_extra,1991-11-14,000004.SZ,15.95,53400.0,4153000.0,77.771536,4.875958,1.149843
registry_extra,1991-11-16,000002.SZ,14.8,158400.0,11461000.0,72.354798,4.888838,1.351351
registry_extra,1991-11-16,000004.SZ,14.75,13900.0,1033000.0,74.316547,5.03841,1.149831
registry_extra,1991-11-18,000004.SZ,12.7,10300.0,716000.0,69.514563,5.473588,1.149606
registry_extra,1991-11-19,000002.SZ,14.1,111700.0,7435000.0,66.56222,4.720725,1.343972
registry_extra,1991-11-19,000004.SZ,14.2,31500.0,2088000.0,66.285714,4.668008,1.15
registry_extra,1991-11-20,000002.SZ,13.5,126600.0,9024000.0,71.279621,5.279972,1.337037
registry_extra,1991-11-20,000004.SZ,13.85,27900.0,1990000.0,71.326165,5.149904,1.150181
registry_extra,1991-11-21,000002.SZ,13.0,94700.0,6113000.0,64.551214,4.965478,1.330769
registry_extra,1991-11-21,000004.SZ,12.95,18500.0,1230000.0,66.486486,5.134092,1.149807
registry_extra,1991-11-22,000002.SZ,13.6,102900.0,6918000.0,67.230321,4.943406,1.338235
registry_extra,1991-11-22,000004.SZ,13.6,23800.0,1580000.0,66.386555,4.881364,1.15
registry_extra,1991-11-23,000002.SZ,13.75,79200.0,5438000.0,68.661616,4.993572,1.339636
registry_extra,1991-11-23,000004.SZ,13.8,7000.0,480000.0,68.571429,4.968944,1.15
registry_extra,1991-11-25,000002.SZ,12.8,75300.0,4860000.0,64.541833,5.042331,1.328125
registry_extra,1991-11-25,000004.SZ,12.95,20400.0,1331000.0,65.245098,5.038232,1.149807
registry_extra,1991-11-26,000002.SZ,11.8,102900.0,6202000.0,60.272109,5.107806,1.313559
registry_extra,1991-11-26,000004.SZ,12.0,11000.0,672000.0,61.090909,5.090909,1.15
registry_extra,1991-11-27,000002.SZ,12.45,106500.0,6403000.0,60.122066,4.829082,1.322892
registry_extra,1991-11-27,000004.SZ,12.6,22700.0,1386000.0,61.057269,4.845815,1.15
registry_extra,1991-11-28,000002.SZ,12.0,116400.0,7309000.0,62.792096,5.232675,1.316667
registry_extra,1991-11-28,000004.SZ,12.4,26700.0,1708000.0,63.970037,5.158874,1.15
registry_extra,1991-11-29,000002.SZ,11.15,111400.0,6164000.0,55.332136,4.962523,1.303139
registry_extra,1991-11-29,000004.SZ,11.2,18400.0,1050000.0,57.065217,5.095109,1.15
registry_extra,1991-11-30,000002.SZ,10.85,54600.0,2975000.0,54.487179,5.02186,1.297696
registry_extra,1991-11-30,000004.SZ,10.8,7300.0,403000.0,55.205479,5.111618,1.15
registry_extra,1991-12-02,000002.SZ,11.0,125900.0,6790000.0,53.931692,4.902881,1.3
registry_extra,1991-12-02,000004.SZ,10.8,32000.0,1694000.0,52.9375,4.90162,1.15
registry_extra,1991-12-03,000002.SZ,11.4,73300.0,4087000.0,55.757162,4.890979,1.307018
registry_extra,1991-12-03,000004.SZ,11.25,17300.0,952000.0,55.028902,4.891458,1.150222
registry_extra,1991-12-04,000002.SZ,11.5,99700.0,5712000.0,57.291876,4.981902,1.308696
registry_extra,1991-12-04,000004.SZ,11.15,17200.0,975000.0,56.686047,5.08395,1.149776
registry_extra,1991-12-05,000002.SZ,11.0,40600.0,2303000.0,56.724138,5.15674,1.3
registry_extra,1991-12-05,000004.SZ,10.8,12000.0,649000.0,54.083333,5.007716,1.15
registry_extra,1991-12-06,000002.SZ,11.2,63300.0,3471000.0,54.834123,4.895904,1.303571
registry_extra,1991-12-06,000004.SZ,10.75,11800.0,632000.0,53.559322,4.982263,1.149767
registry_extra,1991-12-07,000002.SZ,11.1,27300.0,1520000.0,55.677656,5.016005,1.301802
registry_extra,1991-12-07,000004.SZ,10.8,12800.0,697000.0,54.453125,5.041956,1.15
registry_extra,1991-12-09,000002.SZ,11.6,140600.0,8043000.0,57.204836,4.931451,1.310345
registry_extra,1991-12-09,000004.SZ,11.05,17200.0,947000.0,55.05814,4.982637,1.150226
registry_extra,1991-12-10,000002.SZ,11.65,111500.0,6495000.0,58.251121,5.000096,1.311588
registry_extra,1991-12-10,000004.SZ,11.35,23500.0,1320000.0,56.170213,4.948917,1.14978
registry_extra,1991-12-11,000002.SZ,11.5,53800.0,3121000.0,58.011152,5.044448,1.308696
registry_extra,1991-12-11,000004.SZ,11.3,13700.0,776000.0,56.642336,5.012596,1.150442
registry_extra,1991-12-12,000002.SZ,11.25,59100.0,3296000.0,55.769882,4.957323,1.304889
registry_extra,1991-12-12,000004.SZ,10.85,7900.0,435000.0,55.063291,5.074958,1.15023
registry_extra,1991-12-13,000002.SZ,10.9,86700.0,4747000.0,54.752018,5.023121,1.298165
registry_extra,1991-12-13,000004.SZ,10.6,16800.0,884000.0,52.619048,4.964061,1.15
registry_extra,1991-12-14,000002.SZ,11.1,41200.0,2283000.0,55.412621,4.992128,1.301802
registry_extra,1991-12-14,000004.SZ,11.0,14100.0,753000.0,53.404255,4.854932,1.15
registry_extra,1991-12-16,000002.SZ,11.4,71700.0,4069000.0,56.750349,4.978101,1.307018
registry_extra,1991-12-16,000004.SZ,10.85,9600.0,520000.0,54.166667,4.99232,1.15023
registry_extra,1991-12-17,000002.SZ,11.3,56000.0,3169000.0,56.589286,5.007901,1.30531
registry_extra,1991-12-17,000004.SZ,10.7,11800.0,634000.0,53.728814,5.021384,1.149533
registry_extra,1991-12-18,000002.SZ,11.25,43200.0,2398000.0,55.509259,4.934156,1.304889
registry_extra,1991-12-18,000004.SZ,10.6,14400.0,759000.0,52.708333,4.972484,1.15
registry_extra,1991-12-19,000002.SZ,11.2,43100.0,2401000.0,55.707657,4.973898,1.303571
registry_extra,1991-12-19,000004.SZ,10.55,15300.0,803000.0,52.48366,4.974755,1.149763
registry_extra,1991-12-20,000002.SZ,11.2,43100.0,2401000.0,55.707657,4.973898,1.303571
registry_extra,1991-12-20,000004.SZ,10.55,15300.0,803000.0,52.48366,4.974755,1.149763
registry_extra,1991-12-21,000002.SZ,11.2,28500.0,1587000.0,55.684211,4.971805,1.303571
registry_extra,1991-12-21,000004.SZ,10.5,7000.0,367000.0,52.428571,4.993197,1.150476
registry_extra,1991-12-23,000002.SZ,11.4,57800.0,3356000.0,58.062284,5.093183,1.307018
registry_extra,1991-12-23,000004.SZ,10.7,21500.0,1138000.0,52.930233,4.946751,1.149533
registry_extra,1991-12-24,000002.SZ,12.5,126700.0,7679000.0,60.607735,4.848619,1.324
registry_extra,1991-12-24,000004.SZ,11.9,32400.0,1855000.0,57.253086,4.811184,1.14958
registry_extra,1991-12-25,000002.SZ,12.1,98100.0,6196000.0,63.160041,5.219838,1.318182
registry_extra,1991-12-25,000004.SZ,11.9,31900.0,1941000.0,60.846395,5.113142,1.14958
registry_extra,1991-12-26,000002.SZ,12.1,98300.0,5878000.0,59.796541,4.941863,1.318182
registry_extra,1991-12-26,000004.SZ,11.8,35100.0,2000000.0,56.980057,4.828818,1.15
registry_extra,1991-12-27,000002.SZ,12.15,88100.0,5292000.0,60.068104,4.943877,1.319342
registry_extra,1991-12-27,000004.SZ,11.6,33200.0,1907000.0,57.439759,4.951703,1.15
registry_extra,1991-12-28,000002.SZ,12.4,58500.0,3617000.0,61.82906,4.986215,1.322581
registry_extra,1991-12-28,000004.SZ,11.9,18300.0,1075000.0,58.743169,4.936401,1.14958
registry_extra,1991-12-30,000002.SZ,12.3,61500.0,3762000.0,61.170732,4.97323,1.321138
registry_extra,1991-12-30,000004.SZ,11.8,21600.0,1269000.0,58.75,4.978814,1.15
registry_extra,1991-12-31,000002.SZ,12.35,50600.0,3109000.0,61.442688,4.975116,1.321457
registry_extra,1991-12-31,000004.SZ,11.9,14100.0,829000.0,58.794326,4.9407,1.14958
registry_extra,1992-01-02,000002.SZ,12.45,89600.0,5582000.0,62.299107,5.003944,1.322892
registry_extra,1992-01-02,000004.SZ,11.9,31600.0,1884000.0,59.620253,5.010105,1.14958
registry_extra,1992-01-03,000002.SZ,12.4,59400.0,3667000.0,61.734007,4.978549,1.322581
registry_extra,1992-01-03,000004.SZ,11.85,17800.0,1053000.0,59.157303,4.992177,1.150211
registry_extra,1992-01-06,000002.SZ,12.5,113100.0,7027000.0,62.130858,4.970469,1.324
registry_extra,1992-01-06,000004.SZ,11.9,23400.0,1391000.0,59.444444,4.995331,1.14958
registry_extra,1992-01-07,000002.SZ,12.75,145900.0,9136000.0,62.618232,4.911234,1.327059
registry_extra,1992-01-07,000004.SZ,12.15,28800.0,1736000.0,60.277778,4.961134,1.149794
registry_extra,1992-01-08,000002.SZ,12.55,116000.0,7231000.0,62.336207,4.967028,1.3251
registry_extra,1992-01-08,000004.SZ,12.05,41500.0,2504000.0,60.337349,5.007249,1.150207
registry_extra,1992-01-09,000002.SZ,12.5,60200.0,3749000.0,62.275748,4.98206,1.324
registry_extra,1992-01-09,000004.SZ,12.05,38800.0,2339000.0,60.283505,5.002781,1.150207
registry_extra,1992-01-10,000002.SZ,12.45,42300.0,2615000.0,61.820331,4.965488,1.322892
registry_extra,1992-01-10,000004.SZ,12.1,10700.0,646000.0,60.373832,4.989573,1.150413
registry_extra,1992-01-13,000002.SZ,12.25,42300.0,2616000.0,61.843972,5.048487,1.320816
registry_extra,1992-01-13,000004.SZ,12.0,17300.0,1041000.0,60.17341,5.014451,1.15
registry_extra,1992-01-14,000002.SZ,12.05,51300.0,3097000.0,60.37037,5.009989,1.317842
registry_extra,1992-01-14,000004.SZ,11.8,11100.0,657000.0,59.189189,5.016033,1.15
registry_extra,1992-01-15,000002.SZ,11.9,64500.0,3856000.0,59.782946,5.023777,1.315126
registry_extra,1992-01-15,000004.SZ,11.55,12900.0,749000.0,58.062016,5.027014,1.149784
registry_extra,1992-01-16,000002.SZ,11.6,49000.0,2849000.0,58.142857,5.012315,1.310345
registry_extra,1992-01-16,000004.SZ,11.3,17300.0,975000.0,56.358382,4.987467,1.150442
registry_extra,1992-01-17,000002.SZ,11.8,53800.0,3084000.0,57.32342,4.857917,1.313559
registry_extra,1992-01-17,000004.SZ,11.5,15400.0,859000.0,55.779221,4.850367,1.149565
registry_extra,1992-01-20,000002.SZ,11.85,53600.0,3173000.0,59.197761,4.995592,1.314768
registry_extra,1992-01-20,000004.SZ,11.5,8700.0,502000.0,57.701149,5.017491,1.149565
registry_extra,1992-01-21,000002.SZ,11.7,28700.0,1685000.0,58.710801,5.018017,1.311966
registry_extra,1992-01-21,000004.SZ,11.35,14100.0,804000.0,57.021277,5.023901,1.14978
registry_extra,1992-01-22,000002.SZ,11.7,37500.0,2178000.0,58.08,4.964103,1.311966
registry_extra,1992-01-22,000004.SZ,11.5,14100.0,800000.0,56.737589,4.933703,1.149565
registry_extra,1992-01-23,000002.SZ,11.75,43200.0,2509000.0,58.078704,4.942868,1.31234
registry_extra,1992-01-23,000004.SZ,11.4,15000.0,856000.0,57.066667,5.005848,1.15
registry_extra,1992-01-24,000002.SZ,11.8,45000.0,2651000.0,58.911111,4.992467,1.313559
registry_extra,1992-01-24,000004.SZ,11.5,13300.0,765000.0,57.518797,5.001635,1.149565
registry_extra,1992-01-27,000002.SZ,11.65,44500.0,2601000.0,58.449438,5.017119,1.311588
registry_extra,1992-01-27,000004.SZ,11.35,9300.0,531000.0,57.096774,5.030553,1.14978
registry_extra,1992-01-28,000002.SZ,11.75,47400.0,2773000.0,58.50211,4.978903,1.31234
registry_extra,1992-01-28,000004.SZ,11.45,7700.0,439000.0,57.012987,4.9793,1.150218
registry_extra,1992-01-29,000002.SZ,11.8,54300.0,3196000.0,58.858195,4.987983,1.313559
registry_extra,1992-01-29,000004.SZ,11.55,13500.0,776000.0,57.481481,4.976752,1.149784
registry_extra,1992-01-30,000002.SZ,12.0,49000.0,2921000.0,59.612245,4.967687,1.316667
registry_extra,1992-01-30,000004.SZ,11.8,12800.0,749000.0,58.515625,4.958951,1.15
registry_extra,1992-01-31,000002.SZ,12.25,66300.0,4053000.0,61.131222,4.990304,1.320816
registry_extra,1992-02-03,000002.SZ,12.1,41800.0,2530000.0,60.526316,5.002175,1.318182
registry_extra,1992-02-03,000004.SZ,11.85,10600.0,630000.0,59.433962,5.015524,1.150211
registry_extra,1992-02-07,000002.SZ,12.2,20100.0,1221000.0,60.746269,4.979202,1.319672
registry_extra,1992-02-07,000004.SZ,12.0,10200.0,610000.0,59.803922,4.98366,1.15
registry_extra,1992-02-10,000002.SZ,11.9,20600.0,1218000.0,59.126214,4.968589,1.315126
registry_extra,1992-02-10,000004.SZ,11.7,6400.0,372000.0,58.125,4.967949,1.149573
registry_extra,1992-02-11,000002.SZ,12.0,28700.0,1720000.0,59.930314,4.994193,1.316667
registry_extra,1992-02-11,000004.SZ,11.85,11300.0,668000.0,59.115044,4.988611,1.150211
registry_extra,1992-02-12,000002.SZ,12.05,19400.0,1165000.0,60.051546,4.983531,1.317842
registry_extra,1992-02-12,000004.SZ,11.9,8900.0,527000.0,59.213483,4.975923,1.14958
registry_extra,1992-02-13,000002.SZ,12.05,29900.0,1798000.0,60.133779,4.990355,1.317842
registry_extra,1992-02-13,000004.SZ,11.8,4300.0,253000.0,58.837209,4.986204,1.15
registry_extra,1992-02-14,000002.SZ,11.8,31500.0,1884000.0,59.809524,5.068604,1.313559
registry_extra,1992-02-14,000004.SZ,11.75,9500.0,559000.0,58.842105,5.007839,1.149787
registry_extra,1992-02-17,000002.SZ,11.7,54000.0,3163000.0,58.574074,5.006331,1.311966
registry_extra,1992-02-17,000004.SZ,11.6,10500.0,608000.0,57.904762,4.99179,1.15
registry_extra,1992-02-18,000002.SZ,11.65,39900.0,2331000.0,58.421053,5.014683,1.311588
registry_extra,1992-02-18,000004.SZ,11.5,7100.0,408000.0,57.464789,4.996938,1.149565
registry_extra,1992-02-19,000002.SZ,11.65,25800.0,1503000.0,58.255814,5.000499,1.311588
registry_extra,1992-02-19,000004.SZ,11.5,8300.0,476000.0,57.349398,4.986904,1.149565
registry_extra,1992-02-20,000002.SZ,11.7,51400.0,3000000.0,58.365759,4.988526,1.311966
registry_extra,1992-02-20,000004.SZ,11.5,8200.0,472000.0,57.560976,5.005302,1.149565
registry_extra,1992-02-21,000002.SZ,11.7,34000.0,1989000.0,58.5,5.0,1.311966
registry_extra,1992-02-21,000004.SZ,11.5,13800.0,794000.0,57.536232,5.003151,1.149565
registry_extra,1992-02-24,000002.SZ,11.45,33800.0,1941000.0,57.426036,5.015374,1.307424
registry_extra,1992-02-24,000004.SZ,11.3,10200.0,573000.0,56.176471,4.971369,1.150442
registry_extra,1992-02-25,000002.SZ,11.2,43100.0,2422000.0,56.194896,5.017401,1.303571
registry_extra,1992-02-26,000002.SZ,11.15,50100.0,2767000.0,55.229541,4.953322,1.303139
registry_extra,1992-02-26,000004.SZ,10.95,14100.0,772000.0,54.751773,5.000162,1.149772
registry_extra,1992-02-27,000002.SZ,11.5,34200.0,1916000.0,56.023392,4.871599,1.308696
registry_extra,1992-02-27,000004.SZ,11.3,9900.0,547000.0,55.252525,4.889604,1.150442
registry_extra,1992-02-28,000002.SZ,11.65,35900.0,2090000.0,58.21727,4.997191,1.311588
registry_extra,1992-02-28,000004.SZ,11.45,10800.0,622000.0,57.592593,5.029921,1.150218
registry_extra,1992-03-02,000002.SZ,11.75,131200.0,7677000.0,58.51372,4.979891,1.31234
registry_extra,1992-03-02,000004.SZ,11.4,11100.0,635000.0,57.207207,5.018176,1.15
registry_extra,1992-03-03,000002.SZ,11.45,34500.0,1999000.0,57.942029,5.060439,1.307424
registry_extra,1992-03-03,000004.SZ,11.3,5500.0,311000.0,56.545455,5.004023,1.150442
registry_extra,1992-03-04,000002.SZ,11.4,43100.0,2460000.0,57.076566,5.006716,1.307018
registry_extra,1992-03-04,000004.SZ,11.25,6700.0,375000.0,55.970149,4.975124,1.150222
registry_extra,1992-03-05,000002.SZ,11.55,16800.0,971000.0,57.797619,5.004123,1.309957
registry_extra,1992-03-05,000004.SZ,11.15,8400.0,469000.0,55.833333,5.007474,1.149776
registry_extra,1992-03-06,000002.SZ,11.55,10300.0,595000.0,57.76699,5.001471,1.309957
registry_extra,1992-03-06,000004.SZ,11.25,11400.0,638000.0,55.964912,4.974659,1.150222
registry_extra,1992-03-09,000002.SZ,11.5,23500.0,1350000.0,57.446809,4.995375,1.308696
registry_extra,1992-03-09,000004.SZ,11.15,14600.0,814000.0,55.753425,5.000307,1.149776
registry_extra,1992-03-10,000002.SZ,11.4,19200.0,1096000.0,57.083333,5.00731,1.307018
registry_extra,1992-03-10,000004.SZ,11.0,9100.0,501000.0,55.054945,5.004995,1.15
registry_extra,1992-03-11,000002.SZ,11.4,13400.0,763000.0,56.940299,4.994763,1.307018
registry_extra,1992-03-11,000004.SZ,11.0,14200.0,779000.0,54.859155,4.987196,1.15
registry_extra,1992-03-12,000002.SZ,11.45,14300.0,815000.0,56.993007,4.977555,1.307424
registry_extra,1992-03-12,000004.SZ,11.2,7700.0,424000.0,55.064935,4.916512,1.15
registry_extra,1992-03-13,000002.SZ,11.35,20200.0,1150000.0,56.930693,5.01592,1.305727
registry_extra,1992-03-13,000004.SZ,11.2,2500.0,140000.0,56.0,5.0,1.15
registry_extra,1992-03-16,000002.SZ,11.35,56400.0,3172000.0,56.241135,4.955166,1.305727
registry_extra,1992-03-16,000004.SZ,11.2,5200.0,290000.0,55.769231,4.979396,1.15
registry_extra,1992-03-17,000002.SZ,11.3,48600.0,2768000.0,56.954733,5.040242,1.30531
registry_extra,1992-03-17,000004.SZ,11.2,6600.0,369000.0,55.909091,4.991883,1.15
registry_extra,1992-03-18,000002.SZ,11.25,51100.0,2882000.0,56.399217,5.013264,1.304889
registry_extra,1992-03-18,000004.SZ,11.2,8000.0,446000.0,55.75,4.977679,1.15
registry_extra,1992-03-19,000002.SZ,11.2,37400.0,2094000.0,55.989305,4.999045,1.303571
registry_extra,1992-03-19,000004.SZ,11.15,7900.0,439000.0,55.56962,4.983822,1.149776
registry_extra,1992-03-20,000002.SZ,11.1,31400.0,1744000.0,55.541401,5.00373,1.962162
registry_extra,1992-03-20,000004.SZ,10.9,8400.0,460000.0,54.761905,5.024028,1.150459
registry_extra,1992-03-23,000002.SZ,11.05,39000.0,2155000.0,55.25641,5.00058,1.961086
registry_extra,1992-03-23,000004.SZ,10.85,12100.0,657000.0,54.297521,5.00438,1.15023
registry_extra,1992-03-24,000002.SZ,11.0,56900.0,3123000.0,54.885764,4.989615,1.96
registry_extra,1992-03-24,000004.SZ,10.7,12100.0,645000.0,53.305785,4.981849,1.149533
registry_extra,1992-03-25,000002.SZ,11.45,80100.0,4477000.0,55.892634,4.881453,1.967686
registry_extra,1992-03-25,000004.SZ,11.1,12100.0,663000.0,54.793388,4.936341,1.14955
registry_extra,1992-03-26,000002.SZ,11.9,123900.0,7432000.0,59.983858,5.04066,1.97479
registry_extra,1992-03-26,000004.SZ,11.5,27500.0,1586000.0,57.672727,5.01502,1.149565
registry_extra,1992-03-27,000002.SZ,11.9,126000.0,7494000.0,59.47619,4.997999,1.97479
registry_extra,1992-03-27,000004.SZ,11.5,27500.0,1582000.0,57.527273,5.002372,1.149565
registry_extra,1992-03-30,000002.SZ,10.65,110700.0,5867000.0,52.999097,4.976441,1.953052
registry_extra,1992-03-30,000004.SZ,12.35,35100.0,2140000.0,60.968661,4.936734,1.149798
registry_extra,1992-03-31,000002.SZ,10.65,206100.0,11055000.0,53.63901,5.036527,1.953052
registry_extra,1992-03-31,000004.SZ,12.7,36200.0,2301000.0,63.563536,5.005003,1.149606
registry_extra,1992-04-01,000002.SZ,10.75,210200.0,11363000.0,54.05804,5.028655,1.955349
registry_extra,1992-04-01,000004.SZ,12.65,40300.0,2553000.0,63.349876,5.007895,1.150198
registry_extra,1992-04-02,000002.SZ,10.8,150300.0,8125000.0,54.05855,5.005421,1.956481
registry_extra,1992-04-02,000004.SZ,12.4,31600.0,1950000.0,61.708861,4.976521,1.15
registry_extra,1992-04-03,000002.SZ,10.4,85800.0,4521000.0,52.692308,5.066568,1.948077
registry_extra,1992-04-03,000004.SZ,12.4,32600.0,2004000.0,61.472393,4.957451,1.15
registry_extra,1992-04-06,000002.SZ,10.6,168500.0,8948000.0,53.103858,5.009798,1.95283
registry_extra,1992-04-06,000004.SZ,13.1,58100.0,3689000.0,63.493976,4.846868,1.149618
registry_extra,1992-04-07,000002.SZ,11.3,197900.0,10798000.0,54.562911,4.828576,1.965487
registry_extra,1992-04-07,000004.SZ,13.8,64300.0,4350000.0,67.651633,4.902292,1.15
registry_extra,1992-04-08,000002.SZ,12.55,179800.0,11223000.0,62.419355,4.973654,1.984861
registry_extra,1992-04-08,000004.SZ,14.5,61700.0,4446000.0,72.058347,4.969541,1.149655
registry_extra,1992-04-09,000002.SZ,12.45,236600.0,14673000.0,62.016061,4.98121,1.983133
registry_extra,1992-04-09,000004.SZ,15.0,53800.0,4048000.0,75.241636,5.016109,1.15
registry_extra,1992-04-10,000002.SZ,13.1,278900.0,17707000.0,63.488706,4.846466,1.992366
registry_extra,1992-04-10,000004.SZ,15.85,54000.0,4215000.0,78.055556,4.924641,1.150158
registry_extra,1992-04-13,000002.SZ,15.65,210400.0,15989000.0,75.993346,4.855805,2.019169
registry_extra,1992-04-13,000004.SZ,17.5,35800.0,3075000.0,85.893855,4.90822,1.149714
registry_extra,1992-04-14,000002.SZ,16.3,295300.0,24339000.0,82.421267,5.056519,2.025153
registry_extra,1992-04-14,000004.SZ,19.25,63600.0,6032000.0,94.842767,4.926897,1.15013
registry_extra,1992-04-15,000002.SZ,15.0,277900.0,21910000.0,78.84131,5.256087,2.013333
registry_extra,1992-04-15,000004.SZ,18.5,81200.0,7832000.0,96.453202,5.213687,1.15027
registry_extra,1992-04-16,000002.SZ,15.85,315000.0,24495000.0,77.761905,4.906114,2.021451
registry_extra,1992-04-16,000004.SZ,18.95,74600.0,6983000.0,93.605898,4.939625,1.149868
registry_extra,1992-04-17,000002.SZ,15.55,212200.0,16835000.0,79.335533,5.101964,2.01865
registry_extra,1992-04-17,000004.SZ,18.7,76600.0,7230000.0,94.386423,5.047402,1.149733
registry_extra,1992-04-20,000004.SZ,18.05,41200.0,3788000.0,91.941748,5.093726,1.150139
registry_extra,1992-04-21,000002.SZ,14.95,151900.0,11288000.0,74.312047,4.970706,2.012709
registry_extra,1992-04-21,000004.SZ,18.0,79500.0,7071000.0,88.943396,4.9413,1.15
registry_extra,1992-04-22,000002.SZ,15.7,220800.0,16964000.0,76.82971,4.893612,2.019745
registry_extra,1992-04-22,000004.SZ,19.0,66700.0,6182000.0,92.683658,4.878087,1.15
registry_extra,1992-04-23,000002.SZ,16.25,263900.0,21374000.0,80.9928,4.984172,2.024615
registry_extra,1992-04-23,000004.SZ,19.8,73700.0,7155000.0,97.082768,4.90317,1.15
registry_extra,1992-04-24,000002.SZ,16.4,286900.0,23613000.0,82.303939,5.018533,2.02561
registry_extra,1992-04-24,000004.SZ,20.35,91300.0,9236000.0,101.161008,4.971057,1.149877
registry_extra,1992-04-27,000002.SZ,16.15,206200.0,16686000.0,80.921435,5.010615,2.023529
registry_extra,1992-04-27,000004.SZ,16.9,71500.0,5971000.0,83.51049,4.941449,1.379882
registry_extra,1992-04-28,000002.SZ,16.1,166700.0,13355000.0,80.113977,4.976023,2.023602
registry_extra,1992-04-28,000004.SZ,17.3,73800.0,6340000.0,85.907859,4.965772,1.379769
registry_extra,1992-04-29,000002.SZ,16.3,254600.0,20695000.0,81.284368,4.986771,2.025153
registry_extra,1992-04-29,000004.SZ,17.45,50200.0,4374000.0,87.131474,4.993208,1.379943
registry_extra,1992-04-30,000002.SZ,17.05,307100.0,25762000.0,83.887984,4.920116,2.031085
registry_extra,1992-04-30,000004.SZ,17.5,62400.0,5502000.0,88.173077,5.038462,1.38
registry_extra,1992-05-03,000002.SZ,17.8,226000.0,20121000.0,89.030973,5.00174,2.036517
registry_extra,1992-05-03,000004.SZ,18.0,51900.0,4677000.0,90.115607,5.006423,1.38
registry_extra,1992-05-04,000002.SZ,17.95,223100.0,19977000.0,89.542806,4.988457,2.037326
registry_extra,1992-05-04,000004.SZ,18.3,61900.0,5636000.0,91.050081,4.975414,1.379781
registry_extra,1992-05-06,000002.SZ,22.0,321300.0,36286000.0,112.934952,5.133407,2.06
registry_extra,1992-05-06,000004.SZ,20.35,53900.0,5706000.0,105.862709,5.202099,1.379853
registry_extra,1992-05-07,000002.SZ,20.5,267800.0,26963000.0,100.683346,4.911383,2.052683
registry_extra,1992-05-07,000004.SZ,19.5,55400.0,5269000.0,95.108303,4.877349,1.38
registry_extra,1992-05-08,000002.SZ,20.1,270200.0,28492000.0,105.447816,5.24616,2.050746
registry_extra,1992-05-08,000004.SZ,19.35,65400.0,6381000.0,97.568807,5.042316,1.379845
registry_extra,1992-05-11,000002.SZ,21.3,210900.0,21558000.0,102.219061,4.799017,2.056808
registry_extra,1992-05-11,000004.SZ,19.3,50800.0,4819000.0,94.862205,4.91514,1.379793
registry_extra,1992-05-12,000002.SZ,22.55,320200.0,36118000.0,112.798251,5.00214,2.062528
registry_extra,1992-05-12,000004.SZ,22.4,111700.0,11729000.0,105.004476,4.6877,1.379911
registry_extra,1992-05-13,000002.SZ,23.4,401900.0,46450000.0,115.576014,4.939146,2.065812
registry_extra,1992-05-13,000004.SZ,21.5,66100.0,7141000.0,108.033283,5.024804,1.38
registry_extra,1992-05-14,000002.SZ,22.8,209200.0,23907000.0,114.278203,5.012202,2.063596
registry_extra,1992-05-14,000004.SZ,21.2,56600.0,5974000.0,105.547703,4.978665,1.380189
registry_extra,1992-05-15,000002.SZ,23.2,228000.0,25964000.0,113.877193,4.9085,2.065086
registry_extra,1992-05-15,000004.SZ,21.3,76200.0,8041000.0,105.524934,4.954222,1.379812
registry_extra,1992-05-18,000002.SZ,23.65,188600.0,21860000.0,115.906681,4.900917,2.066808
registry_extra,1992-05-18,000004.SZ,22.9,113100.0,12114000.0,107.108753,4.677238,1.379913
registry_extra,1992-05-19,000002.SZ,24.7,268500.0,32802000.0,122.167598,4.946057,2.07085
registry_extra,1992-05-19,000004.SZ,23.5,85800.0,9986000.0,116.386946,4.952636,1.38
registry_extra,1992-05-20,000002.SZ,24.0,349000.0,43315000.0,124.111748,5.171323,2.068333
registry_extra,1992-05-20,000004.SZ,22.8,142300.0,16852000.0,118.425861,5.194117,1.379825
registry_extra,1992-05-21,000002.SZ,24.2,245500.0,29407000.0,119.784114,4.949757,2.069008
registry_extra,1992-05-21,000004.SZ,23.0,79300.0,8977000.0,113.203026,4.921871,1.38
registry_extra,1992-05-22,000002.SZ,24.7,243900.0,29794000.0,122.156622,4.945612,2.07085
registry_extra,1992-05-22,000004.SZ,23.4,129000.0,14942000.0,115.829457,4.949977,1.379915
registry_extra,1992-05-25,000002.SZ,25.7,374700.0,47508000.0,126.789432,4.933441,2.074319
registry_extra,1992-05-25,000004.SZ,24.8,121700.0,14579000.0,119.794577,4.830426,1.379839
registry_extra,1992-05-26,000002.SZ,26.3,304800.0,39693000.0,130.226378,4.951573,2.076426
registry_extra,1992-05-26,000004.SZ,25.95,133500.0,17115000.0,128.202247,4.940356,1.379961
registry_extra,1992-05-27,000002.SZ,26.25,223700.0,29413000.0,131.484131,5.008919,2.07619
registry_extra,1992-05-27,000004.SZ,25.8,89700.0,11505000.0,128.26087,4.971352,1.379845
registry_extra,1992-05-28,000002.SZ,25.6,221200.0,28411000.0,128.440325,5.0172,2.074219
registry_extra,1992-05-28,000004.SZ,25.5,89800.0,11411000.0,127.071269,4.983187,1.38
registry_extra,1992-05-29,000002.SZ,25.5,175000.0,22065000.0,126.085714,4.944538,2.073725
registry_extra,1992-05-29,000004.SZ,25.4,84200.0,10603000.0,125.926366,4.957731,1.379921
registry_extra,1992-06-01,000002.SZ,25.4,269300.0,34909000.0,129.628667,5.103491,2.073228
registry_extra,1992-06-01,000004.SZ,25.9,87800.0,11482000.0,130.774487,5.049208,1.379923
registry_extra,1992-06-02,000002.SZ,24.8,242700.0,30196000.0,124.416976,5.016814,2.071371
registry_extra,1992-06-02,000004.SZ,24.8,50400.0,6273000.0,124.464286,5.018721,1.379839
registry_extra,1992-06-03,000002.SZ,22.0,128700.0,15335000.0,119.153069,5.416049,2.06
registry_extra,1992-06-03,000004.SZ,22.05,40600.0,4843000.0,119.285714,5.409783,1.380045
registry_extra,1992-06-04,000002.SZ,22.95,320200.0,35574000.0,111.099313,4.840929,2.064052
registry_extra,1992-06-04,000004.SZ,23.0,92300.0,10154000.0,110.010834,4.78308,1.38
registry_extra,1992-06-05,000002.SZ,23.0,357800.0,41248000.0,115.282281,5.012273,2.064348
registry_extra,1992-06-05,000004.SZ,22.7,113700.0,13080000.0,115.039578,5.067823,1.380176
registry_extra,1992-06-08,000002.SZ,22.0,167900.0,18696000.0,111.351995,5.061454,2.06
registry_extra,1992-06-08,000004.SZ,22.0,50900.0,5631000.0,110.628684,5.028577,1.38
registry_extra,1992-06-09,000002.SZ,20.65,140000.0,14815000.0,105.821429,5.124524,2.053269
registry_extra,1992-06-09,000004.SZ,20.25,36400.0,3830000.0,105.21978,5.196039,1.379753
registry_extra,1992-06-10,000002.SZ,21.2,160200.0,16676000.0,104.094881,4.910136,2.056132
registry_extra,1992-06-10,000004.SZ,21.25,47400.0,4968000.0,104.810127,4.932241,1.379765
registry_extra,1992-06-11,000002.SZ,20.8,130500.0,13683000.0,104.850575,5.040893,2.054327
registry_extra,1992-06-11,000004.SZ,20.6,26500.0,2759000.0,104.113208,5.054039,1.380097
registry_extra,1992-06-12,000002.SZ,21.0,161900.0,16692000.0,103.100679,4.909556,2.055238
registry_extra,1992-06-12,000004.SZ,21.0,43900.0,4520000.0,102.961276,4.902918,1.38
registry_extra,1992-06-15,000002.SZ,19.9,134200.0,13603000.0,101.363636,5.09365,2.049246
registry_extra,1992-06-15,000004.SZ,19.75,34900.0,3526000.0,101.031519,5.11552,1.380253
registry_extra,1992-06-16,000002.SZ,18.1,170000.0,15773000.0,92.782353,5.126097,2.038674
registry_extra,1992-06-16,000004.SZ,18.1,56700.0,5251000.0,92.610229,5.116587,1.38011
registry_extra,1992-06-17,000002.SZ,20.5,195300.0,17942000.0,91.86892,4.481411,2.052683
registry_extra,1992-06-17,000004.SZ,20.8,116600.0,10420000.0,89.365352,4.296411,1.379808
registry_extra,1992-06-18,000004.SZ,19.2,117900.0,11557000.0,98.023749,5.105404,1.380208
registry_extra,1992-06-19,000002.SZ,19.3,205200.0,19806000.0,96.520468,5.001061,2.046114
registry_extra,1992-06-19,000004.SZ,19.4,59200.0,5706000.0,96.385135,4.968306,1.379897
registry_extra,1992-06-22,000002.SZ,18.55,136200.0,12617000.0,92.63583,4.993845,2.041509
registry_extra,1992-06-22,000004.SZ,18.5,66900.0,6245000.0,93.348281,5.045853,1.38
registry_extra,1992-06-23,000002.SZ,18.9,191100.0,17536000.0,91.763475,4.85521,2.043386
registry_extra,1992-06-23,000004.SZ,19.0,38900.0,3572000.0,91.825193,4.832905,1.38
registry_extra,1992-06-24,000002.SZ,18.85,115500.0,10819000.0,93.670996,4.969284,2.043501
registry_extra,1992-06-24,000004.SZ,18.55,29600.0,2769000.0,93.547297,5.042981,1.380054
registry_extra,1992-06-25,000002.SZ,19.2,161400.0,15243000.0,94.442379,4.918874,2.045313
registry_extra,1992-06-25,000004.SZ,18.8,20500.0,1936000.0,94.439024,5.023352,1.379787
registry_extra,1992-06-26,000002.SZ,19.9,208800.0,20619000.0,98.75,4.962312,2.049246
registry_extra,1992-06-26,000004.SZ,19.9,99300.0,9748000.0,98.16717,4.933024,1.379899
registry_extra,1992-06-29,000002.SZ,22.5,343400.0,37663000.0,109.676762,4.874523,2.062222
registry_extra,1992-06-29,000004.SZ,22.1,133800.0,14373000.0,107.421525,4.860702,1.38009
registry_extra,1992-06-30,000002.SZ,23.75,437500.0,51131000.0,116.870857,4.920878,2.067368
registry_extra,1992-06-30,000004.SZ,23.5,138600.0,16007000.0,115.49062,4.914494,1.38
registry_extra,1992-07-01,000002.SZ,22.4,482300.0,54697000.0,113.408667,5.062887,2.061607
registry_extra,1992-07-01,000004.SZ,22.1,110400.0,12550000.0,113.677536,5.14378,1.38009
registry_extra,1992-07-02,000002.SZ,22.4,324700.0,35791000.0,110.227903,4.920889,2.061607
registry_extra,1992-07-02,000004.SZ,22.2,69800.0,7661000.0,109.756447,4.943984,1.38018
registry_extra,1992-07-03,000002.SZ,23.2,287400.0,32542000.0,113.228949,4.880558,2.065086
registry_extra,1992-07-03,000004.SZ,22.8,74400.0,8339000.0,112.083333,4.915936,1.379825
registry_extra,1992-07-06,000002.SZ,22.5,316600.0,36556000.0,115.464308,5.131747,2.062222
registry_extra,1992-07-06,000004.SZ,22.2,79800.0,9071000.0,113.671679,5.120346,1.38018
registry_extra,1992-07-07,000002.SZ,22.8,159200.0,18050000.0,113.379397,4.972781,2.063596
registry_extra,1992-07-07,000004.SZ,22.55,50100.0,5634000.0,112.45509,4.986922,1.380044
registry_extra,1992-07-08,000002.SZ,22.8,117100.0,13390000.0,114.346712,5.015207,2.063596
registry_extra,1992-07-08,000004.SZ,22.7,32500.0,3680000.0,113.230769,4.98814,1.380176
registry_extra,1992-07-09,000002.SZ,22.4,200000.0,22610000.0,113.05,5.046875,2.061607
registry_extra,1992-07-09,000004.SZ,22.3,55400.0,6195000.0,111.823105,5.014489,1.379821
registry_extra,1992-07-10,000002.SZ,22.35,181400.0,20218000.0,111.455347,4.986816,2.061745
registry_extra,1992-07-10,000004.SZ,22.0,44000.0,4856000.0,110.363636,5.016529,1.38
registry_extra,1992-07-13,000002.SZ,23.2,156800.0,17708000.0,112.933673,4.867831,2.065086
registry_extra,1992-07-13,000004.SZ,22.8,41700.0,4671000.0,112.014388,4.912912,1.379825
registry_extra,1992-07-14,000002.SZ,23.2,246200.0,28692000.0,116.539399,5.02325,2.065086
registry_extra,1992-07-14,000004.SZ,23.2,71400.0,8258000.0,115.658263,4.98527,1.380172
registry_extra,1992-07-15,000002.SZ,23.1,119600.0,13630000.0,113.963211,4.933472,2.064935
registry_extra,1992-07-15,000004.SZ,23.1,38100.0,4396000.0,115.380577,4.99483,1.380087
registry_extra,1992-07-16,000002.SZ,23.6,207200.0,24249000.0,117.031853,4.958977,2.066949
registry_extra,1992-07-16,000004.SZ,23.5,43000.0,5006000.0,116.418605,4.953983,1.38
registry_extra,1992-07-17,000002.SZ,24.45,278200.0,33320000.0,119.76995,4.898566,2.069939
registry_extra,1992-07-17,000004.SZ,24.2,79300.0,9443000.0,119.079445,4.920638,1.380165
registry_extra,1992-07-20,000002.SZ,25.75,358100.0,45723000.0,127.682212,4.958532,2.074563
registry_extra,1992-07-20,000004.SZ,25.65,96200.0,12136000.0,126.153846,4.918279,1.380117
registry_extra,1992-07-21,000002.SZ,25.55,347400.0,44563000.0,128.275763,5.020578,2.073973
registry_extra,1992-07-21,000004.SZ,25.25,103100.0,13069000.0,126.760427,5.020215,1.379802
registry_extra,1992-07-22,000002.SZ,25.8,267100.0,34272000.0,128.311494,4.973314,2.074806
registry_extra,1992-07-22,000004.SZ,25.6,56700.0,7229000.0,127.495591,4.980297,1.380078
registry_extra,1992-07-23,000002.SZ,26.5,261300.0,34316000.0,131.327976,4.955773,2.076981
registry_extra,1992-07-23,000004.SZ,26.45,78700.0,10277000.0,130.584498,4.937032,1.379962
registry_extra,1992-07-24,000002.SZ,26.9,364100.0,48879000.0,134.246086,4.990561,2.078067
registry_extra,1992-07-24,000004.SZ,27.0,100800.0,13531000.0,134.236111,4.971708,1.38
registry_extra,1992-07-27,000002.SZ,28.8,313100.0,44314000.0,141.533057,4.914342,2.083681
registry_extra,1992-07-27,000004.SZ,28.6,61200.0,8580000.0,140.196078,4.901961,1.38007
registry_extra,1992-07-28,000002.SZ,28.2,304400.0,43222000.0,141.990802,5.035135,2.081915
registry_extra,1992-07-28,000004.SZ,28.0,64300.0,9073000.0,141.104199,5.039436,1.38
registry_extra,1992-07-29,000002.SZ,28.25,319700.0,44919000.0,140.503597,4.973579,2.082124
registry_extra,1992-07-29,000004.SZ,28.1,53300.0,7451000.0,139.793621,4.974862,1.380071
registry_extra,1992-07-30,000002.SZ,28.4,232100.0,32765000.0,141.1676,4.97069,2.082394
registry_extra,1992-07-30,000004.SZ,28.2,49300.0,6934000.0,140.649087,4.987556,1.380142
registry_extra,1992-07-31,000002.SZ,27.9,263600.0,37394000.0,141.858877,5.084548,2.081004
registry_extra,1992-07-31,000004.SZ,27.8,63700.0,8949000.0,140.486656,5.053477,1.379856
registry_extra,1992-08-03,000004.SZ,25.9,56200.0,7577000.0,134.822064,5.205485,1.379923
registry_extra,1992-08-04,000002.SZ,27.25,270800.0,36591000.0,135.121861,4.9586,2.079266
registry_extra,1992-08-04,000004.SZ,27.1,80600.0,10764000.0,133.548387,4.927985,1.380074
registry_extra,1992-08-05,000002.SZ,27.5,228200.0,31254000.0,136.958808,4.98032,2.08
registry_extra,1992-08-05,000004.SZ,27.35,73300.0,9955000.0,135.811733,4.965694,1.37989
registry_extra,1992-08-06,000002.SZ,27.45,203500.0,27744000.0,136.334152,4.966636,2.079781
registry_extra,1992-08-06,000004.SZ,27.1,29700.0,4005000.0,134.848485,4.975959,1.380074
registry_extra,1992-08-07,000002.SZ,28.3,204800.0,28565000.0,139.477539,4.928535,2.082332
registry_extra,1992-08-07,000004.SZ,28.0,45200.0,6232000.0,137.876106,4.924147,1.38
registry_extra,1992-08-10,000002.SZ,29.0,160000.0,23179000.0,144.86875,4.995474,2.084138
registry_extra,1992-08-10,000004.SZ,28.5,90100.0,12766000.0,141.687014,4.971474,1.38
registry_extra,1992-08-11,000002.SZ,27.5,71100.0,9698000.0,136.399437,4.95998,2.08
registry_extra,1992-08-12,000002.SZ,27.2,333800.0,46308000.0,138.729778,5.100359,2.079044
registry_extra,1992-08-12,000004.SZ,27.0,101000.0,13710000.0,135.742574,5.027503,1.38
registry_extra,1992-08-13,000002.SZ,26.6,369100.0,49485000.0,134.069358,5.040201,2.077444
registry_extra,1992-08-13,000004.SZ,26.1,111700.0,14712000.0,131.709937,5.046358,1.380077
registry_extra,1992-08-14,000002.SZ,27.6,325000.0,44321000.0,136.372308,4.941026,2.080435
registry_extra,1992-08-14,000004.SZ,27.6,84400.0,11379000.0,134.822275,4.884865,1.380072
registry_extra,1992-08-17,000002.SZ,27.9,394800.0,55826000.0,141.403242,5.068217,2.081004
registry_extra,1992-08-17,000004.SZ,27.7,87200.0,12210000.0,140.022936,5.05498,1.380144
registry_extra,1992-08-18,000002.SZ,27.6,201300.0,27899000.0,138.594138,5.021527,2.080435
registry_extra,1992-08-18,000004.SZ,27.55,57600.0,7928000.0,137.638889,4.995967,1.380036
registry_extra,1992-08-19,000002.SZ,27.5,156500.0,21554000.0,137.72524,5.008191,2.08
registry_extra,1992-08-19,000004.SZ,27.55,27000.0,3708000.0,137.333333,4.984876,1.380036
registry_extra,1992-08-20,000002.SZ,27.6,173400.0,23983000.0,138.310265,5.011241,2.080435
registry_extra,1992-08-20,000004.SZ,27.4,19200.0,2644000.0,137.708333,5.025852,1.379927
registry_extra,1992-08-21,000002.SZ,27.6,248800.0,33777000.0,135.759646,4.918828,2.080435
registry_extra,1992-08-21,000004.SZ,26.85,42300.0,5721000.0,135.248227,5.037178,1.379888
registry_extra,1992-08-24,000002.SZ,26.5,209700.0,27993000.0,133.490701,5.037385,2.076981
registry_extra,1992-08-24,000004.SZ,26.05,26600.0,3506000.0,131.804511,5.059674,1.380038
registry_extra,1992-08-25,000002.SZ,25.7,221700.0,28757000.0,129.711322,5.047133,2.074319
registry_extra,1992-08-25,000004.SZ,25.25,37200.0,4777000.0,128.413978,5.085702,1.379802
registry_extra,1992-08-26,000002.SZ,26.45,328900.0,42997000.0,130.729705,4.942522,2.076749
registry_extra,1992-08-26,000004.SZ,26.2,93400.0,12032000.0,128.82227,4.916881,1.380153
registry_extra,1992-08-27,000002.SZ,26.4,200400.0,26360000.0,131.536926,4.982459,2.076515
registry_extra,1992-08-27,000004.SZ,26.1,65300.0,8513000.0,130.367534,4.994925,1.380077
registry_extra,1992-08-28,000002.SZ,26.3,137500.0,18071000.0,131.425455,4.997166,2.076426
registry_extra,1992-08-28,000004.SZ,26.2,20200.0,2626000.0,130.0,4.961832,1.380153
registry_extra,1992-08-31,000002.SZ,25.6,101800.0,13066000.0,128.349705,5.01366,2.074219
registry_extra,1992-08-31,000004.SZ,25.55,17700.0,2255000.0,127.40113,4.986346,1.380039
registry_extra,1992-09-01,000002.SZ,25.1,110300.0,13939000.0,126.373527,5.034802,2.07251
registry_extra,1992-09-01,000004.SZ,25.0,48500.0,6099000.0,125.752577,5.030103,1.38
registry_extra,1992-09-02,000002.SZ,25.6,219200.0,27064000.0,123.467153,4.822936,2.074219
registry_extra,1992-09-02,000004.SZ,25.4,59300.0,7323000.0,123.490725,4.86184,1.379921
registry_extra,1992-09-03,000002.SZ,24.85,157100.0,19683000.0,125.289624,5.041836,2.07163
registry_extra,1992-09-03,000004.SZ,24.75,41800.0,5183000.0,123.995215,5.009908,1.379798
registry_extra,1992-09-04,000002.SZ,23.7,228600.0,27535000.0,120.450569,5.082302,2.067089
registry_extra,1992-09-04,000004.SZ,23.5,70500.0,8416000.0,119.375887,5.079825,1.38
registry_extra,1992-09-07,000002.SZ,22.6,311100.0,35038000.0,112.626165,4.983459,2.062832
registry_extra,1992-09-07,000004.SZ,22.2,78700.0,8891000.0,112.973316,5.088888,1.38018
registry_extra,1992-09-08,000002.SZ,24.8,247600.0,28608000.0,115.541195,4.658919,2.071371
registry_extra,1992-09-08,000004.SZ,24.7,81200.0,9422000.0,116.034483,4.697752,1.380162
registry_extra,1992-09-09,000002.SZ,25.2,330100.0,40953000.0,124.062405,4.923111,2.072619
registry_extra,1992-09-09,000004.SZ,25.1,110400.0,13537000.0,122.617754,4.885169,1.38008
registry_extra,1992-09-10,000002.SZ,25.05,340700.0,48131000.0,141.270913,5.639557,2.072255
registry_extra,1992-09-10,000004.SZ,25.0,77000.0,9698000.0,125.948052,5.037922,1.38
registry_extra,1992-09-11,000002.SZ,25.55,244600.0,30653000.0,125.318888,4.904849,2.073973
registry_extra,1992-09-11,000004.SZ,25.3,81700.0,10165000.0,124.418605,4.917731,1.379842
registry_extra,1992-09-14,000002.SZ,24.8,223400.0,28806000.0,128.943599,5.199339,2.071371
registry_extra,1992-09-14,000004.SZ,24.8,76900.0,9320000.0,121.196359,4.88695,1.379839
registry_extra,1992-09-15,000002.SZ,25.0,153700.0,19172000.0,124.7365,4.98946,2.072
registry_extra,1992-09-15,000004.SZ,24.7,42900.0,5319000.0,123.986014,5.019677,1.380162
registry_extra,1992-09-16,000002.SZ,25.05,98300.0,12269000.0,124.811801,4.982507,2.072255
registry_extra,1992-09-16,000004.SZ,24.7,18300.0,2261000.0,123.551913,5.002102,1.380162
registry_extra,1992-09-17,000002.SZ,25.5,141500.0,18082000.0,127.787986,5.011294,2.073725
registry_extra,1992-09-17,000004.SZ,25.4,49900.0,6301000.0,126.272545,4.97136,1.379921
registry_extra,1992-09-18,000002.SZ,25.1,90200.0,11405000.0,126.441242,5.0375,2.07251
registry_extra,1992-09-18,000004.SZ,25.0,24300.0,3048000.0,125.432099,5.017284,1.38
registry_extra,1992-09-21,000002.SZ,24.95,70900.0,8876000.0,125.190409,5.017652,2.071743
registry_extra,1992-09-21,000004.SZ,24.7,17200.0,2138000.0,124.302326,5.032483,1.380162
registry_extra,1992-09-22,000002.SZ,24.8,61900.0,7724000.0,124.781906,5.031528,2.071371
registry_extra,1992-09-22,000004.SZ,24.6,19200.0,2376000.0,123.75,5.030488,1.380081
registry_extra,1992-09-23,000002.SZ,25.3,72700.0,9205000.0,126.616231,5.004594,2.073123
registry_extra,1992-09-23,000004.SZ,25.1,26000.0,3265000.0,125.576923,5.003065,1.38008
registry_extra,1992-09-24,000002.SZ,26.5,234100.0,30586000.0,130.653567,4.930323,2.076981
registry_extra,1992-09-24,000004.SZ,26.4,77600.0,10058000.0,129.613402,4.909599,1.379924
registry_extra,1992-09-25,000002.SZ,26.2,301600.0,40115000.0,133.007294,5.076614,2.075954
registry_extra,1992-09-25,000004.SZ,25.8,60600.0,7965000.0,131.435644,5.094405,1.379845
registry_extra,1992-09-28,000002.SZ,26.1,114000.0,14907000.0,130.763158,5.010083,2.075862
registry_extra,1992-09-28,000004.SZ,25.75,36500.0,4719000.0,129.287671,5.02088,1.379806
registry_extra,1992-09-29,000004.SZ,25.85,35700.0,4584000.0,128.403361,4.967248,1.379884
registry_extra,1992-09-30,000004.SZ,25.75,31500.0,4041000.0,128.285714,4.981969,1.379806
registry_extra,1992-10-04,000002.SZ,26.0,62200.0,8120000.0,130.546624,5.021024,2.075385
registry_extra,1992-10-04,000004.SZ,25.95,15900.0,2070000.0,130.188679,5.016905,1.379961
registry_extra,1992-10-05,000002.SZ,25.85,53100.0,6886000.0,129.679849,5.016629,2.075048
registry_extra,1992-10-05,000004.SZ,25.5,14500.0,1867000.0,128.758621,5.049358,1.38
registry_extra,1992-10-06,000002.SZ,25.5,61500.0,7839000.0,127.463415,4.998565,2.073725
registry_extra,1992-10-06,000004.SZ,25.2,17400.0,2208000.0,126.896552,5.035577,1.380159
registry_extra,1992-10-07,000002.SZ,25.8,45700.0,5834000.0,127.658643,4.948009,2.074806
registry_extra,1992-10-07,000004.SZ,25.6,20900.0,2632000.0,125.933014,4.919258,1.380078
registry_extra,1992-10-08,000002.SZ,25.6,45100.0,5784000.0,128.248337,5.009701,2.074219
registry_extra,1992-10-08,000004.SZ,25.4,8200.0,1041000.0,126.95122,4.99808,1.379921
registry_extra,1992-10-09,000002.SZ,25.8,70200.0,8989000.0,128.048433,4.963118,2.074806
registry_extra,1992-10-09,000004.SZ,25.6,33500.0,4237000.0,126.477612,4.940532,1.380078
registry_extra,1992-10-12,000002.SZ,25.7,126900.0,16485000.0,129.905437,5.054686,2.074319
registry_extra,1992-10-12,000004.SZ,25.35,31400.0,4018000.0,127.961783,5.047802,1.379882
registry_extra,1992-10-13,000002.SZ,25.5,48400.0,6178000.0,127.644628,5.005672,2.073725
registry_extra,1992-10-13,000004.SZ,25.2,12300.0,1550000.0,126.01626,5.000645,1.380159
registry_extra,1992-10-14,000002.SZ,25.0,86900.0,10926000.0,125.730725,5.029229,2.072
registry_extra,1992-10-14,000004.SZ,24.6,19200.0,2386000.0,124.270833,5.05166,1.380081
registry_extra,1992-10-15,000002.SZ,25.5,66000.0,8278000.0,125.424242,4.918598,2.073725
registry_extra,1992-10-15,000004.SZ,25.2,24700.0,3054000.0,123.643725,4.906497,1.380159
registry_extra,1992-10-16,000002.SZ,25.2,47100.0,5952000.0,126.369427,5.01466,2.072619
registry_extra,1992-10-16,000004.SZ,24.85,15400.0,1917000.0,124.480519,5.009276,1.379879
registry_extra,1992-10-19,000002.SZ,24.15,73600.0,9080000.0,123.369565,5.108471,2.068737
registry_extra,1992-10-19,000004.SZ,23.85,23300.0,2819000.0,120.987124,5.072835,1.379874
registry_extra,1992-10-20,000002.SZ,24.5,144400.0,17680000.0,122.437673,4.997456,2.070204
registry_extra,1992-10-20,000004.SZ,24.2,44900.0,5417000.0,120.64588,4.985367,1.380165
registry_extra,1992-10-21,000002.SZ,23.5,84100.0,9998000.0,118.882283,5.058821,2.066383
registry_extra,1992-10-21,000004.SZ,23.2,22100.0,2580000.0,116.742081,5.031986,1.380172
registry_extra,1992-10-22,000002.SZ,23.2,179100.0,20767000.0,115.951982,4.99793,2.065086
registry_extra,1992-10-22,000004.SZ,22.8,61000.0,6934000.0,113.672131,4.98562,1.379825
registry_extra,1992-10-23,000002.SZ,22.8,154900.0,17821000.0,115.048418,5.045983,2.063596
registry_extra,1992-10-23,000004.SZ,22.3,50600.0,5684000.0,112.332016,5.03731,1.379821
registry_extra,1992-10-26,000002.SZ,20.95,231200.0,23959000.0,103.628893,4.946487,2.054893
registry_extra,1992-10-26,000004.SZ,20.2,73600.0,7269000.0,98.763587,4.889286,1.380198
registry_extra,1992-10-27,000002.SZ,20.3,274900.0,28362000.0,103.172063,5.082368,2.051724
registry_extra,1992-10-27,000004.SZ,19.1,94100.0,9263000.0,98.437832,5.153813,1.380105
registry_extra,1992-10-28,000002.SZ,20.95,194300.0,19862000.0,102.223366,4.879397,2.054893
registry_extra,1992-10-28,000004.SZ,19.85,92500.0,9032000.0,97.643243,4.919055,1.379849
registry_extra,1992-10-29,000002.SZ,21.95,225400.0,23728000.0,105.27063,4.795928,2.059681
registry_extra,1992-10-29,000004.SZ,20.85,99200.0,9970000.0,100.504032,4.820337,1.379856
registry_extra,1992-10-30,000002.SZ,22.3,270400.0,30104000.0,111.331361,4.992438,2.061435
registry_extra,1992-10-30,000004.SZ,21.5,120200.0,12835000.0,106.780366,4.966529,1.38
registry_extra,1992-11-02,000002.SZ,20.8,280800.0,30041000.0,106.983618,5.143443,2.054327
registry_extra,1992-11-02,000004.SZ,19.55,86300.0,8749000.0,101.378911,5.185622,1.380051
registry_extra,1992-11-03,000002.SZ,21.5,145800.0,15117000.0,103.683128,4.822471,2.057674
registry_extra,1992-11-03,000004.SZ,20.45,54400.0,5305000.0,97.518382,4.768625,1.379951
registry_extra,1992-11-04,000002.SZ,20.8,103600.0,10881000.0,105.028958,5.049469,2.054327
registry_extra,1992-11-04,000004.SZ,19.75,49200.0,4888000.0,99.349593,5.030359,1.380253
registry_extra,1992-11-05,000002.SZ,20.85,74800.0,7809000.0,104.398396,5.007117,2.054676
registry_extra,1992-11-05,000004.SZ,19.5,25300.0,2499000.0,98.774704,5.065369,1.38
registry_extra,1992-11-06,000002.SZ,20.6,117500.0,12140000.0,103.319149,5.015493,2.053398
registry_extra,1992-11-06,000004.SZ,19.15,71600.0,6923000.0,96.689944,5.049083,1.380157
registry_extra,1992-11-09,000002.SZ,20.3,75700.0,7736000.0,102.192867,5.034131,2.051724
registry_extra,1992-11-10,000002.SZ,20.2,89700.0,9117000.0,101.638796,5.031624,2.05099
registry_extra,1992-11-10,000004.SZ,18.8,32400.0,3094000.0,95.493827,5.079459,1.379787
registry_extra,1992-11-11,000002.SZ,19.8,127200.0,12624000.0,99.245283,5.012388,2.04899
registry_extra,1992-11-11,000004.SZ,18.5,39600.0,3653000.0,92.247475,4.98635,1.38
registry_extra,1992-11-12,000002.SZ,19.1,175400.0,17158000.0,97.822121,5.121577,2.045026
registry_extra,1992-11-12,000004.SZ,17.75,45500.0,4095000.0,90.0,5.070423,1.379718
registry_extra,1992-11-13,000002.SZ,18.1,191800.0,17444000.0,90.948905,5.024801,2.038674
registry_extra,1992-11-13,000004.SZ,16.6,72900.0,6104000.0,83.731139,5.044044,1.38012
registry_extra,1992-11-16,000002.SZ,16.1,229700.0,19425000.0,84.566826,5.252598,2.023602
registry_extra,1992-11-16,000004.SZ,15.05,97500.0,7699000.0,78.964103,5.246784,1.380066
registry_extra,1992-11-17,000004.SZ,14.85,119200.0,8581000.0,71.988255,4.847694,1.379798
registry_extra,1992-11-18,000002.SZ,16.8,409700.0,34403000.0,83.971198,4.998286,2.029167
registry_extra,1992-11-18,000004.SZ,15.85,153400.0,11816000.0,77.027379,4.859772,1.379811
registry_extra,1992-11-19,000002.SZ,17.0,293900.0,24854000.0,84.566179,4.974481,2.030588
registry_extra,1992-11-19,000004.SZ,15.9,118700.0,9365000.0,78.896377,4.962036,1.379874
registry_extra,1992-11-20,000002.SZ,16.15,264600.0,22148000.0,83.703704,5.182892,2.023529
registry_extra,1992-11-20,000004.SZ,15.1,110600.0,8577000.0,77.549729,5.135744,1.380132
registry_extra,1992-11-23,000002.SZ,15.55,239400.0,18589000.0,77.648287,4.993459,2.01865
registry_extra,1992-11-23,000004.SZ,14.3,106100.0,7564000.0,71.291235,4.985401,1.37972
registry_extra,1992-11-24,000002.SZ,16.1,170100.0,13465000.0,79.159318,4.916728,2.023602
registry_extra,1992-11-24,000004.SZ,14.8,53600.0,3913000.0,73.003731,4.932685,1.37973
registry_extra,1992-11-25,000002.SZ,17.0,229900.0,18967000.0,82.501087,4.853005,2.030588
registry_extra,1992-11-25,000004.SZ,15.65,126800.0,9621000.0,75.875394,4.848268,1.380192
registry_extra,1992-11-26,000002.SZ,19.2,445400.0,40608000.0,91.17198,4.748541,2.045313
registry_extra,1992-11-26,000004.SZ,18.15,197000.0,16699000.0,84.766497,4.67033,1.380165
registry_extra,1992-11-27,000002.SZ,19.3,657900.0,62220000.0,94.573643,4.900189,2.046114
registry_extra,1992-11-27,000004.SZ,18.0,210100.0,18577000.0,88.4198,4.912211,1.38
registry_extra,1992-11-30,000002.SZ,22.2,463400.0,49844000.0,107.561502,4.845113,2.060811
registry_extra,1992-11-30,000004.SZ,20.25,259600.0,26061000.0,100.38906,4.957484,1.379753
registry_extra,1992-12-01,000002.SZ,22.75,626800.0,69702000.0,111.202936,4.888041,2.063297
registry_extra,1992-12-01,000004.SZ,21.5,180500.0,18802000.0,104.166205,4.84494,1.38
registry_extra,1992-12-02,000002.SZ,22.0,519300.0,58242000.0,112.154824,5.097947,2.06
registry_extra,1992-12-02,000004.SZ,21.1,230300.0,24516000.0,106.452453,5.04514,1.380095
registry_extra,1992-12-03,000002.SZ,29.1,209400.0,30638000.0,146.313276,5.027948,2.084536
registry_extra,1992-12-03,000004.SZ,20.5,154100.0,16100000.0,104.477612,5.096469,1.38
registry_extra,1992-12-04,000002.SZ,30.6,238200.0,35894000.0,150.688497,4.924461,2.088235
registry_extra,1992-12-04,000004.SZ,21.9,172400.0,18543000.0,107.558005,4.911324,1.379909
registry_extra,1992-12-07,000002.SZ,33.2,193200.0,31220000.0,161.594203,4.867295,2.093675
registry_extra,1992-12-07,000004.SZ,23.6,155900.0,18111000.0,116.170622,4.922484,1.380085
registry_extra,1992-12-08,000002.SZ,32.9,210400.0,34753000.0,165.175856,5.020543,2.093009
registry_extra,1992-12-08,000004.SZ,22.5,148700.0,17506000.0,117.726967,5.23231,1.38
registry_extra,1992-12-09,000002.SZ,32.1,200200.0,32224000.0,160.959041,5.0143,2.091589
registry_extra,1992-12-09,000004.SZ,22.3,210600.0,23583000.0,111.980057,5.021527,1.379821
registry_extra,1992-12-10,000002.SZ,31.0,175900.0,27587000.0,156.833428,5.059143,2.089032
registry_extra,1992-12-10,000004.SZ,21.65,138500.0,15180000.0,109.602888,5.062489,1.380139
registry_extra,1992-12-11,000002.SZ,32.2,193700.0,31403000.0,162.121838,5.03484,2.091615
registry_extra,1992-12-11,000004.SZ,22.0,205800.0,22812000.0,110.845481,5.038431,1.38
registry_extra,1992-12-14,000002.SZ,32.4,139700.0,22610000.0,161.846815,4.995272,2.091975
registry_extra,1992-12-14,000004.SZ,22.1,118200.0,13203000.0,111.700508,5.054322,1.38009
registry_extra,1992-12-15,000002.SZ,32.3,93500.0,14994000.0,160.363636,4.964818,2.09195
registry_extra,1992-12-15,000004.SZ,21.6,69100.0,7529000.0,108.958032,5.044353,1.380093
registry_extra,1992-12-16,000002.SZ,32.8,109700.0,17801000.0,162.269827,4.947251,2.092988
registry_extra,1992-12-16,000004.SZ,22.6,67500.0,7444000.0,110.281481,4.879712,1.380088
registry_extra,1992-12-17,000002.SZ,32.5,56400.0,9206000.0,163.22695,5.022368,2.092308
registry_extra,1992-12-17,000004.SZ,22.5,58600.0,6616000.0,112.901024,5.017823,1.38
registry_extra,1992-12-18,000002.SZ,33.3,68200.0,11197000.0,164.178886,4.930297,2.093994
registry_extra,1992-12-18,000004.SZ,23.05,70800.0,8044000.0,113.615819,4.929103,1.380043
registry_extra,1992-12-21,000002.SZ,33.65,105400.0,17594000.0,166.925996,4.960654,2.094502
registry_extra,1992-12-21,000004.SZ,23.15,86200.0,9924000.0,115.12761,4.973115,1.38013
registry_extra,1992-12-22,000002.SZ,33.5,81800.0,13802000.0,168.728606,5.036675,2.094328
registry_extra,1992-12-22,000004.SZ,22.85,62900.0,7228000.0,114.91256,5.028996,1.379869
registry_extra,1992-12-23,000002.SZ,33.1,84300.0,13990000.0,165.954923,5.013744,2.093656
registry_extra,1992-12-23,000004.SZ,22.55,33700.0,3819000.0,113.323442,5.02543,1.380044
registry_extra,1992-12-24,000002.SZ,33.55,33000.0,5512000.0,167.030303,4.978549,2.094486
registry_extra,1992-12-24,000004.SZ,23.0,37700.0,4285000.0,113.660477,4.94176,1.38
registry_extra,1992-12-25,000002.SZ,33.6,53700.0,9013000.0,167.839851,4.995234,2.094643
registry_extra,1992-12-25,000004.SZ,23.0,45600.0,5248000.0,115.087719,5.003814,1.38
registry_extra,1992-12-28,000002.SZ,33.55,41600.0,6964000.0,167.403846,4.989682,2.094486
registry_extra,1992-12-28,000004.SZ,22.85,11000.0,1256000.0,114.181818,4.997016,1.379869
registry_extra,1992-12-29,000002.SZ,34.5,61200.0,10425000.0,170.343137,4.937482,2.096232
registry_extra,1992-12-29,000004.SZ,23.35,54000.0,6228000.0,115.333333,4.939329,1.379872
registry_extra,1992-12-30,000002.SZ,35.7,91700.0,16216000.0,176.837514,4.953432,2.098319
registry_extra,1992-12-30,000004.SZ,24.0,110700.0,13135000.0,118.65402,4.943917,1.38
registry_extra,1992-12-31,000002.SZ,35.5,109500.0,19628000.0,179.251142,5.049328,2.098028
registry_extra,1992-12-31,000004.SZ,23.9,99500.0,12002000.0,120.623116,5.046992,1.379916
registry_extra,1993-01-03,000002.SZ,36.2,77000.0,13900000.0,180.519481,4.986726,2.099171
registry_extra,1993-01-03,000004.SZ,24.8,78000.0,9578000.0,122.794872,4.951406,1.379839
registry_extra,1993-01-04,000002.SZ,35.5,77500.0,14047000.0,181.251613,5.105679,2.098028
registry_extra,1993-01-04,000004.SZ,24.0,105100.0,12998000.0,123.672693,5.153029,1.38
registry_extra,1993-01-05,000002.SZ,35.7,48700.0,8707000.0,178.788501,5.008081,2.098319
registry_extra,1993-01-05,000004.SZ,24.4,43500.0,5333000.0,122.597701,5.024496,1.379918
registry_extra,1993-01-06,000002.SZ,36.25,42900.0,7713000.0,179.79021,4.95973,2.09931
registry_extra,1993-01-06,000004.SZ,24.8,42200.0,5191000.0,123.009479,4.96006,1.379839
registry_extra,1993-01-07,000002.SZ,36.4,70700.0,12875000.0,182.107496,5.002953,2.099451
registry_extra,1993-01-07,000004.SZ,24.9,42000.0,5226000.0,124.428571,4.997131,1.37992
registry_extra,1993-01-08,000002.SZ,36.55,87300.0,15932000.0,182.497136,4.993082,2.099863
registry_extra,1993-01-08,000004.SZ,25.0,57600.0,7198000.0,124.965278,4.998611,1.38
registry_extra,1993-01-11,000002.SZ,26.2,169600.0,22361000.0,131.845519,5.032272,2.075954
registry_extra,1993-01-11,000004.SZ,25.5,76400.0,9755000.0,127.683246,5.007186,1.38
registry_extra,1993-01-12,000002.SZ,25.4,283800.0,36317000.0,127.966878,5.038066,2.073228
registry_extra,1993-01-12,000004.SZ,24.9,67400.0,8516000.0,126.350148,5.074303,1.37992
registry_extra,1993-01-13,000002.SZ,25.75,159800.0,20532000.0,128.485607,4.989732,2.074563
registry_extra,1993-01-13,000004.SZ,25.25,40300.0,5075000.0,125.930521,4.987347,1.379802
registry_extra,1993-01-14,000002.SZ,25.35,110400.0,14081000.0,127.54529,5.031372,2.073373
registry_extra,1993-01-14,000004.SZ,24.7,49100.0,6171000.0,125.682281,5.088351,1.380162
registry_extra,1993-01-15,000002.SZ,25.6,147900.0,18781000.0,126.984449,4.96033,2.074219
registry_extra,1993-01-15,000004.SZ,25.5,65200.0,8237000.0,126.334356,4.954288,1.38
registry_extra,1993-01-18,000002.SZ,26.0,207000.0,26847000.0,129.695652,4.988294,2.075385
registry_extra,1993-01-18,000004.SZ,26.4,89000.0,11606000.0,130.404494,4.939564,1.379924
registry_extra,1993-01-19,000002.SZ,26.1,234700.0,30925000.0,131.763954,5.048427,2.075862
registry_extra,1993-01-19,000004.SZ,27.05,104700.0,14299000.0,136.571156,5.048841,1.380037
registry_extra,1993-02-01,000002.SZ,28.1,254700.0,35843000.0,140.726345,5.008055,2.081851
registry_extra,1993-02-01,000004.SZ,29.3,94500.0,13776000.0,145.777778,4.975351,1.379863
registry_extra,1993-02-02,000002.SZ,28.4,361000.0,51330000.0,142.188366,5.006633,2.082394
registry_extra,1993-02-02,000004.SZ,29.3,83900.0,12395000.0,147.735399,5.042164,1.379863
registry_extra,1993-02-03,000002.SZ,27.8,342400.0,48648000.0,142.079439,5.110771,2.080935
registry_extra,1993-02-03,000004.SZ,28.5,100700.0,14536000.0,144.349553,5.064897,1.38
registry_extra,1993-02-04,000002.SZ,28.05,276800.0,38807000.0,140.198699,4.998171,2.08164
registry_extra,1993-02-04,000004.SZ,28.75,90200.0,12907000.0,143.093126,4.977152,1.379826
registry_extra,1993-02-05,000002.SZ,28.5,372100.0,52484000.0,141.048105,4.949056,2.082807
registry_extra,1993-02-05,000004.SZ,29.0,84500.0,12162000.0,143.928994,4.963069,1.38
registry_extra,1993-02-08,000002.SZ,30.45,589800.0,88539000.0,150.116989,4.92995,2.087685
registry_extra,1993-02-08,000004.SZ,31.0,158700.0,24483000.0,154.272212,4.976523,1.38
registry_extra,1993-02-09,000002.SZ,29.85,382300.0,57777000.0,151.130003,5.062982,2.086432
registry_extra,1993-02-09,000004.SZ,31.0,110600.0,17096000.0,154.575045,4.986292,1.38
registry_extra,1993-02-10,000002.SZ,28.5,279100.0,41275000.0,147.886062,5.188985,2.082807
registry_extra,1993-02-10,000004.SZ,30.6,78100.0,12218000.0,156.440461,5.112433,1.380065
registry_extra,1993-02-11,000002.SZ,28.4,346800.0,49769000.0,143.509227,5.053142,2.082394
registry_extra,1993-02-11,000004.SZ,30.0,99000.0,15151000.0,153.040404,5.101347,1.38
registry_extra,1993-02-12,000002.SZ,27.5,470000.0,64849000.0,137.976596,5.017331,2.08
registry_extra,1993-02-12,000004.SZ,29.4,173600.0,25671000.0,147.874424,5.029742,1.379932
registry_extra,1993-02-15,000002.SZ,28.55,370500.0,52600000.0,141.97031,4.97269,2.083012
registry_extra,1993-02-15,000004.SZ,32.35,201600.0,32033000.0,158.893849,4.911711,1.379907
registry_extra,1993-02-16,000002.SZ,27.85,319800.0,44966000.0,140.606629,5.048712,2.081149
registry_extra,1993-02-16,000004.SZ,32.0,207400.0,33503000.0,161.538091,5.048065,1.38
registry_extra,1993-02-17,000002.SZ,28.6,281100.0,39473000.0,140.423337,4.909907,2.083217
registry_extra,1993-02-17,000004.SZ,32.75,188000.0,30384000.0,161.617021,4.934871,1.379847
registry_extra,1993-02-18,000002.SZ,28.5,328100.0,46824000.0,142.712588,5.007459,2.082807
registry_extra,1993-02-18,000004.SZ,34.1,240000.0,40043000.0,166.845833,4.89284,1.380059
registry_extra,1993-02-19,000002.SZ,31.2,987400.0,148228992.0,150.12051,4.811555,2.089423
registry_extra,1993-02-19,000004.SZ,36.3,231700.0,40787000.0,176.033664,4.849412,1.37989
registry_extra,1993-02-22,000002.SZ,32.1,1073600.0,173791008.0,161.87687,5.042893,2.091589
registry_extra,1993-02-22,000004.SZ,36.8,203900.0,37881000.0,185.782246,5.048431,1.379891
registry_extra,1993-02-23,000002.SZ,30.85,578700.0,90742000.0,156.80318,5.082761,2.088817
registry_extra,1993-02-23,000004.SZ,36.1,144900.0,26447000.0,182.518979,5.055927,1.380055
registry_extra,1993-02-24,000002.SZ,28.9,453500.0,67995000.0,149.933848,5.188022,2.083737
registry_extra,1993-02-24,000004.SZ,34.5,230700.0,40535000.0,175.704378,5.092881,1.38
registry_extra,1993-02-25,000002.SZ,30.45,467900.0,69584000.0,148.715538,4.883926,2.087685
registry_extra,1993-02-25,000004.SZ,35.9,178000.0,31348000.0,176.11236,4.905637,1.379944
registry_extra,1993-02-26,000002.SZ,29.75,390200.0,58868000.0,150.866222,5.071134,2.08605
registry_extra,1993-02-26,000004.SZ,35.1,113900.0,20195000.0,177.304653,5.051415,1.380057
registry_extra,1993-03-01,000002.SZ,30.05,310000.0,46443000.0,149.816129,4.985562,2.086855
registry_extra,1993-03-01,000004.SZ,34.3,99400.0,17297000.0,174.014085,5.073297,1.379883
registry_extra,1993-03-02,000002.SZ,29.3,202300.0,29908000.0,147.839842,5.045728,2.084983
registry_extra,1993-03-02,000004.SZ,33.5,101200.0,17087000.0,168.843874,5.040116,1.38
registry_extra,1993-03-03,000002.SZ,28.3,250200.0,36234000.0,144.820144,5.11732,2.082332
registry_extra,1993-03-03,000004.SZ,32.8,96800.0,16228000.0,167.644628,5.111117,1.379878
registry_extra,1993-03-04,000002.SZ,28.15,383800.0,53971000.0,140.62272,4.995479,2.081705
registry_extra,1993-03-04,000004.SZ,32.8,146800.0,24042000.0,163.773842,4.993105,1.379878
registry_extra,1993-03-05,000002.SZ,26.7,348500.0,48077000.0,137.954089,5.16682,2.077528
registry_extra,1993-03-05,000004.SZ,30.8,127000.0,20184000.0,158.929134,5.160037,1.37987
registry_extra,1993-03-08,000002.SZ,27.8,407600.0,56745000.0,139.21737,5.007819,2.080935
registry_extra,1993-03-08,000004.SZ,31.7,138700.0,21970000.0,158.399423,4.996827,1.380126
registry_extra,1993-03-09,000002.SZ,28.0,246200.0,33962000.0,137.94476,4.926599,2.081429
registry_extra,1993-03-09,000004.SZ,31.7,77900.0,12250000.0,157.252888,4.960659,1.380126
registry_extra,1993-03-10,000002.SZ,31.2,610700.0,89711000.0,146.898641,4.70829,2.089423
registry_extra,1993-03-10,000004.SZ,33.95,120000.0,19756000.0,164.633333,4.849288,1.379971
registry_extra,1993-03-11,000002.SZ,30.9,1000200.0,154083008.0,154.052198,4.985508,2.088673
registry_extra,1993-03-11,000004.SZ,33.8,127500.0,21618000.0,169.552941,5.016359,1.379882
registry_extra,1993-03-12,000002.SZ,31.2,618900.0,95570000.0,154.419131,4.949331,2.089423
registry_extra,1993-03-12,000004.SZ,34.3,74400.0,12645000.0,169.959677,4.955093,1.379883
registry_extra,1993-03-15,000002.SZ,29.45,567000.0,84312000.0,148.698413,5.049182,2.085229
registry_extra,1993-03-15,000004.SZ,32.15,136200.0,21864000.0,160.528634,4.993115,1.380093
registry_extra,1993-03-16,000002.SZ,29.7,251900.0,37499000.0,148.864629,5.012277,2.085859
registry_extra,1993-03-16,000004.SZ,31.7,78700.0,12522000.0,159.110546,5.01926,1.380126
registry_extra,1993-03-17,000002.SZ,28.8,293800.0,42458000.0,144.513274,5.017822,2.083681
registry_extra,1993-03-17,000004.SZ,30.8,79600.0,12309000.0,154.635678,5.020639,1.37987
registry_extra,1993-03-18,000002.SZ,29.45,311400.0,45961000.0,147.594733,5.011706,2.085229
registry_extra,1993-03-18,000004.SZ,31.0,54600.0,8467000.0,155.07326,5.002363,1.38
registry_extra,1993-03-19,000002.SZ,29.6,237000.0,34970000.0,147.552743,4.98489,2.085811
registry_extra,1993-03-19,000004.SZ,30.8,40700.0,6272000.0,154.103194,5.00335,1.37987
registry_extra,1993-03-22,000002.SZ,28.5,272500.0,39128000.0,143.588991,5.03821,2.082807
registry_extra,1993-03-22,000004.SZ,29.3,61100.0,9138000.0,149.558101,5.104372,1.379863
registry_extra,1993-03-23,000002.SZ,28.65,270600.0,38751000.0,143.203991,4.998394,2.083072
registry_extra,1993-03-23,000004.SZ,29.5,61300.0,9043000.0,147.520392,5.000691,1.38
registry_extra,1993-03-24,000002.SZ,27.8,273000.0,38270000.0,140.18315,5.042559,2.080935
registry_extra,1993-03-24,000004.SZ,28.35,64000.0,9152000.0,143.0,5.044092,1.379894
registry_extra,1993-03-25,000002.SZ,29.95,542100.0,78723000.0,145.218594,4.848701,2.086477
registry_extra,1993-03-25,000004.SZ,30.1,96400.0,14084000.0,146.099585,4.853807,1.380066
registry_extra,1993-03-26,000002.SZ,29.6,691400.0,103821000.0,150.160544,5.072991,2.085811
registry_extra,1993-03-26,000004.SZ,30.0,99000.0,15098000.0,152.505051,5.083502,1.38
registry_extra,1993-03-29,000002.SZ,29.5,272500.0,40543000.0,148.781651,5.043446,2.085424
registry_extra,1993-03-29,000004.SZ,29.0,39700.0,5888000.0,148.312343,5.114219,1.38
registry_extra,1993-03-30,000002.SZ,30.05,315600.0,46781000.0,148.228771,4.932738,2.086855
registry_extra,1993-03-30,000004.SZ,30.0,27000.0,3930000.0,145.555556,4.851852,1.38
registry_extra,1993-03-31,000002.SZ,30.9,655500.0,99966000.0,152.503432,4.935386,2.088673
registry_extra,1993-03-31,000004.SZ,30.2,52600.0,7898000.0,150.152091,4.971924,1.380132
registry_extra,1993-04-01,000002.SZ,30.95,660000.0,102106000.0,154.706061,4.99858,2.088853
registry_extra,1993-04-01,000004.SZ,30.4,51100.0,7719000.0,151.056751,4.968972,1.379934
registry_extra,1993-04-02,000002.SZ,30.55,747700.0,116312000.0,155.559716,5.091971,2.088052
registry_extra,1993-04-02,000004.SZ,30.25,63800.0,9682000.0,151.755486,5.01671,1.379835
registry_extra,1993-04-05,000002.SZ,20.5,743200.0,76774000.0,103.301938,5.039119,3.139024
registry_extra,1993-04-05,000004.SZ,29.5,19000.0,2844000.0,149.684211,5.074041,1.38
registry_extra,1993-04-06,000002.SZ,20.7,450500.0,46400000.0,102.99667,4.975685,3.140097
registry_extra,1993-04-06,000004.SZ,30.05,19400.0,2872000.0,148.041237,4.926497,1.380033
registry_extra,1993-04-07,000002.SZ,21.5,767100.0,81533000.0,106.287316,4.943596,3.143721
registry_extra,1993-04-07,000004.SZ,30.6,54100.0,8265000.0,152.772643,4.99257,1.380065
registry_extra,1993-04-08,000002.SZ,21.65,798000.0,87063000.0,109.101504,5.03933,3.144573
registry_extra,1993-04-08,000004.SZ,32.15,117900.0,18683000.0,158.464801,4.928921,1.380093
registry_extra,1993-04-09,000002.SZ,21.4,670700.0,72454000.0,108.027434,5.048011,3.143458
registry_extra,1993-04-09,000004.SZ,32.3,109300.0,17704000.0,161.976212,5.014743,1.379876
registry_extra,1993-04-12,000002.SZ,22.05,738300.0,81857000.0,110.872274,5.028221,3.146032
registry_extra,1993-04-12,000004.SZ,33.25,77500.0,12800000.0,165.16129,4.967257,1.37985
registry_extra,1993-04-13,000002.SZ,21.9,634200.0,69688000.0,109.883318,5.017503,3.145662
registry_extra,1993-04-13,000004.SZ,33.45,79000.0,13155000.0,166.518987,4.978146,1.37997
registry_extra,1993-04-14,000002.SZ,21.8,397200.0,43462000.0,109.420947,5.019309,3.144954
registry_extra,1993-04-14,000004.SZ,32.9,48600.0,8049000.0,165.617284,5.03396,1.379939
registry_extra,1993-04-15,000002.SZ,21.6,328600.0,35475000.0,107.958004,4.998056,3.143981
registry_extra,1993-04-15,000004.SZ,33.05,49000.0,8130000.0,165.918367,5.020223,1.38003
registry_extra,1993-04-16,000002.SZ,21.8,491000.0,53349000.0,108.653768,4.984118,3.144954
registry_extra,1993-04-16,000004.SZ,33.25,68900.0,11420000.0,165.74746,4.984886,1.37985
registry_extra,1993-04-19,000002.SZ,21.4,334900.0,36365000.0,108.584652,5.074049,3.143458
registry_extra,1993-04-19,000004.SZ,32.4,28100.0,4617000.0,164.30605,5.071174,1.379938
registry_extra,1993-04-20,000002.SZ,21.5,233100.0,24995000.0,107.228657,4.987379,3.143721
registry_extra,1993-04-20,000004.SZ,32.4,34100.0,5553000.0,162.844575,5.026067,1.379938
registry_extra,1993-04-21,000002.SZ,21.5,168100.0,18081000.0,107.560976,5.002836,3.143721
registry_extra,1993-04-21,000004.SZ,32.4,34200.0,5534000.0,161.812865,4.994224,1.379938
registry_extra,1993-04-22,000002.SZ,21.2,181900.0,19536000.0,107.39967,5.066022,3.142453
registry_extra,1993-04-22,000004.SZ,31.7,27000.0,4355000.0,161.296296,5.088211,1.380126
registry_extra,1993-04-23,000002.SZ,21.15,291500.0,30757000.0,105.512864,4.988788,3.142317
registry_extra,1993-04-23,000004.SZ,31.65,26700.0,4224000.0,158.202247,4.998491,1.380095
registry_extra,1993-04-26,000002.SZ,21.35,189700.0,20051000.0,105.698471,4.950748,3.142857
registry_extra,1993-04-26,000004.SZ,32.0,25900.0,4124000.0,159.227799,4.975869,1.38
registry_extra,1993-04-27,000002.SZ,21.2,131000.0,13906000.0,106.152672,5.007201,3.142453
registry_extra,1993-04-27,000004.SZ,31.85,18400.0,2938000.0,159.673913,5.01331,1.379906
registry_extra,1993-04-28,000002.SZ,21.3,123000.0,13077000.0,106.317073,4.991412,3.142723
registry_extra,1993-04-28,000004.SZ,31.85,16000.0,2543000.0,158.9375,4.990188,1.379906
registry_extra,1993-04-29,000002.SZ,20.85,118700.0,12516000.0,105.442291,5.057184,3.140528
registry_extra,1993-04-29,000004.SZ,31.4,12700.0,2005000.0,157.874016,5.027835,1.379936
registry_extra,1993-04-30,000002.SZ,20.85,218600.0,22878000.0,104.656908,5.019516,3.140528
registry_extra,1993-04-30,000004.SZ,31.3,44500.0,6984000.0,156.94382,5.01418,1.379872
registry_extra,1993-05-03,000002.SZ,20.45,135700.0,13999000.0,103.161385,5.044567,3.138875
registry_extra,1993-05-03,000004.SZ,30.8,34000.0,5175000.0,152.205882,4.941749,1.37987
registry_extra,1993-05-04,000002.SZ,20.6,205800.0,21144000.0,102.740525,4.987404,3.13932
registry_extra,1993-05-04,000004.SZ,30.2,82900.0,12595000.0,151.930036,5.030796,1.380132
registry_extra,1993-05-05,000002.SZ,19.8,311200.0,31313000.0,100.62018,5.081827,3.135354
registry_extra,1993-05-05,000004.SZ,29.0,68800.0,10226000.0,148.633721,5.125301,1.38
registry_extra,1993-05-06,000002.SZ,19.7,534500.0,51624000.0,96.583723,4.902727,3.135025
registry_extra,1993-05-06,000004.SZ,28.35,69800.0,9840000.0,140.974212,4.972635,1.379894
registry_extra,1993-05-07,000002.SZ,19.65,492000.0,48124000.0,97.813008,4.977761,3.13486
registry_extra,1993-05-07,000004.SZ,28.2,67100.0,9469000.0,141.117735,5.004175,1.380142
registry_extra,1993-05-10,000002.SZ,18.9,307500.0,29867000.0,97.128455,5.139072,3.130688
registry_extra,1993-05-10,000004.SZ,27.0,30000.0,4188000.0,139.6,5.17037,1.38
registry_extra,1993-05-11,000002.SZ,18.7,418500.0,38965000.0,93.106332,4.978948,3.129412
registry_extra,1993-05-11,000004.SZ,26.4,58300.0,7703000.0,132.12693,5.004808,1.379924
registry_extra,1993-05-12,000002.SZ,19.7,322900.0,31322000.0,97.002168,4.923968,3.135025
registry_extra,1993-05-12,000004.SZ,27.85,79600.0,10925000.0,137.248744,4.928142,1.379892
registry_extra,1993-05-13,000002.SZ,20.3,420600.0,42421000.0,100.858298,4.968389,3.137931
registry_extra,1993-05-13,000004.SZ,29.1,72000.0,10344000.0,143.666667,4.936999,1.380069
registry_extra,1993-05-14,000002.SZ,20.3,313700.0,31811000.0,101.405802,4.99536,3.137931
registry_extra,1993-05-14,000004.SZ,29.75,72200.0,10671000.0,147.797784,4.967993,1.380168
tol_extra,1991-03-01,600653.SH,38.5,3200.0,121000.0,37.8125,0.982143,10.0
tol_extra,1991-03-04,600653.SH,38.7,1000.0,38000.0,38.0,0.981912,10.0
tol_extra,1991-04-01,600601.SH,49.2,2600.0,130000.0,50.0,1.01626,5.0
tol_extra,1991-04-01,600653.SH,36.5,2000.0,72000.0,36.0,0.986301,10.0
tol_extra,1991-04-12,600653.SH,37.5,3800.0,141000.0,37.105263,0.989474,10.0
tol_extra,1991-04-18,600653.SH,37.1,1500.0,55000.0,36.666667,0.98832,10.0
tol_extra,1991-04-19,000001.SZ,45.69,200.0,9000.0,45.0,0.984898,1.092143
tol_extra,1991-04-23,600653.SH,37.5,4000.0,148000.0,37.0,0.986667,10.0
tol_extra,1991-04-26,000001.SZ,44.34,800.0,35000.0,43.75,0.986694,1.091791
tol_extra,1991-04-26,600653.SH,38.3,3100.0,117000.0,37.741935,0.985429,10.0
tol_extra,1991-05-21,600653.SH,39.5,1800.0,70000.0,38.888889,0.984529,10.0
tol_extra,1991-05-24,000001.SZ,39.51,300.0,12000.0,40.0,1.012402,1.539357
tol_extra,1991-05-28,600601.SH,38.1,2000.0,75000.0,37.5,0.984252,5.0
tol_extra,1991-06-04,600601.SH,40.1,3300.0,130000.0,39.393939,0.982393,5.0
tol_extra,1991-06-05,600601.SH,40.5,900.0,37000.0,41.111111,1.015089,5.0
tol_extra,1991-06-05,600653.SH,42.7,2500.0,108000.0,43.2,1.01171,10.0
tol_extra,1991-06-14,000001.SZ,36.1,700.0,25000.0,35.714286,0.989315,1.539058
tol_extra,1991-06-18,000001.SZ,35.56,1000.0,35000.0,35.0,0.984252,1.539089
tol_extra,1991-06-20,600653.SH,47.6,600.0,29000.0,48.333333,1.015406,10.0
tol_extra,1991-06-21,600653.SH,48.1,800.0,38000.0,47.5,0.987526,10.0
tol_extra,1991-06-26,000001.SZ,34.33,400.0,14000.0,35.0,1.019516,1.539179
tol_extra,1991-07-04,000001.SZ,33.14,1100.0,36000.0,32.727273,0.987546,1.539228
tol_extra,1991-07-08,000001.SZ,32.65,900.0,29000.0,32.222222,0.986898,1.539051
tol_extra,1991-07-24,000001.SZ,30.44,200.0,6000.0,30.0,0.985545,1.539093
tol_extra,1991-07-30,000001.SZ,29.69,700.0,21000.0,30.0,1.010441,1.538902
tol_extra,1991-07-31,000001.SZ,29.54,100.0,3000.0,30.0,1.015572,1.53893
tol_extra,1992-09-28,000007.SZ,32.5,26000.0,835900.06,32.150002,0.989231,1.0
tol_extra,1992-12-16,600622.SH,12.7,749800.0,9862000.0,13.152841,1.035657,10.0
tol_extra,1992-12-18,600618.SH,12.2,578400.0,6777000.0,11.716805,0.960394,10.0
tol_extra,1992-12-23,000503.SZ,10.7,27000.0,284850.0,10.55,0.985981,1.0
tol_extra,1992-12-28,000020.SZ,12.2,246000.0,3050400.0,12.4,1.016393,1.0
tol_extra,1993-02-16,000016.SZ,25.4,939000.0,23475000.0,25.0,0.984252,1.0
tol_extra,1993-05-31,000510.SZ,13.2,426800.0,5740460.0,13.45,1.018939,1.0
tol_extra,1993-06-07,600620.SH,23.1,461200.0,9341000.0,20.253686,0.876783,18.831169
tol_extra,1993-08-30,600617.SH,20.0,75700.0,1549000.0,20.462351,1.023118,15.12
tol_extra,1993-08-30,600654.SH,9.98,290600.0,2803000.0,9.645561,0.966489,149.849699
tol_extra,1993-08-31,600649.SH,17.54,120800.0,2204000.0,18.245033,1.040196,1.0
tol_extra,1993-09-02,600606.SH,7.45,39700.0,287000.0,7.229219,0.970365,14.651007
tol_extra,1993-09-02,600642.SH,9.17,409500.0,3694000.0,9.020757,0.983725,1.0
tol_extra,1993-09-02,600648.SH,26.38,56800.0,1515000.0,26.672535,1.011089,1.0
tol_extra,1993-09-02,600658.SH,14.75,30100.0,453000.0,15.049834,1.020328,1.0
tol_extra,1993-09-03,600602.SH,7.36,440100.0,3165000.0,7.191547,0.977112,148.478261
tol_extra,1993-09-06,600645.SH,14.65,211600.0,3181000.0,15.033081,1.026149,1.792491
tol_extra,1993-09-06,600661.SH,18.39,193000.0,3654000.0,18.932642,1.029507,1.0
tol_extra,1993-09-09,600615.SH,10.95,65800.0,710000.0,10.790274,0.985413,15.315068
tol_extra,1993-09-09,600666.SH,14.08,247300.0,3435000.0,13.890012,0.986507,1.0
tol_extra,1993-09-10,600617.SH,20.11,35500.0,697000.0,19.633803,0.97632,15.119344
tol_extra,1993-09-15,600610.SH,9.94,20000.0,193000.0,9.65,0.970825,12.0
tol_extra,1993-09-21,600644.SH,11.24,141500.0,1634000.0,11.547703,1.027376,1.661922
tol_extra,1993-09-22,600603.SH,17.11,113700.0,1994000.0,17.537379,1.024978,18.056692
tol_extra,1993-09-22,600619.SH,14.69,7600.0,115000.0,15.131579,1.03006,10.047651
tol_extra,1993-09-22,600621.SH,10.73,46600.0,517000.0,11.094421,1.033963,14.716682
tol_extra,1993-10-18,600629.SH,9.19,81800.0,740000.0,9.046455,0.98438,1.0
tol_extra,1993-10-19,600624.SH,11.66,114300.0,1373000.0,12.012248,1.03021,1.560034
tol_extra,1994-01-19,600617.SH,16.05,68600.0,1163000.0,16.953353,1.056284,15.149533
tol_extra,1994-02-17,600609.SH,4.27,221800.0,964000.0,4.346258,1.017859,14.262295
tol_extra,1994-02-17,600611.SH,17.45,46700.0,841000.0,18.008565,1.032009,17.859599
tol_extra,1994-02-17,600630.SH,5.07,21100.0,109000.0,5.165877,1.018911,1.0
tol_extra,1994-02-17,600635.SH,22.68,40200.0,931000.0,23.159204,1.021129,1.798942
tol_extra,1994-02-17,600654.SH,13.65,200200.0,2804000.0,14.005994,1.02608,153.923077
tol_extra,1994-02-17,600663.SH,21.7,461700.0,10306000.0,22.321854,1.028657,1.335484
tol_extra,1994-02-17,600685.SH,6.09,780100.0,4898000.0,6.278682,1.030982,1.0
tol_extra,1994-02-17,600686.SH,10.0,69800.0,717000.0,10.272206,1.027221,1.688
tol_extra,1994-02-17,600694.SH,9.72,41400.0,413000.0,9.975845,1.026322,1.0
tol_extra,1994-02-17,600699.SH,4.17,119500.0,507000.0,4.242678,1.017429,1.0
tol_extra,1994-02-17,600802.SH,7.35,196800.0,1474000.0,7.489837,1.019025,1.0
tol_extra,1994-02-17,600805.SH,12.73,142300.0,1877000.0,13.190443,1.03617,1.0
tol_extra,1994-02-17,600814.SH,10.65,113800.0,1243000.0,10.922671,1.025603,1.0
tol_extra,1994-02-17,600819.SH,13.2,147900.0,2009000.0,13.583502,1.029053,1.0
tol_extra,1994-03-07,600671.SH,7.9,1000.0,8000.0,8.0,1.012658,1.0
tol_extra,1994-04-12,600609.SH,2.85,702100.0,2062000.0,2.936904,1.030492,11.403509
tol_extra,1994-06-09,600658.SH,5.58,406600.0,2397000.0,5.895229,1.056493,1.483871
tol_extra,1994-06-09,600675.SH,10.83,129600.0,1476000.0,11.388889,1.051606,1.0
tol_extra,1994-07-12,600616.SH,6.88,3100.0,22000.0,7.096774,1.031508,19.924419
