code,rows,first,last,sn,null20,null5,null20_ratio
003036.SZ,866,2023-01-03,2026-07-31,20,20,5,0.023094688221709007
000599.SZ,866,2023-01-03,2026-07-31,20,36,18,0.04157043879907621
002763.SZ,866,2023-01-03,2026-07-31,20,20,5,0.023094688221709007
002252.SZ,866,2023-01-03,2026-07-31,20,40,20,0.046189376443418015
688290.SH,866,2023-01-03,2026-07-31,20,20,5,0.023094688221709007
000975.SZ,866,2023-01-03,2026-07-31,20,20,5,0.023094688221709007
002948.SZ,866,2023-01-03,2026-07-31,20,20,5,0.023094688221709007
600711.SH,866,2023-01-03,2026-07-31,20,24,9,0.02771362586605081
002588.SZ,866,2023-01-03,2026-07-31,20,20,5,0.023094688221709007
600916.SH,866,2023-01-03,2026-07-31,20,20,5,0.023094688221709007
301141.SZ,807,2023-04-03,2026-07-31,20,20,5,0.024783147459727387
001206.SZ,866,2023-01-03,2026-07-31,20,38,19,0.04387990762124711
600685.SH,866,2023-01-03,2026-07-31,20,20,5,0.023094688221709007
603601.SH,866,2023-01-03,2026-07-31,20,20,5,0.023094688221709007
603320.SH,866,2023-01-03,2026-07-31,20,20,5,0.023094688221709007
000514.SZ,866,2023-01-03,2026-07-31,20,20,5,0.023094688221709007
002768.SZ,866,2023-01-03,2026-07-31,20,20,5,0.023094688221709007
300768.SZ,866,2023-01-03,2026-07-31,20,20,5,0.023094688221709007
600292.SH,866,2023-01-03,2026-07-31,20,40,20,0.046189376443418015
002024.SZ,866,2023-01-03,2026-07-31,20,20,5,0.023094688221709007
688238.SH,866,2023-01-03,2026-07-31,20,20,5,0.023094688221709007
000995.SZ,866,2023-01-03,2026-07-31,20,22,7,0.025404157043879907
600346.SH,866,2023-01-03,2026-07-31,20,20,5,0.023094688221709007
603160.SH,866,2023-01-03,2026-07-31,20,40,20,0.046189376443418015
603551.SH,866,2023-01-03,2026-07-31,20,20,5,0.023094688221709007
688479.SH,783,2023-05-11,2026-07-31,20,20,5,0.02554278416347382
002282.SZ,866,2023-01-03,2026-07-31,20,20,5,0.023094688221709007
300406.SZ,866,2023-01-03,2026-07-31,20,20,5,0.023094688221709007
601398.SH,866,2023-01-03,2026-07-31,20,20,5,0.023094688221709007
002212.SZ,866,2023-01-03,2026-07-31,20,20,5,0.023094688221709007
301235.SZ,866,2023-01-03,2026-07-31,20,20,5,0.023094688221709007
603668.SH,866,2023-01-03,2026-07-31,20,20,5,0.023094688221709007
002406.SZ,866,2023-01-03,2026-07-31,20,20,5,0.023094688221709007
688234.SH,866,2023-01-03,2026-07-31,20,20,5,0.023094688221709007
000592.SZ,866,2023-01-03,2026-07-31,20,26,11,0.03002309468822171
600499.SH,866,2023-01-03,2026-07-31,20,40,20,0.046189376443418015
600925.SH,810,2023-03-29,2026-07-31,20,20,5,0.024691358024691357
600256.SH,866,2023-01-03,2026-07-31,20,20,5,0.023094688221709007
301383.SZ,762,2023-06-09,2026-07-31,20,20,5,0.026246719160104987
600853.SH,866,2023-01-03,2026-07-31,20,20,5,0.023094688221709007
002017.SZ,866,2023-01-03,2026-07-31,20,20,5,0.023094688221709007
002483.SZ,866,2023-01-03,2026-07-31,20,20,5,0.023094688221709007
600522.SH,866,2023-01-03,2026-07-31,20,20,5,0.023094688221709007
301365.SZ,866,2023-01-03,2026-07-31,20,20,5,0.023094688221709007
600681.SH,866,2023-01-03,2026-07-31,20,20,5,0.023094688221709007
600231.SH,866,2023-01-03,2026-07-31,20,20,5,0.023094688221709007
000799.SZ,866,2023-01-03,2026-07-31,20,20,5,0.023094688221709007
002074.SZ,866,2023-01-03,2026-07-31,20,20,5,0.023094688221709007
300796.SZ,866,2023-01-03,2026-07-31,20,20,5,0.023094688221709007
603838.SH,866,2023-01-03,2026-07-31,20,22,7,0.025404157043879907
300576.SZ,866,2023-01-03,2026-07-31,20,20,5,0.023094688221709007
688298.SH,866,2023-01-03,2026-07-31,20,20,5,0.023094688221709007
000721.SZ,866,2023-01-03,2026-07-31,20,20,5,0.023094688221709007
603305.SH,866,2023-01-03,2026-07-31,20,34,19,0.03926096997690531
301185.SZ,866,2023-01-03,2026-07-31,20,20,5,0.023094688221709007
301585.SZ,390,2024-12-20,2026-07-31,20,20,5,0.05128205128205128
002092.SZ,866,2023-01-03,2026-07-31,20,24,9,0.02771362586605081
688196.SH,866,2023-01-03,2026-07-31,20,20,5,0.023094688221709007
600007.SH,866,2023-01-03,2026-07-31,20,20,5,0.023094688221709007
603980.SH,866,2023-01-03,2026-07-31,20,30,15,0.03464203233256351
000737.SZ,866,2023-01-03,2026-07-31,20,20,5,0.023094688221709007
603050.SH,866,2023-01-03,2026-07-31,20,22,7,0.025404157043879907
600039.SH,866,2023-01-03,2026-07-31,20,20,5,0.023094688221709007
002787.SZ,866,2023-01-03,2026-07-31,20,20,5,0.023094688221709007
002598.SZ,866,2023-01-03,2026-07-31,20,22,7,0.025404157043879907
605169.SH,866,2023-01-03,2026-07-31,20,20,5,0.023094688221709007
002883.SZ,866,2023-01-03,2026-07-31,20,22,7,0.025404157043879907
001393.SZ,55,2026-05-15,2026-07-31,20,20,5,0.36363636363636365
300785.SZ,866,2023-01-03,2026-07-31,20,20,5,0.023094688221709007
300471.SZ,866,2023-01-03,2026-07-31,20,20,5,0.023094688221709007
301536.SZ,568,2024-03-28,2026-07-31,20,20,5,0.035211267605633804
000822.SZ,866,2023-01-03,2026-07-31,20,20,5,0.023094688221709007
301510.SZ,717,2023-08-15,2026-07-31,20,20,5,0.02789400278940028
002560.SZ,866,2023-01-03,2026-07-31,20,20,5,0.023094688221709007
002957.SZ,866,2023-01-03,2026-07-31,20,20,5,0.023094688221709007
688623.SH,763,2023-06-08,2026-07-31,20,20,5,0.02621231979030144
301193.SZ,866,2023-01-03,2026-07-31,20,20,5,0.023094688221709007
300648.SZ,866,2023-01-03,2026-07-31,20,20,5,0.023094688221709007
002287.SZ,866,2023-01-03,2026-07-31,20,20,5,0.023094688221709007
601963.SH,866,2023-01-03,2026-07-31,20,20,5,0.023094688221709007
301075.SZ,866,2023-01-03,2026-07-31,20,34,19,0.03926096997690531
688058.SH,866,2023-01-03,2026-07-31,20,20,5,0.023094688221709007
301135.SZ,866,2023-01-03,2026-07-31,20,20,5,0.023094688221709007
300436.SZ,866,2023-01-03,2026-07-31,20,20,5,0.023094688221709007
688050.SH,866,2023-01-03,2026-07-31,20,20,5,0.023094688221709007
300137.SZ,866,2023-01-03,2026-07-31,20,24,9,0.02771362586605081
002996.SZ,866,2023-01-03,2026-07-31,20,20,5,0.023094688221709007
300622.SZ,866,2023-01-03,2026-07-31,20,20,5,0.023094688221709007
601579.SH,866,2023-01-03,2026-07-31,20,20,5,0.023094688221709007
600989.SH,866,2023-01-03,2026-07-31,20,20,5,0.023094688221709007
603202.SH,309,2025-04-24,2026-07-31,20,20,5,0.06472491909385113
002349.SZ,866,2023-01-03,2026-07-31,20,20,5,0.023094688221709007
300065.SZ,866,2023-01-03,2026-07-31,20,40,20,0.046189376443418015
001255.SZ,866,2023-01-03,2026-07-31,20,20,5,0.023094688221709007
601555.SH,866,2023-01-03,2026-07-31,20,40,20,0.046189376443418015
600271.SH,866,2023-01-03,2026-07-31,20,20,5,0.023094688221709007
688373.SH,866,2023-01-03,2026-07-31,20,20,5,0.023094688221709007
603533.SH,866,2023-01-03,2026-07-31,20,20,5,0.023094688221709007
002887.SZ,866,2023-01-03,2026-07-31,20,20,5,0.023094688221709007
300215.SZ,866,2023-01-03,2026-07-31,20,20,5,0.023094688221709007
300672.SZ,866,2023-01-03,2026-07-31,20,40,20,0.046189376443418015
603566.SH,866,2023-01-03,2026-07-31,20,20,5,0.023094688221709007
600476.SH,866,2023-01-03,2026-07-31,20,22,7,0.025404157043879907
603527.SH,866,2023-01-03,2026-07-31,20,20,5,0.023094688221709007
600665.SH,866,2023-01-03,2026-07-31,20,20,5,0.023094688221709007
301600.SZ,455,2024-09-11,2026-07-31,20,20,5,0.04395604395604396
600642.SH,866,2023-01-03,2026-07-31,20,20,5,0.023094688221709007
688132.SH,866,2023-01-03,2026-07-31,20,32,16,0.03695150115473441
002583.SZ,866,2023-01-03,2026-07-31,20,20,5,0.023094688221709007
688759.SH,186,2025-10-28,2026-07-31,20,20,5,0.10752688172043011
000409.SZ,866,2023-01-03,2026-07-31,20,20,5,0.023094688221709007
601009.SH,866,2023-01-03,2026-07-31,20,20,5,0.023094688221709007
300122.SZ,866,2023-01-03,2026-07-31,20,20,5,0.023094688221709007
301560.SZ,308,2025-04-25,2026-07-31,20,20,5,0.06493506493506493
601788.SH,866,2023-01-03,2026-07-31,20,20,5,0.023094688221709007
002793.SZ,866,2023-01-03,2026-07-31,20,20,5,0.023094688221709007
301053.SZ,866,2023-01-03,2026-07-31,20,20,5,0.023094688221709007
002803.SZ,866,2023-01-03,2026-07-31,20,20,5,0.023094688221709007
605008.SH,866,2023-01-03,2026-07-31,20,38,19,0.04387990762124711
000723.SZ,866,2023-01-03,2026-07-31,20,20,5,0.023094688221709007
600141.SH,866,2023-01-03,2026-07-31,20,20,5,0.023094688221709007
603669.SH,866,2023-01-03,2026-07-31,20,20,5,0.023094688221709007
002532.SZ,866,2023-01-03,2026-07-31,20,20,5,0.023094688221709007
301165.SZ,866,2023-01-03,2026-07-31,20,20,5,0.023094688221709007
300440.SZ,866,2023-01-03,2026-07-31,20,20,5,0.023094688221709007
000002.SZ,866,2023-01-03,2026-07-31,20,20,5,0.023094688221709007
605178.SH,866,2023-01-03,2026-07-31,20,48,28,0.05542725173210162
000507.SZ,866,2023-01-03,2026-07-31,20,20,5,0.023094688221709007
601011.SH,866,2023-01-03,2026-07-31,20,20,5,0.023094688221709007
605183.SH,866,2023-01-03,2026-07-31,20,20,5,0.023094688221709007
600405.SH,866,2023-01-03,2026-07-31,20,25,15,0.028868360277136258
002724.SZ,866,2023-01-03,2026-07-31,20,20,5,0.023094688221709007
601222.SH,866,2023-01-03,2026-07-31,20,20,5,0.023094688221709007
300740.SZ,866,2023-01-03,2026-07-31,20,20,5,0.023094688221709007
301349.SZ,866,2023-01-03,2026-07-31,20,20,5,0.023094688221709007
605005.SH,866,2023-01-03,2026-07-31,20,20,5,0.023094688221709007
600639.SH,866,2023-01-03,2026-07-31,20,20,5,0.023094688221709007
601900.SH,866,2023-01-03,2026-07-31,20,20,5,0.023094688221709007
688076.SH,866,2023-01-03,2026-07-31,20,22,7,0.025404157043879907
301589.SZ,597,2024-02-08,2026-07-31,20,20,5,0.03350083752093802
603071.SH,866,2023-01-03,2026-07-31,20,20,5,0.023094688221709007
688321.SH,866,2023-01-03,2026-07-31,20,20,5,0.023094688221709007
301159.SZ,866,2023-01-03,2026-07-31,20,20,5,0.023094688221709007
002034.SZ,866,2023-01-03,2026-07-31,20,20,5,0.023094688221709007
601608.SH,866,2023-01-03,2026-07-31,20,20,5,0.023094688221709007
002599.SZ,866,2023-01-03,2026-07-31,20,20,5,0.023094688221709007
300277.SZ,866,2023-01-03,2026-07-31,20,60,35,0.06928406466512702
002091.SZ,866,2023-01-03,2026-07-31,20,20,5,0.023094688221709007
002295.SZ,866,2023-01-03,2026-07-31,20,20,5,0.023094688221709007
301369.SZ,866,2023-01-03,2026-07-31,20,20,5,0.023094688221709007
300433.SZ,866,2023-01-03,2026-07-31,20,20,5,0.023094688221709007
001231.SZ,866,2023-01-03,2026-07-31,20,20,5,0.023094688221709007
600019.SH,866,2023-01-03,2026-07-31,20,20,5,0.023094688221709007
688350.SH,866,2023-01-03,2026-07-31,20,30,15,0.03464203233256351
300590.SZ,866,2023-01-03,2026-07-31,20,20,5,0.023094688221709007
300660.SZ,866,2023-01-03,2026-07-31,20,20,5,0.023094688221709007
600076.SH,866,2023-01-03,2026-07-31,20,24,9,0.02771362586605081
300074.SZ,866,2023-01-03,2026-07-31,20,20,5,0.023094688221709007
603698.SH,866,2023-01-03,2026-07-31,20,20,5,0.023094688221709007
301136.SZ,866,2023-01-03,2026-07-31,20,20,5,0.023094688221709007
001266.SZ,866,2023-01-03,2026-07-31,20,20,5,0.023094688221709007
688558.SH,866,2023-01-03,2026-07-31,20,20,5,0.023094688221709007
001308.SZ,866,2023-01-03,2026-07-31,20,20,5,0.023094688221709007
600191.SH,866,2023-01-03,2026-07-31,20,22,7,0.025404157043879907
002324.SZ,866,2023-01-03,2026-07-31,20,20,5,0.023094688221709007
688550.SH,866,2023-01-03,2026-07-31,20,30,15,0.03464203233256351
600199.SH,866,2023-01-03,2026-07-31,20,20,5,0.023094688221709007
600221.SH,866,2023-01-03,2026-07-31,20,20,5,0.023094688221709007
300579.SZ,866,2023-01-03,2026-07-31,20,20,5,0.023094688221709007
601992.SH,866,2023-01-03,2026-07-31,20,20,5,0.023094688221709007
688806.SH,9,2026-07-21,2026-07-31,9,9,5,1.0
000753.SZ,866,2023-01-03,2026-07-31,20,20,5,0.023094688221709007
003017.SZ,866,2023-01-03,2026-07-31,20,20,5,0.023094688221709007
603325.SH,618,2024-01-10,2026-07-31,20,20,5,0.032362459546925564
003019.SZ,866,2023-01-03,2026-07-31,20,20,5,0.023094688221709007
300018.SZ,866,2023-01-03,2026-07-31,20,30,15,0.03464203233256351
000639.SZ,866,2023-01-03,2026-07-31,20,22,7,0.025404157043879907
301556.SZ,436,2024-10-17,2026-07-31,20,20,5,0.045871559633027525
603137.SH,796,2023-04-19,2026-07-31,20,40,20,0.05025125628140704
603155.SH,866,2023-01-03,2026-07-31,20,20,5,0.023094688221709007
300337.SZ,866,2023-01-03,2026-07-31,20,20,5,0.023094688221709007
002983.SZ,866,2023-01-03,2026-07-31,20,20,5,0.023094688221709007
300502.SZ,866,2023-01-03,2026-07-31,20,20,5,0.023094688221709007
603396.SH,866,2023-01-03,2026-07-31,20,20,5,0.023094688221709007
001965.SZ,866,2023-01-03,2026-07-31,20,20,5,0.023094688221709007
002371.SZ,866,2023-01-03,2026-07-31,20,20,5,0.023094688221709007
001237.SZ,50,2026-05-22,2026-07-31,20,20,5,0.4
600577.SH,866,2023-01-03,2026-07-31,20,20,5,0.023094688221709007
002693.SZ,866,2023-01-03,2026-07-31,20,44,24,0.050808314087759814
301587.SZ,563,2024-04-08,2026-07-31,20,20,5,0.035523978685612786
300652.SZ,866,2023-01-03,2026-07-31,20,20,5,0.023094688221709007
300561.SZ,866,2023-01-03,2026-07-31,20,27,15,0.03117782909930716
001278.SZ,825,2023-03-08,2026-07-31,20,20,5,0.024242424242424242
000716.SZ,866,2023-01-03,2026-07-31,20,30,15,0.03464203233256351
000930.SZ,866,2023-01-03,2026-07-31,20,20,5,0.023094688221709007
301097.SZ,866,2023-01-03,2026-07-31,20,20,5,0.023094688221709007
600779.SH,866,2023-01-03,2026-07-31,20,20,5,0.023094688221709007
300671.SZ,866,2023-01-03,2026-07-31,20,20,5,0.023094688221709007
002965.SZ,866,2023-01-03,2026-07-31,20,20,5,0.023094688221709007
605258.SH,866,2023-01-03,2026-07-31,20,20,5,0.023094688221709007
603218.SH,866,2023-01-03,2026-07-31,20,20,5,0.023094688221709007
603019.SH,866,2023-01-03,2026-07-31,20,40,20,0.046189376443418015
301200.SZ,866,2023-01-03,2026-07-31,20,20,5,0.023094688221709007
300139.SZ,866,2023-01-03,2026-07-31,20,20,5,0.023094688221709007
688173.SH,866,2023-01-03,2026-07-31,20,38,19,0.04387990762124711
688711.SH,866,2023-01-03,2026-07-31,20,20,5,0.023094688221709007
603208.SH,866,2023-01-03,2026-07-31,20,20,5,0.023094688221709007
688805.SH,145,2025-12-24,2026-07-31,20,20,5,0.13793103448275862
300898.SZ,866,2023-01-03,2026-07-31,20,20,5,0.023094688221709007
600892.SH,866,2023-01-03,2026-07-31,20,28,13,0.03233256351039261
600908.SH,866,2023-01-03,2026-07-31,20,20,5,0.023094688221709007
601999.SH,866,2023-01-03,2026-07-31,20,20,5,0.023094688221709007
000793.SZ,866,2023-01-03,2026-07-31,20,27,12,0.03117782909930716
300890.SZ,866,2023-01-03,2026-07-31,20,20,5,0.023094688221709007
002855.SZ,866,2023-01-03,2026-07-31,20,20,5,0.023094688221709007
603115.SH,866,2023-01-03,2026-07-31,20,20,5,0.023094688221709007
002225.SZ,866,2023-01-03,2026-07-31,20,20,5,0.023094688221709007
688671.SH,721,2023-08-09,2026-07-31,20,20,5,0.027739251040221916
600089.SH,866,2023-01-03,2026-07-31,20,20,5,0.023094688221709007
002657.SZ,866,2023-01-03,2026-07-31,20,20,5,0.023094688221709007
002361.SZ,866,2023-01-03,2026-07-31,20,20,5,0.023094688221709007
600520.SH,866,2023-01-03,2026-07-31,20,30,15,0.03464203233256351
600739.SH,866,2023-01-03,2026-07-31,20,20,5,0.023094688221709007
300349.SZ,866,2023-01-03,2026-07-31,20,20,5,0.023094688221709007
688226.SH,866,2023-01-03,2026-07-31,20,20,5,0.023094688221709007
600467.SH,866,2023-01-03,2026-07-31,20,20,5,0.023094688221709007
688041.SH,866,2023-01-03,2026-07-31,20,40,20,0.046189376443418015
002106.SZ,866,2023-01-03,2026-07-31,20,20,5,0.023094688221709007
300545.SZ,866,2023-01-03,2026-07-31,20,20,5,0.023094688221709007
603678.SH,866,2023-01-03,2026-07-31,20,20,5,0.023094688221709007
300683.SZ,866,2023-01-03,2026-07-31,20,20,5,0.023094688221709007
300405.SZ,866,2023-01-03,2026-07-31,20,20,5,0.023094688221709007
002413.SZ,866,2023-01-03,2026-07-31,20,20,5,0.023094688221709007
300687.SZ,866,2023-01-03,2026-07-31,20,20,5,0.023094688221709007
002676.SZ,866,2023-01-03,2026-07-31,20,20,5,0.023094688221709007
688136.SH,866,2023-01-03,2026-07-31,20,20,5,0.023094688221709007
000850.SZ,866,2023-01-03,2026-07-31,20,20,5,0.023094688221709007
301499.SZ,734,2023-07-21,2026-07-31,20,20,5,0.027247956403269755
600366.SH,866,2023-01-03,2026-07-31,20,20,5,0.023094688221709007
688271.SH,866,2023-01-03,2026-07-31,20,20,5,0.023094688221709007
301268.SZ,866,2023-01-03,2026-07-31,20,20,5,0.023094688221709007
688183.SH,866,2023-01-03,2026-07-31,20,20,5,0.023094688221709007
002180.SZ,866,2023-01-03,2026-07-31,20,20,5,0.023094688221709007
603790.SH,866,2023-01-03,2026-07-31,20,42,22,0.04849884526558892
000625.SZ,866,2023-01-03,2026-07-31,20,20,5,0.023094688221709007
300025.SZ,866,2023-01-03,2026-07-31,20,20,5,0.023094688221709007
600663.SH,866,2023-01-03,2026-07-31,20,20,5,0.023094688221709007
600995.SH,866,2023-01-03,2026-07-31,20,20,5,0.023094688221709007
300922.SZ,866,2023-01-03,2026-07-31,20,20,5,0.023094688221709007
600408.SH,866,2023-01-03,2026-07-31,20,20,5,0.023094688221709007
603916.SH,866,2023-01-03,2026-07-31,20,20,5,0.023094688221709007
002296.SZ,866,2023-01-03,2026-07-31,20,20,5,0.023094688221709007
600662.SH,866,2023-01-03,2026-07-31,20,20,5,0.023094688221709007
002969.SZ,866,2023-01-03,2026-07-31,20,53,39,0.061200923787528866
600197.SH,866,2023-01-03,2026-07-31,20,20,5,0.023094688221709007
300054.SZ,866,2023-01-03,2026-07-31,20,20,5,0.023094688221709007
002173.SZ,866,2023-01-03,2026-07-31,20,20,5,0.023094688221709007
600795.SH,866,2023-01-03,2026-07-31,20,20,5,0.023094688221709007
601137.SH,866,2023-01-03,2026-07-31,20,20,5,0.023094688221709007
600216.SH,866,2023-01-03,2026-07-31,20,20,5,0.023094688221709007
603878.SH,866,2023-01-03,2026-07-31,20,20,5,0.023094688221709007
300386.SZ,866,2023-01-03,2026-07-31,20,20,5,0.023094688221709007
300942.SZ,866,2023-01-03,2026-07-31,20,20,5,0.023094688221709007
002584.SZ,866,2023-01-03,2026-07-31,20,20,5,0.023094688221709007
600361.SH,866,2023-01-03,2026-07-31,20,20,5,0.023094688221709007
002139.SZ,866,2023-01-03,2026-07-31,20,20,5,0.023094688221709007
002399.SZ,866,2023-01-03,2026-07-31,20,20,5,0.023094688221709007
002631.SZ,866,2023-01-03,2026-07-31,20,20,5,0.023094688221709007
603680.SH,866,2023-01-03,2026-07-31,20,20,5,0.023094688221709007
000631.SZ,866,2023-01-03,2026-07-31,20,20,5,0.023094688221709007
605266.SH,866,2023-01-03,2026-07-31,20,20,5,0.023094688221709007
002339.SZ,866,2023-01-03,2026-07-31,20,20,5,0.023094688221709007
605287.SH,866,2023-01-03,2026-07-31,20,20,5,0.023094688221709007
300642.SZ,866,2023-01-03,2026-07-31,20,20,5,0.023094688221709007
600536.SH,866,2023-01-03,2026-07-31,20,20,5,0.023094688221709007
688119.SH,866,2023-01-03,2026-07-31,20,20,5,0.023094688221709007
688198.SH,866,2023-01-03,2026-07-31,20,20,5,0.023094688221709007
300507.SZ,866,2023-01-03,2026-07-31,20,30,15,0.03464203233256351
301336.SZ,866,2023-01-03,2026-07-31,20,20,5,0.023094688221709007
000695.SZ,866,2023-01-03,2026-07-31,20,40,20,0.046189376443418015
600305.SH,866,2023-01-03,2026-07-31,20,20,5,0.023094688221709007
601611.SH,866,2023-01-03,2026-07-31,20,20,5,0.023094688221709007
301229.SZ,866,2023-01-03,2026-07-31,20,20,5,0.023094688221709007
301290.SZ,866,2023-01-03,2026-07-31,20,20,5,0.023094688221709007
688807.SH,148,2025-12-19,2026-07-31,20,20,5,0.13513513513513514
300243.SZ,866,2023-01-03,2026-07-31,20,20,5,0.023094688221709007
600016.SH,866,2023-01-03,2026-07-31,20,20,5,0.023094688221709007
300706.SZ,866,2023-01-03,2026-07-31,20,20,5,0.023094688221709007
688248.SH,866,2023-01-03,2026-07-31,20,20,5,0.023094688221709007
603228.SH,866,2023-01-03,2026-07-31,20,20,5,0.023094688221709007
605337.SH,866,2023-01-03,2026-07-31,20,20,5,0.023094688221709007
300802.SZ,866,2023-01-03,2026-07-31,20,20,5,0.023094688221709007
002575.SZ,866,2023-01-03,2026-07-31,20,24,9,0.02771362586605081
603018.SH,866,2023-01-03,2026-07-31,20,20,5,0.023094688221709007
603811.SH,866,2023-01-03,2026-07-31,20,20,5,0.023094688221709007
600177.SH,866,2023-01-03,2026-07-31,20,20,5,0.023094688221709007
002400.SZ,866,2023-01-03,2026-07-31,20,20,5,0.023094688221709007
603863.SH,866,2023-01-03,2026-07-31,20,30,15,0.03464203233256351
688369.SH,866,2023-01-03,2026-07-31,20,20,5,0.023094688221709007
300345.SZ,866,2023-01-03,2026-07-31,20,20,5,0.023094688221709007
603006.SH,866,2023-01-03,2026-07-31,20,20,5,0.023094688221709007
688585.SH,866,2023-01-03,2026-07-31,20,45,33,0.05196304849884527
600038.SH,866,2023-01-03,2026-07-31,20,25,10,0.028868360277136258
603118.SH,866,2023-01-03,2026-07-31,20,30,15,0.03464203233256351
002014.SZ,866,2023-01-03,2026-07-31,20,20,5,0.023094688221709007
301049.SZ,866,2023-01-03,2026-07-31,20,20,5,0.023094688221709007
002196.SZ,866,2023-01-03,2026-07-31,20,20,5,0.023094688221709007
000419.SZ,866,2023-01-03,2026-07-31,20,20,5,0.023094688221709007
300274.SZ,866,2023-01-03,2026-07-31,20,20,5,0.023094688221709007
601633.SH,866,2023-01-03,2026-07-31,20,20,5,0.023094688221709007
300511.SZ,866,2023-01-03,2026-07-31,20,30,15,0.03464203233256351
688317.SH,866,2023-01-03,2026-07-31,20,20,5,0.023094688221709007
600797.SH,866,2023-01-03,2026-07-31,20,20,5,0.023094688221709007
600861.SH,866,2023-01-03,2026-07-31,20,20,5,0.023094688221709007
600814.SH,866,2023-01-03,2026-07-31,20,20,5,0.023094688221709007
600210.SH,866,2023-01-03,2026-07-31,20,20,5,0.023094688221709007
300990.SZ,866,2023-01-03,2026-07-31,20,20,5,0.023094688221709007
603833.SH,866,2023-01-03,2026-07-31,20,20,5,0.023094688221709007
600027.SH,866,2023-01-03,2026-07-31,20,40,20,0.046189376443418015
300997.SZ,866,2023-01-03,2026-07-31,20,20,5,0.023094688221709007
601890.SH,866,2023-01-03,2026-07-31,20,20,5,0.023094688221709007
603712.SH,866,2023-01-03,2026-07-31,20,20,5,0.023094688221709007
002646.SZ,866,2023-01-03,2026-07-31,20,20,5,0.023094688221709007
000796.SZ,866,2023-01-03,2026-07-31,20,28,13,0.03233256351039261
688560.SH,866,2023-01-03,2026-07-31,20,20,5,0.023094688221709007
603093.SH,866,2023-01-03,2026-07-31,20,20,5,0.023094688221709007
002031.SZ,866,2023-01-03,2026-07-31,20,20,5,0.023094688221709007
000520.SZ,866,2023-01-03,2026-07-31,20,20,5,0.023094688221709007
002283.SZ,866,2023-01-03,2026-07-31,20,20,5,0.023094688221709007
301270.SZ,866,2023-01-03,2026-07-31,20,20,5,0.023094688221709007
603920.SH,866,2023-01-03,2026-07-31,20,26,11,0.03002309468822171
300888.SZ,866,2023-01-03,2026-07-31,20,20,5,0.023094688221709007
600787.SH,866,2023-01-03,2026-07-31,20,20,5,0.023094688221709007
688257.SH,866,2023-01-03,2026-07-31,20,20,5,0.023094688221709007
301239.SZ,866,2023-01-03,2026-07-31,20,20,5,0.023094688221709007
300335.SZ,866,2023-01-03,2026-07-31,20,20,5,0.023094688221709007
688443.SH,755,2023-06-20,2026-07-31,20,20,5,0.026490066225165563
002722.SZ,866,2023-01-03,2026-07-31,20,20,5,0.023094688221709007
002864.SZ,866,2023-01-03,2026-07-31,20,20,5,0.023094688221709007
600070.SH,548,2023-01-03,2025-04-10,548,548,548,1.0
688390.SH,866,2023-01-03,2026-07-31,20,20,5,0.023094688221709007
600611.SH,866,2023-01-03,2026-07-31,20,20,5,0.023094688221709007
300480.SZ,866,2023-01-03,2026-07-31,20,20,5,0.023094688221709007
688786.SH,866,2023-01-03,2026-07-31,20,20,5,0.023094688221709007
603600.SH,866,2023-01-03,2026-07-31,20,20,5,0.023094688221709007
300075.SZ,866,2023-01-03,2026-07-31,20,20,5,0.023094688221709007
002218.SZ,866,2023-01-03,2026-07-31,20,20,5,0.023094688221709007
002880.SZ,866,2023-01-03,2026-07-31,20,30,15,0.03464203233256351
300024.SZ,866,2023-01-03,2026-07-31,20,20,5,0.023094688221709007
002812.SZ,866,2023-01-03,2026-07-31,20,40,20,0.046189376443418015
600802.SH,866,2023-01-03,2026-07-31,20,20,5,0.023094688221709007
301550.SZ,694,2023-09-15,2026-07-31,20,20,5,0.02881844380403458
002905.SZ,866,2023-01-03,2026-07-31,20,20,5,0.023094688221709007
000586.SZ,866,2023-01-03,2026-07-31,20,30,15,0.03464203233256351
301192.SZ,866,2023-01-03,2026-07-31,20,20,5,0.023094688221709007
301303.SZ,837,2023-02-20,2026-07-31,20,20,5,0.023894862604540025
688612.SH,731,2023-07-26,2026-07-31,20,20,5,0.027359781121751026
002531.SZ,866,2023-01-03,2026-07-31,20,20,5,0.023094688221709007
002493.SZ,866,2023-01-03,2026-07-31,20,20,5,0.023094688221709007
600721.SH,866,2023-01-03,2026-07-31,20,40,25,0.046189376443418015
603013.SH,866,2023-01-03,2026-07-31,20,20,5,0.023094688221709007
002679.SZ,866,2023-01-03,2026-07-31,20,20,5,0.023094688221709007
002640.SZ,866,2023-01-03,2026-07-31,20,20,5,0.023094688221709007
601187.SH,866,2023-01-03,2026-07-31,20,20,5,0.023094688221709007
300522.SZ,866,2023-01-03,2026-07-31,20,20,5,0.023094688221709007
601619.SH,866,2023-01-03,2026-07-31,20,20,5,0.023094688221709007
000852.SZ,866,2023-01-03,2026-07-31,20,20,5,0.023094688221709007
000026.SZ,866,2023-01-03,2026-07-31,20,20,5,0.023094688221709007
603377.SH,866,2023-01-03,2026-07-31,20,84,54,0.09699769053117784
000720.SZ,866,2023-01-03,2026-07-31,20,20,5,0.023094688221709007
300741.SZ,866,2023-01-03,2026-07-31,20,20,5,0.023094688221709007
301348.SZ,720,2023-08-10,2026-07-31,20,20,5,0.027777777777777776
603235.SH,866,2023-01-03,2026-07-31,20,20,5,0.023094688221709007
301586.SZ,465,2024-08-28,2026-07-31,20,20,5,0.043010752688172046
688800.SH,866,2023-01-03,2026-07-31,20,20,5,0.023094688221709007
603982.SH,866,2023-01-03,2026-07-31,20,20,5,0.023094688221709007
000920.SZ,866,2023-01-03,2026-07-31,20,20,5,0.023094688221709007
605567.SH,866,2023-01-03,2026-07-31,20,20,5,0.023094688221709007
301248.SZ,866,2023-01-03,2026-07-31,20,20,5,0.023094688221709007
301281.SZ,806,2023-04-04,2026-07-31,20,40,20,0.04962779156327544
002008.SZ,866,2023-01-03,2026-07-31,20,20,5,0.023094688221709007
300546.SZ,866,2023-01-03,2026-07-31,20,20,5,0.023094688221709007
000839.SZ,866,2023-01-03,2026-07-31,20,22,7,0.025404157043879907
002272.SZ,866,2023-01-03,2026-07-31,20,20,5,0.023094688221709007
603733.SH,866,2023-01-03,2026-07-31,20,20,5,0.023094688221709007
600380.SH,866,2023-01-03,2026-07-31,20,20,5,0.023094688221709007
000990.SZ,866,2023-01-03,2026-07-31,20,20,5,0.023094688221709007
688622.SH,866,2023-01-03,2026-07-31,20,40,21,0.046189376443418015
001390.SZ,287,2025-05-29,2026-07-31,20,20,5,0.06968641114982578
000534.SZ,866,2023-01-03,2026-07-31,20,20,5,0.023094688221709007
300864.SZ,866,2023-01-03,2026-07-31,20,20,5,0.023094688221709007
600452.SH,866,2023-01-03,2026-07-31,20,20,5,0.023094688221709007
301058.SZ,866,2023-01-03,2026-07-31,20,20,5,0.023094688221709007
301257.SZ,866,2023-01-03,2026-07-31,20,20,5,0.023094688221709007
600839.SH,866,2023-01-03,2026-07-31,20,20,5,0.023094688221709007
300639.SZ,866,2023-01-03,2026-07-31,20,20,5,0.023094688221709007
600744.SH,866,2023-01-03,2026-07-31,20,20,5,0.023094688221709007
002633.SZ,866,2023-01-03,2026-07-31,20,26,11,0.03002309468822171
600259.SH,866,2023-01-03,2026-07-31,20,20,5,0.023094688221709007
300976.SZ,866,2023-01-03,2026-07-31,20,20,5,0.023094688221709007
002007.SZ,866,2023-01-03,2026-07-31,20,20,5,0.023094688221709007
688778.SH,866,2023-01-03,2026-07-31,20,20,5,0.023094688221709007
600533.SH,866,2023-01-03,2026-07-31,20,20,5,0.023094688221709007
002910.SZ,866,2023-01-03,2026-07-31,20,20,5,0.023094688221709007
002445.SZ,866,2023-01-03,2026-07-31,20,40,20,0.046189376443418015
002685.SZ,866,2023-01-03,2026-07-31,20,20,5,0.023094688221709007
301101.SZ,866,2023-01-03,2026-07-31,20,20,5,0.023094688221709007
002276.SZ,866,2023-01-03,2026-07-31,20,20,5,0.023094688221709007
301522.SZ,437,2024-10-16,2026-07-31,20,20,5,0.04576659038901602
002476.SZ,866,2023-01-03,2026-07-31,20,20,5,0.023094688221709007
600000.SH,866,2023-01-03,2026-07-31,20,20,5,0.023094688221709007
301275.SZ,340,2025-03-11,2026-07-31,20,20,5,0.058823529411764705
301611.SZ,473,2024-08-16,2026-07-31,20,20,5,0.042283298097251586
688549.SH,699,2023-09-08,2026-07-31,20,20,5,0.02861230329041488
601702.SH,866,2023-01-03,2026-07-31,20,20,5,0.023094688221709007
688052.SH,866,2023-01-03,2026-07-31,20,20,5,0.023094688221709007
300260.SZ,866,2023-01-03,2026-07-31,20,20,5,0.023094688221709007
301007.SZ,866,2023-01-03,2026-07-31,20,24,9,0.02771362586605081
002547.SZ,866,2023-01-03,2026-07-31,20,22,7,0.025404157043879907
301358.SZ,844,2023-02-09,2026-07-31,20,20,5,0.023696682464454975
002177.SZ,866,2023-01-03,2026-07-31,20,22,7,0.025404157043879907
603365.SH,866,2023-01-03,2026-07-31,20,20,5,0.023094688221709007
603786.SH,866,2023-01-03,2026-07-31,20,20,5,0.023094688221709007
002384.SZ,866,2023-01-03,2026-07-31,20,20,5,0.023094688221709007
300535.SZ,866,2023-01-03,2026-07-31,20,20,5,0.023094688221709007
603385.SH,866,2023-01-03,2026-07-31,20,20,5,0.023094688221709007
603855.SH,866,2023-01-03,2026-07-31,20,20,5,0.023094688221709007
300262.SZ,351,2023-01-03,2024-06-18,351,351,351,1.0
000776.SZ,866,2023-01-03,2026-07-31,20,20,5,0.023094688221709007
002791.SZ,866,2023-01-03,2026-07-31,20,20,5,0.023094688221709007
603220.SH,866,2023-01-03,2026-07-31,20,20,5,0.023094688221709007
688432.SH,866,2023-01-03,2026-07-31,20,20,5,0.023094688221709007
300365.SZ,866,2023-01-03,2026-07-31,20,20,5,0.023094688221709007
301028.SZ,866,2023-01-03,2026-07-31,20,20,5,0.023094688221709007
300123.SZ,866,2023-01-03,2026-07-31,20,22,7,0.025404157043879907
002108.SZ,866,2023-01-03,2026-07-31,20,20,5,0.023094688221709007
688301.SH,866,2023-01-03,2026-07-31,20,20,5,0.023094688221709007
301367.SZ,866,2023-01-03,2026-07-31,20,20,5,0.023094688221709007
300442.SZ,866,2023-01-03,2026-07-31,20,32,16,0.03695150115473441
688162.SH,866,2023-01-03,2026-07-31,20,20,5,0.023094688221709007
600243.SH,866,2023-01-03,2026-07-31,20,32,17,0.03695150115473441
301018.SZ,866,2023-01-03,2026-07-31,20,20,5,0.023094688221709007
600490.SH,866,2023-01-03,2026-07-31,20,20,5,0.023094688221709007
603327.SH,866,2023-01-03,2026-07-31,20,20,5,0.023094688221709007
300988.SZ,866,2023-01-03,2026-07-31,20,20,5,0.023094688221709007
688110.SH,866,2023-01-03,2026-07-31,20,26,11,0.03002309468822171
601179.SH,866,2023-01-03,2026-07-31,20,20,5,0.023094688221709007
003035.SZ,866,2023-01-03,2026-07-31,20,20,5,0.023094688221709007
300053.SZ,866,2023-01-03,2026-07-31,20,20,5,0.023094688221709007
002907.SZ,866,2023-01-03,2026-07-31,20,20,5,0.023094688221709007
002424.SZ,866,2023-01-03,2026-07-31,20,26,11,0.03002309468822171
000668.SZ,866,2023-01-03,2026-07-31,20,24,9,0.02771362586605081
301507.SZ,702,2023-09-05,2026-07-31,20,20,5,0.02849002849002849
301301.SZ,866,2023-01-03,2026-07-31,20,20,5,0.023094688221709007
600816.SH,866,2023-01-03,2026-07-31,20,22,7,0.025404157043879907
603186.SH,866,2023-01-03,2026-07-31,20,20,5,0.023094688221709007
600822.SH,866,2023-01-03,2026-07-31,20,20,5,0.023094688221709007
002367.SZ,866,2023-01-03,2026-07-31,20,20,5,0.023094688221709007
601866.SH,866,2023-01-03,2026-07-31,20,20,5,0.023094688221709007
300474.SZ,866,2023-01-03,2026-07-31,20,20,5,0.023094688221709007
601789.SH,866,2023-01-03,2026-07-31,20,20,5,0.023094688221709007
600727.SH,866,2023-01-03,2026-07-31,20,20,5,0.023094688221709007
603826.SH,866,2023-01-03,2026-07-31,20,20,5,0.023094688221709007
688621.SH,866,2023-01-03,2026-07-31,20,38,19,0.04387990762124711
603665.SH,866,2023-01-03,2026-07-31,20,20,5,0.023094688221709007
000831.SZ,866,2023-01-03,2026-07-31,20,20,5,0.023094688221709007
603068.SH,866,2023-01-03,2026-07-31,20,20,5,0.023094688221709007
688357.SH,866,2023-01-03,2026-07-31,20,20,5,0.023094688221709007
603312.SH,617,2024-01-11,2026-07-31,20,20,5,0.03241491085899514
301366.SZ,866,2023-01-03,2026-07-31,20,20,5,0.023094688221709007
605378.SH,866,2023-01-03,2026-07-31,20,20,5,0.023094688221709007
688258.SH,866,2023-01-03,2026-07-31,20,20,5,0.023094688221709007
688776.SH,866,2023-01-03,2026-07-31,20,20,5,0.023094688221709007
603876.SH,866,2023-01-03,2026-07-31,20,20,5,0.023094688221709007
300647.SZ,866,2023-01-03,2026-07-31,20,20,5,0.023094688221709007
000516.SZ,866,2023-01-03,2026-07-31,20,20,5,0.023094688221709007
002059.SZ,866,2023-01-03,2026-07-31,20,20,5,0.023094688221709007
603357.SH,866,2023-01-03,2026-07-31,20,20,5,0.023094688221709007
002748.SZ,866,2023-01-03,2026-07-31,20,24,9,0.02771362586605081
001258.SZ,866,2023-01-03,2026-07-31,20,20,5,0.023094688221709007
301662.SZ,314,2025-04-17,2026-07-31,20,20,5,0.06369426751592357
603888.SH,866,2023-01-03,2026-07-31,20,20,5,0.023094688221709007
002050.SZ,866,2023-01-03,2026-07-31,20,20,5,0.023094688221709007
002197.SZ,866,2023-01-03,2026-07-31,20,24,9,0.02771362586605081
300321.SZ,866,2023-01-03,2026-07-31,20,20,5,0.023094688221709007
000913.SZ,866,2023-01-03,2026-07-31,20,20,5,0.023094688221709007
601390.SH,866,2023-01-03,2026-07-31,20,20,5,0.023094688221709007
600423.SH,866,2023-01-03,2026-07-31,20,22,7,0.025404157043879907
000630.SZ,866,2023-01-03,2026-07-31,20,20,5,0.023094688221709007
688768.SH,866,2023-01-03,2026-07-31,20,20,5,0.023094688221709007
301687.SZ,140,2025-12-31,2026-07-31,20,20,5,0.14285714285714285
600889.SH,866,2023-01-03,2026-07-31,20,42,22,0.04849884526558892
600157.SH,866,2023-01-03,2026-07-31,20,40,20,0.046189376443418015
600479.SH,866,2023-01-03,2026-07-31,20,38,19,0.04387990762124711
601158.SH,866,2023-01-03,2026-07-31,20,20,5,0.023094688221709007
600503.SH,866,2023-01-03,2026-07-31,20,20,5,0.023094688221709007
002736.SZ,866,2023-01-03,2026-07-31,20,40,20,0.046189376443418015
603738.SH,866,2023-01-03,2026-07-31,20,20,5,0.023094688221709007
301633.SZ,421,2024-11-07,2026-07-31,20,20,5,0.047505938242280284
002077.SZ,866,2023-01-03,2026-07-31,20,20,5,0.023094688221709007
301017.SZ,866,2023-01-03,2026-07-31,20,20,5,0.023094688221709007
300724.SZ,866,2023-01-03,2026-07-31,20,20,5,0.023094688221709007
300465.SZ,866,2023-01-03,2026-07-31,20,20,5,0.023094688221709007
688525.SH,866,2023-01-03,2026-07-31,20,20,5,0.023094688221709007
688339.SH,866,2023-01-03,2026-07-31,20,40,20,0.046189376443418015
603052.SH,866,2023-01-03,2026-07-31,20,20,5,0.023094688221709007
300464.SZ,866,2023-01-03,2026-07-31,20,20,5,0.023094688221709007
002412.SZ,866,2023-01-03,2026-07-31,20,20,5,0.023094688221709007
300412.SZ,866,2023-01-03,2026-07-31,20,20,5,0.023094688221709007
300692.SZ,866,2023-01-03,2026-07-31,20,26,11,0.03002309468822171
688062.SH,866,2023-01-03,2026-07-31,20,20,5,0.023094688221709007
605001.SH,866,2023-01-03,2026-07-31,20,20,5,0.023094688221709007
002001.SZ,866,2023-01-03,2026-07-31,20,20,5,0.023094688221709007
603708.SH,866,2023-01-03,2026-07-31,20,20,5,0.023094688221709007
601801.SH,866,2023-01-03,2026-07-31,20,20,5,0.023094688221709007
300636.SZ,866,2023-01-03,2026-07-31,20,20,5,0.023094688221709007
600606.SH,866,2023-01-03,2026-07-31,20,20,5,0.023094688221709007
603015.SH,866,2023-01-03,2026-07-31,20,20,5,0.023094688221709007
002985.SZ,866,2023-01-03,2026-07-31,20,20,5,0.023094688221709007
000416.SZ,316,2023-01-03,2024-04-24,316,316,316,1.0
002658.SZ,866,2023-01-03,2026-07-31,20,20,5,0.023094688221709007
002686.SZ,866,2023-01-03,2026-07-31,20,28,13,0.03233256351039261
002264.SZ,866,2023-01-03,2026-07-31,20,20,5,0.023094688221709007
600100.SH,866,2023-01-03,2026-07-31,20,20,5,0.023094688221709007
605358.SH,866,2023-01-03,2026-07-31,20,20,5,0.023094688221709007
603285.SH,503,2024-07-05,2026-07-31,20,20,5,0.039761431411530816
600784.SH,866,2023-01-03,2026-07-31,20,20,5,0.023094688221709007
002963.SZ,866,2023-01-03,2026-07-31,20,20,5,0.023094688221709007
688401.SH,866,2023-01-03,2026-07-31,20,20,5,0.023094688221709007
300199.SZ,866,2023-01-03,2026-07-31,20,20,5,0.023094688221709007
002368.SZ,866,2023-01-03,2026-07-31,20,20,5,0.023094688221709007
002245.SZ,866,2023-01-03,2026-07-31,20,20,5,0.023094688221709007
002201.SZ,866,2023-01-03,2026-07-31,20,20,5,0.023094688221709007
300289.SZ,866,2023-01-03,2026-07-31,20,20,5,0.023094688221709007
603586.SH,866,2023-01-03,2026-07-31,20,20,5,0.023094688221709007
000702.SZ,866,2023-01-03,2026-07-31,20,20,5,0.023094688221709007
600730.SH,866,2023-01-03,2026-07-31,20,32,17,0.03695150115473441
603788.SH,866,2023-01-03,2026-07-31,20,20,5,0.023094688221709007
002214.SZ,866,2023-01-03,2026-07-31,20,22,7,0.025404157043879907
301180.SZ,866,2023-01-03,2026-07-31,20,20,5,0.023094688221709007
301283.SZ,866,2023-01-03,2026-07-31,20,20,5,0.023094688221709007
002116.SZ,866,2023-01-03,2026-07-31,20,20,5,0.023094688221709007
000595.SZ,866,2023-01-03,2026-07-31,20,34,19,0.03926096997690531
600497.SH,866,2023-01-03,2026-07-31,20,20,5,0.023094688221709007
605377.SH,866,2023-01-03,2026-07-31,20,20,5,0.023094688221709007
600561.SH,866,2023-01-03,2026-07-31,20,20,5,0.023094688221709007
600420.SH,866,2023-01-03,2026-07-31,20,20,5,0.023094688221709007
001209.SZ,866,2023-01-03,2026-07-31,20,20,5,0.023094688221709007
301255.SZ,866,2023-01-03,2026-07-31,20,20,5,0.023094688221709007
000426.SZ,866,2023-01-03,2026-07-31,20,20,5,0.023094688221709007
000950.SZ,866,2023-01-03,2026-07-31,20,20,5,0.023094688221709007
300286.SZ,866,2023-01-03,2026-07-31,20,20,5,0.023094688221709007
000006.SZ,866,2023-01-03,2026-07-31,20,20,5,0.023094688221709007
688606.SH,866,2023-01-03,2026-07-31,20,20,5,0.023094688221709007
300673.SZ,866,2023-01-03,2026-07-31,20,20,5,0.023094688221709007
002451.SZ,866,2023-01-03,2026-07-31,20,20,5,0.023094688221709007
300441.SZ,866,2023-01-03,2026-07-31,20,20,5,0.023094688221709007
000918.SZ,98,2023-01-03,2023-05-31,98,98,98,1.0
002193.SZ,866,2023-01-03,2026-07-31,20,22,7,0.025404157043879907
300390.SZ,866,2023-01-03,2026-07-31,20,20,5,0.023094688221709007
301602.SZ,368,2025-01-22,2026-07-31,20,20,5,0.05434782608695652
002636.SZ,866,2023-01-03,2026-07-31,20,20,5,0.023094688221709007
002475.SZ,866,2023-01-03,2026-07-31,20,20,5,0.023094688221709007
301262.SZ,755,2023-06-20,2026-07-31,20,20,5,0.026490066225165563
300495.SZ,323,2023-01-03,2024-05-08,323,323,323,1.0
003033.SZ,866,2023-01-03,2026-07-31,20,20,5,0.023094688221709007
300238.SZ,866,2023-01-03,2026-07-31,20,20,5,0.023094688221709007
601101.SH,866,2023-01-03,2026-07-31,20,20,5,0.023094688221709007
603926.SH,866,2023-01-03,2026-07-31,20,20,5,0.023094688221709007
300187.SZ,866,2023-01-03,2026-07-31,20,20,5,0.023094688221709007
603897.SH,866,2023-01-03,2026-07-31,20,30,15,0.03464203233256351
603153.SH,822,2023-03-13,2026-07-31,20,20,5,0.024330900243309004
301362.SZ,724,2023-08-04,2026-07-31,20,40,20,0.055248618784530384
600220.SH,348,2023-01-03,2024-06-13,348,348,348,1.0
000584.SZ,609,2023-01-03,2025-07-10,609,609,609,1.0
000951.SZ,866,2023-01-03,2026-07-31,20,20,5,0.023094688221709007
301207.SZ,866,2023-01-03,2026-07-31,20,20,5,0.023094688221709007
002772.SZ,866,2023-01-03,2026-07-31,20,20,5,0.023094688221709007
300635.SZ,866,2023-01-03,2026-07-31,20,26,11,0.03002309468822171
600926.SH,866,2023-01-03,2026-07-31,20,20,5,0.023094688221709007
003032.SZ,866,2023-01-03,2026-07-31,20,24,9,0.02771362586605081
002698.SZ,866,2023-01-03,2026-07-31,20,20,5,0.023094688221709007
688311.SH,866,2023-01-03,2026-07-31,20,20,5,0.023094688221709007
000415.SZ,866,2023-01-03,2026-07-31,20,20,5,0.023094688221709007
002558.SZ,866,2023-01-03,2026-07-31,20,20,5,0.023094688221709007
002868.SZ,866,2023-01-03,2026-07-31,20,32,16,0.03695150115473441
002561.SZ,866,2023-01-03,2026-07-31,20,20,5,0.023094688221709007
600879.SH,866,2023-01-03,2026-07-31,20,20,5,0.023094688221709007
600988.SH,866,2023-01-03,2026-07-31,20,24,9,0.02771362586605081
002151.SZ,866,2023-01-03,2026-07-31,20,20,5,0.023094688221709007
301213.SZ,866,2023-01-03,2026-07-31,20,40,20,0.046189376443418015
001339.SZ,866,2023-01-03,2026-07-31,20,20,5,0.023094688221709007
603355.SH,866,2023-01-03,2026-07-31,20,20,5,0.023094688221709007
603987.SH,866,2023-01-03,2026-07-31,20,20,5,0.023094688221709007
300443.SZ,866,2023-01-03,2026-07-31,20,20,5,0.023094688221709007
603406.SH,237,2025-08-08,2026-07-31,20,20,5,0.08438818565400844
600696.SH,837,2023-01-03,2026-06-22,20,56,41,0.06690561529271206
301178.SZ,866,2023-01-03,2026-07-31,20,40,20,0.046189376443418015
300251.SZ,866,2023-01-03,2026-07-31,20,20,5,0.023094688221709007
300557.SZ,866,2023-01-03,2026-07-31,20,20,5,0.023094688221709007
002145.SZ,866,2023-01-03,2026-07-31,20,20,5,0.023094688221709007
300633.SZ,866,2023-01-03,2026-07-31,20,20,5,0.023094688221709007
688551.SH,866,2023-01-03,2026-07-31,20,20,5,0.023094688221709007
300558.SZ,866,2023-01-03,2026-07-31,20,20,5,0.023094688221709007
000927.SZ,866,2023-01-03,2026-07-31,20,20,5,0.023094688221709007
600859.SH,866,2023-01-03,2026-07-31,20,20,5,0.023094688221709007
300408.SZ,866,2023-01-03,2026-07-31,20,20,5,0.023094688221709007
600567.SH,866,2023-01-03,2026-07-31,20,20,5,0.023094688221709007
600720.SH,866,2023-01-03,2026-07-31,20,20,5,0.023094688221709007
002471.SZ,866,2023-01-03,2026-07-31,20,20,5,0.023094688221709007
300705.SZ,866,2023-01-03,2026-07-31,20,20,5,0.023094688221709007
000576.SZ,866,2023-01-03,2026-07-31,20,20,5,0.023094688221709007
688331.SH,866,2023-01-03,2026-07-31,20,20,5,0.023094688221709007
688307.SH,839,2023-02-16,2026-07-31,20,20,5,0.023837902264600714
300563.SZ,866,2023-01-03,2026-07-31,20,20,5,0.023094688221709007
600277.SH,354,2023-01-03,2024-06-21,354,354,354,1.0
600862.SH,866,2023-01-03,2026-07-31,20,20,5,0.023094688221709007
301306.SZ,866,2023-01-03,2026-07-31,20,20,5,0.023094688221709007
301199.SZ,866,2023-01-03,2026-07-31,20,20,5,0.023094688221709007
600203.SH,866,2023-01-03,2026-07-31,20,20,5,0.023094688221709007
301119.SZ,866,2023-01-03,2026-07-31,20,20,5,0.023094688221709007
300036.SZ,866,2023-01-03,2026-07-31,20,20,5,0.023094688221709007
600054.SH,866,2023-01-03,2026-07-31,20,20,5,0.023094688221709007
600064.SH,866,2023-01-03,2026-07-31,20,20,5,0.023094688221709007
301308.SZ,866,2023-01-03,2026-07-31,20,20,5,0.023094688221709007
605138.SH,866,2023-01-03,2026-07-31,20,20,5,0.023094688221709007
002520.SZ,866,2023-01-03,2026-07-31,20,20,5,0.023094688221709007
301309.SZ,866,2023-01-03,2026-07-31,20,40,20,0.046189376443418015
600482.SH,866,2023-01-03,2026-07-31,20,40,20,0.046189376443418015
301132.SZ,866,2023-01-03,2026-07-31,20,20,5,0.023094688221709007
300482.SZ,866,2023-01-03,2026-07-31,20,20,5,0.023094688221709007
002899.SZ,866,2023-01-03,2026-07-31,20,20,5,0.023094688221709007
000010.SZ,866,2023-01-03,2026-07-31,20,22,7,0.025404157043879907
603511.SH,866,2023-01-03,2026-07-31,20,20,5,0.023094688221709007
688580.SH,866,2023-01-03,2026-07-31,20,20,5,0.023094688221709007
301571.SZ,470,2024-08-21,2026-07-31,20,20,5,0.0425531914893617
300019.SZ,866,2023-01-03,2026-07-31,20,20,5,0.023094688221709007
600587.SH,866,2023-01-03,2026-07-31,20,20,5,0.023094688221709007
603067.SH,866,2023-01-03,2026-07-31,20,20,5,0.023094688221709007
688566.SH,866,2023-01-03,2026-07-31,20,20,5,0.023094688221709007
300700.SZ,866,2023-01-03,2026-07-31,20,20,5,0.023094688221709007
603688.SH,866,2023-01-03,2026-07-31,20,20,5,0.023094688221709007
603075.SH,698,2023-09-11,2026-07-31,20,20,5,0.02865329512893983
002591.SZ,866,2023-01-03,2026-07-31,20,20,5,0.023094688221709007
600369.SH,866,2023-01-03,2026-07-31,20,20,5,0.023094688221709007
301505.SZ,736,2023-07-19,2026-07-31,20,38,19,0.051630434782608696
300115.SZ,866,2023-01-03,2026-07-31,20,20,5,0.023094688221709007
300952.SZ,866,2023-01-03,2026-07-31,20,20,5,0.023094688221709007
002912.SZ,866,2023-01-03,2026-07-31,20,20,5,0.023094688221709007
600510.SH,866,2023-01-03,2026-07-31,20,20,5,0.023094688221709007
300923.SZ,866,2023-01-03,2026-07-31,20,20,5,0.023094688221709007
002842.SZ,866,2023-01-03,2026-07-31,20,20,5,0.023094688221709007
301382.SZ,779,2023-05-17,2026-07-31,20,20,5,0.025673940949935817
000905.SZ,866,2023-01-03,2026-07-31,20,30,15,0.03464203233256351
002544.SZ,866,2023-01-03,2026-07-31,20,20,5,0.023094688221709007
000985.SZ,866,2023-01-03,2026-07-31,20,20,5,0.023094688221709007
002227.SZ,866,2023-01-03,2026-07-31,20,22,7,0.025404157043879907
002423.SZ,866,2023-01-03,2026-07-31,20,20,5,0.023094688221709007
688306.SH,866,2023-01-03,2026-07-31,20,20,5,0.023094688221709007
600846.SH,866,2023-01-03,2026-07-31,20,20,5,0.023094688221709007
301100.SZ,866,2023-01-03,2026-07-31,20,20,5,0.023094688221709007
600172.SH,866,2023-01-03,2026-07-31,20,30,15,0.03464203233256351
300981.SZ,866,2023-01-03,2026-07-31,20,20,5,0.023094688221709007
002380.SZ,866,2023-01-03,2026-07-31,20,20,5,0.023094688221709007
600433.SH,866,2023-01-03,2026-07-31,20,20,5,0.023094688221709007
600098.SH,866,2023-01-03,2026-07-31,20,20,5,0.023094688221709007
002189.SZ,866,2023-01-03,2026-07-31,20,20,5,0.023094688221709007
603459.SH,79,2026-04-08,2026-07-31,20,20,5,0.25316455696202533
300626.SZ,866,2023-01-03,2026-07-31,20,20,5,0.023094688221709007
603408.SH,866,2023-01-03,2026-07-31,20,20,5,0.023094688221709007
002262.SZ,866,2023-01-03,2026-07-31,20,20,5,0.023094688221709007
000004.SZ,852,2023-01-03,2026-07-13,20,75,60,0.0880281690140845
688630.SH,866,2023-01-03,2026-07-31,20,20,5,0.023094688221709007
000423.SZ,866,2023-01-03,2026-07-31,20,20,5,0.023094688221709007
300255.SZ,866,2023-01-03,2026-07-31,20,20,5,0.023094688221709007
002250.SZ,866,2023-01-03,2026-07-31,20,20,5,0.023094688221709007
002470.SZ,866,2023-01-03,2026-07-31,20,22,7,0.025404157043879907
002233.SZ,866,2023-01-03,2026-07-31,20,20,5,0.023094688221709007
000008.SZ,866,2023-01-03,2026-07-31,20,25,15,0.028868360277136258
300094.SZ,866,2023-01-03,2026-07-31,20,20,5,0.023094688221709007
300261.SZ,866,2023-01-03,2026-07-31,20,20,5,0.023094688221709007
603010.SH,866,2023-01-03,2026-07-31,20,20,5,0.023094688221709007
300808.SZ,866,2023-01-03,2026-07-31,20,20,5,0.023094688221709007
000540.SZ,89,2023-01-03,2023-05-18,89,89,89,1.0
600775.SH,866,2023-01-03,2026-07-31,20,20,5,0.023094688221709007
300750.SZ,866,2023-01-03,2026-07-31,20,20,5,0.023094688221709007
603037.SH,866,2023-01-03,2026-07-31,20,30,15,0.03464203233256351
002480.SZ,866,2023-01-03,2026-07-31,20,40,20,0.046189376443418015
601609.SH,866,2023-01-03,2026-07-31,20,20,5,0.023094688221709007
000498.SZ,866,2023-01-03,2026-07-31,20,20,5,0.023094688221709007
300305.SZ,866,2023-01-03,2026-07-31,20,20,5,0.023094688221709007
301219.SZ,866,2023-01-03,2026-07-31,20,20,5,0.023094688221709007
603108.SH,866,2023-01-03,2026-07-31,20,20,5,0.023094688221709007
002432.SZ,866,2023-01-03,2026-07-31,20,20,5,0.023094688221709007
002452.SZ,866,2023-01-03,2026-07-31,20,20,5,0.023094688221709007
300364.SZ,866,2023-01-03,2026-07-31,20,20,5,0.023094688221709007
300707.SZ,866,2023-01-03,2026-07-31,20,20,5,0.023094688221709007
600785.SH,866,2023-01-03,2026-07-31,20,20,5,0.023094688221709007
600505.SH,866,2023-01-03,2026-07-31,20,20,5,0.023094688221709007
600018.SH,866,2023-01-03,2026-07-31,20,20,5,0.023094688221709007
301312.SZ,866,2023-01-03,2026-07-31,20,20,5,0.023094688221709007
300722.SZ,866,2023-01-03,2026-07-31,20,20,5,0.023094688221709007
002939.SZ,866,2023-01-03,2026-07-31,20,20,5,0.023094688221709007
300079.SZ,866,2023-01-03,2026-07-31,20,20,5,0.023094688221709007
688385.SH,866,2023-01-03,2026-07-31,20,20,5,0.023094688221709007
603558.SH,866,2023-01-03,2026-07-31,20,20,5,0.023094688221709007
600063.SH,866,2023-01-03,2026-07-31,20,20,5,0.023094688221709007
601089.SH,866,2023-01-03,2026-07-31,20,20,5,0.023094688221709007
301081.SZ,866,2023-01-03,2026-07-31,20,20,5,0.023094688221709007
603260.SH,866,2023-01-03,2026-07-31,20,20,5,0.023094688221709007
301031.SZ,866,2023-01-03,2026-07-31,20,20,5,0.023094688221709007
603768.SH,866,2023-01-03,2026-07-31,20,20,5,0.023094688221709007
603565.SH,866,2023-01-03,2026-07-31,20,20,5,0.023094688221709007
000908.SZ,866,2023-01-03,2026-07-31,20,38,23,0.04387990762124711
300229.SZ,866,2023-01-03,2026-07-31,20,20,5,0.023094688221709007
300082.SZ,866,2023-01-03,2026-07-31,20,20,5,0.023094688221709007
002734.SZ,866,2023-01-03,2026-07-31,20,20,5,0.023094688221709007
002596.SZ,866,2023-01-03,2026-07-31,20,20,5,0.023094688221709007
300193.SZ,866,2023-01-03,2026-07-31,20,20,5,0.023094688221709007
002027.SZ,866,2023-01-03,2026-07-31,20,20,5,0.023094688221709007
600094.SH,866,2023-01-03,2026-07-31,20,20,5,0.023094688221709007
301026.SZ,866,2023-01-03,2026-07-31,20,20,5,0.023094688221709007
300087.SZ,866,2023-01-03,2026-07-31,20,28,13,0.03233256351039261
688169.SH,866,2023-01-03,2026-07-31,20,20,5,0.023094688221709007
301256.SZ,866,2023-01-03,2026-07-31,20,20,5,0.023094688221709007
300151.SZ,866,2023-01-03,2026-07-31,20,20,5,0.023094688221709007
601456.SH,866,2023-01-03,2026-07-31,20,40,20,0.046189376443418015
603101.SH,866,2023-01-03,2026-07-31,20,20,5,0.023094688221709007
301072.SZ,866,2023-01-03,2026-07-31,20,20,5,0.023094688221709007
001230.SZ,866,2023-01-03,2026-07-31,20,20,5,0.023094688221709007
603755.SH,866,2023-01-03,2026-07-31,20,20,5,0.023094688221709007
002499.SZ,69,2023-01-03,2023-04-17,69,69,69,1.0
001239.SZ,638,2023-12-12,2026-07-31,20,20,5,0.03134796238244514
688681.SH,866,2023-01-03,2026-07-31,20,20,5,0.023094688221709007
000652.SZ,866,2023-01-03,2026-07-31,20,20,5,0.023094688221709007
603915.SH,866,2023-01-03,2026-07-31,20,20,5,0.023094688221709007
000524.SZ,866,2023-01-03,2026-07-31,20,38,20,0.04387990762124711
688552.SH,778,2023-05-18,2026-07-31,20,20,5,0.02570694087403599
688503.SH,866,2023-01-03,2026-07-31,20,20,5,0.023094688221709007
600184.SH,866,2023-01-03,2026-07-31,20,20,5,0.023094688221709007
001368.SZ,822,2023-03-13,2026-07-31,20,20,5,0.024330900243309004
002107.SZ,866,2023-01-03,2026-07-31,20,20,5,0.023094688221709007
300200.SZ,866,2023-01-03,2026-07-31,20,20,5,0.023094688221709007
001299.SZ,866,2023-01-03,2026-07-31,20,20,5,0.023094688221709007
300204.SZ,866,2023-01-03,2026-07-31,20,20,5,0.023094688221709007
002843.SZ,866,2023-01-03,2026-07-31,20,20,5,0.023094688221709007
002043.SZ,866,2023-01-03,2026-07-31,20,20,5,0.023094688221709007
301607.SZ,460,2024-09-04,2026-07-31,20,20,5,0.043478260869565216
688337.SH,866,2023-01-03,2026-07-31,20,40,20,0.046189376443418015
002629.SZ,866,2023-01-03,2026-07-31,20,30,15,0.03464203233256351
600746.SH,866,2023-01-03,2026-07-31,20,20,5,0.023094688221709007
605199.SH,866,2023-01-03,2026-07-31,20,22,7,0.025404157043879907
300320.SZ,866,2023-01-03,2026-07-31,20,20,5,0.023094688221709007
603596.SH,866,2023-01-03,2026-07-31,20,20,5,0.023094688221709007
600692.SH,866,2023-01-03,2026-07-31,20,20,5,0.023094688221709007
002801.SZ,866,2023-01-03,2026-07-31,20,20,5,0.023094688221709007
603948.SH,866,2023-01-03,2026-07-31,20,20,5,0.023094688221709007
600993.SH,866,2023-01-03,2026-07-31,20,20,5,0.023094688221709007
002186.SZ,866,2023-01-03,2026-07-31,20,25,10,0.028868360277136258
002671.SZ,866,2023-01-03,2026-07-31,20,20,5,0.023094688221709007
600992.SH,866,2023-01-03,2026-07-31,20,20,5,0.023094688221709007
300393.SZ,866,2023-01-03,2026-07-31,20,20,5,0.023094688221709007
603602.SH,866,2023-01-03,2026-07-31,20,20,5,0.023094688221709007
000528.SZ,866,2023-01-03,2026-07-31,20,20,5,0.023094688221709007
603393.SH,866,2023-01-03,2026-07-31,20,20,5,0.023094688221709007
600894.SH,866,2023-01-03,2026-07-31,20,20,5,0.023094688221709007
600886.SH,866,2023-01-03,2026-07-31,20,20,5,0.023094688221709007
603311.SH,866,2023-01-03,2026-07-31,20,30,15,0.03464203233256351
002870.SZ,866,2023-01-03,2026-07-31,20,20,5,0.023094688221709007
002759.SZ,866,2023-01-03,2026-07-31,20,21,7,0.02424942263279446
601002.SH,866,2023-01-03,2026-07-31,20,20,5,0.023094688221709007
002873.SZ,866,2023-01-03,2026-07-31,20,40,20,0.046189376443418015
300138.SZ,866,2023-01-03,2026-07-31,20,20,5,0.023094688221709007
300867.SZ,866,2023-01-03,2026-07-31,20,20,5,0.023094688221709007
688691.SH,560,2024-04-11,2026-07-31,20,20,5,0.03571428571428571
002541.SZ,866,2023-01-03,2026-07-31,20,20,5,0.023094688221709007
601990.SH,866,2023-01-03,2026-07-31,20,20,5,0.023094688221709007
688288.SH,866,2023-01-03,2026-07-31,20,20,5,0.023094688221709007
002667.SZ,866,2023-01-03,2026-07-31,20,32,17,0.03695150115473441
300450.SZ,866,2023-01-03,2026-07-31,20,20,5,0.023094688221709007
603737.SH,866,2023-01-03,2026-07-31,20,20,5,0.023094688221709007
000657.SZ,866,2023-01-03,2026-07-31,20,40,20,0.046189376443418015
603178.SH,866,2023-01-03,2026-07-31,20,20,5,0.023094688221709007
002775.SZ,866,2023-01-03,2026-07-31,20,20,5,0.023094688221709007
600990.SH,866,2023-01-03,2026-07-31,20,20,5,0.023094688221709007
603690.SH,866,2023-01-03,2026-07-31,20,38,19,0.04387990762124711
301111.SZ,866,2023-01-03,2026-07-31,20,20,5,0.023094688221709007
600678.SH,866,2023-01-03,2026-07-31,20,22,7,0.025404157043879907
300125.SZ,866,2023-01-03,2026-07-31,20,26,11,0.03002309468822171
300103.SZ,866,2023-01-03,2026-07-31,20,30,15,0.03464203233256351
688627.SH,737,2023-07-18,2026-07-31,20,20,5,0.027137042062415198
002131.SZ,866,2023-01-03,2026-07-31,20,26,11,0.03002309468822171
300696.SZ,866,2023-01-03,2026-07-31,20,20,5,0.023094688221709007
002033.SZ,866,2023-01-03,2026-07-31,20,20,5,0.023094688221709007
605376.SH,866,2023-01-03,2026-07-31,20,20,5,0.023094688221709007
605166.SH,866,2023-01-03,2026-07-31,20,20,5,0.023094688221709007
300792.SZ,866,2023-01-03,2026-07-31,20,20,5,0.023094688221709007
300715.SZ,866,2023-01-03,2026-07-31,20,20,5,0.023094688221709007
001376.SZ,665,2023-11-03,2026-07-31,20,20,5,0.03007518796992481
300100.SZ,866,2023-01-03,2026-07-31,20,20,5,0.023094688221709007
002407.SZ,866,2023-01-03,2026-07-31,20,20,5,0.023094688221709007
000506.SZ,866,2023-01-03,2026-07-31,20,34,19,0.03926096997690531
002463.SZ,866,2023-01-03,2026-07-31,20,20,5,0.023094688221709007
600958.SH,866,2023-01-03,2026-07-31,20,40,20,0.046189376443418015
300931.SZ,866,2023-01-03,2026-07-31,20,20,5,0.023094688221709007
002635.SZ,866,2023-01-03,2026-07-31,20,20,5,0.023094688221709007
002808.SZ,852,2023-01-03,2026-07-13,20,72,57,0.08450704225352113
300824.SZ,866,2023-01-03,2026-07-31,20,20,5,0.023094688221709007
601869.SH,866,2023-01-03,2026-07-31,20,20,5,0.023094688221709007
688557.SH,866,2023-01-03,2026-07-31,20,20,5,0.023094688221709007
000912.SZ,866,2023-01-03,2026-07-31,20,20,5,0.023094688221709007
002570.SZ,866,2023-01-03,2026-07-31,20,20,5,0.023094688221709007
301022.SZ,866,2023-01-03,2026-07-31,20,40,20,0.046189376443418015
301153.SZ,866,2023-01-03,2026-07-31,20,20,5,0.023094688221709007
000739.SZ,866,2023-01-03,2026-07-31,20,20,5,0.023094688221709007
300615.SZ,866,2023-01-03,2026-07-31,20,25,10,0.028868360277136258
600807.SH,866,2023-01-03,2026-07-31,20,20,5,0.023094688221709007
600328.SH,866,2023-01-03,2026-07-31,20,20,5,0.023094688221709007
688811.SH,77,2026-04-10,2026-07-31,20,20,5,0.2597402597402597
601968.SH,866,2023-01-03,2026-07-31,20,20,5,0.023094688221709007
603133.SH,357,2023-01-03,2024-06-26,357,357,357,1.0
688255.SH,866,2023-01-03,2026-07-31,20,20,5,0.023094688221709007
603270.SH,704,2023-09-01,2026-07-31,20,20,5,0.028409090909090908
300266.SZ,866,2023-01-03,2026-07-31,20,25,15,0.028868360277136258
600496.SH,866,2023-01-03,2026-07-31,20,20,5,0.023094688221709007
301359.SZ,866,2023-01-03,2026-07-31,20,20,5,0.023094688221709007
603323.SH,866,2023-01-03,2026-07-31,20,20,5,0.023094688221709007
002248.SZ,866,2023-01-03,2026-07-31,20,20,5,0.023094688221709007
605016.SH,866,2023-01-03,2026-07-31,20,20,5,0.023094688221709007
601238.SH,866,2023-01-03,2026-07-31,20,20,5,0.023094688221709007
002715.SZ,866,2023-01-03,2026-07-31,20,40,20,0.046189376443418015
301016.SZ,866,2023-01-03,2026-07-31,20,20,5,0.023094688221709007
603238.SH,866,2023-01-03,2026-07-31,20,20,5,0.023094688221709007
000715.SZ,866,2023-01-03,2026-07-31,20,20,5,0.023094688221709007
603717.SH,866,2023-01-03,2026-07-31,20,20,5,0.023094688221709007
300816.SZ,866,2023-01-03,2026-07-31,20,20,5,0.023094688221709007
600009.SH,866,2023-01-03,2026-07-31,20,20,5,0.023094688221709007
688139.SH,866,2023-01-03,2026-07-31,20,40,20,0.046189376443418015
300340.SZ,866,2023-01-03,2026-07-31,20,20,5,0.023094688221709007
603107.SH,667,2023-11-01,2026-07-31,20,20,5,0.029985007496251874
600917.SH,866,2023-01-03,2026-07-31,20,20,5,0.023094688221709007
002688.SZ,866,2023-01-03,2026-07-31,20,20,5,0.023094688221709007
002987.SZ,866,2023-01-03,2026-07-31,20,20,5,0.023094688221709007
002121.SZ,866,2023-01-03,2026-07-31,20,20,5,0.023094688221709007
601512.SH,866,2023-01-03,2026-07-31,20,20,5,0.023094688221709007
002163.SZ,866,2023-01-03,2026-07-31,20,20,5,0.023094688221709007
002188.SZ,866,2023-01-03,2026-07-31,20,20,5,0.023094688221709007
002408.SZ,866,2023-01-03,2026-07-31,20,28,13,0.03233256351039261
601956.SH,866,2023-01-03,2026-07-31,20,20,5,0.023094688221709007
300745.SZ,866,2023-01-03,2026-07-31,20,20,5,0.023094688221709007
300682.SZ,866,2023-01-03,2026-07-31,20,20,5,0.023094688221709007
603866.SH,866,2023-01-03,2026-07-31,20,20,5,0.023094688221709007
688628.SH,866,2023-01-03,2026-07-31,20,20,5,0.023094688221709007
300072.SZ,866,2023-01-03,2026-07-31,20,20,5,0.023094688221709007
301108.SZ,866,2023-01-03,2026-07-31,20,20,5,0.023094688221709007
300101.SZ,866,2023-01-03,2026-07-31,20,20,5,0.023094688221709007
600919.SH,866,2023-01-03,2026-07-31,20,20,5,0.023094688221709007
300643.SZ,866,2023-01-03,2026-07-31,20,20,5,0.023094688221709007
605086.SH,866,2023-01-03,2026-07-31,20,20,5,0.023094688221709007
000789.SZ,866,2023-01-03,2026-07-31,20,20,5,0.023094688221709007
002415.SZ,866,2023-01-03,2026-07-31,20,20,5,0.023094688221709007
300272.SZ,866,2023-01-03,2026-07-31,20,20,5,0.023094688221709007
300043.SZ,866,2023-01-03,2026-07-31,20,20,5,0.023094688221709007
688400.SH,866,2023-01-03,2026-07-31,20,20,5,0.023094688221709007
002343.SZ,866,2023-01-03,2026-07-31,20,20,5,0.023094688221709007
300330.SZ,92,2023-01-03,2023-05-23,92,92,92,1.0
300509.SZ,866,2023-01-03,2026-07-31,20,20,5,0.023094688221709007
002857.SZ,866,2023-01-03,2026-07-31,20,20,5,0.023094688221709007
002075.SZ,866,2023-01-03,2026-07-31,20,20,5,0.023094688221709007
603040.SH,866,2023-01-03,2026-07-31,20,20,5,0.023094688221709007
301459.SZ,637,2023-12-13,2026-07-31,20,20,5,0.03139717425431711
603936.SH,866,2023-01-03,2026-07-31,20,20,5,0.023094688221709007
601228.SH,866,2023-01-03,2026-07-31,20,20,5,0.023094688221709007
605268.SH,866,2023-01-03,2026-07-31,20,20,5,0.023094688221709007
001205.SZ,866,2023-01-03,2026-07-31,20,20,5,0.023094688221709007
603012.SH,866,2023-01-03,2026-07-31,20,20,5,0.023094688221709007
301658.SZ,324,2025-04-02,2026-07-31,20,20,5,0.06172839506172839
600796.SH,866,2023-01-03,2026-07-31,20,20,5,0.023094688221709007
688591.SH,709,2023-08-25,2026-07-31,20,30,15,0.04231311706629055
603233.SH,866,2023-01-03,2026-07-31,20,20,5,0.023094688221709007
002545.SZ,866,2023-01-03,2026-07-31,20,20,5,0.023094688221709007
600636.SH,837,2023-01-03,2026-06-22,20,56,41,0.06690561529271206
300529.SZ,866,2023-01-03,2026-07-31,20,20,5,0.023094688221709007
603280.SH,866,2023-01-03,2026-07-31,20,20,5,0.023094688221709007
002543.SZ,866,2023-01-03,2026-07-31,20,20,5,0.023094688221709007
301023.SZ,866,2023-01-03,2026-07-31,20,20,5,0.023094688221709007
300996.SZ,866,2023-01-03,2026-07-31,20,23,8,0.026558891454965358
002420.SZ,866,2023-01-03,2026-07-31,20,26,11,0.03002309468822171
688160.SH,866,2023-01-03,2026-07-31,20,20,5,0.023094688221709007
603272.SH,866,2023-01-03,2026-07-31,20,22,7,0.025404157043879907
600376.SH,866,2023-01-03,2026-07-31,20,20,5,0.023094688221709007
300283.SZ,866,2023-01-03,2026-07-31,20,20,5,0.023094688221709007
600586.SH,866,2023-01-03,2026-07-31,20,20,5,0.023094688221709007
300793.SZ,866,2023-01-03,2026-07-31,20,20,5,0.023094688221709007
603169.SH,866,2023-01-03,2026-07-31,20,20,5,0.023094688221709007
300183.SZ,866,2023-01-03,2026-07-31,20,20,5,0.023094688221709007
603106.SH,866,2023-01-03,2026-07-31,20,20,5,0.023094688221709007
301061.SZ,866,2023-01-03,2026-07-31,20,20,5,0.023094688221709007
301123.SZ,866,2023-01-03,2026-07-31,20,20,5,0.023094688221709007
002566.SZ,866,2023-01-03,2026-07-31,20,20,5,0.023094688221709007
300505.SZ,866,2023-01-03,2026-07-31,20,20,5,0.023094688221709007
688065.SH,866,2023-01-03,2026-07-31,20,28,13,0.03233256351039261
605300.SH,866,2023-01-03,2026-07-31,20,20,5,0.023094688221709007
300775.SZ,866,2023-01-03,2026-07-31,20,20,5,0.023094688221709007
688225.SH,866,2023-01-03,2026-07-31,20,20,5,0.023094688221709007
300454.SZ,866,2023-01-03,2026-07-31,20,20,5,0.023094688221709007
000876.SZ,866,2023-01-03,2026-07-31,20,20,5,0.023094688221709007
300859.SZ,866,2023-01-03,2026-07-31,20,24,9,0.02771362586605081
002674.SZ,866,2023-01-03,2026-07-31,20,20,5,0.023094688221709007
301395.SZ,748,2023-07-03,2026-07-31,20,20,5,0.026737967914438502
603608.SH,866,2023-01-03,2026-07-31,20,34,19,0.03926096997690531
688683.SH,866,2023-01-03,2026-07-31,20,20,5,0.023094688221709007
600310.SH,866,2023-01-03,2026-07-31,20,20,5,0.023094688221709007
002678.SZ,866,2023-01-03,2026-07-31,20,20,5,0.023094688221709007
603126.SH,866,2023-01-03,2026-07-31,20,20,5,0.023094688221709007
603444.SH,866,2023-01-03,2026-07-31,20,20,5,0.023094688221709007
002312.SZ,866,2023-01-03,2026-07-31,20,20,5,0.023094688221709007
600977.SH,866,2023-01-03,2026-07-31,20,20,5,0.023094688221709007
300102.SZ,866,2023-01-03,2026-07-31,20,20,5,0.023094688221709007
688033.SH,866,2023-01-03,2026-07-31,20,22,7,0.025404157043879907
301293.SZ,787,2023-05-05,2026-07-31,20,20,5,0.025412960609911054
002981.SZ,866,2023-01-03,2026-07-31,20,20,5,0.023094688221709007
300795.SZ,866,2023-01-03,2026-07-31,20,20,5,0.023094688221709007
603696.SH,866,2023-01-03,2026-07-31,20,20,5,0.023094688221709007
300249.SZ,866,2023-01-03,2026-07-31,20,20,5,0.023094688221709007
301125.SZ,866,2023-01-03,2026-07-31,20,20,5,0.023094688221709007
300037.SZ,866,2023-01-03,2026-07-31,20,20,5,0.023094688221709007
603163.SH,866,2023-01-03,2026-07-31,20,20,5,0.023094688221709007
300735.SZ,866,2023-01-03,2026-07-31,20,20,5,0.023094688221709007
688677.SH,866,2023-01-03,2026-07-31,20,20,5,0.023094688221709007
000779.SZ,866,2023-01-03,2026-07-31,20,20,5,0.023094688221709007
603036.SH,866,2023-01-03,2026-07-31,20,30,15,0.03464203233256351
000697.SZ,866,2023-01-03,2026-07-31,20,38,23,0.04387990762124711
301161.SZ,866,2023-01-03,2026-07-31,20,20,5,0.023094688221709007
688489.SH,866,2023-01-03,2026-07-31,20,20,5,0.023094688221709007
002191.SZ,866,2023-01-03,2026-07-31,20,20,5,0.023094688221709007
002567.SZ,866,2023-01-03,2026-07-31,20,20,5,0.023094688221709007
301302.SZ,866,2023-01-03,2026-07-31,20,20,5,0.023094688221709007
300493.SZ,866,2023-01-03,2026-07-31,20,20,5,0.023094688221709007
600758.SH,866,2023-01-03,2026-07-31,20,20,5,0.023094688221709007
000836.SZ,350,2023-01-03,2024-06-17,350,350,350,1.0
000567.SZ,866,2023-01-03,2026-07-31,20,20,5,0.023094688221709007
301083.SZ,866,2023-01-03,2026-07-31,20,20,5,0.023094688221709007
302132.SZ,866,2023-01-03,2026-07-31,20,30,20,0.03464203233256351
603496.SH,866,2023-01-03,2026-07-31,20,38,19,0.04387990762124711
002616.SZ,866,2023-01-03,2026-07-31,20,20,5,0.023094688221709007
301129.SZ,866,2023-01-03,2026-07-31,20,20,5,0.023094688221709007
603350.SH,505,2024-07-03,2026-07-31,20,20,5,0.039603960396039604
688728.SH,866,2023-01-03,2026-07-31,20,20,5,0.023094688221709007
601898.SH,866,2023-01-03,2026-07-31,20,20,5,0.023094688221709007
603577.SH,866,2023-01-03,2026-07-31,20,20,5,0.023094688221709007
300244.SZ,866,2023-01-03,2026-07-31,20,20,5,0.023094688221709007
000881.SZ,866,2023-01-03,2026-07-31,20,30,15,0.03464203233256351
600198.SH,866,2023-01-03,2026-07-31,20,20,5,0.023094688221709007
000333.SZ,866,2023-01-03,2026-07-31,20,20,5,0.023094688221709007
603177.SH,866,2023-01-03,2026-07-31,20,20,5,0.023094688221709007
300883.SZ,866,2023-01-03,2026-07-31,20,20,5,0.023094688221709007
003816.SZ,866,2023-01-03,2026-07-31,20,20,5,0.023094688221709007
000838.SZ,866,2023-01-03,2026-07-31,20,22,7,0.025404157043879907
000761.SZ,866,2023-01-03,2026-07-31,20,20,5,0.023094688221709007
600817.SH,866,2023-01-03,2026-07-31,20,22,7,0.025404157043879907
002593.SZ,866,2023-01-03,2026-07-31,20,20,5,0.023094688221709007
688055.SH,866,2023-01-03,2026-07-31,20,20,5,0.023094688221709007
600122.SH,95,2023-01-03,2023-05-26,95,95,95,1.0
300634.SZ,866,2023-01-03,2026-07-31,20,20,5,0.023094688221709007
000558.SZ,866,2023-01-03,2026-07-31,20,20,5,0.023094688221709007
300052.SZ,866,2023-01-03,2026-07-31,20,24,9,0.02771362586605081
002242.SZ,866,2023-01-03,2026-07-31,20,20,5,0.023094688221709007
002522.SZ,866,2023-01-03,2026-07-31,20,20,5,0.023094688221709007
601279.SH,866,2023-01-03,2026-07-31,20,20,5,0.023094688221709007
301118.SZ,866,2023-01-03,2026-07-31,20,20,5,0.023094688221709007
600170.SH,866,2023-01-03,2026-07-31,20,20,5,0.023094688221709007
002564.SZ,866,2023-01-03,2026-07-31,20,81,51,0.09353348729792148
002930.SZ,866,2023-01-03,2026-07-31,20,20,5,0.023094688221709007
603998.SH,866,2023-01-03,2026-07-31,20,20,5,0.023094688221709007
300573.SZ,866,2023-01-03,2026-07-31,20,20,5,0.023094688221709007
301209.SZ,866,2023-01-03,2026-07-31,20,20,5,0.023094688221709007
603122.SH,866,2023-01-03,2026-07-31,20,26,11,0.03002309468822171
688618.SH,866,2023-01-03,2026-07-31,20,20,5,0.023094688221709007
688625.SH,866,2023-01-03,2026-07-31,20,20,5,0.023094688221709007
002747.SZ,866,2023-01-03,2026-07-31,20,20,5,0.023094688221709007
688575.SH,866,2023-01-03,2026-07-31,20,20,5,0.023094688221709007
600628.SH,866,2023-01-03,2026-07-31,20,20,5,0.023094688221709007
688356.SH,866,2023-01-03,2026-07-31,20,20,5,0.023094688221709007
688535.SH,806,2023-04-04,2026-07-31,20,40,20,0.04962779156327544
603321.SH,866,2023-01-03,2026-07-31,20,20,5,0.023094688221709007
002761.SZ,866,2023-01-03,2026-07-31,20,40,20,0.046189376443418015
300892.SZ,866,2023-01-03,2026-07-31,20,20,5,0.023094688221709007
688570.SH,766,2023-06-05,2026-07-31,20,20,5,0.02610966057441253
300194.SZ,866,2023-01-03,2026-07-31,20,20,5,0.023094688221709007
002489.SZ,866,2023-01-03,2026-07-31,20,20,5,0.023094688221709007
688235.SH,866,2023-01-03,2026-07-31,20,20,5,0.023094688221709007
000571.SZ,866,2023-01-03,2026-07-31,20,22,7,0.025404157043879907
301218.SZ,866,2023-01-03,2026-07-31,20,30,15,0.03464203233256351
002278.SZ,866,2023-01-03,2026-07-31,20,20,5,0.023094688221709007
300221.SZ,866,2023-01-03,2026-07-31,20,20,5,0.023094688221709007
300762.SZ,866,2023-01-03,2026-07-31,20,20,5,0.023094688221709007
000705.SZ,866,2023-01-03,2026-07-31,20,20,5,0.023094688221709007
002004.SZ,866,2023-01-03,2026-07-31,20,20,5,0.023094688221709007
603180.SH,866,2023-01-03,2026-07-31,20,20,5,0.023094688221709007
600189.SH,866,2023-01-03,2026-07-31,20,20,5,0.023094688221709007
688626.SH,866,2023-01-03,2026-07-31,20,20,5,0.023094688221709007
300067.SZ,866,2023-01-03,2026-07-31,20,38,19,0.04387990762124711
002786.SZ,866,2023-01-03,2026-07-31,20,20,5,0.023094688221709007
002613.SZ,866,2023-01-03,2026-07-31,20,20,5,0.023094688221709007
605009.SH,866,2023-01-03,2026-07-31,20,20,5,0.023094688221709007
600426.SH,866,2023-01-03,2026-07-31,20,20,5,0.023094688221709007
300984.SZ,866,2023-01-03,2026-07-31,20,20,5,0.023094688221709007
002234.SZ,866,2023-01-03,2026-07-31,20,20,5,0.023094688221709007
301396.SZ,866,2023-01-03,2026-07-31,20,20,5,0.023094688221709007
603196.SH,866,2023-01-03,2026-07-31,20,60,35,0.06928406466512702
002325.SZ,359,2023-01-03,2024-06-28,359,359,359,1.0
000707.SZ,866,2023-01-03,2026-07-31,20,20,5,0.023094688221709007
300828.SZ,866,2023-01-03,2026-07-31,20,40,20,0.046189376443418015
300756.SZ,866,2023-01-03,2026-07-31,20,20,5,0.023094688221709007
300536.SZ,866,2023-01-03,2026-07-31,20,24,9,0.02771362586605081
603612.SH,866,2023-01-03,2026-07-31,20,20,5,0.023094688221709007
600458.SH,866,2023-01-03,2026-07-31,20,20,5,0.023094688221709007
300148.SZ,866,2023-01-03,2026-07-31,20,20,5,0.023094688221709007
688261.SH,866,2023-01-03,2026-07-31,20,20,5,0.023094688221709007
002166.SZ,866,2023-01-03,2026-07-31,20,40,20,0.046189376443418015
002402.SZ,866,2023-01-03,2026-07-31,20,20,5,0.023094688221709007
600463.SH,866,2023-01-03,2026-07-31,20,20,5,0.023094688221709007
600725.SH,866,2023-01-03,2026-07-31,20,40,20,0.046189376443418015
300459.SZ,866,2023-01-03,2026-07-31,20,20,5,0.023094688221709007
688609.SH,866,2023-01-03,2026-07-31,20,20,5,0.023094688221709007
300382.SZ,866,2023-01-03,2026-07-31,20,20,5,0.023094688221709007
002103.SZ,866,2023-01-03,2026-07-31,20,20,5,0.023094688221709007
688025.SH,866,2023-01-03,2026-07-31,20,20,5,0.023094688221709007
600901.SH,866,2023-01-03,2026-07-31,20,20,5,0.023094688221709007
301666.SZ,73,2026-04-16,2026-07-31,20,26,11,0.3561643835616438
688092.SH,866,2023-01-03,2026-07-31,20,20,5,0.023094688221709007
300786.SZ,866,2023-01-03,2026-07-31,20,20,5,0.023094688221709007
603065.SH,816,2023-03-21,2026-07-31,20,20,5,0.024509803921568627
688667.SH,866,2023-01-03,2026-07-31,20,38,19,0.04387990762124711
600020.SH,866,2023-01-03,2026-07-31,20,20,5,0.023094688221709007
301236.SZ,866,2023-01-03,2026-07-31,20,20,5,0.023094688221709007
300497.SZ,866,2023-01-03,2026-07-31,20,20,5,0.023094688221709007
603198.SH,866,2023-01-03,2026-07-31,20,20,5,0.023094688221709007
600365.SH,866,2023-01-03,2026-07-31,20,20,5,0.023094688221709007
002878.SZ,866,2023-01-03,2026-07-31,20,20,5,0.023094688221709007
601616.SH,866,2023-01-03,2026-07-31,20,20,5,0.023094688221709007
300780.SZ,866,2023-01-03,2026-07-31,20,20,5,0.023094688221709007
601218.SH,866,2023-01-03,2026-07-31,20,20,5,0.023094688221709007
688581.SH,777,2023-05-19,2026-07-31,20,20,5,0.02574002574002574
002796.SZ,866,2023-01-03,2026-07-31,20,20,5,0.023094688221709007
301388.SZ,866,2023-01-03,2026-07-31,20,20,5,0.023094688221709007
603003.SH,601,2023-01-03,2025-06-30,601,601,601,1.0
001311.SZ,832,2023-02-27,2026-07-31,20,20,5,0.02403846153846154
002350.SZ,866,2023-01-03,2026-07-31,20,20,5,0.023094688221709007
002405.SZ,866,2023-01-03,2026-07-31,20,20,5,0.023094688221709007
603150.SH,866,2023-01-03,2026-07-31,20,20,5,0.023094688221709007
688379.SH,866,2023-01-03,2026-07-31,20,20,5,0.023094688221709007
301563.SZ,200,2025-09-30,2026-07-31,20,20,5,0.1
002903.SZ,866,2023-01-03,2026-07-31,20,20,5,0.023094688221709007
002228.SZ,866,2023-01-03,2026-07-31,20,20,5,0.023094688221709007
300402.SZ,866,2023-01-03,2026-07-31,20,20,5,0.023094688221709007
300462.SZ,866,2023-01-03,2026-07-31,20,22,7,0.025404157043879907
600211.SH,866,2023-01-03,2026-07-31,20,20,5,0.023094688221709007
301568.SZ,648,2023-11-28,2026-07-31,20,20,5,0.030864197530864196
600876.SH,866,2023-01-03,2026-07-31,20,20,5,0.023094688221709007
000977.SZ,866,2023-01-03,2026-07-31,20,20,5,0.023094688221709007
600603.SH,866,2023-01-03,2026-07-31,20,24,9,0.02771362586605081
600793.SH,866,2023-01-03,2026-07-31,20,20,5,0.023094688221709007
605123.SH,866,2023-01-03,2026-07-31,20,20,5,0.023094688221709007
688151.SH,866,2023-01-03,2026-07-31,20,20,5,0.023094688221709007
002165.SZ,866,2023-01-03,2026-07-31,20,20,5,0.023094688221709007
688181.SH,866,2023-01-03,2026-07-31,20,20,5,0.023094688221709007
688016.SH,866,2023-01-03,2026-07-31,20,20,5,0.023094688221709007
300496.SZ,866,2023-01-03,2026-07-31,20,20,5,0.023094688221709007
001285.SZ,200,2025-09-30,2026-07-31,20,40,20,0.2
603918.SH,866,2023-01-03,2026-07-31,20,20,5,0.023094688221709007
600629.SH,866,2023-01-03,2026-07-31,20,20,5,0.023094688221709007
688333.SH,866,2023-01-03,2026-07-31,20,20,5,0.023094688221709007
300161.SZ,866,2023-01-03,2026-07-31,20,20,5,0.023094688221709007
688496.SH,866,2023-01-03,2026-07-31,20,24,8,0.02771362586605081
600718.SH,866,2023-01-03,2026-07-31,20,40,20,0.046189376443418015
600260.SH,18,2023-01-03,2023-02-02,18,18,18,1.0
688578.SH,866,2023-01-03,2026-07-31,20,20,5,0.023094688221709007
002972.SZ,866,2023-01-03,2026-07-31,20,20,5,0.023094688221709007
002284.SZ,866,2023-01-03,2026-07-31,20,20,5,0.023094688221709007
001336.SZ,866,2023-01-03,2026-07-31,20,20,5,0.023094688221709007
001317.SZ,866,2023-01-03,2026-07-31,20,20,5,0.023094688221709007
000727.SZ,866,2023-01-03,2026-07-31,20,20,5,0.023094688221709007
002881.SZ,866,2023-01-03,2026-07-31,20,20,5,0.023094688221709007
000016.SZ,866,2023-01-03,2026-07-31,20,42,22,0.04849884526558892
603579.SH,866,2023-01-03,2026-07-31,20,20,5,0.023094688221709007
605500.SH,866,2023-01-03,2026-07-31,20,20,5,0.023094688221709007
605598.SH,866,2023-01-03,2026-07-31,20,20,5,0.023094688221709007
300498.SZ,866,2023-01-03,2026-07-31,20,20,5,0.023094688221709007
300742.SZ,374,2023-01-03,2024-07-19,374,374,374,1.0
603529.SH,866,2023-01-03,2026-07-31,20,20,5,0.023094688221709007
603757.SH,866,2023-01-03,2026-07-31,20,20,5,0.023094688221709007
300932.SZ,866,2023-01-03,2026-07-31,20,20,5,0.023094688221709007
603183.SH,866,2023-01-03,2026-07-31,20,20,5,0.023094688221709007
603893.SH,866,2023-01-03,2026-07-31,20,20,5,0.023094688221709007
603316.SH,866,2023-01-03,2026-07-31,20,20,5,0.023094688221709007
601577.SH,866,2023-01-03,2026-07-31,20,20,5,0.023094688221709007
603002.SH,866,2023-01-03,2026-07-31,20,20,5,0.023094688221709007
002923.SZ,866,2023-01-03,2026-07-31,20,20,5,0.023094688221709007
301360.SZ,792,2023-04-25,2026-07-31,20,20,5,0.025252525252525252
002253.SZ,866,2023-01-03,2026-07-31,20,24,9,0.02771362586605081
002862.SZ,866,2023-01-03,2026-07-31,20,20,5,0.023094688221709007
000428.SZ,866,2023-01-03,2026-07-31,20,20,5,0.023094688221709007
688420.SH,866,2023-01-03,2026-07-31,20,20,5,0.023094688221709007
600650.SH,866,2023-01-03,2026-07-31,20,20,5,0.023094688221709007
688148.SH,866,2023-01-03,2026-07-31,20,20,5,0.023094688221709007
600569.SH,866,2023-01-03,2026-07-31,20,20,5,0.023094688221709007
000564.SZ,866,2023-01-03,2026-07-31,20,22,7,0.025404157043879907
002032.SZ,866,2023-01-03,2026-07-31,20,20,5,0.023094688221709007
300468.SZ,866,2023-01-03,2026-07-31,20,20,5,0.023094688221709007
603213.SH,866,2023-01-03,2026-07-31,20,40,20,0.046189376443418015
600502.SH,866,2023-01-03,2026-07-31,20,20,5,0.023094688221709007
300314.SZ,866,2023-01-03,2026-07-31,20,20,5,0.023094688221709007
600033.SH,866,2023-01-03,2026-07-31,20,20,5,0.023094688221709007
301618.SZ,444,2024-09-30,2026-07-31,20,20,5,0.04504504504504504
301392.SZ,524,2024-06-05,2026-07-31,20,20,5,0.03816793893129771
688315.SH,866,2023-01-03,2026-07-31,20,20,5,0.023094688221709007
603001.SH,866,2023-01-03,2026-07-31,20,54,34,0.06235565819861432
300363.SZ,866,2023-01-03,2026-07-31,20,20,5,0.023094688221709007
301021.SZ,866,2023-01-03,2026-07-31,20,20,5,0.023094688221709007
688096.SH,866,2023-01-03,2026-07-31,20,20,5,0.023094688221709007
002554.SZ,866,2023-01-03,2026-07-31,20,48,28,0.05542725173210162
301317.SZ,854,2023-01-19,2026-07-31,20,20,5,0.0234192037470726
002789.SZ,866,2023-01-03,2026-07-31,20,22,7,0.025404157043879907
688299.SH,866,2023-01-03,2026-07-31,20,20,5,0.023094688221709007
600265.SH,866,2023-01-03,2026-07-31,20,26,11,0.03002309468822171
600523.SH,866,2023-01-03,2026-07-31,20,20,5,0.023094688221709007
002552.SZ,866,2023-01-03,2026-07-31,20,20,5,0.023094688221709007
002610.SZ,351,2023-01-03,2024-06-18,351,351,351,1.0
002273.SZ,866,2023-01-03,2026-07-31,20,20,5,0.023094688221709007
603813.SH,866,2023-01-03,2026-07-31,20,24,9,0.02771362586605081
601699.SH,866,2023-01-03,2026-07-31,20,20,5,0.023094688221709007
301613.SZ,430,2024-10-25,2026-07-31,20,40,20,0.09302325581395349
002453.SZ,866,2023-01-03,2026-07-31,20,20,5,0.023094688221709007
301225.SZ,757,2023-06-16,2026-07-31,20,20,5,0.026420079260237782
002817.SZ,866,2023-01-03,2026-07-31,20,20,5,0.023094688221709007
601318.SH,866,2023-01-03,2026-07-31,20,20,5,0.023094688221709007
688345.SH,866,2023-01-03,2026-07-31,20,20,5,0.023094688221709007
688555.SH,122,2023-01-03,2023-07-06,122,122,122,1.0
002882.SZ,866,2023-01-03,2026-07-31,20,20,5,0.023094688221709007
000815.SZ,866,2023-01-03,2026-07-31,20,20,5,0.023094688221709007
300807.SZ,866,2023-01-03,2026-07-31,20,50,30,0.057736720554272515
000892.SZ,866,2023-01-03,2026-07-31,20,20,5,0.023094688221709007
601086.SH,866,2023-01-03,2026-07-31,20,20,5,0.023094688221709007
002623.SZ,866,2023-01-03,2026-07-31,20,20,5,0.023094688221709007
600338.SH,866,2023-01-03,2026-07-31,20,20,5,0.023094688221709007
300656.SZ,866,2023-01-03,2026-07-31,20,20,5,0.023094688221709007
301160.SZ,866,2023-01-03,2026-07-31,20,20,5,0.023094688221709007
688660.SH,866,2023-01-03,2026-07-31,20,20,5,0.023094688221709007
688779.SH,866,2023-01-03,2026-07-31,20,20,5,0.023094688221709007
002066.SZ,866,2023-01-03,2026-07-31,20,20,5,0.023094688221709007
000752.SZ,866,2023-01-03,2026-07-31,20,24,9,0.02771362586605081
300488.SZ,866,2023-01-03,2026-07-31,20,20,5,0.023094688221709007
603339.SH,866,2023-01-03,2026-07-31,20,20,5,0.023094688221709007
000938.SZ,866,2023-01-03,2026-07-31,20,20,5,0.023094688221709007
301217.SZ,866,2023-01-03,2026-07-31,20,20,5,0.023094688221709007
300466.SZ,866,2023-01-03,2026-07-31,20,20,5,0.023094688221709007
002047.SZ,866,2023-01-03,2026-07-31,20,42,27,0.04849884526558892
002609.SZ,866,2023-01-03,2026-07-31,20,20,5,0.023094688221709007
603386.SH,866,2023-01-03,2026-07-31,20,20,5,0.023094688221709007
300618.SZ,866,2023-01-03,2026-07-31,20,20,5,0.023094688221709007
000150.SZ,77,2023-01-03,2023-04-27,77,77,77,1.0
003009.SZ,866,2023-01-03,2026-07-31,20,20,5,0.023094688221709007
000680.SZ,866,2023-01-03,2026-07-31,20,20,5,0.023094688221709007
002990.SZ,866,2023-01-03,2026-07-31,20,20,5,0.023094688221709007
601162.SH,866,2023-01-03,2026-07-31,20,20,5,0.023094688221709007
002247.SZ,866,2023-01-03,2026-07-31,20,20,5,0.023094688221709007
002605.SZ,866,2023-01-03,2026-07-31,20,20,5,0.023094688221709007
600397.SH,866,2023-01-03,2026-07-31,20,20,5,0.023094688221709007
300338.SZ,866,2023-01-03,2026-07-31,20,28,13,0.03233256351039261
002396.SZ,866,2023-01-03,2026-07-31,20,20,5,0.023094688221709007
002156.SZ,866,2023-01-03,2026-07-31,20,20,5,0.023094688221709007
688501.SH,866,2023-01-03,2026-07-31,20,20,5,0.023094688221709007
600478.SH,866,2023-01-03,2026-07-31,20,20,5,0.023094688221709007
688500.SH,866,2023-01-03,2026-07-31,20,24,9,0.02771362586605081
300645.SZ,866,2023-01-03,2026-07-31,20,20,5,0.023094688221709007
688106.SH,866,2023-01-03,2026-07-31,20,20,5,0.023094688221709007
603636.SH,866,2023-01-03,2026-07-31,20,20,5,0.023094688221709007
603366.SH,866,2023-01-03,2026-07-31,20,20,5,0.023094688221709007
600515.SH,866,2023-01-03,2026-07-31,20,20,5,0.023094688221709007
002202.SZ,866,2023-01-03,2026-07-31,20,20,5,0.023094688221709007
603508.SH,866,2023-01-03,2026-07-31,20,30,15,0.03464203233256351
688128.SH,866,2023-01-03,2026-07-31,20,20,5,0.023094688221709007
600973.SH,866,2023-01-03,2026-07-31,20,20,5,0.023094688221709007
600493.SH,866,2023-01-03,2026-07-31,20,20,5,0.023094688221709007
300655.SZ,866,2023-01-03,2026-07-31,20,20,5,0.023094688221709007
688231.SH,866,2023-01-03,2026-07-31,20,20,5,0.023094688221709007
300467.SZ,866,2023-01-03,2026-07-31,20,20,5,0.023094688221709007
300813.SZ,866,2023-01-03,2026-07-31,20,20,5,0.023094688221709007
301320.SZ,762,2023-06-09,2026-07-31,20,20,5,0.026246719160104987
301632.SZ,235,2025-08-12,2026-07-31,20,20,5,0.0851063829787234
300962.SZ,866,2023-01-03,2026-07-31,20,20,5,0.023094688221709007
002740.SZ,256,2023-01-03,2024-01-19,256,256,256,1.0
300653.SZ,866,2023-01-03,2026-07-31,20,20,5,0.023094688221709007
600831.SH,866,2023-01-03,2026-07-31,20,24,9,0.02771362586605081
301580.SZ,510,2024-06-26,2026-07-31,20,20,5,0.0392156862745098
000936.SZ,866,2023-01-03,2026-07-31,20,20,5,0.023094688221709007
300353.SZ,866,2023-01-03,2026-07-31,20,38,19,0.04387990762124711
000983.SZ,866,2023-01-03,2026-07-31,20,20,5,0.023094688221709007
301067.SZ,866,2023-01-03,2026-07-31,20,20,5,0.023094688221709007
300134.SZ,866,2023-01-03,2026-07-31,20,20,5,0.023094688221709007
300445.SZ,866,2023-01-03,2026-07-31,20,20,5,0.023094688221709007
002979.SZ,866,2023-01-03,2026-07-31,20,20,5,0.023094688221709007
300675.SZ,866,2023-01-03,2026-07-31,20,20,5,0.023094688221709007
600761.SH,866,2023-01-03,2026-07-31,20,20,5,0.023094688221709007
600872.SH,866,2023-01-03,2026-07-31,20,20,5,0.023094688221709007
002310.SZ,866,2023-01-03,2026-07-31,20,26,11,0.03002309468822171
600637.SH,866,2023-01-03,2026-07-31,20,20,5,0.023094688221709007
605318.SH,866,2023-01-03,2026-07-31,20,22,7,0.025404157043879907
002835.SZ,866,2023-01-03,2026-07-31,20,20,5,0.023094688221709007
000676.SZ,866,2023-01-03,2026-07-31,20,20,5,0.023094688221709007
603083.SH,866,2023-01-03,2026-07-31,20,20,5,0.023094688221709007
301033.SZ,866,2023-01-03,2026-07-31,20,40,20,0.046189376443418015
600938.SH,866,2023-01-03,2026-07-31,20,20,5,0.023094688221709007
688316.SH,866,2023-01-03,2026-07-31,20,20,5,0.023094688221709007
002025.SZ,866,2023-01-03,2026-07-31,20,20,5,0.023094688221709007
601811.SH,866,2023-01-03,2026-07-31,20,20,5,0.023094688221709007
002085.SZ,866,2023-01-03,2026-07-31,20,20,5,0.023094688221709007
301323.SZ,765,2023-06-06,2026-07-31,20,40,20,0.05228758169934641
300154.SZ,866,2023-01-03,2026-07-31,20,20,5,0.023094688221709007
603332.SH,866,2023-01-03,2026-07-31,20,20,5,0.023094688221709007
688593.SH,768,2023-06-01,2026-07-31,20,40,20,0.052083333333333336
300640.SZ,866,2023-01-03,2026-07-31,20,20,5,0.023094688221709007
688799.SH,866,2023-01-03,2026-07-31,20,20,5,0.023094688221709007
603061.SH,828,2023-03-03,2026-07-31,20,20,5,0.024154589371980676
300232.SZ,866,2023-01-03,2026-07-31,20,20,5,0.023094688221709007
301216.SZ,866,2023-01-03,2026-07-31,20,20,5,0.023094688221709007
688170.SH,866,2023-01-03,2026-07-31,20,20,5,0.023094688221709007
301092.SZ,866,2023-01-03,2026-07-31,20,20,5,0.023094688221709007
603070.SH,866,2023-01-03,2026-07-31,20,20,5,0.023094688221709007
603382.SH,278,2025-06-12,2026-07-31,20,20,5,0.07194244604316546
603606.SH,866,2023-01-03,2026-07-31,20,20,5,0.023094688221709007
603899.SH,866,2023-01-03,2026-07-31,20,20,5,0.023094688221709007
688449.SH,405,2024-11-29,2026-07-31,20,20,5,0.04938271604938271
000568.SZ,866,2023-01-03,2026-07-31,20,20,5,0.023094688221709007
002725.SZ,866,2023-01-03,2026-07-31,20,30,15,0.03464203233256351
600630.SH,866,2023-01-03,2026-07-31,20,20,5,0.023094688221709007
301259.SZ,866,2023-01-03,2026-07-31,20,20,5,0.023094688221709007
688276.SH,866,2023-01-03,2026-07-31,20,20,5,0.023094688221709007
603255.SH,866,2023-01-03,2026-07-31,20,20,5,0.023094688221709007
600741.SH,866,2023-01-03,2026-07-31,20,20,5,0.023094688221709007
600171.SH,866,2023-01-03,2026-07-31,20,20,5,0.023094688221709007
000635.SZ,866,2023-01-03,2026-07-31,20,20,5,0.023094688221709007
603007.SH,866,2023-01-03,2026-07-31,20,30,15,0.03464203233256351
002777.SZ,866,2023-01-03,2026-07-31,20,20,5,0.023094688221709007
002230.SZ,866,2023-01-03,2026-07-31,20,20,5,0.023094688221709007
001203.SZ,866,2023-01-03,2026-07-31,20,20,5,0.023094688221709007
603816.SH,866,2023-01-03,2026-07-31,20,28,13,0.03233256351039261
000546.SZ,866,2023-01-03,2026-07-31,20,24,9,0.02771362586605081
600112.SH,374,2023-01-03,2024-07-19,374,374,374,1.0
688116.SH,866,2023-01-03,2026-07-31,20,20,5,0.023094688221709007
301559.SZ,682,2023-10-11,2026-07-31,20,20,5,0.02932551319648094
002660.SZ,866,2023-01-03,2026-07-31,20,20,5,0.023094688221709007
603569.SH,866,2023-01-03,2026-07-31,20,20,5,0.023094688221709007
688716.SH,691,2023-09-20,2026-07-31,20,20,5,0.02894356005788712
002431.SZ,866,2023-01-03,2026-07-31,20,22,7,0.025404157043879907
603919.SH,866,2023-01-03,2026-07-31,20,20,5,0.023094688221709007
300142.SZ,866,2023-01-03,2026-07-31,20,24,9,0.02771362586605081
002468.SZ,866,2023-01-03,2026-07-31,20,20,5,0.023094688221709007
688252.SH,866,2023-01-03,2026-07-31,20,20,5,0.023094688221709007
600057.SH,866,2023-01-03,2026-07-31,20,20,5,0.023094688221709007
301010.SZ,866,2023-01-03,2026-07-31,20,20,5,0.023094688221709007
000738.SZ,866,2023-01-03,2026-07-31,20,20,5,0.023094688221709007
603583.SH,866,2023-01-03,2026-07-31,20,20,5,0.023094688221709007
688380.SH,866,2023-01-03,2026-07-31,20,20,5,0.023094688221709007
002089.SZ,311,2023-01-03,2024-04-17,311,311,311,1.0
301052.SZ,866,2023-01-03,2026-07-31,20,20,5,0.023094688221709007
300366.SZ,866,2023-01-03,2026-07-31,20,22,7,0.025404157043879907
002167.SZ,866,2023-01-03,2026-07-31,20,20,5,0.023094688221709007
603000.SH,866,2023-01-03,2026-07-31,20,20,5,0.023094688221709007
601728.SH,866,2023-01-03,2026-07-31,20,20,5,0.023094688221709007
002069.SZ,866,2023-01-03,2026-07-31,20,22,7,0.025404157043879907
000726.SZ,866,2023-01-03,2026-07-31,20,20,5,0.023094688221709007
601718.SH,866,2023-01-03,2026-07-31,20,22,7,0.025404157043879907
002279.SZ,866,2023-01-03,2026-07-31,20,20,5,0.023094688221709007
300416.SZ,866,2023-01-03,2026-07-31,20,20,5,0.023094688221709007
300429.SZ,866,2023-01-03,2026-07-31,20,20,5,0.023094688221709007
688689.SH,866,2023-01-03,2026-07-31,20,40,20,0.046189376443418015
301292.SZ,744,2023-07-07,2026-07-31,20,20,5,0.026881720430107527
000573.SZ,866,2023-01-03,2026-07-31,20,20,5,0.023094688221709007
301078.SZ,866,2023-01-03,2026-07-31,20,20,5,0.023094688221709007
603038.SH,866,2023-01-03,2026-07-31,20,24,9,0.02771362586605081
603313.SH,866,2023-01-03,2026-07-31,20,20,5,0.023094688221709007
002860.SZ,866,2023-01-03,2026-07-31,20,20,5,0.023094688221709007
001233.SZ,166,2025-11-25,2026-07-31,20,20,5,0.12048192771084337
600803.SH,866,2023-01-03,2026-07-31,20,32,16,0.03695150115473441
603261.SH,866,2023-01-03,2026-07-31,20,24,9,0.02771362586605081
603293.SH,73,2026-04-16,2026-07-31,20,20,5,0.273972602739726
600489.SH,866,2023-01-03,2026-07-31,20,20,5,0.023094688221709007
600556.SH,866,2023-01-03,2026-07-31,20,20,5,0.023094688221709007
688529.SH,866,2023-01-03,2026-07-31,20,20,5,0.023094688221709007
000882.SZ,866,2023-01-03,2026-07-31,20,20,5,0.023094688221709007
301295.SZ,751,2023-06-28,2026-07-31,20,20,5,0.02663115845539281
002702.SZ,866,2023-01-03,2026-07-31,20,20,5,0.023094688221709007
301059.SZ,866,2023-01-03,2026-07-31,20,20,5,0.023094688221709007
002677.SZ,866,2023-01-03,2026-07-31,20,25,15,0.028868360277136258
600716.SH,866,2023-01-03,2026-07-31,20,20,5,0.023094688221709007
300719.SZ,866,2023-01-03,2026-07-31,20,20,5,0.023094688221709007
002795.SZ,866,2023-01-03,2026-07-31,20,24,9,0.02771362586605081
300112.SZ,866,2023-01-03,2026-07-31,20,20,5,0.023094688221709007
601777.SH,866,2023-01-03,2026-07-31,20,20,5,0.023094688221709007
300565.SZ,866,2023-01-03,2026-07-31,20,20,5,0.023094688221709007
002828.SZ,866,2023-01-03,2026-07-31,20,35,20,0.04041570438799076
603124.SH,333,2025-03-20,2026-07-31,20,20,5,0.06006006006006006
300637.SZ,866,2023-01-03,2026-07-31,20,20,5,0.023094688221709007
000637.SZ,866,2023-01-03,2026-07-31,20,24,9,0.02771362586605081
603682.SH,866,2023-01-03,2026-07-31,20,20,5,0.023094688221709007
600888.SH,866,2023-01-03,2026-07-31,20,20,5,0.023094688221709007
600298.SH,866,2023-01-03,2026-07-31,20,20,5,0.023094688221709007
001226.SZ,866,2023-01-03,2026-07-31,20,20,5,0.023094688221709007
600436.SH,866,2023-01-03,2026-07-31,20,20,5,0.023094688221709007
002342.SZ,866,2023-01-03,2026-07-31,20,20,5,0.023094688221709007
000682.SZ,866,2023-01-03,2026-07-31,20,20,5,0.023094688221709007
300241.SZ,866,2023-01-03,2026-07-31,20,20,5,0.023094688221709007
002630.SZ,866,2023-01-03,2026-07-31,20,24,9,0.02771362586605081
601689.SH,866,2023-01-03,2026-07-31,20,20,5,0.023094688221709007
300935.SZ,866,2023-01-03,2026-07-31,20,20,5,0.023094688221709007
300086.SZ,866,2023-01-03,2026-07-31,20,20,5,0.023094688221709007
002478.SZ,866,2023-01-03,2026-07-31,20,20,5,0.023094688221709007
002049.SZ,866,2023-01-03,2026-07-31,20,40,20,0.046189376443418015
600653.SH,866,2023-01-03,2026-07-31,20,20,5,0.023094688221709007
002652.SZ,866,2023-01-03,2026-07-31,20,20,5,0.023094688221709007
603725.SH,866,2023-01-03,2026-07-31,20,20,5,0.023094688221709007
300641.SZ,866,2023-01-03,2026-07-31,20,30,15,0.03464203233256351
002620.SZ,866,2023-01-03,2026-07-31,20,24,9,0.02771362586605081
688435.SH,854,2023-01-19,2026-07-31,20,20,5,0.0234192037470726
002553.SZ,866,2023-01-03,2026-07-31,20,20,5,0.023094688221709007
300114.SZ,510,2023-01-03,2025-02-14,510,510,510,1.0
601111.SH,866,2023-01-03,2026-07-31,20,20,5,0.023094688221709007
300761.SZ,866,2023-01-03,2026-07-31,20,20,5,0.023094688221709007
002614.SZ,866,2023-01-03,2026-07-31,20,20,5,0.023094688221709007
600129.SH,866,2023-01-03,2026-07-31,20,20,5,0.023094688221709007
603650.SH,866,2023-01-03,2026-07-31,20,20,5,0.023094688221709007
300848.SZ,866,2023-01-03,2026-07-31,20,20,5,0.023094688221709007
603290.SH,866,2023-01-03,2026-07-31,20,20,5,0.023094688221709007
603988.SH,866,2023-01-03,2026-07-31,20,24,9,0.02771362586605081
688123.SH,866,2023-01-03,2026-07-31,20,20,5,0.023094688221709007
603776.SH,866,2023-01-03,2026-07-31,20,50,30,0.057736720554272515
603797.SH,866,2023-01-03,2026-07-31,20,20,5,0.023094688221709007
603172.SH,784,2023-05-10,2026-07-31,20,20,5,0.025510204081632654
600580.SH,866,2023-01-03,2026-07-31,20,20,5,0.023094688221709007
001219.SZ,866,2023-01-03,2026-07-31,20,20,5,0.023094688221709007
301167.SZ,866,2023-01-03,2026-07-31,20,20,5,0.023094688221709007
300800.SZ,866,2023-01-03,2026-07-31,20,20,5,0.023094688221709007
688187.SH,866,2023-01-03,2026-07-31,20,20,5,0.023094688221709007
300945.SZ,866,2023-01-03,2026-07-31,20,20,5,0.023094688221709007
002716.SZ,866,2023-01-03,2026-07-31,20,20,5,0.023094688221709007
300071.SZ,866,2023-01-03,2026-07-31,20,20,5,0.023094688221709007
600355.SH,786,2023-01-03,2026-04-03,786,786,786,1.0
300457.SZ,866,2023-01-03,2026-07-31,20,20,5,0.023094688221709007
601882.SH,866,2023-01-03,2026-07-31,20,20,5,0.023094688221709007
300851.SZ,866,2023-01-03,2026-07-31,20,40,20,0.046189376443418015
600372.SH,866,2023-01-03,2026-07-31,20,34,17,0.03926096997690531
603922.SH,866,2023-01-03,2026-07-31,20,42,22,0.04849884526558892
300880.SZ,866,2023-01-03,2026-07-31,20,20,5,0.023094688221709007
001221.SZ,244,2025-07-30,2026-07-31,20,20,5,0.08196721311475409
002054.SZ,866,2023-01-03,2026-07-31,20,20,5,0.023094688221709007
002419.SZ,866,2023-01-03,2026-07-31,20,20,5,0.023094688221709007
300419.SZ,866,2023-01-03,2026-07-31,20,26,11,0.03002309468822171
600618.SH,866,2023-01-03,2026-07-31,20,20,5,0.023094688221709007
000065.SZ,866,2023-01-03,2026-07-31,20,20,5,0.023094688221709007
600261.SH,866,2023-01-03,2026-07-31,20,20,5,0.023094688221709007
688291.SH,866,2023-01-03,2026-07-31,20,38,19,0.04387990762124711
300853.SZ,866,2023-01-03,2026-07-31,20,20,5,0.023094688221709007
300849.SZ,866,2023-01-03,2026-07-31,20,20,5,0.023094688221709007
603661.SH,866,2023-01-03,2026-07-31,20,20,5,0.023094688221709007
301011.SZ,866,2023-01-03,2026-07-31,20,20,5,0.023094688221709007
301311.SZ,866,2023-01-03,2026-07-31,20,20,5,0.023094688221709007
600130.SH,866,2023-01-03,2026-07-31,20,24,9,0.02771362586605081
688561.SH,866,2023-01-03,2026-07-31,20,20,5,0.023094688221709007
002656.SZ,866,2023-01-03,2026-07-31,20,149,105,0.1720554272517321
000692.SZ,866,2023-01-03,2026-07-31,20,24,9,0.02771362586605081
603017.SH,866,2023-01-03,2026-07-31,20,20,5,0.023094688221709007
300900.SZ,866,2023-01-03,2026-07-31,20,20,5,0.023094688221709007
002113.SZ,106,2023-01-03,2023-06-12,106,106,106,1.0
688327.SH,866,2023-01-03,2026-07-31,20,20,5,0.023094688221709007
002767.SZ,866,2023-01-03,2026-07-31,20,20,5,0.023094688221709007
300782.SZ,866,2023-01-03,2026-07-31,20,20,5,0.023094688221709007
300310.SZ,866,2023-01-03,2026-07-31,20,20,5,0.023094688221709007
300428.SZ,866,2023-01-03,2026-07-31,20,20,5,0.023094688221709007
601231.SH,866,2023-01-03,2026-07-31,20,20,5,0.023094688221709007
603231.SH,635,2023-12-15,2026-07-31,20,20,5,0.031496062992125984
000616.SZ,107,2023-01-03,2023-06-13,107,107,107,1.0
300210.SZ,866,2023-01-03,2026-07-31,20,24,9,0.02771362586605081
002918.SZ,866,2023-01-03,2026-07-31,20,20,5,0.023094688221709007
002274.SZ,866,2023-01-03,2026-07-31,20,20,5,0.023094688221709007
002298.SZ,866,2023-01-03,2026-07-31,20,20,5,0.023094688221709007
002397.SZ,866,2023-01-03,2026-07-31,20,20,5,0.023094688221709007
603334.SH,180,2025-11-05,2026-07-31,20,20,5,0.1111111111111111
603073.SH,819,2023-03-16,2026-07-31,20,20,5,0.02442002442002442
001306.SZ,656,2023-11-16,2026-07-31,20,20,5,0.03048780487804878
300185.SZ,866,2023-01-03,2026-07-31,20,24,9,0.02771362586605081
600337.SH,866,2023-01-03,2026-07-31,20,42,22,0.04849884526558892
603370.SH,217,2025-09-05,2026-07-31,20,20,5,0.09216589861751152
301039.SZ,866,2023-01-03,2026-07-31,20,24,9,0.02771362586605081
600418.SH,866,2023-01-03,2026-07-31,20,20,5,0.023094688221709007
688652.SH,647,2023-11-29,2026-07-31,20,20,5,0.030911901081916538
300045.SZ,866,2023-01-03,2026-07-31,20,20,5,0.023094688221709007
300299.SZ,866,2023-01-03,2026-07-31,20,20,5,0.023094688221709007
002029.SZ,866,2023-01-03,2026-07-31,20,20,5,0.023094688221709007
002580.SZ,866,2023-01-03,2026-07-31,20,20,5,0.023094688221709007
300881.SZ,866,2023-01-03,2026-07-31,20,20,5,0.023094688221709007
002782.SZ,866,2023-01-03,2026-07-31,20,20,5,0.023094688221709007
601998.SH,866,2023-01-03,2026-07-31,20,20,5,0.023094688221709007
300842.SZ,866,2023-01-03,2026-07-31,20,20,5,0.023094688221709007
002551.SZ,866,2023-01-03,2026-07-31,20,20,5,0.023094688221709007
000608.SZ,866,2023-01-03,2026-07-31,20,34,19,0.03926096997690531
002971.SZ,866,2023-01-03,2026-07-31,20,20,5,0.023094688221709007
000897.SZ,866,2023-01-03,2026-07-31,20,20,5,0.023094688221709007
002746.SZ,866,2023-01-03,2026-07-31,20,20,5,0.023094688221709007
300324.SZ,866,2023-01-03,2026-07-31,20,20,5,0.023094688221709007
600219.SH,866,2023-01-03,2026-07-31,20,20,5,0.023094688221709007
002277.SZ,866,2023-01-03,2026-07-31,20,44,24,0.050808314087759814
600857.SH,866,2023-01-03,2026-07-31,20,20,5,0.023094688221709007
300594.SZ,866,2023-01-03,2026-07-31,20,22,7,0.025404157043879907
688409.SH,866,2023-01-03,2026-07-31,20,20,5,0.023094688221709007
002487.SZ,866,2023-01-03,2026-07-31,20,20,5,0.023094688221709007
605089.SH,866,2023-01-03,2026-07-31,20,20,5,0.023094688221709007
002376.SZ,866,2023-01-03,2026-07-31,20,20,5,0.023094688221709007
300846.SZ,866,2023-01-03,2026-07-31,20,20,5,0.023094688221709007
603590.SH,866,2023-01-03,2026-07-31,20,20,5,0.023094688221709007
600703.SH,866,2023-01-03,2026-07-31,20,20,5,0.023094688221709007
688425.SH,866,2023-01-03,2026-07-31,20,20,5,0.023094688221709007
002255.SZ,866,2023-01-03,2026-07-31,20,20,5,0.023094688221709007
603317.SH,866,2023-01-03,2026-07-31,20,20,5,0.023094688221709007
002334.SZ,866,2023-01-03,2026-07-31,20,20,5,0.023094688221709007
300938.SZ,866,2023-01-03,2026-07-31,20,20,5,0.023094688221709007
688163.SH,866,2023-01-03,2026-07-31,20,20,5,0.023094688221709007
300906.SZ,866,2023-01-03,2026-07-31,20,20,5,0.023094688221709007
601098.SH,866,2023-01-03,2026-07-31,20,20,5,0.023094688221709007
600641.SH,866,2023-01-03,2026-07-31,20,22,7,0.025404157043879907
002090.SZ,866,2023-01-03,2026-07-31,20,24,9,0.02771362586605081
301127.SZ,866,2023-01-03,2026-07-31,20,20,5,0.023094688221709007
001356.SZ,367,2025-01-23,2026-07-31,20,20,5,0.05449591280653951
603319.SH,866,2023-01-03,2026-07-31,20,20,5,0.023094688221709007
601700.SH,866,2023-01-03,2026-07-31,20,20,5,0.023094688221709007
001896.SZ,866,2023-01-03,2026-07-31,20,20,5,0.023094688221709007
601828.SH,866,2023-01-03,2026-07-31,20,25,14,0.028868360277136258
600425.SH,866,2023-01-03,2026-07-31,20,20,5,0.023094688221709007
300413.SZ,866,2023-01-03,2026-07-31,20,20,5,0.023094688221709007
600354.SH,866,2023-01-03,2026-07-31,20,20,5,0.023094688221709007
601500.SH,866,2023-01-03,2026-07-31,20,28,13,0.03233256351039261
002936.SZ,866,2023-01-03,2026-07-31,20,20,5,0.023094688221709007
301234.SZ,866,2023-01-03,2026-07-31,20,30,20,0.03464203233256351
603435.SH,50,2026-05-22,2026-07-31,20,20,5,0.4
600123.SH,866,2023-01-03,2026-07-31,20,20,5,0.023094688221709007
601816.SH,866,2023-01-03,2026-07-31,20,20,5,0.023094688221709007
301371.SZ,727,2023-08-01,2026-07-31,20,20,5,0.027510316368638238
600351.SH,866,2023-01-03,2026-07-31,20,20,5,0.023094688221709007
600757.SH,866,2023-01-03,2026-07-31,20,20,5,0.023094688221709007
002482.SZ,866,2023-01-03,2026-07-31,20,26,11,0.03002309468822171
000976.SZ,378,2023-01-03,2024-07-25,378,378,378,1.0
001395.SZ,365,2025-01-27,2026-07-31,20,20,5,0.0547945205479452
603190.SH,838,2023-02-17,2026-07-31,20,20,5,0.02386634844868735
002449.SZ,866,2023-01-03,2026-07-31,20,20,5,0.023094688221709007
601199.SH,866,2023-01-03,2026-07-31,20,20,5,0.023094688221709007
000548.SZ,866,2023-01-03,2026-07-31,20,20,5,0.023094688221709007
003018.SZ,866,2023-01-03,2026-07-31,20,20,5,0.023094688221709007
600643.SH,866,2023-01-03,2026-07-31,20,20,5,0.023094688221709007
600965.SH,866,2023-01-03,2026-07-31,20,22,7,0.025404157043879907
603806.SH,866,2023-01-03,2026-07-31,20,20,5,0.023094688221709007
600834.SH,866,2023-01-03,2026-07-31,20,20,5,0.023094688221709007
300451.SZ,866,2023-01-03,2026-07-31,20,30,15,0.03464203233256351
301206.SZ,866,2023-01-03,2026-07-31,20,20,5,0.023094688221709007
301448.SZ,756,2023-06-19,2026-07-31,20,20,5,0.026455026455026454
000928.SZ,866,2023-01-03,2026-07-31,20,20,5,0.023094688221709007
603135.SH,803,2023-04-10,2026-07-31,20,20,5,0.024906600249066
300491.SZ,866,2023-01-03,2026-07-31,20,20,5,0.023094688221709007
688635.SH,47,2026-05-27,2026-07-31,20,20,5,0.425531914893617
688038.SH,866,2023-01-03,2026-07-31,20,40,20,0.046189376443418015
688353.SH,866,2023-01-03,2026-07-31,20,20,5,0.023094688221709007
603225.SH,866,2023-01-03,2026-07-31,20,20,5,0.023094688221709007
688037.SH,866,2023-01-03,2026-07-31,20,26,11,0.03002309468822171
600999.SH,866,2023-01-03,2026-07-31,20,20,5,0.023094688221709007
600320.SH,866,2023-01-03,2026-07-31,20,20,5,0.023094688221709007
301631.SZ,410,2024-11-22,2026-07-31,20,20,5,0.04878048780487805
600082.SH,866,2023-01-03,2026-07-31,20,22,7,0.025404157043879907
000973.SZ,866,2023-01-03,2026-07-31,20,40,20,0.046189376443418015
601606.SH,866,2023-01-03,2026-07-31,20,20,5,0.023094688221709007
600389.SH,866,2023-01-03,2026-07-31,20,20,5,0.023094688221709007
605081.SH,842,2023-01-03,2026-06-29,20,71,51,0.08432304038004751
600596.SH,866,2023-01-03,2026-07-31,20,20,5,0.023094688221709007
600085.SH,866,2023-01-03,2026-07-31,20,20,5,0.023094688221709007
603268.SH,866,2023-01-03,2026-07-31,20,40,22,0.046189376443418015
688009.SH,866,2023-01-03,2026-07-31,20,20,5,0.023094688221709007
000526.SZ,866,2023-01-03,2026-07-31,20,20,5,0.023094688221709007
000612.SZ,866,2023-01-03,2026-07-31,20,40,20,0.046189376443418015
301508.SZ,645,2023-12-01,2026-07-31,20,20,5,0.031007751937984496
301278.SZ,866,2023-01-03,2026-07-31,20,20,5,0.023094688221709007
002403.SZ,866,2023-01-03,2026-07-31,20,20,5,0.023094688221709007
688459.SH,866,2023-01-03,2026-07-31,20,20,5,0.023094688221709007
300919.SZ,866,2023-01-03,2026-07-31,20,20,5,0.023094688221709007
600262.SH,866,2023-01-03,2026-07-31,20,20,5,0.023094688221709007
000980.SZ,866,2023-01-03,2026-07-31,20,20,5,0.023094688221709007
002039.SZ,866,2023-01-03,2026-07-31,20,20,5,0.023094688221709007
300197.SZ,866,2023-01-03,2026-07-31,20,40,20,0.046189376443418015
300487.SZ,866,2023-01-03,2026-07-31,20,20,5,0.023094688221709007
600521.SH,866,2023-01-03,2026-07-31,20,20,5,0.023094688221709007
002203.SZ,866,2023-01-03,2026-07-31,20,20,5,0.023094688221709007
003003.SZ,866,2023-01-03,2026-07-31,20,20,5,0.023094688221709007
001322.SZ,866,2023-01-03,2026-07-31,20,20,5,0.023094688221709007
600845.SH,866,2023-01-03,2026-07-31,20,20,5,0.023094688221709007
002816.SZ,866,2023-01-03,2026-07-31,20,26,11,0.03002309468822171
601127.SH,866,2023-01-03,2026-07-31,20,20,5,0.023094688221709007
001301.SZ,866,2023-01-03,2026-07-31,20,20,5,0.023094688221709007
300725.SZ,866,2023-01-03,2026-07-31,20,20,5,0.023094688221709007
301595.SZ,295,2025-05-19,2026-07-31,20,20,5,0.06779661016949153
300121.SZ,866,2023-01-03,2026-07-31,20,30,15,0.03464203233256351
603388.SH,690,2023-01-03,2025-11-10,690,690,690,1.0
002625.SZ,866,2023-01-03,2026-07-31,20,20,5,0.023094688221709007
600340.SH,866,2023-01-03,2026-07-31,20,22,7,0.025404157043879907
603380.SH,866,2023-01-03,2026-07-31,20,20,5,0.023094688221709007
300896.SZ,866,2023-01-03,2026-07-31,20,20,5,0.023094688221709007
002317.SZ,866,2023-01-03,2026-07-31,20,20,5,0.023094688221709007
600410.SH,866,2023-01-03,2026-07-31,20,20,5,0.023094688221709007
002137.SZ,866,2023-01-03,2026-07-31,20,20,5,0.023094688221709007
300236.SZ,866,2023-01-03,2026-07-31,20,20,5,0.023094688221709007
301117.SZ,866,2023-01-03,2026-07-31,20,20,5,0.023094688221709007
300478.SZ,866,2023-01-03,2026-07-31,20,24,9,0.02771362586605081
603997.SH,866,2023-01-03,2026-07-31,20,20,5,0.023094688221709007
300838.SZ,866,2023-01-03,2026-07-31,20,20,5,0.023094688221709007
002289.SZ,866,2023-01-03,2026-07-31,20,32,17,0.03695150115473441
600190.SH,615,2023-01-03,2025-07-18,615,615,615,1.0
600297.SH,372,2023-01-03,2024-07-17,372,372,372,1.0
300869.SZ,866,2023-01-03,2026-07-31,20,20,5,0.023094688221709007
003038.SZ,866,2023-01-03,2026-07-31,20,20,5,0.023094688221709007
688595.SH,866,2023-01-03,2026-07-31,20,20,5,0.023094688221709007
300994.SZ,866,2023-01-03,2026-07-31,20,20,5,0.023094688221709007
001223.SZ,866,2023-01-03,2026-07-31,20,20,5,0.023094688221709007
603100.SH,866,2023-01-03,2026-07-31,20,20,5,0.023094688221709007
300403.SZ,866,2023-01-03,2026-07-31,20,20,5,0.023094688221709007
603159.SH,866,2023-01-03,2026-07-31,20,30,15,0.03464203233256351
301316.SZ,866,2023-01-03,2026-07-31,20,40,20,0.046189376443418015
603896.SH,866,2023-01-03,2026-07-31,20,20,5,0.023094688221709007
002488.SZ,866,2023-01-03,2026-07-31,20,20,5,0.023094688221709007
688099.SH,866,2023-01-03,2026-07-31,20,20,5,0.023094688221709007
301006.SZ,866,2023-01-03,2026-07-31,20,20,5,0.023094688221709007
002313.SZ,866,2023-01-03,2026-07-31,20,22,7,0.025404157043879907
300145.SZ,866,2023-01-03,2026-07-31,20,20,5,0.023094688221709007
603237.SH,866,2023-01-03,2026-07-31,20,20,5,0.023094688221709007
300225.SZ,866,2023-01-03,2026-07-31,20,83,53,0.09584295612009237
300760.SZ,866,2023-01-03,2026-07-31,20,20,5,0.023094688221709007
600590.SH,866,2023-01-03,2026-07-31,20,40,20,0.046189376443418015
000718.SZ,866,2023-01-03,2026-07-31,20,20,5,0.023094688221709007
688323.SH,866,2023-01-03,2026-07-31,20,20,5,0.023094688221709007
001228.SZ,866,2023-01-03,2026-07-31,20,20,5,0.023094688221709007
603505.SH,866,2023-01-03,2026-07-31,20,20,5,0.023094688221709007
300908.SZ,866,2023-01-03,2026-07-31,20,20,5,0.023094688221709007
300628.SZ,866,2023-01-03,2026-07-31,20,20,5,0.023094688221709007
688648.SH,659,2023-11-13,2026-07-31,20,20,5,0.030349013657056147
605555.SH,866,2023-01-03,2026-07-31,20,28,13,0.03233256351039261
300426.SZ,866,2023-01-03,2026-07-31,20,20,5,0.023094688221709007
301181.SZ,866,2023-01-03,2026-07-31,20,30,15,0.03464203233256351
000860.SZ,866,2023-01-03,2026-07-31,20,20,5,0.023094688221709007
603933.SH,866,2023-01-03,2026-07-31,20,40,20,0.046189376443418015
688030.SH,866,2023-01-03,2026-07-31,20,20,5,0.023094688221709007
002703.SZ,866,2023-01-03,2026-07-31,20,20,5,0.023094688221709007
002806.SZ,866,2023-01-03,2026-07-31,20,30,15,0.03464203233256351
300965.SZ,866,2023-01-03,2026-07-31,20,62,38,0.07159353348729793
300484.SZ,866,2023-01-03,2026-07-31,20,20,5,0.023094688221709007
002224.SZ,866,2023-01-03,2026-07-31,20,20,5,0.023094688221709007
600682.SH,866,2023-01-03,2026-07-31,20,20,5,0.023094688221709007
002958.SZ,866,2023-01-03,2026-07-31,20,20,5,0.023094688221709007
002608.SZ,866,2023-01-03,2026-07-31,20,20,5,0.023094688221709007
603662.SH,866,2023-01-03,2026-07-31,20,20,5,0.023094688221709007
603335.SH,866,2023-01-03,2026-07-31,20,20,5,0.023094688221709007
300105.SZ,866,2023-01-03,2026-07-31,20,20,5,0.023094688221709007
000565.SZ,866,2023-01-03,2026-07-31,20,20,5,0.023094688221709007
600573.SH,866,2023-01-03,2026-07-31,20,20,5,0.023094688221709007
002111.SZ,866,2023-01-03,2026-07-31,20,20,5,0.023094688221709007
603368.SH,866,2023-01-03,2026-07-31,20,20,5,0.023094688221709007
600403.SH,866,2023-01-03,2026-07-31,20,20,5,0.023094688221709007
002838.SZ,866,2023-01-03,2026-07-31,20,40,20,0.046189376443418015
600168.SH,866,2023-01-03,2026-07-31,20,40,20,0.046189376443418015
688512.SH,780,2023-05-16,2026-07-31,20,20,5,0.02564102564102564
600278.SH,866,2023-01-03,2026-07-31,20,20,5,0.023094688221709007
301468.SZ,733,2023-07-24,2026-07-31,20,20,5,0.027285129604365622
605577.SH,866,2023-01-03,2026-07-31,20,20,5,0.023094688221709007
605003.SH,866,2023-01-03,2026-07-31,20,20,5,0.023094688221709007
601933.SH,866,2023-01-03,2026-07-31,20,20,5,0.023094688221709007
603986.SH,866,2023-01-03,2026-07-31,20,20,5,0.023094688221709007
600031.SH,866,2023-01-03,2026-07-31,20,20,5,0.023094688221709007
003011.SZ,866,2023-01-03,2026-07-31,20,20,5,0.023094688221709007
002811.SZ,866,2023-01-03,2026-07-31,20,20,5,0.023094688221709007
603928.SH,866,2023-01-03,2026-07-31,20,20,5,0.023094688221709007
600306.SH,352,2023-01-03,2024-06-19,352,352,352,1.0
301498.SZ,716,2023-08-16,2026-07-31,20,20,5,0.027932960893854747
002533.SZ,866,2023-01-03,2026-07-31,20,20,5,0.023094688221709007
000557.SZ,866,2023-01-03,2026-07-31,20,20,5,0.023094688221709007
002210.SZ,866,2023-01-03,2026-07-31,20,20,5,0.023094688221709007
002382.SZ,866,2023-01-03,2026-07-31,20,20,5,0.023094688221709007
000893.SZ,866,2023-01-03,2026-07-31,20,20,5,0.023094688221709007
688193.SH,866,2023-01-03,2026-07-31,20,30,15,0.03464203233256351
688210.SH,866,2023-01-03,2026-07-31,20,20,5,0.023094688221709007
603301.SH,866,2023-01-03,2026-07-31,20,20,5,0.023094688221709007
001369.SZ,141,2025-12-30,2026-07-31,20,20,5,0.14184397163120568
603042.SH,866,2023-01-03,2026-07-31,20,34,19,0.03926096997690531
301019.SZ,866,2023-01-03,2026-07-31,20,20,5,0.023094688221709007
603758.SH,866,2023-01-03,2026-07-31,20,38,19,0.04387990762124711
600095.SH,866,2023-01-03,2026-07-31,20,40,20,0.046189376443418015
002829.SZ,866,2023-01-03,2026-07-31,20,20,5,0.023094688221709007
601177.SH,866,2023-01-03,2026-07-31,20,20,5,0.023094688221709007
603718.SH,866,2023-01-03,2026-07-31,20,22,7,0.025404157043879907
605255.SH,866,2023-01-03,2026-07-31,20,79,61,0.09122401847575058
688111.SH,866,2023-01-03,2026-07-31,20,20,5,0.023094688221709007
002219.SZ,866,2023-01-03,2026-07-31,20,20,5,0.023094688221709007
000587.SZ,18,2023-01-03,2023-02-02,18,18,18,1.0
603173.SH,852,2023-01-30,2026-07-31,20,20,5,0.023474178403755867
002035.SZ,866,2023-01-03,2026-07-31,20,20,5,0.023094688221709007
600215.SH,866,2023-01-03,2026-07-31,20,20,5,0.023094688221709007
300632.SZ,866,2023-01-03,2026-07-31,20,20,5,0.023094688221709007
603011.SH,866,2023-01-03,2026-07-31,20,20,5,0.023094688221709007
301449.SZ,146,2025-12-23,2026-07-31,20,20,5,0.136986301369863
300061.SZ,866,2023-01-03,2026-07-31,20,20,5,0.023094688221709007
002529.SZ,866,2023-01-03,2026-07-31,20,33,19,0.03810623556581986
600117.SH,866,2023-01-03,2026-07-31,20,26,11,0.03002309468822171
001323.SZ,866,2023-01-03,2026-07-31,20,20,5,0.023094688221709007
301233.SZ,866,2023-01-03,2026-07-31,20,20,5,0.023094688221709007
000650.SZ,866,2023-01-03,2026-07-31,20,20,5,0.023094688221709007
000981.SZ,866,2023-01-03,2026-07-31,20,20,5,0.023094688221709007
002142.SZ,866,2023-01-03,2026-07-31,20,20,5,0.023094688221709007
603324.SH,866,2023-01-03,2026-07-31,20,20,5,0.023094688221709007
600551.SH,866,2023-01-03,2026-07-31,20,20,5,0.023094688221709007
688150.SH,866,2023-01-03,2026-07-31,20,20,5,0.023094688221709007
603188.SH,866,2023-01-03,2026-07-31,20,20,5,0.023094688221709007
002741.SZ,866,2023-01-03,2026-07-31,20,20,5,0.023094688221709007
603900.SH,866,2023-01-03,2026-07-31,20,20,5,0.023094688221709007
603856.SH,866,2023-01-03,2026-07-31,20,20,5,0.023094688221709007
300876.SZ,866,2023-01-03,2026-07-31,20,20,5,0.023094688221709007
001248.SZ,22,2026-07-02,2026-07-31,20,20,5,0.9090909090909091
002841.SZ,866,2023-01-03,2026-07-31,20,20,5,0.023094688221709007
300411.SZ,866,2023-01-03,2026-07-31,20,30,15,0.03464203233256351
688002.SH,866,2023-01-03,2026-07-31,20,20,5,0.023094688221709007
301393.SZ,741,2023-07-12,2026-07-31,20,20,5,0.02699055330634278
300359.SZ,866,2023-01-03,2026-07-31,20,20,5,0.023094688221709007
300201.SZ,866,2023-01-03,2026-07-31,20,22,7,0.025404157043879907
301048.SZ,866,2023-01-03,2026-07-31,20,20,5,0.023094688221709007
002556.SZ,866,2023-01-03,2026-07-31,20,20,5,0.023094688221709007
000058.SZ,866,2023-01-03,2026-07-31,20,20,5,0.023094688221709007
002332.SZ,866,2023-01-03,2026-07-31,20,20,5,0.023094688221709007
300767.SZ,866,2023-01-03,2026-07-31,20,20,5,0.023094688221709007
300907.SZ,866,2023-01-03,2026-07-31,20,20,5,0.023094688221709007
600460.SH,866,2023-01-03,2026-07-31,20,20,5,0.023094688221709007
002179.SZ,866,2023-01-03,2026-07-31,20,20,5,0.023094688221709007
600767.SH,112,2023-01-03,2023-06-20,112,112,112,1.0
600072.SH,866,2023-01-03,2026-07-31,20,20,5,0.023094688221709007
605088.SH,866,2023-01-03,2026-07-31,20,20,5,0.023094688221709007
300449.SZ,866,2023-01-03,2026-07-31,20,40,20,0.046189376443418015
600115.SH,866,2023-01-03,2026-07-31,20,20,5,0.023094688221709007
600691.SH,866,2023-01-03,2026-07-31,20,20,5,0.023094688221709007
600679.SH,866,2023-01-03,2026-07-31,20,20,5,0.023094688221709007
002436.SZ,866,2023-01-03,2026-07-31,20,20,5,0.023094688221709007
688305.SH,866,2023-01-03,2026-07-31,20,20,5,0.023094688221709007
300410.SZ,866,2023-01-03,2026-07-31,20,20,5,0.023094688221709007
300603.SZ,866,2023-01-03,2026-07-31,20,20,5,0.023094688221709007
301622.SZ,402,2024-12-04,2026-07-31,20,20,5,0.04975124378109453
688538.SH,866,2023-01-03,2026-07-31,20,20,5,0.023094688221709007
600395.SH,866,2023-01-03,2026-07-31,20,20,5,0.023094688221709007
000669.SZ,866,2023-01-03,2026-07-31,20,20,5,0.023094688221709007
603828.SH,866,2023-01-03,2026-07-31,20,34,19,0.03926096997690531
301526.SZ,628,2023-12-26,2026-07-31,20,20,5,0.03184713375796178
600010.SH,866,2023-01-03,2026-07-31,20,20,5,0.023094688221709007
600582.SH,866,2023-01-03,2026-07-31,20,20,5,0.023094688221709007
002830.SZ,866,2023-01-03,2026-07-31,20,20,5,0.023094688221709007
300928.SZ,866,2023-01-03,2026-07-31,20,20,5,0.023094688221709007
301486.SZ,744,2023-07-07,2026-07-31,20,40,20,0.053763440860215055
002199.SZ,866,2023-01-03,2026-07-31,20,33,19,0.03810623556581986
002986.SZ,866,2023-01-03,2026-07-31,20,20,5,0.023094688221709007
002102.SZ,866,2023-01-03,2026-07-31,20,24,9,0.02771362586605081
603959.SH,866,2023-01-03,2026-07-31,20,26,11,0.03002309468822171
002366.SZ,866,2023-01-03,2026-07-31,20,22,7,0.025404157043879907
688488.SH,866,2023-01-03,2026-07-31,20,20,5,0.023094688221709007
600676.SH,866,2023-01-03,2026-07-31,20,20,5,0.023094688221709007
688185.SH,866,2023-01-03,2026-07-31,20,20,5,0.023094688221709007
600136.SH,866,2023-01-03,2026-07-31,20,30,15,0.03464203233256351
000988.SZ,866,2023-01-03,2026-07-31,20,20,5,0.023094688221709007
300287.SZ,866,2023-01-03,2026-07-31,20,20,5,0.023094688221709007
000046.SZ,240,2023-01-03,2023-12-27,240,240,240,1.0
002455.SZ,866,2023-01-03,2026-07-31,20,20,5,0.023094688221709007
603699.SH,866,2023-01-03,2026-07-31,20,20,5,0.023094688221709007
301628.SZ,426,2024-10-31,2026-07-31,20,20,5,0.046948356807511735
300323.SZ,866,2023-01-03,2026-07-31,20,20,5,0.023094688221709007
000903.SZ,866,2023-01-03,2026-07-31,20,22,7,0.025404157043879907
688515.SH,843,2023-02-10,2026-07-31,20,20,5,0.02372479240806643
000159.SZ,866,2023-01-03,2026-07-31,20,20,5,0.023094688221709007
301005.SZ,866,2023-01-03,2026-07-31,20,20,5,0.023094688221709007
688358.SH,866,2023-01-03,2026-07-31,20,20,5,0.023094688221709007
603617.SH,866,2023-01-03,2026-07-31,20,20,5,0.023094688221709007
688182.SH,866,2023-01-03,2026-07-31,20,20,5,0.023094688221709007
002577.SZ,866,2023-01-03,2026-07-31,20,20,5,0.023094688221709007
600760.SH,866,2023-01-03,2026-07-31,20,20,5,0.023094688221709007
688600.SH,866,2023-01-03,2026-07-31,20,20,5,0.023094688221709007
001378.SZ,669,2023-10-30,2026-07-31,20,20,5,0.029895366218236172
603344.SH,574,2024-03-20,2026-07-31,20,20,5,0.03484320557491289
301107.SZ,866,2023-01-03,2026-07-31,20,20,5,0.023094688221709007
600110.SH,866,2023-01-03,2026-07-31,20,20,5,0.023094688221709007
002281.SZ,866,2023-01-03,2026-07-31,20,20,5,0.023094688221709007
600883.SH,866,2023-01-03,2026-07-31,20,20,5,0.023094688221709007
605099.SH,866,2023-01-03,2026-07-31,20,20,5,0.023094688221709007
600067.SH,866,2023-01-03,2026-07-31,20,20,5,0.023094688221709007
688795.SH,158,2025-12-05,2026-07-31,20,20,5,0.12658227848101267
002021.SZ,866,2023-01-03,2026-07-31,20,26,11,0.03002309468822171
002956.SZ,866,2023-01-03,2026-07-31,20,20,5,0.023094688221709007
002726.SZ,866,2023-01-03,2026-07-31,20,22,7,0.025404157043879907
603766.SH,866,2023-01-03,2026-07-31,20,20,5,0.023094688221709007
300973.SZ,866,2023-01-03,2026-07-31,20,20,5,0.023094688221709007
002872.SZ,866,2023-01-03,2026-07-31,20,20,5,0.023094688221709007
688519.SH,866,2023-01-03,2026-07-31,20,20,5,0.023094688221709007
301280.SZ,866,2023-01-03,2026-07-31,20,20,5,0.023094688221709007
300435.SZ,866,2023-01-03,2026-07-31,20,20,5,0.023094688221709007
300770.SZ,866,2023-01-03,2026-07-31,20,20,5,0.023094688221709007
688530.SH,543,2024-05-09,2026-07-31,20,20,5,0.03683241252302026
002373.SZ,866,2023-01-03,2026-07-31,20,20,5,0.023094688221709007
300966.SZ,866,2023-01-03,2026-07-31,20,20,5,0.023094688221709007
002379.SZ,866,2023-01-03,2026-07-31,20,40,20,0.046189376443418015
000066.SZ,866,2023-01-03,2026-07-31,20,20,5,0.023094688221709007
603519.SH,866,2023-01-03,2026-07-31,20,20,5,0.023094688221709007
603345.SH,866,2023-01-03,2026-07-31,20,20,5,0.023094688221709007
603983.SH,866,2023-01-03,2026-07-31,20,20,5,0.023094688221709007
601106.SH,866,2023-01-03,2026-07-31,20,20,5,0.023094688221709007
688636.SH,866,2023-01-03,2026-07-31,20,20,5,0.023094688221709007
301307.SZ,793,2023-04-24,2026-07-31,20,20,5,0.025220680958385876
601026.SH,193,2025-10-17,2026-07-31,20,20,5,0.10362694300518134
301098.SZ,866,2023-01-03,2026-07-31,20,20,5,0.023094688221709007
600867.SH,866,2023-01-03,2026-07-31,20,20,5,0.023094688221709007
601021.SH,866,2023-01-03,2026-07-31,20,20,5,0.023094688221709007
600812.SH,866,2023-01-03,2026-07-31,20,20,5,0.023094688221709007
300784.SZ,522,2024-06-07,2026-07-31,20,20,5,0.038314176245210725
300968.SZ,866,2023-01-03,2026-07-31,20,20,5,0.023094688221709007
301025.SZ,866,2023-01-03,2026-07-31,20,30,15,0.03464203233256351
301169.SZ,866,2023-01-03,2026-07-31,20,20,5,0.023094688221709007
002915.SZ,866,2023-01-03,2026-07-31,20,20,5,0.023094688221709007
000970.SZ,866,2023-01-03,2026-07-31,20,20,5,0.023094688221709007
300219.SZ,866,2023-01-03,2026-07-31,20,20,5,0.023094688221709007
688005.SH,866,2023-01-03,2026-07-31,20,26,11,0.03002309468822171
601360.SH,866,2023-01-03,2026-07-31,20,20,5,0.023094688221709007
002774.SZ,866,2023-01-03,2026-07-31,20,20,5,0.023094688221709007
300377.SZ,866,2023-01-03,2026-07-31,20,20,5,0.023094688221709007
600509.SH,866,2023-01-03,2026-07-31,20,20,5,0.023094688221709007
688418.SH,866,2023-01-03,2026-07-31,20,20,5,0.023094688221709007
300328.SZ,866,2023-01-03,2026-07-31,20,20,5,0.023094688221709007
603331.SH,866,2023-01-03,2026-07-31,20,20,5,0.023094688221709007
300011.SZ,866,2023-01-03,2026-07-31,20,20,5,0.023094688221709007
601686.SH,866,2023-01-03,2026-07-31,20,20,5,0.023094688221709007
600710.SH,866,2023-01-03,2026-07-31,20,20,5,0.023094688221709007
603722.SH,866,2023-01-03,2026-07-31,20,30,15,0.03464203233256351
603967.SH,866,2023-01-03,2026-07-31,20,20,5,0.023094688221709007
688266.SH,866,2023-01-03,2026-07-31,20,20,5,0.023094688221709007
688072.SH,866,2023-01-03,2026-07-31,20,35,20,0.04041570438799076
600289.SH,866,2023-01-03,2026-07-31,20,94,65,0.10854503464203233
688785.SH,122,2026-01-28,2026-07-31,20,20,5,0.16393442622950818
300856.SZ,866,2023-01-03,2026-07-31,20,20,5,0.023094688221709007
605011.SH,866,2023-01-03,2026-07-31,20,20,5,0.023094688221709007
603078.SH,866,2023-01-03,2026-07-31,20,30,15,0.03464203233256351
300227.SZ,866,2023-01-03,2026-07-31,20,20,5,0.023094688221709007
002417.SZ,123,2023-01-03,2023-07-07,123,123,123,1.0
300526.SZ,125,2023-01-03,2023-07-11,125,125,125,1.0
300797.SZ,866,2023-01-03,2026-07-31,20,20,5,0.023094688221709007
002797.SZ,866,2023-01-03,2026-07-31,20,20,5,0.023094688221709007
600827.SH,866,2023-01-03,2026-07-31,20,20,5,0.023094688221709007
605128.SH,866,2023-01-03,2026-07-31,20,20,5,0.023094688221709007
600167.SH,866,2023-01-03,2026-07-31,20,20,5,0.023094688221709007
301353.SZ,770,2023-05-30,2026-07-31,20,20,5,0.025974025974025976
688282.SH,866,2023-01-03,2026-07-31,20,24,9,0.02771362586605081
301012.SZ,866,2023-01-03,2026-07-31,20,24,9,0.02771362586605081
300521.SZ,866,2023-01-03,2026-07-31,20,25,15,0.028868360277136258
002697.SZ,866,2023-01-03,2026-07-31,20,30,15,0.03464203233256351
002780.SZ,866,2023-01-03,2026-07-31,20,20,5,0.023094688221709007
600769.SH,866,2023-01-03,2026-07-31,20,20,5,0.023094688221709007
603379.SH,866,2023-01-03,2026-07-31,20,20,5,0.023094688221709007
300298.SZ,866,2023-01-03,2026-07-31,20,20,5,0.023094688221709007
600836.SH,350,2023-01-03,2024-06-17,350,350,350,1.0
601727.SH,866,2023-01-03,2026-07-31,20,20,5,0.023094688221709007
002651.SZ,866,2023-01-03,2026-07-31,20,20,5,0.023094688221709007
603889.SH,866,2023-01-03,2026-07-31,20,20,5,0.023094688221709007
603689.SH,866,2023-01-03,2026-07-31,20,20,5,0.023094688221709007
000156.SZ,866,2023-01-03,2026-07-31,20,20,5,0.023094688221709007
600501.SH,866,2023-01-03,2026-07-31,20,20,5,0.023094688221709007
002825.SZ,866,2023-01-03,2026-07-31,20,30,15,0.03464203233256351
603713.SH,866,2023-01-03,2026-07-31,20,20,5,0.023094688221709007
603759.SH,866,2023-01-03,2026-07-31,20,20,5,0.023094688221709007
002502.SZ,371,2023-01-03,2024-07-16,371,371,371,1.0
002194.SZ,866,2023-01-03,2026-07-31,20,20,5,0.023094688221709007
300247.SZ,866,2023-01-03,2026-07-31,20,20,5,0.023094688221709007
301126.SZ,866,2023-01-03,2026-07-31,20,20,5,0.023094688221709007
002925.SZ,866,2023-01-03,2026-07-31,20,20,5,0.023094688221709007
300566.SZ,866,2023-01-03,2026-07-31,20,20,5,0.023094688221709007
000425.SZ,866,2023-01-03,2026-07-31,20,20,5,0.023094688221709007
001287.SZ,803,2023-04-10,2026-07-31,20,20,5,0.024906600249066
603637.SH,866,2023-01-03,2026-07-31,20,20,5,0.023094688221709007
002707.SZ,866,2023-01-03,2026-07-31,20,20,5,0.023094688221709007
600579.SH,866,2023-01-03,2026-07-31,20,40,20,0.046189376443418015
300904.SZ,721,2023-08-09,2026-07-31,20,20,5,0.027739251040221916
603175.SH,188,2025-10-24,2026-07-31,20,20,5,0.10638297872340426
002510.SZ,866,2023-01-03,2026-07-31,20,36,21,0.04157043879907621
600726.SH,866,2023-01-03,2026-07-31,20,22,7,0.025404157043879907
688378.SH,866,2023-01-03,2026-07-31,20,20,5,0.023094688221709007
001259.SZ,866,2023-01-03,2026-07-31,20,20,5,0.023094688221709007
689009.SH,866,2023-01-03,2026-07-31,20,20,5,0.023094688221709007
000998.SZ,866,2023-01-03,2026-07-31,20,20,5,0.023094688221709007
002773.SZ,866,2023-01-03,2026-07-31,20,20,5,0.023094688221709007
300164.SZ,866,2023-01-03,2026-07-31,20,20,5,0.023094688221709007
002209.SZ,866,2023-01-03,2026-07-31,20,20,5,0.023094688221709007
601333.SH,866,2023-01-03,2026-07-31,20,20,5,0.023094688221709007
300159.SZ,866,2023-01-03,2026-07-31,20,28,13,0.03233256351039261
001234.SZ,866,2023-01-03,2026-07-31,20,20,5,0.023094688221709007
300296.SZ,866,2023-01-03,2026-07-31,20,20,5,0.023094688221709007
000404.SZ,866,2023-01-03,2026-07-31,20,20,5,0.023094688221709007
000606.SZ,121,2023-01-03,2023-07-05,121,121,121,1.0
601949.SH,866,2023-01-03,2026-07-31,20,20,5,0.023094688221709007
603507.SH,866,2023-01-03,2026-07-31,20,20,5,0.023094688221709007
000027.SZ,866,2023-01-03,2026-07-31,20,20,5,0.023094688221709007
002638.SZ,866,2023-01-03,2026-07-31,20,24,9,0.02771362586605081
600936.SH,866,2023-01-03,2026-07-31,20,20,5,0.023094688221709007
002866.SZ,866,2023-01-03,2026-07-31,20,20,5,0.023094688221709007
600179.SH,866,2023-01-03,2026-07-31,20,40,20,0.046189376443418015
600968.SH,866,2023-01-03,2026-07-31,20,20,5,0.023094688221709007
603681.SH,866,2023-01-03,2026-07-31,20,20,5,0.023094688221709007
603559.SH,866,2023-01-03,2026-07-31,20,30,15,0.03464203233256351
603535.SH,866,2023-01-03,2026-07-31,20,20,5,0.023094688221709007
300895.SZ,866,2023-01-03,2026-07-31,20,20,5,0.023094688221709007
603127.SH,866,2023-01-03,2026-07-31,20,20,5,0.023094688221709007
601515.SH,866,2023-01-03,2026-07-31,20,24,9,0.02771362586605081
002997.SZ,866,2023-01-03,2026-07-31,20,20,5,0.023094688221709007
603091.SH,450,2024-09-20,2026-07-31,20,20,5,0.044444444444444446
688362.SH,866,2023-01-03,2026-07-31,20,20,5,0.023094688221709007
603132.SH,866,2023-01-03,2026-07-31,20,20,5,0.023094688221709007
603360.SH,866,2023-01-03,2026-07-31,20,20,5,0.023094688221709007
003037.SZ,866,2023-01-03,2026-07-31,20,20,5,0.023094688221709007
300917.SZ,866,2023-01-03,2026-07-31,20,20,5,0.023094688221709007
301183.SZ,866,2023-01-03,2026-07-31,20,20,5,0.023094688221709007
000677.SZ,866,2023-01-03,2026-07-31,20,22,7,0.025404157043879907
300192.SZ,866,2023-01-03,2026-07-31,20,20,5,0.023094688221709007
600864.SH,866,2023-01-03,2026-07-31,20,20,5,0.023094688221709007
600113.SH,866,2023-01-03,2026-07-31,20,20,5,0.023094688221709007
601163.SH,866,2023-01-03,2026-07-31,20,20,5,0.023094688221709007
300230.SZ,866,2023-01-03,2026-07-31,20,20,5,0.023094688221709007
600162.SH,866,2023-01-03,2026-07-31,20,20,5,0.023094688221709007
002115.SZ,866,2023-01-03,2026-07-31,20,20,5,0.023094688221709007
000919.SZ,866,2023-01-03,2026-07-31,20,20,5,0.023094688221709007
301428.SZ,777,2023-05-19,2026-07-31,20,20,5,0.02574002574002574
300863.SZ,866,2023-01-03,2026-07-31,20,20,5,0.023094688221709007
301333.SZ,866,2023-01-03,2026-07-31,20,20,5,0.023094688221709007
301629.SZ,331,2025-03-24,2026-07-31,20,20,5,0.06042296072507553
600792.SH,866,2023-01-03,2026-07-31,20,20,5,0.023094688221709007
688265.SH,866,2023-01-03,2026-07-31,20,20,5,0.023094688221709007
688498.SH,866,2023-01-03,2026-07-31,20,20,5,0.023094688221709007
001326.SZ,661,2023-11-09,2026-07-31,20,20,5,0.030257186081694403
300718.SZ,866,2023-01-03,2026-07-31,20,20,5,0.023094688221709007
000790.SZ,866,2023-01-03,2026-07-31,20,38,19,0.04387990762124711
301606.SZ,488,2024-07-26,2026-07-31,20,20,5,0.040983606557377046
001288.SZ,866,2023-01-03,2026-07-31,20,20,5,0.023094688221709007
002858.SZ,866,2023-01-03,2026-07-31,20,20,5,0.023094688221709007
601128.SH,866,2023-01-03,2026-07-31,20,20,5,0.023094688221709007
300029.SZ,850,2023-01-03,2026-07-09,20,69,54,0.0811764705882353
688531.SH,808,2023-03-31,2026-07-31,20,40,20,0.04950495049504951
603375.SH,608,2024-01-24,2026-07-31,20,20,5,0.03289473684210526
002861.SZ,866,2023-01-03,2026-07-31,20,20,5,0.023094688221709007
300783.SZ,866,2023-01-03,2026-07-31,20,20,5,0.023094688221709007
000889.SZ,866,2023-01-03,2026-07-31,20,22,7,0.025404157043879907
600525.SH,866,2023-01-03,2026-07-31,20,22,7,0.025404157043879907
605090.SH,866,2023-01-03,2026-07-31,20,20,5,0.023094688221709007
688292.SH,866,2023-01-03,2026-07-31,20,20,5,0.023094688221709007
300369.SZ,866,2023-01-03,2026-07-31,20,20,5,0.023094688221709007
002267.SZ,866,2023-01-03,2026-07-31,20,20,5,0.023094688221709007
600751.SH,866,2023-01-03,2026-07-31,20,20,5,0.023094688221709007
002550.SZ,866,2023-01-03,2026-07-31,20,20,5,0.023094688221709007
300525.SZ,866,2023-01-03,2026-07-31,20,20,5,0.023094688221709007
002183.SZ,866,2023-01-03,2026-07-31,20,20,5,0.023094688221709007
002984.SZ,866,2023-01-03,2026-07-31,20,20,5,0.023094688221709007
600559.SH,866,2023-01-03,2026-07-31,20,20,5,0.023094688221709007
605338.SH,866,2023-01-03,2026-07-31,20,20,5,0.023094688221709007
600830.SH,866,2023-01-03,2026-07-31,20,20,5,0.023094688221709007
000953.SZ,866,2023-01-03,2026-07-31,20,30,15,0.03464203233256351
688676.SH,866,2023-01-03,2026-07-31,20,20,5,0.023094688221709007
603363.SH,866,2023-01-03,2026-07-31,20,24,9,0.02771362586605081
601330.SH,866,2023-01-03,2026-07-31,20,20,5,0.023094688221709007
688569.SH,866,2023-01-03,2026-07-31,20,20,5,0.023094688221709007
300902.SZ,866,2023-01-03,2026-07-31,20,20,5,0.023094688221709007
600327.SH,866,2023-01-03,2026-07-31,20,20,5,0.023094688221709007
601965.SH,866,2023-01-03,2026-07-31,20,20,5,0.023094688221709007
301511.SZ,715,2023-08-17,2026-07-31,20,20,5,0.027972027972027972
002390.SZ,866,2023-01-03,2026-07-31,20,20,5,0.023094688221709007
600644.SH,866,2023-01-03,2026-07-31,20,20,5,0.023094688221709007
300446.SZ,866,2023-01-03,2026-07-31,20,20,5,0.023094688221709007
605599.SH,866,2023-01-03,2026-07-31,20,20,5,0.023094688221709007
301029.SZ,866,2023-01-03,2026-07-31,20,20,5,0.023094688221709007
301500.SZ,690,2023-09-21,2026-07-31,20,20,5,0.028985507246376812
001201.SZ,866,2023-01-03,2026-07-31,20,20,5,0.023094688221709007
000915.SZ,866,2023-01-03,2026-07-31,20,20,5,0.023094688221709007
000965.SZ,866,2023-01-03,2026-07-31,20,20,5,0.023094688221709007
300555.SZ,866,2023-01-03,2026-07-31,20,21,7,0.02424942263279446
688036.SH,866,2023-01-03,2026-07-31,20,20,5,0.023094688221709007
600976.SH,866,2023-01-03,2026-07-31,20,20,5,0.023094688221709007
002888.SZ,866,2023-01-03,2026-07-31,20,20,5,0.023094688221709007
002980.SZ,866,2023-01-03,2026-07-31,20,20,5,0.023094688221709007
300119.SZ,866,2023-01-03,2026-07-31,20,20,5,0.023094688221709007
301076.SZ,866,2023-01-03,2026-07-31,20,20,5,0.023094688221709007
600399.SH,866,2023-01-03,2026-07-31,20,22,7,0.025404157043879907
000672.SZ,866,2023-01-03,2026-07-31,20,20,5,0.023094688221709007
001389.SZ,565,2024-04-02,2026-07-31,20,20,5,0.035398230088495575
300854.SZ,866,2023-01-03,2026-07-31,20,20,5,0.023094688221709007
300995.SZ,866,2023-01-03,2026-07-31,20,20,5,0.023094688221709007
002138.SZ,866,2023-01-03,2026-07-31,20,20,5,0.023094688221709007
002836.SZ,866,2023-01-03,2026-07-31,20,20,5,0.023094688221709007
600126.SH,866,2023-01-03,2026-07-31,20,20,5,0.023094688221709007
301202.SZ,746,2023-07-05,2026-07-31,20,20,5,0.02680965147453083
603701.SH,866,2023-01-03,2026-07-31,20,20,5,0.023094688221709007
603823.SH,866,2023-01-03,2026-07-31,20,20,5,0.023094688221709007
603060.SH,866,2023-01-03,2026-07-31,20,20,5,0.023094688221709007
002664.SZ,866,2023-01-03,2026-07-31,20,20,5,0.023094688221709007
002120.SZ,866,2023-01-03,2026-07-31,20,20,5,0.023094688221709007
600657.SH,866,2023-01-03,2026-07-31,20,20,5,0.023094688221709007
601059.SH,850,2023-02-01,2026-07-31,20,60,30,0.07058823529411765
301591.SZ,589,2024-02-28,2026-07-31,20,20,5,0.03395585738539898
000778.SZ,866,2023-01-03,2026-07-31,20,20,5,0.023094688221709007
600928.SH,866,2023-01-03,2026-07-31,20,20,5,0.023094688221709007
002249.SZ,866,2023-01-03,2026-07-31,20,20,5,0.023094688221709007
301032.SZ,866,2023-01-03,2026-07-31,20,20,5,0.023094688221709007
002290.SZ,866,2023-01-03,2026-07-31,20,20,5,0.023094688221709007
003007.SZ,866,2023-01-03,2026-07-31,20,20,5,0.023094688221709007
300554.SZ,866,2023-01-03,2026-07-31,20,26,11,0.03002309468822171
688429.SH,750,2023-06-29,2026-07-31,20,20,5,0.02666666666666667
600572.SH,866,2023-01-03,2026-07-31,20,20,5,0.023094688221709007
300679.SZ,866,2023-01-03,2026-07-31,20,20,5,0.023094688221709007
000413.SZ,392,2023-01-03,2024-08-14,392,392,392,1.0
605180.SH,866,2023-01-03,2026-07-31,20,20,5,0.023094688221709007
603391.SH,485,2024-07-31,2026-07-31,20,20,5,0.041237113402061855
002729.SZ,866,2023-01-03,2026-07-31,20,30,15,0.03464203233256351
688620.SH,752,2023-06-27,2026-07-31,20,20,5,0.026595744680851064
002444.SZ,866,2023-01-03,2026-07-31,20,20,5,0.023094688221709007
600272.SH,866,2023-01-03,2026-07-31,20,20,5,0.023094688221709007
301073.SZ,866,2023-01-03,2026-07-31,20,30,15,0.03464203233256351
002026.SZ,866,2023-01-03,2026-07-31,20,20,5,0.023094688221709007
688053.SH,866,2023-01-03,2026-07-31,20,22,7,0.025404157043879907
300280.SZ,670,2023-01-03,2025-10-13,670,670,670,1.0
301128.SZ,866,2023-01-03,2026-07-31,20,20,5,0.023094688221709007
600715.SH,866,2023-01-03,2026-07-31,20,26,11,0.03002309468822171
688219.SH,866,2023-01-03,2026-07-31,20,20,5,0.023094688221709007
600462.SH,611,2023-01-03,2025-07-14,611,611,611,1.0
600818.SH,866,2023-01-03,2026-07-31,20,22,7,0.025404157043879907
301001.SZ,866,2023-01-03,2026-07-31,20,20,5,0.023094688221709007
002662.SZ,866,2023-01-03,2026-07-31,20,20,5,0.023094688221709007
600163.SH,866,2023-01-03,2026-07-31,20,20,5,0.023094688221709007
300421.SZ,866,2023-01-03,2026-07-31,20,20,5,0.023094688221709007
603069.SH,866,2023-01-03,2026-07-31,20,30,15,0.03464203233256351
301276.SZ,866,2023-01-03,2026-07-31,20,20,5,0.023094688221709007
600230.SH,866,2023-01-03,2026-07-31,20,20,5,0.023094688221709007
001277.SZ,461,2024-09-03,2026-07-31,20,20,5,0.04338394793926247
301079.SZ,866,2023-01-03,2026-07-31,20,40,20,0.046189376443418015
600592.SH,866,2023-01-03,2026-07-31,20,20,5,0.023094688221709007
688520.SH,866,2023-01-03,2026-07-31,20,20,5,0.023094688221709007
600705.SH,543,2023-01-03,2025-04-02,543,543,543,1.0
002081.SZ,866,2023-01-03,2026-07-31,20,20,5,0.023094688221709007
002320.SZ,866,2023-01-03,2026-07-31,20,20,5,0.023094688221709007
300398.SZ,866,2023-01-03,2026-07-31,20,20,5,0.023094688221709007
002776.SZ,239,2023-01-03,2023-12-26,239,239,239,1.0
300510.SZ,866,2023-01-03,2026-07-31,20,20,5,0.023094688221709007
000012.SZ,866,2023-01-03,2026-07-31,20,20,5,0.023094688221709007
300875.SZ,866,2023-01-03,2026-07-31,20,31,20,0.03579676674364896
300181.SZ,866,2023-01-03,2026-07-31,20,20,5,0.023094688221709007
600143.SH,866,2023-01-03,2026-07-31,20,20,5,0.023094688221709007
603619.SH,866,2023-01-03,2026-07-31,20,20,5,0.023094688221709007
301269.SZ,866,2023-01-03,2026-07-31,20,40,20,0.046189376443418015
603051.SH,866,2023-01-03,2026-07-31,20,20,5,0.023094688221709007
002474.SZ,866,2023-01-03,2026-07-31,20,20,5,0.023094688221709007
605167.SH,866,2023-01-03,2026-07-31,20,20,5,0.023094688221709007
300649.SZ,866,2023-01-03,2026-07-31,20,20,5,0.023094688221709007
603081.SH,866,2023-01-03,2026-07-31,20,20,5,0.023094688221709007
601156.SH,866,2023-01-03,2026-07-31,20,20,5,0.023094688221709007
601595.SH,866,2023-01-03,2026-07-31,20,20,5,0.023094688221709007
000686.SZ,866,2023-01-03,2026-07-31,20,20,5,0.023094688221709007
600367.SH,866,2023-01-03,2026-07-31,20,20,5,0.023094688221709007
301176.SZ,866,2023-01-03,2026-07-31,20,20,5,0.023094688221709007
300665.SZ,866,2023-01-03,2026-07-31,20,32,17,0.03695150115473441
688583.SH,373,2025-01-15,2026-07-31,20,20,5,0.05361930294906166
600461.SH,866,2023-01-03,2026-07-31,20,20,5,0.023094688221709007
300350.SZ,866,2023-01-03,2026-07-31,20,20,5,0.023094688221709007
000533.SZ,866,2023-01-03,2026-07-31,20,20,5,0.023094688221709007
688322.SH,866,2023-01-03,2026-07-31,20,20,5,0.023094688221709007
000670.SZ,866,2023-01-03,2026-07-31,20,60,35,0.06928406466512702
688251.SH,866,2023-01-03,2026-07-31,20,20,5,0.023094688221709007
688679.SH,866,2023-01-03,2026-07-31,20,20,5,0.023094688221709007
000559.SZ,866,2023-01-03,2026-07-31,20,40,20,0.046189376443418015
601688.SH,866,2023-01-03,2026-07-31,20,20,5,0.023094688221709007
000488.SZ,866,2023-01-03,2026-07-31,20,22,7,0.025404157043879907
001391.SZ,384,2024-12-30,2026-07-31,20,20,5,0.052083333333333336
002606.SZ,866,2023-01-03,2026-07-31,20,20,5,0.023094688221709007
000553.SZ,866,2023-01-03,2026-07-31,20,20,5,0.023094688221709007
688022.SH,866,2023-01-03,2026-07-31,20,22,7,0.025404157043879907
601326.SH,866,2023-01-03,2026-07-31,20,20,5,0.023094688221709007
002743.SZ,866,2023-01-03,2026-07-31,20,40,20,0.046189376443418015
603728.SH,866,2023-01-03,2026-07-31,20,20,5,0.023094688221709007
300258.SZ,866,2023-01-03,2026-07-31,20,20,5,0.023094688221709007
002492.SZ,866,2023-01-03,2026-07-31,20,20,5,0.023094688221709007
603291.SH,812,2023-03-27,2026-07-31,20,20,5,0.024630541871921183
002514.SZ,866,2023-01-03,2026-07-31,20,22,7,0.025404157043879907
300376.SZ,866,2023-01-03,2026-07-31,20,24,9,0.02771362586605081
300602.SZ,866,2023-01-03,2026-07-31,20,20,5,0.023094688221709007
300998.SZ,866,2023-01-03,2026-07-31,20,20,5,0.023094688221709007
688088.SH,866,2023-01-03,2026-07-31,20,20,5,0.023094688221709007
600860.SH,866,2023-01-03,2026-07-31,20,20,5,0.023094688221709007
688433.SH,798,2023-04-17,2026-07-31,20,20,5,0.02506265664160401
301397.SZ,751,2023-06-28,2026-07-31,20,20,5,0.02663115845539281
603181.SH,866,2023-01-03,2026-07-31,20,20,5,0.023094688221709007
603667.SH,866,2023-01-03,2026-07-31,20,20,5,0.023094688221709007
002152.SZ,866,2023-01-03,2026-07-31,20,20,5,0.023094688221709007
688737.SH,866,2023-01-03,2026-07-31,20,20,5,0.023094688221709007
300055.SZ,866,2023-01-03,2026-07-31,20,20,5,0.023094688221709007
000615.SZ,866,2023-01-03,2026-07-31,20,28,13,0.03233256351039261
002187.SZ,866,2023-01-03,2026-07-31,20,20,5,0.023094688221709007
002548.SZ,866,2023-01-03,2026-07-31,20,20,5,0.023094688221709007
300235.SZ,866,2023-01-03,2026-07-31,20,20,5,0.023094688221709007
002590.SZ,866,2023-01-03,2026-07-31,20,20,5,0.023094688221709007
300625.SZ,866,2023-01-03,2026-07-31,20,20,5,0.023094688221709007
688750.SH,412,2024-11-20,2026-07-31,20,20,5,0.04854368932038835
300567.SZ,866,2023-01-03,2026-07-31,20,25,15,0.028868360277136258
301277.SZ,866,2023-01-03,2026-07-31,20,20,5,0.023094688221709007
300659.SZ,866,2023-01-03,2026-07-31,20,20,5,0.023094688221709007
000826.SZ,866,2023-01-03,2026-07-31,20,22,7,0.025404157043879907
001367.SZ,803,2023-04-10,2026-07-31,20,20,5,0.024906600249066
301093.SZ,866,2023-01-03,2026-07-31,20,20,5,0.023094688221709007
001280.SZ,160,2025-12-03,2026-07-31,20,20,5,0.125
301356.SZ,866,2023-01-03,2026-07-31,20,20,5,0.023094688221709007
300223.SZ,866,2023-01-03,2026-07-31,20,20,5,0.023094688221709007
600137.SH,866,2023-01-03,2026-07-31,20,20,5,0.023094688221709007
605077.SH,866,2023-01-03,2026-07-31,20,30,15,0.03464203233256351
002299.SZ,866,2023-01-03,2026-07-31,20,20,5,0.023094688221709007
000722.SZ,866,2023-01-03,2026-07-31,20,40,20,0.046189376443418015
688533.SH,866,2023-01-03,2026-07-31,20,20,5,0.023094688221709007
002162.SZ,866,2023-01-03,2026-07-31,20,20,5,0.023094688221709007
300572.SZ,866,2023-01-03,2026-07-31,20,30,15,0.03464203233256351
301339.SZ,866,2023-01-03,2026-07-31,20,20,5,0.023094688221709007
300803.SZ,866,2023-01-03,2026-07-31,20,20,5,0.023094688221709007
300691.SZ,866,2023-01-03,2026-07-31,20,40,20,0.046189376443418015
300667.SZ,866,2023-01-03,2026-07-31,20,20,5,0.023094688221709007
000048.SZ,866,2023-01-03,2026-07-31,20,20,5,0.023094688221709007
002601.SZ,866,2023-01-03,2026-07-31,20,20,5,0.023094688221709007
300469.SZ,866,2023-01-03,2026-07-31,20,20,5,0.023094688221709007
300004.SZ,866,2023-01-03,2026-07-31,20,20,5,0.023094688221709007
300066.SZ,866,2023-01-03,2026-07-31,20,20,5,0.023094688221709007
603383.SH,866,2023-01-03,2026-07-31,20,20,5,0.023094688221709007
688091.SH,866,2023-01-03,2026-07-31,20,20,5,0.023094688221709007
603656.SH,866,2023-01-03,2026-07-31,20,20,5,0.023094688221709007
300111.SZ,866,2023-01-03,2026-07-31,20,40,20,0.046189376443418015
300245.SZ,866,2023-01-03,2026-07-31,20,22,7,0.025404157043879907
002023.SZ,866,2023-01-03,2026-07-31,20,20,5,0.023094688221709007
600021.SH,866,2023-01-03,2026-07-31,20,20,5,0.023094688221709007
300837.SZ,866,2023-01-03,2026-07-31,20,20,5,0.023094688221709007
688486.SH,836,2023-02-21,2026-07-31,20,20,5,0.023923444976076555
600106.SH,866,2023-01-03,2026-07-31,20,20,5,0.023094688221709007
301322.SZ,827,2023-03-06,2026-07-31,20,20,5,0.02418379685610641
002395.SZ,866,2023-01-03,2026-07-31,20,20,5,0.023094688221709007
688523.SH,767,2023-06-02,2026-07-31,20,20,5,0.02607561929595828
000628.SZ,866,2023-01-03,2026-07-31,20,40,20,0.046189376443418015
688697.SH,866,2023-01-03,2026-07-31,20,20,5,0.023094688221709007
688093.SH,866,2023-01-03,2026-07-31,20,20,5,0.023094688221709007
002347.SZ,866,2023-01-03,2026-07-31,20,20,5,0.023094688221709007
603035.SH,866,2023-01-03,2026-07-31,20,20,5,0.023094688221709007
600768.SH,866,2023-01-03,2026-07-31,20,20,5,0.023094688221709007
300575.SZ,866,2023-01-03,2026-07-31,20,20,5,0.023094688221709007
603275.SH,711,2023-08-23,2026-07-31,20,20,5,0.02812939521800281
301446.SZ,732,2023-07-25,2026-07-31,20,20,5,0.0273224043715847
601798.SH,866,2023-01-03,2026-07-31,20,20,5,0.023094688221709007
600226.SH,866,2023-01-03,2026-07-31,20,22,7,0.025404157043879907
002867.SZ,866,2023-01-03,2026-07-31,20,20,5,0.023094688221709007
300264.SZ,866,2023-01-03,2026-07-31,20,30,15,0.03464203233256351
605098.SH,866,2023-01-03,2026-07-31,20,20,5,0.023094688221709007
600905.SH,866,2023-01-03,2026-07-31,20,20,5,0.023094688221709007
301379.SZ,866,2023-01-03,2026-07-31,20,20,5,0.023094688221709007
600575.SH,866,2023-01-03,2026-07-31,20,40,20,0.046189376443418015
688366.SH,866,2023-01-03,2026-07-31,20,20,5,0.023094688221709007
603458.SH,866,2023-01-03,2026-07-31,20,20,5,0.023094688221709007
002258.SZ,866,2023-01-03,2026-07-31,20,20,5,0.023094688221709007
000411.SZ,866,2023-01-03,2026-07-31,20,21,7,0.02424942263279446
605336.SH,866,2023-01-03,2026-07-31,20,22,7,0.025404157043879907
688280.SH,866,2023-01-03,2026-07-31,20,20,5,0.023094688221709007
300301.SZ,866,2023-01-03,2026-07-31,20,22,7,0.025404157043879907
300538.SZ,866,2023-01-03,2026-07-31,20,20,5,0.023094688221709007
603906.SH,866,2023-01-03,2026-07-31,20,20,5,0.023094688221709007
301592.SZ,431,2024-10-24,2026-07-31,20,20,5,0.04640371229698376
603486.SH,866,2023-01-03,2026-07-31,20,20,5,0.023094688221709007
688296.SH,866,2023-01-03,2026-07-31,20,20,5,0.023094688221709007
300135.SZ,866,2023-01-03,2026-07-31,20,31,21,0.03579676674364896
002966.SZ,866,2023-01-03,2026-07-31,20,20,5,0.023094688221709007
300985.SZ,866,2023-01-03,2026-07-31,20,20,5,0.023094688221709007
002859.SZ,866,2023-01-03,2026-07-31,20,40,20,0.046189376443418015
605179.SH,866,2023-01-03,2026-07-31,20,20,5,0.023094688221709007
603359.SH,866,2023-01-03,2026-07-31,20,42,22,0.04849884526558892
300476.SZ,866,2023-01-03,2026-07-31,20,20,5,0.023094688221709007
300688.SZ,866,2023-01-03,2026-07-31,20,40,20,0.046189376443418015
603595.SH,866,2023-01-03,2026-07-31,20,22,7,0.025404157043879907
002634.SZ,866,2023-01-03,2026-07-31,20,22,7,0.025404157043879907
002341.SZ,361,2023-01-03,2024-07-02,361,361,361,1.0
600150.SH,866,2023-01-03,2026-07-31,20,48,28,0.05542725173210162
600269.SH,866,2023-01-03,2026-07-31,20,20,5,0.023094688221709007
002448.SZ,866,2023-01-03,2026-07-31,20,20,5,0.023094688221709007
002594.SZ,866,2023-01-03,2026-07-31,20,20,5,0.023094688221709007
002906.SZ,866,2023-01-03,2026-07-31,20,20,5,0.023094688221709007
300473.SZ,866,2023-01-03,2026-07-31,20,36,18,0.04157043879907621
002048.SZ,866,2023-01-03,2026-07-31,20,20,5,0.023094688221709007
603076.SH,866,2023-01-03,2026-07-31,20,20,5,0.023094688221709007
600483.SH,866,2023-01-03,2026-07-31,20,20,5,0.023094688221709007
601168.SH,866,2023-01-03,2026-07-31,20,20,5,0.023094688221709007
300746.SZ,866,2023-01-03,2026-07-31,20,24,9,0.02771362586605081
000049.SZ,866,2023-01-03,2026-07-31,20,32,16,0.03695150115473441
600598.SH,866,2023-01-03,2026-07-31,20,20,5,0.023094688221709007
301515.SZ,732,2023-07-25,2026-07-31,20,20,5,0.0273224043715847
603262.SH,249,2025-07-23,2026-07-31,20,20,5,0.08032128514056225
688582.SH,749,2023-06-30,2026-07-31,20,20,5,0.0267022696929239
300753.SZ,866,2023-01-03,2026-07-31,20,20,5,0.023094688221709007
002012.SZ,866,2023-01-03,2026-07-31,20,20,5,0.023094688221709007
605168.SH,866,2023-01-03,2026-07-31,20,20,5,0.023094688221709007
300063.SZ,866,2023-01-03,2026-07-31,20,20,5,0.023094688221709007
601598.SH,866,2023-01-03,2026-07-31,20,20,5,0.023094688221709007
603588.SH,866,2023-01-03,2026-07-31,20,20,5,0.023094688221709007
001328.SZ,803,2023-04-10,2026-07-31,20,20,5,0.024906600249066
600121.SH,866,2023-01-03,2026-07-31,20,20,5,0.023094688221709007
688177.SH,866,2023-01-03,2026-07-31,20,20,5,0.023094688221709007
000802.SZ,866,2023-01-03,2026-07-31,20,20,5,0.023094688221709007
688398.SH,866,2023-01-03,2026-07-31,20,20,5,0.023094688221709007
600648.SH,866,2023-01-03,2026-07-31,20,20,5,0.023094688221709007
603248.SH,146,2025-12-23,2026-07-31,20,20,5,0.136986301369863
301009.SZ,866,2023-01-03,2026-07-31,20,20,5,0.023094688221709007
600780.SH,866,2023-01-03,2026-07-31,20,20,5,0.023094688221709007
601336.SH,866,2023-01-03,2026-07-31,20,20,5,0.023094688221709007
300809.SZ,866,2023-01-03,2026-07-31,20,20,5,0.023094688221709007
603308.SH,866,2023-01-03,2026-07-31,20,20,5,0.023094688221709007
000521.SZ,866,2023-01-03,2026-07-31,20,20,5,0.023094688221709007
300539.SZ,866,2023-01-03,2026-07-31,20,20,5,0.023094688221709007
000949.SZ,866,2023-01-03,2026-07-31,20,20,5,0.023094688221709007
002929.SZ,866,2023-01-03,2026-07-31,20,20,5,0.023094688221709007
002213.SZ,866,2023-01-03,2026-07-31,20,20,5,0.023094688221709007
002300.SZ,866,2023-01-03,2026-07-31,20,20,5,0.023094688221709007
000651.SZ,866,2023-01-03,2026-07-31,20,20,5,0.023094688221709007
600558.SH,866,2023-01-03,2026-07-31,20,20,5,0.023094688221709007
000717.SZ,866,2023-01-03,2026-07-31,20,20,5,0.023094688221709007
002856.SZ,866,2023-01-03,2026-07-31,20,22,7,0.025404157043879907
600156.SH,866,2023-01-03,2026-07-31,20,40,20,0.046189376443418015
603912.SH,866,2023-01-03,2026-07-31,20,20,5,0.023094688221709007
688329.SH,866,2023-01-03,2026-07-31,20,20,5,0.023094688221709007
300884.SZ,866,2023-01-03,2026-07-31,20,20,5,0.023094688221709007
300133.SZ,866,2023-01-03,2026-07-31,20,20,5,0.023094688221709007
002496.SZ,866,2023-01-03,2026-07-31,20,24,9,0.02771362586605081
300147.SZ,866,2023-01-03,2026-07-31,20,24,9,0.02771362586605081
600391.SH,866,2023-01-03,2026-07-31,20,20,5,0.023094688221709007
600446.SH,866,2023-01-03,2026-07-31,20,50,30,0.057736720554272515
688818.SH,113,2026-02-10,2026-07-31,20,20,5,0.17699115044247787
300309.SZ,96,2023-01-03,2023-05-29,96,96,96,1.0
002280.SZ,357,2023-01-03,2024-06-26,357,357,357,1.0
300697.SZ,866,2023-01-03,2026-07-31,20,28,13,0.03233256351039261
002896.SZ,866,2023-01-03,2026-07-31,20,20,5,0.023094688221709007
688395.SH,866,2023-01-03,2026-07-31,20,20,5,0.023094688221709007
001313.SZ,866,2023-01-03,2026-07-31,20,20,5,0.023094688221709007
301583.SZ,16,2026-07-10,2026-07-31,16,16,5,1.0
300387.SZ,866,2023-01-03,2026-07-31,20,20,5,0.023094688221709007
600279.SH,866,2023-01-03,2026-07-31,20,20,5,0.023094688221709007
301036.SZ,866,2023-01-03,2026-07-31,20,20,5,0.023094688221709007
300124.SZ,866,2023-01-03,2026-07-31,20,20,5,0.023094688221709007
603008.SH,866,2023-01-03,2026-07-31,20,22,7,0.025404157043879907
002112.SZ,866,2023-01-03,2026-07-31,20,20,5,0.023094688221709007
002585.SZ,866,2023-01-03,2026-07-31,20,20,5,0.023094688221709007
300327.SZ,866,2023-01-03,2026-07-31,20,22,7,0.025404157043879907
600370.SH,866,2023-01-03,2026-07-31,20,22,7,0.025404157043879907
600819.SH,866,2023-01-03,2026-07-31,20,20,5,0.023094688221709007
300171.SZ,866,2023-01-03,2026-07-31,20,20,5,0.023094688221709007
300237.SZ,866,2023-01-03,2026-07-31,20,22,7,0.025404157043879907
688156.SH,866,2023-01-03,2026-07-31,20,20,5,0.023094688221709007
688273.SH,866,2023-01-03,2026-07-31,20,20,5,0.023094688221709007
002989.SZ,866,2023-01-03,2026-07-31,20,24,9,0.02771362586605081
001400.SZ,309,2025-04-24,2026-07-31,20,20,5,0.06472491909385113
301090.SZ,866,2023-01-03,2026-07-31,20,20,5,0.023094688221709007
688071.SH,866,2023-01-03,2026-07-31,20,20,5,0.023094688221709007
300991.SZ,866,2023-01-03,2026-07-31,20,20,5,0.023094688221709007
600771.SH,866,2023-01-03,2026-07-31,20,20,5,0.023094688221709007
002285.SZ,866,2023-01-03,2026-07-31,20,20,5,0.023094688221709007
688700.SH,866,2023-01-03,2026-07-31,20,20,5,0.023094688221709007
002712.SZ,866,2023-01-03,2026-07-31,20,20,5,0.023094688221709007
300444.SZ,866,2023-01-03,2026-07-31,20,20,5,0.023094688221709007
300949.SZ,866,2023-01-03,2026-07-31,20,20,5,0.023094688221709007
000590.SZ,866,2023-01-03,2026-07-31,20,20,5,0.023094688221709007
300790.SZ,866,2023-01-03,2026-07-31,20,20,5,0.023094688221709007
300205.SZ,866,2023-01-03,2026-07-31,20,24,9,0.02771362586605081
000851.SZ,665,2023-01-03,2025-09-26,665,665,665,1.0
300978.SZ,866,2023-01-03,2026-07-31,20,20,5,0.023094688221709007
603585.SH,866,2023-01-03,2026-07-31,20,20,5,0.023094688221709007
300592.SZ,866,2023-01-03,2026-07-31,20,20,5,0.023094688221709007
300257.SZ,866,2023-01-03,2026-07-31,20,20,5,0.023094688221709007
002134.SZ,866,2023-01-03,2026-07-31,20,20,5,0.023094688221709007
002154.SZ,866,2023-01-03,2026-07-31,20,20,5,0.023094688221709007
688981.SH,866,2023-01-03,2026-07-31,20,32,16,0.03695150115473441
600207.SH,866,2023-01-03,2026-07-31,20,20,5,0.023094688221709007
688067.SH,866,2023-01-03,2026-07-31,20,20,5,0.023094688221709007
603378.SH,866,2023-01-03,2026-07-31,20,22,7,0.025404157043879907
002237.SZ,866,2023-01-03,2026-07-31,20,20,5,0.023094688221709007
605365.SH,866,2023-01-03,2026-07-31,20,20,5,0.023094688221709007
300208.SZ,615,2023-01-03,2025-07-18,615,615,615,1.0
002788.SZ,866,2023-01-03,2026-07-31,20,20,5,0.023094688221709007
600708.SH,866,2023-01-03,2026-07-31,20,20,5,0.023094688221709007
300331.SZ,866,2023-01-03,2026-07-31,20,20,5,0.023094688221709007
000997.SZ,866,2023-01-03,2026-07-31,20,20,5,0.023094688221709007
300356.SZ,126,2023-01-03,2023-07-12,126,126,126,1.0
688696.SH,866,2023-01-03,2026-07-31,20,20,5,0.023094688221709007
603041.SH,866,2023-01-03,2026-07-31,20,20,5,0.023094688221709007
301102.SZ,866,2023-01-03,2026-07-31,20,20,5,0.023094688221709007
300798.SZ,866,2023-01-03,2026-07-31,20,20,5,0.023094688221709007
000683.SZ,866,2023-01-03,2026-07-31,20,20,5,0.023094688221709007
002122.SZ,866,2023-01-03,2026-07-31,20,25,10,0.028868360277136258
300964.SZ,866,2023-01-03,2026-07-31,20,20,5,0.023094688221709007
002778.SZ,866,2023-01-03,2026-07-31,20,30,15,0.03464203233256351
300987.SZ,866,2023-01-03,2026-07-31,20,20,5,0.023094688221709007
688203.SH,866,2023-01-03,2026-07-31,20,20,5,0.023094688221709007
600428.SH,866,2023-01-03,2026-07-31,20,20,5,0.023094688221709007
688285.SH,866,2023-01-03,2026-07-31,20,20,5,0.023094688221709007
603021.SH,866,2023-01-03,2026-07-31,20,24,9,0.02771362586605081
600935.SH,866,2023-01-03,2026-07-31,20,20,5,0.023094688221709007
603111.SH,866,2023-01-03,2026-07-31,20,20,5,0.023094688221709007
002621.SZ,348,2023-01-03,2024-06-13,348,348,348,1.0
603206.SH,866,2023-01-03,2026-07-31,20,20,5,0.023094688221709007
600869.SH,866,2023-01-03,2026-07-31,20,20,5,0.023094688221709007
600475.SH,866,2023-01-03,2026-07-31,20,20,5,0.023094688221709007
001319.SZ,866,2023-01-03,2026-07-31,20,20,5,0.023094688221709007
601229.SH,866,2023-01-03,2026-07-31,20,20,5,0.023094688221709007
300921.SZ,866,2023-01-03,2026-07-31,20,20,5,0.023094688221709007
603648.SH,866,2023-01-03,2026-07-31,20,20,5,0.023094688221709007
688087.SH,866,2023-01-03,2026-07-31,20,20,5,0.023094688221709007
002484.SZ,866,2023-01-03,2026-07-31,20,20,5,0.023094688221709007
600983.SH,866,2023-01-03,2026-07-31,20,22,7,0.025404157043879907
600584.SH,866,2023-01-03,2026-07-31,20,30,15,0.03464203233256351
600588.SH,866,2023-01-03,2026-07-31,20,20,5,0.023094688221709007
300916.SZ,866,2023-01-03,2026-07-31,20,20,5,0.023094688221709007
000551.SZ,866,2023-01-03,2026-07-31,20,20,5,0.023094688221709007
300771.SZ,866,2023-01-03,2026-07-31,20,20,5,0.023094688221709007
000725.SZ,866,2023-01-03,2026-07-31,20,20,5,0.023094688221709007
002192.SZ,866,2023-01-03,2026-07-31,20,20,5,0.023094688221709007
002119.SZ,866,2023-01-03,2026-07-31,20,20,5,0.023094688221709007
002016.SZ,866,2023-01-03,2026-07-31,20,28,13,0.03233256351039261
603809.SH,866,2023-01-03,2026-07-31,20,20,5,0.023094688221709007
300801.SZ,866,2023-01-03,2026-07-31,20,20,5,0.023094688221709007
300059.SZ,866,2023-01-03,2026-07-31,20,20,5,0.023094688221709007
600281.SH,866,2023-01-03,2026-07-31,20,20,5,0.023094688221709007
603053.SH,866,2023-01-03,2026-07-31,20,20,5,0.023094688221709007
300517.SZ,866,2023-01-03,2026-07-31,20,20,5,0.023094688221709007
601628.SH,866,2023-01-03,2026-07-31,20,20,5,0.023094688221709007
002164.SZ,866,2023-01-03,2026-07-31,20,20,5,0.023094688221709007
300589.SZ,866,2023-01-03,2026-07-31,20,20,5,0.023094688221709007
002270.SZ,866,2023-01-03,2026-07-31,20,20,5,0.023094688221709007
001696.SZ,866,2023-01-03,2026-07-31,20,20,5,0.023094688221709007
300003.SZ,866,2023-01-03,2026-07-31,20,20,5,0.023094688221709007
688507.SH,797,2023-04-18,2026-07-31,20,20,5,0.025094102885821833
002009.SZ,866,2023-01-03,2026-07-31,20,20,5,0.023094688221709007
600774.SH,866,2023-01-03,2026-07-31,20,26,11,0.03002309468822171
603979.SH,866,2023-01-03,2026-07-31,20,20,5,0.023094688221709007
600560.SH,866,2023-01-03,2026-07-31,20,20,5,0.023094688221709007
600060.SH,866,2023-01-03,2026-07-31,20,20,5,0.023094688221709007
600201.SH,866,2023-01-03,2026-07-31,20,20,5,0.023094688221709007
688386.SH,866,2023-01-03,2026-07-31,20,20,5,0.023094688221709007
300948.SZ,866,2023-01-03,2026-07-31,20,30,15,0.03464203233256351
002322.SZ,866,2023-01-03,2026-07-31,20,20,5,0.023094688221709007
600116.SH,866,2023-01-03,2026-07-31,20,20,5,0.023094688221709007
000816.SZ,866,2023-01-03,2026-07-31,20,20,5,0.023094688221709007
301060.SZ,866,2023-01-03,2026-07-31,20,20,5,0.023094688221709007
300425.SZ,866,2023-01-03,2026-07-31,20,20,5,0.023094688221709007
301525.SZ,706,2023-08-30,2026-07-31,20,20,5,0.028328611898016998
603338.SH,866,2023-01-03,2026-07-31,20,20,5,0.023094688221709007
000786.SZ,866,2023-01-03,2026-07-31,20,20,5,0.023094688221709007
688220.SH,866,2023-01-03,2026-07-31,20,20,5,0.023094688221709007
002068.SZ,866,2023-01-03,2026-07-31,20,20,5,0.023094688221709007
002935.SZ,866,2023-01-03,2026-07-31,20,20,5,0.023094688221709007
600459.SH,866,2023-01-03,2026-07-31,20,20,5,0.023094688221709007
601878.SH,866,2023-01-03,2026-07-31,20,20,5,0.023094688221709007
688651.SH,731,2023-07-26,2026-07-31,20,20,5,0.027359781121751026
000708.SZ,866,2023-01-03,2026-07-31,20,20,5,0.023094688221709007
688115.SH,866,2023-01-03,2026-07-31,20,40,20,0.046189376443418015
688135.SH,866,2023-01-03,2026-07-31,20,20,5,0.023094688221709007
300140.SZ,866,2023-01-03,2026-07-31,20,20,5,0.023094688221709007
600073.SH,866,2023-01-03,2026-07-31,20,20,5,0.023094688221709007
300093.SZ,866,2023-01-03,2026-07-31,20,26,11,0.03002309468822171
300470.SZ,866,2023-01-03,2026-07-31,20,20,5,0.023094688221709007
688755.SH,296,2025-05-16,2026-07-31,20,20,5,0.06756756756756757
000031.SZ,866,2023-01-03,2026-07-31,20,20,5,0.023094688221709007
000932.SZ,866,2023-01-03,2026-07-31,20,20,5,0.023094688221709007
603136.SH,866,2023-01-03,2026-07-31,20,20,5,0.023094688221709007
003004.SZ,866,2023-01-03,2026-07-31,20,24,9,0.02771362586605081
000856.SZ,866,2023-01-03,2026-07-31,20,20,5,0.023094688221709007
603278.SH,866,2023-01-03,2026-07-31,20,20,5,0.023094688221709007
688381.SH,866,2023-01-03,2026-07-31,20,40,20,0.046189376443418015
603611.SH,866,2023-01-03,2026-07-31,20,20,5,0.023094688221709007
000731.SZ,866,2023-01-03,2026-07-31,20,20,5,0.023094688221709007
600273.SH,866,2023-01-03,2026-07-31,20,20,5,0.023094688221709007
603633.SH,866,2023-01-03,2026-07-31,20,20,5,0.023094688221709007
002174.SZ,866,2023-01-03,2026-07-31,20,20,5,0.023094688221709007
688698.SH,866,2023-01-03,2026-07-31,20,20,5,0.023094688221709007
603931.SH,866,2023-01-03,2026-07-31,20,20,5,0.023094688221709007
002615.SZ,866,2023-01-03,2026-07-31,20,20,5,0.023094688221709007
688367.SH,866,2023-01-03,2026-07-31,20,20,5,0.023094688221709007
600491.SH,866,2023-01-03,2026-07-31,20,38,27,0.04387990762124711
300599.SZ,866,2023-01-03,2026-07-31,20,20,5,0.023094688221709007
300203.SZ,866,2023-01-03,2026-07-31,20,20,5,0.023094688221709007
000402.SZ,866,2023-01-03,2026-07-31,20,20,5,0.023094688221709007
300081.SZ,866,2023-01-03,2026-07-31,20,22,7,0.025404157043879907
002360.SZ,866,2023-01-03,2026-07-31,20,22,7,0.025404157043879907
603970.SH,866,2023-01-03,2026-07-31,20,20,5,0.023094688221709007
600847.SH,866,2023-01-03,2026-07-31,20,22,7,0.025404157043879907
605066.SH,866,2023-01-03,2026-07-31,20,20,5,0.023094688221709007
301539.SZ,558,2024-04-15,2026-07-31,20,20,5,0.035842293906810034
000898.SZ,866,2023-01-03,2026-07-31,20,20,5,0.023094688221709007
688601.SH,866,2023-01-03,2026-07-31,20,20,5,0.023094688221709007
001872.SZ,866,2023-01-03,2026-07-31,20,20,5,0.023094688221709007
688720.SH,642,2023-12-06,2026-07-31,20,40,20,0.06230529595015576
600080.SH,866,2023-01-03,2026-07-31,20,22,7,0.025404157043879907
601133.SH,803,2023-04-10,2026-07-31,20,26,11,0.0323785803237858
000685.SZ,866,2023-01-03,2026-07-31,20,20,5,0.023094688221709007
600600.SH,866,2023-01-03,2026-07-31,20,20,5,0.023094688221709007
002328.SZ,866,2023-01-03,2026-07-31,20,20,5,0.023094688221709007
600017.SH,866,2023-01-03,2026-07-31,20,20,5,0.023094688221709007
301230.SZ,866,2023-01-03,2026-07-31,20,20,5,0.023094688221709007
600276.SH,866,2023-01-03,2026-07-31,20,20,5,0.023094688221709007
301155.SZ,866,2023-01-03,2026-07-31,20,20,5,0.023094688221709007
301133.SZ,866,2023-01-03,2026-07-31,20,20,5,0.023094688221709007
300597.SZ,866,2023-01-03,2026-07-31,20,20,5,0.023094688221709007
300541.SZ,866,2023-01-03,2026-07-31,20,20,5,0.023094688221709007
603616.SH,866,2023-01-03,2026-07-31,20,40,20,0.046189376443418015
603185.SH,866,2023-01-03,2026-07-31,20,20,5,0.023094688221709007
301599.SZ,63,2026-04-30,2026-07-31,20,20,5,0.31746031746031744
002110.SZ,866,2023-01-03,2026-07-31,20,20,5,0.023094688221709007
601200.SH,866,2023-01-03,2026-07-31,20,20,5,0.023094688221709007
600516.SH,866,2023-01-03,2026-07-31,20,20,5,0.023094688221709007
301682.SZ,88,2026-03-25,2026-07-31,20,20,5,0.22727272727272727
688023.SH,866,2023-01-03,2026-07-31,20,20,5,0.023094688221709007
301137.SZ,866,2023-01-03,2026-07-31,20,20,5,0.023094688221709007
301601.SZ,373,2025-01-15,2026-07-31,20,20,5,0.05361930294906166
601328.SH,866,2023-01-03,2026-07-31,20,20,5,0.023094688221709007
605186.SH,866,2023-01-03,2026-07-31,20,20,5,0.023094688221709007
002095.SZ,866,2023-01-03,2026-07-31,20,20,5,0.023094688221709007
300042.SZ,866,2023-01-03,2026-07-31,20,20,5,0.023094688221709007
300096.SZ,866,2023-01-03,2026-07-31,20,22,7,0.025404157043879907
300343.SZ,866,2023-01-03,2026-07-31,20,24,9,0.02771362586605081
002645.SZ,866,2023-01-03,2026-07-31,20,20,5,0.023094688221709007
600500.SH,866,2023-01-03,2026-07-31,20,38,19,0.04387990762124711
301458.SZ,376,2025-01-10,2026-07-31,20,20,5,0.05319148936170213
688199.SH,866,2023-01-03,2026-07-31,20,20,5,0.023094688221709007
688787.SH,866,2023-01-03,2026-07-31,20,20,5,0.023094688221709007
002338.SZ,866,2023-01-03,2026-07-31,20,20,5,0.023094688221709007
002574.SZ,866,2023-01-03,2026-07-31,20,20,5,0.023094688221709007
300418.SZ,866,2023-01-03,2026-07-31,20,20,5,0.023094688221709007
301548.SZ,691,2023-09-20,2026-07-31,20,20,5,0.02894356005788712
300852.SZ,866,2023-01-03,2026-07-31,20,20,5,0.023094688221709007
688006.SH,866,2023-01-03,2026-07-31,20,20,5,0.023094688221709007
300213.SZ,866,2023-01-03,2026-07-31,20,20,5,0.023094688221709007
600196.SH,866,2023-01-03,2026-07-31,20,20,5,0.023094688221709007
301172.SZ,731,2023-07-26,2026-07-31,20,20,5,0.027359781121751026
600030.SH,866,2023-01-03,2026-07-31,20,20,5,0.023094688221709007
000617.SZ,866,2023-01-03,2026-07-31,20,20,5,0.023094688221709007
600855.SH,866,2023-01-03,2026-07-31,20,20,5,0.023094688221709007
603219.SH,866,2023-01-03,2026-07-31,20,20,5,0.023094688221709007
000729.SZ,866,2023-01-03,2026-07-31,20,20,5,0.023094688221709007
600565.SH,354,2023-01-03,2024-06-21,354,354,354,1.0
688027.SH,866,2023-01-03,2026-07-31,20,28,13,0.03233256351039261
301298.SZ,866,2023-01-03,2026-07-31,20,20,5,0.023094688221709007
300820.SZ,866,2023-01-03,2026-07-31,20,20,5,0.023094688221709007
002911.SZ,866,2023-01-03,2026-07-31,20,20,5,0.023094688221709007
300930.SZ,866,2023-01-03,2026-07-31,20,20,5,0.023094688221709007
688562.SH,774,2023-05-24,2026-07-31,20,20,5,0.025839793281653745
301289.SZ,866,2023-01-03,2026-07-31,20,20,5,0.023094688221709007
600568.SH,866,2023-01-03,2026-07-31,20,20,5,0.023094688221709007
688028.SH,866,2023-01-03,2026-07-31,20,20,5,0.023094688221709007
603277.SH,866,2023-01-03,2026-07-31,20,20,5,0.023094688221709007
002216.SZ,866,2023-01-03,2026-07-31,20,20,5,0.023094688221709007
002355.SZ,866,2023-01-03,2026-07-31,20,20,5,0.023094688221709007
600393.SH,104,2023-01-03,2023-06-08,104,104,104,1.0
301291.SZ,749,2023-06-30,2026-07-31,20,20,5,0.0267022696929239
300434.SZ,866,2023-01-03,2026-07-31,20,20,5,0.023094688221709007
000957.SZ,866,2023-01-03,2026-07-31,20,20,5,0.023094688221709007
002429.SZ,866,2023-01-03,2026-07-31,20,20,5,0.023094688221709007
002458.SZ,866,2023-01-03,2026-07-31,20,20,5,0.023094688221709007
601216.SH,866,2023-01-03,2026-07-31,20,20,5,0.023094688221709007
600984.SH,866,2023-01-03,2026-07-31,20,20,5,0.023094688221709007
002256.SZ,866,2023-01-03,2026-07-31,20,20,5,0.023094688221709007
300485.SZ,866,2023-01-03,2026-07-31,20,20,5,0.023094688221709007
600790.SH,866,2023-01-03,2026-07-31,20,20,5,0.023094688221709007
300089.SZ,126,2023-01-03,2023-07-12,126,126,126,1.0
300153.SZ,866,2023-01-03,2026-07-31,20,20,5,0.023094688221709007
688190.SH,866,2023-01-03,2026-07-31,20,20,5,0.023094688221709007
688206.SH,866,2023-01-03,2026-07-31,20,40,20,0.046189376443418015
603992.SH,866,2023-01-03,2026-07-31,20,20,5,0.023094688221709007
300191.SZ,866,2023-01-03,2026-07-31,20,20,5,0.023094688221709007
600661.SH,866,2023-01-03,2026-07-31,20,20,5,0.023094688221709007
002518.SZ,866,2023-01-03,2026-07-31,20,20,5,0.023094688221709007
000035.SZ,866,2023-01-03,2026-07-31,20,20,5,0.023094688221709007
000420.SZ,866,2023-01-03,2026-07-31,20,20,5,0.023094688221709007
002454.SZ,866,2023-01-03,2026-07-31,20,20,5,0.023094688221709007
000623.SZ,866,2023-01-03,2026-07-31,20,20,5,0.023094688221709007
002082.SZ,866,2023-01-03,2026-07-31,20,22,7,0.025404157043879907
600066.SH,866,2023-01-03,2026-07-31,20,22,7,0.025404157043879907
603381.SH,510,2024-06-26,2026-07-31,20,20,5,0.0392156862745098
301656.SZ,203,2025-09-25,2026-07-31,20,20,5,0.09852216748768473
600151.SH,866,2023-01-03,2026-07-31,20,20,5,0.023094688221709007
300832.SZ,866,2023-01-03,2026-07-31,20,20,5,0.023094688221709007
002751.SZ,126,2023-01-03,2023-07-12,126,126,126,1.0
688326.SH,866,2023-01-03,2026-07-31,20,20,5,0.023094688221709007
603808.SH,866,2023-01-03,2026-07-31,20,20,5,0.023094688221709007
002717.SZ,866,2023-01-03,2026-07-31,20,24,9,0.02771362586605081
301603.SZ,500,2024-07-10,2026-07-31,20,20,5,0.04
688456.SH,866,2023-01-03,2026-07-31,20,20,5,0.023094688221709007
301195.SZ,866,2023-01-03,2026-07-31,20,20,5,0.023094688221709007
000902.SZ,866,2023-01-03,2026-07-31,20,20,5,0.023094688221709007
605305.SH,866,2023-01-03,2026-07-31,20,20,5,0.023094688221709007
603416.SH,866,2023-01-03,2026-07-31,20,20,5,0.023094688221709007
600255.SH,866,2023-01-03,2026-07-31,20,20,5,0.023094688221709007
603139.SH,866,2023-01-03,2026-07-31,20,24,9,0.02771362586605081
300716.SZ,866,2023-01-03,2026-07-31,20,24,9,0.02771362586605081
000158.SZ,866,2023-01-03,2026-07-31,20,20,5,0.023094688221709007
002097.SZ,866,2023-01-03,2026-07-31,20,20,5,0.023094688221709007
001338.SZ,866,2023-01-03,2026-07-31,20,20,5,0.023094688221709007
002045.SZ,866,2023-01-03,2026-07-31,20,20,5,0.023094688221709007
600195.SH,866,2023-01-03,2026-07-31,20,20,5,0.023094688221709007
600823.SH,328,2023-01-03,2024-05-15,328,328,328,1.0
300608.SZ,866,2023-01-03,2026-07-31,20,20,5,0.023094688221709007
300721.SZ,866,2023-01-03,2026-07-31,20,20,5,0.023094688221709007
000009.SZ,866,2023-01-03,2026-07-31,20,20,5,0.023094688221709007
600415.SH,866,2023-01-03,2026-07-31,20,20,5,0.023094688221709007
301297.SZ,866,2023-01-03,2026-07-31,20,40,20,0.046189376443418015
603161.SH,866,2023-01-03,2026-07-31,20,40,25,0.046189376443418015
603976.SH,866,2023-01-03,2026-07-31,20,20,5,0.023094688221709007
300401.SZ,866,2023-01-03,2026-07-31,20,20,5,0.023094688221709007
600165.SH,866,2023-01-03,2026-07-31,20,32,17,0.03695150115473441
601166.SH,866,2023-01-03,2026-07-31,20,20,5,0.023094688221709007
600540.SH,866,2023-01-03,2026-07-31,20,24,9,0.02771362586605081
301567.SZ,614,2024-01-16,2026-07-31,20,20,5,0.03257328990228013
601985.SH,866,2023-01-03,2026-07-31,20,20,5,0.023094688221709007
002699.SZ,317,2023-01-03,2024-04-25,317,317,317,1.0
002668.SZ,866,2023-01-03,2026-07-31,20,20,5,0.023094688221709007
688766.SH,866,2023-01-03,2026-07-31,20,40,20,0.046189376443418015
000766.SZ,866,2023-01-03,2026-07-31,20,20,5,0.023094688221709007
001218.SZ,866,2023-01-03,2026-07-31,20,20,5,0.023094688221709007
300163.SZ,866,2023-01-03,2026-07-31,20,40,22,0.046189376443418015
300979.SZ,866,2023-01-03,2026-07-31,20,20,5,0.023094688221709007
301210.SZ,749,2023-06-30,2026-07-31,20,20,5,0.0267022696929239
600303.SH,866,2023-01-03,2026-07-31,20,22,7,0.025404157043879907
002494.SZ,866,2023-01-03,2026-07-31,20,40,20,0.046189376443418015
600287.SH,866,2023-01-03,2026-07-31,20,24,9,0.02771362586605081
603609.SH,866,2023-01-03,2026-07-31,20,20,5,0.023094688221709007
000911.SZ,866,2023-01-03,2026-07-31,20,22,7,0.025404157043879907
002998.SZ,866,2023-01-03,2026-07-31,20,20,5,0.023094688221709007
301162.SZ,866,2023-01-03,2026-07-31,20,20,5,0.023094688221709007
603516.SH,866,2023-01-03,2026-07-31,20,20,5,0.023094688221709007
600311.SH,38,2023-01-03,2023-03-02,38,38,38,1.0
002263.SZ,866,2023-01-03,2026-07-31,20,24,9,0.02771362586605081
603170.SH,866,2023-01-03,2026-07-31,20,20,5,0.023094688221709007
600325.SH,866,2023-01-03,2026-07-31,20,20,5,0.023094688221709007
688662.SH,866,2023-01-03,2026-07-31,20,20,5,0.023094688221709007
002124.SZ,866,2023-01-03,2026-07-31,20,24,9,0.02771362586605081
600223.SH,866,2023-01-03,2026-07-31,20,20,5,0.023094688221709007
002785.SZ,866,2023-01-03,2026-07-31,20,20,5,0.023094688221709007
600288.SH,866,2023-01-03,2026-07-31,20,20,5,0.023094688221709007
002826.SZ,866,2023-01-03,2026-07-31,20,30,15,0.03464203233256351
002571.SZ,866,2023-01-03,2026-07-31,20,30,15,0.03464203233256351
002569.SZ,866,2023-01-03,2026-07-31,20,32,17,0.03695150115473441
688439.SH,866,2023-01-03,2026-07-31,20,20,5,0.023094688221709007
300016.SZ,866,2023-01-03,2026-07-31,20,20,5,0.023094688221709007
603418.SH,205,2025-09-23,2026-07-31,20,20,5,0.0975609756097561
002019.SZ,866,2023-01-03,2026-07-31,20,20,5,0.023094688221709007
300006.SZ,866,2023-01-03,2026-07-31,20,20,5,0.023094688221709007
603367.SH,866,2023-01-03,2026-07-31,20,20,5,0.023094688221709007
000758.SZ,866,2023-01-03,2026-07-31,20,20,5,0.023094688221709007
300799.SZ,379,2023-01-03,2024-07-26,379,379,379,1.0
600527.SH,866,2023-01-03,2026-07-31,20,20,5,0.023094688221709007
300198.SZ,866,2023-01-03,2026-07-31,20,24,9,0.02771362586605081
600323.SH,866,2023-01-03,2026-07-31,20,24,9,0.02771362586605081
301004.SZ,866,2023-01-03,2026-07-31,20,20,5,0.023094688221709007
002542.SZ,866,2023-01-03,2026-07-31,20,22,7,0.025404157043879907
300857.SZ,866,2023-01-03,2026-07-31,20,20,5,0.023094688221709007
688205.SH,866,2023-01-03,2026-07-31,20,20,5,0.023094688221709007
300099.SZ,866,2023-01-03,2026-07-31,20,20,5,0.023094688221709007
000878.SZ,866,2023-01-03,2026-07-31,20,38,19,0.04387990762124711
300128.SZ,866,2023-01-03,2026-07-31,20,20,5,0.023094688221709007
688105.SH,866,2023-01-03,2026-07-31,20,20,5,0.023094688221709007
300270.SZ,866,2023-01-03,2026-07-31,20,30,15,0.03464203233256351
001283.SZ,866,2023-01-03,2026-07-31,20,20,5,0.023094688221709007
002072.SZ,866,2023-01-03,2026-07-31,20,20,5,0.023094688221709007
300951.SZ,866,2023-01-03,2026-07-31,20,20,5,0.023094688221709007
300494.SZ,866,2023-01-03,2026-07-31,20,20,5,0.023094688221709007
002076.SZ,866,2023-01-03,2026-07-31,20,26,11,0.03002309468822171
000029.SZ,866,2023-01-03,2026-07-31,20,20,5,0.023094688221709007
688068.SH,866,2023-01-03,2026-07-31,20,20,5,0.023094688221709007
300913.SZ,866,2023-01-03,2026-07-31,20,20,5,0.023094688221709007
301115.SZ,866,2023-01-03,2026-07-31,20,20,5,0.023094688221709007
688102.SH,866,2023-01-03,2026-07-31,20,20,5,0.023094688221709007
000529.SZ,866,2023-01-03,2026-07-31,20,20,5,0.023094688221709007
603276.SH,688,2023-09-25,2026-07-31,20,20,5,0.029069767441860465
001324.SZ,776,2023-05-22,2026-07-31,20,20,5,0.02577319587628866
002101.SZ,866,2023-01-03,2026-07-31,20,20,5,0.023094688221709007
600647.SH,357,2023-01-03,2024-06-26,357,357,357,1.0
002037.SZ,866,2023-01-03,2026-07-31,20,20,5,0.023094688221709007
000538.SZ,866,2023-01-03,2026-07-31,20,20,5,0.023094688221709007
688685.SH,866,2023-01-03,2026-07-31,20,20,5,0.023094688221709007
000610.SZ,866,2023-01-03,2026-07-31,20,22,7,0.025404157043879907
600330.SH,866,2023-01-03,2026-07-31,20,20,5,0.023094688221709007
000407.SZ,866,2023-01-03,2026-07-31,20,40,20,0.046189376443418015
300397.SZ,866,2023-01-03,2026-07-31,20,20,5,0.023094688221709007
600997.SH,866,2023-01-03,2026-07-31,20,20,5,0.023094688221709007
688798.SH,866,2023-01-03,2026-07-31,20,20,5,0.023094688221709007
688075.SH,866,2023-01-03,2026-07-31,20,20,5,0.023094688221709007
000661.SZ,866,2023-01-03,2026-07-31,20,20,5,0.023094688221709007
688665.SH,866,2023-01-03,2026-07-31,20,20,5,0.023094688221709007
300523.SZ,866,2023-01-03,2026-07-31,20,26,11,0.03002309468822171
002649.SZ,866,2023-01-03,2026-07-31,20,20,5,0.023094688221709007
600335.SH,866,2023-01-03,2026-07-31,20,20,5,0.023094688221709007
000089.SZ,866,2023-01-03,2026-07-31,20,20,5,0.023094688221709007
301177.SZ,866,2023-01-03,2026-07-31,20,20,5,0.023094688221709007
605566.SH,866,2023-01-03,2026-07-31,20,20,5,0.023094688221709007
301038.SZ,866,2023-01-03,2026-07-31,20,20,5,0.023094688221709007
601399.SH,866,2023-01-03,2026-07-31,20,20,5,0.023094688221709007
603658.SH,866,2023-01-03,2026-07-31,20,20,5,0.023094688221709007
301182.SZ,866,2023-01-03,2026-07-31,20,20,5,0.023094688221709007
603307.SH,839,2023-02-16,2026-07-31,20,20,5,0.023837902264600714
603193.SH,678,2023-10-17,2026-07-31,20,20,5,0.029498525073746312
688382.SH,866,2023-01-03,2026-07-31,20,20,5,0.023094688221709007
688518.SH,866,2023-01-03,2026-07-31,20,20,5,0.023094688221709007
002437.SZ,866,2023-01-03,2026-07-31,20,20,5,0.023094688221709007
688579.SH,866,2023-01-03,2026-07-31,20,20,5,0.023094688221709007
002898.SZ,855,2023-01-03,2026-07-16,20,73,58,0.08538011695906433
300804.SZ,752,2023-06-27,2026-07-31,20,20,5,0.026595744680851064
300021.SZ,866,2023-01-03,2026-07-31,20,20,5,0.023094688221709007
300085.SZ,866,2023-01-03,2026-07-31,20,20,5,0.023094688221709007
301581.SZ,381,2025-01-03,2026-07-31,20,20,5,0.05249343832020997
600227.SH,866,2023-01-03,2026-07-31,20,20,5,0.023094688221709007
603310.SH,475,2024-08-14,2026-07-31,20,20,5,0.042105263157894736
601636.SH,866,2023-01-03,2026-07-31,20,20,5,0.023094688221709007
601618.SH,866,2023-01-03,2026-07-31,20,20,5,0.023094688221709007
300713.SZ,866,2023-01-03,2026-07-31,20,20,5,0.023094688221709007
000711.SZ,866,2023-01-03,2026-07-31,20,42,27,0.04849884526558892
002344.SZ,866,2023-01-03,2026-07-31,20,20,5,0.023094688221709007
601888.SH,866,2023-01-03,2026-07-31,20,20,5,0.023094688221709007
002920.SZ,866,2023-01-03,2026-07-31,20,20,5,0.023094688221709007
688334.SH,756,2023-06-19,2026-07-31,20,20,5,0.026455026455026454
688287.SH,828,2023-01-03,2026-06-08,20,47,37,0.05676328502415459
601872.SH,866,2023-01-03,2026-07-31,20,20,5,0.023094688221709007
002779.SZ,866,2023-01-03,2026-07-31,20,20,5,0.023094688221709007
002046.SZ,866,2023-01-03,2026-07-31,20,20,5,0.023094688221709007
600982.SH,866,2023-01-03,2026-07-31,20,20,5,0.023094688221709007
601377.SH,866,2023-01-03,2026-07-31,20,20,5,0.023094688221709007
000803.SZ,866,2023-01-03,2026-07-31,20,20,5,0.023094688221709007
688172.SH,866,2023-01-03,2026-07-31,20,20,5,0.023094688221709007
688739.SH,866,2023-01-03,2026-07-31,20,26,11,0.03002309468822171
688167.SH,866,2023-01-03,2026-07-31,20,20,5,0.023094688221709007
000040.SZ,541,2023-01-03,2025-03-31,541,541,541,1.0
300581.SZ,866,2023-01-03,2026-07-31,20,20,5,0.023094688221709007
600036.SH,866,2023-01-03,2026-07-31,20,20,5,0.023094688221709007
002207.SZ,866,2023-01-03,2026-07-31,20,26,11,0.03002309468822171
002446.SZ,866,2023-01-03,2026-07-31,20,20,5,0.023094688221709007
600285.SH,866,2023-01-03,2026-07-31,20,20,5,0.023094688221709007
603927.SH,866,2023-01-03,2026-07-31,20,20,5,0.023094688221709007
300234.SZ,866,2023-01-03,2026-07-31,20,20,5,0.023094688221709007
300217.SZ,866,2023-01-03,2026-07-31,20,20,5,0.023094688221709007
688368.SH,866,2023-01-03,2026-07-31,20,40,20,0.046189376443418015
300739.SZ,866,2023-01-03,2026-07-31,20,20,5,0.023094688221709007
301321.SZ,866,2023-01-03,2026-07-31,20,20,5,0.023094688221709007
603676.SH,866,2023-01-03,2026-07-31,20,20,5,0.023094688221709007
002993.SZ,866,2023-01-03,2026-07-31,20,20,5,0.023094688221709007
603096.SH,866,2023-01-03,2026-07-31,20,20,5,0.023094688221709007
600770.SH,866,2023-01-03,2026-07-31,20,20,5,0.023094688221709007
301237.SZ,866,2023-01-03,2026-07-31,20,20,5,0.023094688221709007
603318.SH,866,2023-01-03,2026-07-31,20,20,5,0.023094688221709007
603387.SH,866,2023-01-03,2026-07-31,20,20,5,0.023094688221709007
001229.SZ,866,2023-01-03,2026-07-31,20,20,5,0.023094688221709007
600108.SH,866,2023-01-03,2026-07-31,20,20,5,0.023094688221709007
000880.SZ,866,2023-01-03,2026-07-31,20,20,5,0.023094688221709007
002428.SZ,866,2023-01-03,2026-07-31,20,20,5,0.023094688221709007
603825.SH,866,2023-01-03,2026-07-31,20,22,7,0.025404157043879907
300172.SZ,866,2023-01-03,2026-07-31,20,20,5,0.023094688221709007
605136.SH,866,2023-01-03,2026-07-31,20,20,5,0.023094688221709007
300031.SZ,866,2023-01-03,2026-07-31,20,20,5,0.023094688221709007
002058.SZ,866,2023-01-03,2026-07-31,20,24,9,0.02771362586605081
603881.SH,866,2023-01-03,2026-07-31,20,20,5,0.023094688221709007
600371.SH,866,2023-01-03,2026-07-31,20,20,5,0.023094688221709007
600299.SH,866,2023-01-03,2026-07-31,20,20,5,0.023094688221709007
002457.SZ,866,2023-01-03,2026-07-31,20,20,5,0.023094688221709007
301380.SZ,866,2023-01-03,2026-07-31,20,20,5,0.023094688221709007
000788.SZ,866,2023-01-03,2026-07-31,20,20,5,0.023094688221709007
300166.SZ,866,2023-01-03,2026-07-31,20,20,5,0.023094688221709007
600604.SH,866,2023-01-03,2026-07-31,20,20,5,0.023094688221709007
301370.SZ,741,2023-07-12,2026-07-31,20,20,5,0.02699055330634278
002456.SZ,866,2023-01-03,2026-07-31,20,40,20,0.046189376443418015
002441.SZ,866,2023-01-03,2026-07-31,20,20,5,0.023094688221709007
688478.SH,793,2023-04-24,2026-07-31,20,40,20,0.05044136191677175
003030.SZ,866,2023-01-03,2026-07-31,20,20,5,0.023094688221709007
002240.SZ,866,2023-01-03,2026-07-31,20,20,5,0.023094688221709007
603938.SH,866,2023-01-03,2026-07-31,20,20,5,0.023094688221709007
603299.SH,866,2023-01-03,2026-07-31,20,20,5,0.023094688221709007
301399.SZ,775,2023-05-23,2026-07-31,20,20,5,0.025806451612903226
688656.SH,866,2023-01-03,2026-07-31,20,38,23,0.04387990762124711
688571.SH,866,2023-01-03,2026-07-31,20,20,5,0.023094688221709007
601519.SH,866,2023-01-03,2026-07-31,20,40,20,0.046189376443418015
605388.SH,866,2023-01-03,2026-07-31,20,20,5,0.023094688221709007
600930.SH,254,2025-07-16,2026-07-31,20,20,5,0.07874015748031496
688281.SH,866,2023-01-03,2026-07-31,20,20,5,0.023094688221709007
000929.SZ,866,2023-01-03,2026-07-31,20,34,19,0.03926096997690531
300873.SZ,866,2023-01-03,2026-07-31,20,20,5,0.023094688221709007
600148.SH,866,2023-01-03,2026-07-31,20,20,5,0.023094688221709007
600684.SH,866,2023-01-03,2026-07-31,20,20,5,0.023094688221709007
002897.SZ,866,2023-01-03,2026-07-31,20,20,5,0.023094688221709007
600548.SH,866,2023-01-03,2026-07-31,20,20,5,0.023094688221709007
601658.SH,866,2023-01-03,2026-07-31,20,20,5,0.023094688221709007
000812.SZ,866,2023-01-03,2026-07-31,20,20,5,0.023094688221709007
688469.SH,784,2023-05-10,2026-07-31,20,20,5,0.025510204081632654
000059.SZ,866,2023-01-03,2026-07-31,20,20,5,0.023094688221709007
600863.SH,866,2023-01-03,2026-07-31,20,36,18,0.04157043879907621
301608.SZ,484,2024-08-01,2026-07-31,20,20,5,0.04132231404958678
603630.SH,866,2023-01-03,2026-07-31,20,20,5,0.023094688221709007
000989.SZ,866,2023-01-03,2026-07-31,20,24,9,0.02771362586605081
002539.SZ,866,2023-01-03,2026-07-31,20,20,5,0.023094688221709007
002527.SZ,866,2023-01-03,2026-07-31,20,30,15,0.03464203233256351
688073.SH,866,2023-01-03,2026-07-31,20,40,20,0.046189376443418015
002398.SZ,866,2023-01-03,2026-07-31,20,20,5,0.023094688221709007
603995.SH,866,2023-01-03,2026-07-31,20,20,5,0.023094688221709007
600906.SH,866,2023-01-03,2026-07-31,20,20,5,0.023094688221709007
301519.SZ,730,2023-07-27,2026-07-31,20,20,5,0.0273972602739726
603969.SH,866,2023-01-03,2026-07-31,20,20,5,0.023094688221709007
002753.SZ,866,2023-01-03,2026-07-31,20,20,5,0.023094688221709007
003039.SZ,866,2023-01-03,2026-07-31,20,20,5,0.023094688221709007
603176.SH,866,2023-01-03,2026-07-31,20,20,5,0.023094688221709007
002036.SZ,866,2023-01-03,2026-07-31,20,35,22,0.04041570438799076
605033.SH,866,2023-01-03,2026-07-31,20,20,5,0.023094688221709007
603279.SH,866,2023-01-03,2026-07-31,20,20,5,0.023094688221709007
603800.SH,866,2023-01-03,2026-07-31,20,20,5,0.023094688221709007
603258.SH,866,2023-01-03,2026-07-31,20,20,5,0.023094688221709007
603895.SH,866,2023-01-03,2026-07-31,20,20,5,0.023094688221709007
300259.SZ,866,2023-01-03,2026-07-31,20,20,5,0.023094688221709007
601599.SH,866,2023-01-03,2026-07-31,20,20,5,0.023094688221709007
000937.SZ,866,2023-01-03,2026-07-31,20,20,5,0.023094688221709007
300448.SZ,866,2023-01-03,2026-07-31,20,20,5,0.023094688221709007
300150.SZ,866,2023-01-03,2026-07-31,20,20,5,0.023094688221709007
002893.SZ,866,2023-01-03,2026-07-31,20,20,5,0.023094688221709007
000798.SZ,866,2023-01-03,2026-07-31,20,20,5,0.023094688221709007
300939.SZ,866,2023-01-03,2026-07-31,20,20,5,0.023094688221709007
601319.SH,866,2023-01-03,2026-07-31,20,20,5,0.023094688221709007
603399.SH,866,2023-01-03,2026-07-31,20,20,5,0.023094688221709007
301231.SZ,866,2023-01-03,2026-07-31,20,20,5,0.023094688221709007
601028.SH,538,2023-01-03,2025-03-26,538,538,538,1.0
300315.SZ,866,2023-01-03,2026-07-31,20,20,5,0.023094688221709007
603402.SH,138,2026-01-06,2026-07-31,20,20,5,0.14492753623188406
688079.SH,866,2023-01-03,2026-07-31,20,20,5,0.023094688221709007
301678.SZ,272,2025-06-20,2026-07-31,20,20,5,0.07352941176470588
688603.SH,743,2023-07-10,2026-07-31,20,20,5,0.026917900403768506
301479.SZ,335,2025-03-18,2026-07-31,20,20,5,0.05970149253731343
300352.SZ,866,2023-01-03,2026-07-31,20,22,7,0.025404157043879907
301121.SZ,866,2023-01-03,2026-07-31,20,20,5,0.023094688221709007
301489.SZ,673,2023-10-24,2026-07-31,20,20,5,0.029717682020802376
300512.SZ,866,2023-01-03,2026-07-31,20,20,5,0.023094688221709007
300423.SZ,866,2023-01-03,2026-07-31,20,40,20,0.046189376443418015
300577.SZ,866,2023-01-03,2026-07-31,20,20,5,0.023094688221709007
000519.SZ,866,2023-01-03,2026-07-31,20,20,5,0.023094688221709007
301252.SZ,773,2023-05-25,2026-07-31,20,20,5,0.0258732212160414
001208.SZ,866,2023-01-03,2026-07-31,20,20,5,0.023094688221709007
001396.SZ,141,2025-12-30,2026-07-31,20,20,5,0.14184397163120568
002809.SZ,866,2023-01-03,2026-07-31,20,20,5,0.023094688221709007
688448.SH,866,2023-01-03,2026-07-31,20,20,5,0.023094688221709007
300920.SZ,866,2023-01-03,2026-07-31,20,20,5,0.023094688221709007
601939.SH,866,2023-01-03,2026-07-31,20,20,5,0.023094688221709007
688416.SH,866,2023-01-03,2026-07-31,20,20,5,0.023094688221709007
000971.SZ,342,2023-01-03,2024-06-04,342,342,342,1.0
600466.SH,82,2023-01-03,2023-05-09,82,82,82,1.0
603963.SH,505,2023-01-03,2025-02-07,505,505,505,1.0
300736.SZ,866,2023-01-03,2026-07-31,20,24,9,0.02771362586605081
300010.SZ,866,2023-01-03,2026-07-31,20,28,13,0.03233256351039261
603903.SH,866,2023-01-03,2026-07-31,20,20,5,0.023094688221709007
000969.SZ,866,2023-01-03,2026-07-31,20,20,5,0.023094688221709007
688597.SH,866,2023-01-03,2026-07-31,20,20,5,0.023094688221709007
301051.SZ,866,2023-01-03,2026-07-31,20,20,5,0.023094688221709007
003043.SZ,866,2023-01-03,2026-07-31,20,30,15,0.03464203233256351
002335.SZ,866,2023-01-03,2026-07-31,20,20,5,0.023094688221709007
300587.SZ,866,2023-01-03,2026-07-31,20,20,5,0.023094688221709007
688577.SH,866,2023-01-03,2026-07-31,20,20,5,0.023094688221709007
002469.SZ,866,2023-01-03,2026-07-31,20,20,5,0.023094688221709007
603030.SH,866,2023-01-03,2026-07-31,20,28,13,0.03233256351039261
002265.SZ,866,2023-01-03,2026-07-31,20,20,5,0.023094688221709007
603500.SH,866,2023-01-03,2026-07-31,20,20,5,0.023094688221709007
002172.SZ,866,2023-01-03,2026-07-31,20,30,15,0.03464203233256351
603072.SH,381,2025-01-03,2026-07-31,20,20,5,0.05249343832020997
002909.SZ,866,2023-01-03,2026-07-31,20,20,5,0.023094688221709007
600322.SH,866,2023-01-03,2026-07-31,20,40,20,0.046189376443418015
002503.SZ,91,2023-01-03,2023-05-22,91,91,91,1.0
000679.SZ,866,2023-01-03,2026-07-31,20,20,5,0.023094688221709007
600128.SH,866,2023-01-03,2026-07-31,20,20,5,0.023094688221709007
600032.SH,866,2023-01-03,2026-07-31,20,20,5,0.023094688221709007
000504.SZ,866,2023-01-03,2026-07-31,20,24,9,0.02771362586605081
301027.SZ,866,2023-01-03,2026-07-31,20,26,11,0.03002309468822171
688272.SH,866,2023-01-03,2026-07-31,20,24,9,0.02771362586605081
301552.SZ,492,2024-07-22,2026-07-31,20,20,5,0.04065040650406504
300788.SZ,866,2023-01-03,2026-07-31,20,20,5,0.023094688221709007
002418.SZ,866,2023-01-03,2026-07-31,20,20,5,0.023094688221709007
301378.SZ,817,2023-03-20,2026-07-31,20,20,5,0.02447980416156671
002953.SZ,866,2023-01-03,2026-07-31,20,20,5,0.023094688221709007
600850.SH,866,2023-01-03,2026-07-31,20,20,5,0.023094688221709007
301203.SZ,806,2023-04-04,2026-07-31,20,20,5,0.02481389578163772
688283.SH,866,2023-01-03,2026-07-31,20,20,5,0.023094688221709007
301683.SZ,83,2026-04-01,2026-07-31,20,20,5,0.24096385542168675
300698.SZ,866,2023-01-03,2026-07-31,20,20,5,0.023094688221709007
002239.SZ,866,2023-01-03,2026-07-31,20,20,5,0.023094688221709007
688809.SH,141,2025-12-30,2026-07-31,20,20,5,0.14184397163120568
688351.SH,866,2023-01-03,2026-07-31,20,20,5,0.023094688221709007
688095.SH,866,2023-01-03,2026-07-31,20,20,5,0.023094688221709007
600448.SH,866,2023-01-03,2026-07-31,20,20,5,0.023094688221709007
603877.SH,866,2023-01-03,2026-07-31,20,20,5,0.023094688221709007
301188.SZ,866,2023-01-03,2026-07-31,20,20,5,0.023094688221709007
603677.SH,866,2023-01-03,2026-07-31,20,20,5,0.023094688221709007
300334.SZ,866,2023-01-03,2026-07-31,20,20,5,0.023094688221709007
603488.SH,866,2023-01-03,2026-07-31,20,40,20,0.046189376443418015
688505.SH,866,2023-01-03,2026-07-31,20,20,5,0.023094688221709007
002752.SZ,866,2023-01-03,2026-07-31,20,20,5,0.023094688221709007
002869.SZ,866,2023-01-03,2026-07-31,20,20,5,0.023094688221709007
300182.SZ,866,2023-01-03,2026-07-31,20,20,5,0.023094688221709007
301357.SZ,797,2023-04-18,2026-07-31,20,40,20,0.050188205771643665
002185.SZ,866,2023-01-03,2026-07-31,20,40,20,0.046189376443418015
001373.SZ,768,2023-06-01,2026-07-31,20,20,5,0.026041666666666668
002254.SZ,866,2023-01-03,2026-07-31,20,20,5,0.023094688221709007
600225.SH,519,2023-01-03,2025-02-27,519,519,519,1.0
688325.SH,866,2023-01-03,2026-07-31,20,20,5,0.023094688221709007
688336.SH,866,2023-01-03,2026-07-31,20,20,5,0.023094688221709007
601198.SH,866,2023-01-03,2026-07-31,20,60,30,0.06928406466512702
600377.SH,866,2023-01-03,2026-07-31,20,20,5,0.023094688221709007
300392.SZ,123,2023-01-03,2023-07-07,123,123,123,1.0
603027.SH,866,2023-01-03,2026-07-31,20,20,5,0.023094688221709007
301251.SZ,701,2023-09-06,2026-07-31,20,20,5,0.028530670470756064
300240.SZ,866,2023-01-03,2026-07-31,20,20,5,0.023094688221709007
600571.SH,866,2023-01-03,2026-07-31,20,20,5,0.023094688221709007
600724.SH,866,2023-01-03,2026-07-31,20,20,5,0.023094688221709007
000039.SZ,866,2023-01-03,2026-07-31,20,20,5,0.023094688221709007
600202.SH,866,2023-01-03,2026-07-31,20,20,5,0.023094688221709007
600881.SH,866,2023-01-03,2026-07-31,20,20,5,0.023094688221709007
603666.SH,866,2023-01-03,2026-07-31,20,20,5,0.023094688221709007
688118.SH,866,2023-01-03,2026-07-31,20,20,5,0.023094688221709007
300727.SZ,866,2023-01-03,2026-07-31,20,20,5,0.023094688221709007
603063.SH,866,2023-01-03,2026-07-31,20,20,5,0.023094688221709007
600312.SH,866,2023-01-03,2026-07-31,20,20,5,0.023094688221709007
300777.SZ,866,2023-01-03,2026-07-31,20,20,5,0.023094688221709007
603709.SH,866,2023-01-03,2026-07-31,20,20,5,0.023094688221709007
600871.SH,866,2023-01-03,2026-07-31,20,20,5,0.023094688221709007
688018.SH,866,2023-01-03,2026-07-31,20,20,5,0.023094688221709007
002682.SZ,866,2023-01-03,2026-07-31,20,24,9,0.02771362586605081
300528.SZ,866,2023-01-03,2026-07-31,20,20,5,0.023094688221709007
601995.SH,866,2023-01-03,2026-07-31,20,60,30,0.06928406466512702
688295.SH,866,2023-01-03,2026-07-31,20,20,5,0.023094688221709007
300267.SZ,866,2023-01-03,2026-07-31,20,20,5,0.023094688221709007
603226.SH,866,2023-01-03,2026-07-31,20,28,12,0.03233256351039261
300388.SZ,866,2023-01-03,2026-07-31,20,20,5,0.023094688221709007
002268.SZ,866,2023-01-03,2026-07-31,20,20,5,0.023094688221709007
300531.SZ,866,2023-01-03,2026-07-31,20,20,5,0.023094688221709007
002204.SZ,866,2023-01-03,2026-07-31,20,20,5,0.023094688221709007
600348.SH,866,2023-01-03,2026-07-31,20,20,5,0.023094688221709007
600706.SH,866,2023-01-03,2026-07-31,20,20,5,0.023094688221709007
300447.SZ,866,2023-01-03,2026-07-31,20,20,5,0.023094688221709007
002374.SZ,866,2023-01-03,2026-07-31,20,20,5,0.023094688221709007
002040.SZ,866,2023-01-03,2026-07-31,20,20,5,0.023094688221709007
300897.SZ,866,2023-01-03,2026-07-31,20,30,15,0.03464203233256351
600333.SH,866,2023-01-03,2026-07-31,20,20,5,0.023094688221709007
301103.SZ,866,2023-01-03,2026-07-31,20,20,5,0.023094688221709007
600180.SH,866,2023-01-03,2026-07-31,20,22,7,0.025404157043879907
001309.SZ,866,2023-01-03,2026-07-31,20,20,5,0.023094688221709007
688475.SH,866,2023-01-03,2026-07-31,20,20,5,0.023094688221709007
600242.SH,112,2023-01-03,2023-06-20,112,112,112,1.0
688775.SH,279,2025-06-11,2026-07-31,20,20,5,0.07168458781362007
301305.SZ,775,2023-05-23,2026-07-31,20,20,5,0.025806451612903226
688302.SH,866,2023-01-03,2026-07-31,20,20,5,0.023094688221709007
301566.SZ,625,2023-12-29,2026-07-31,20,20,5,0.032
301288.SZ,866,2023-01-03,2026-07-31,20,24,9,0.02771362586605081
300723.SZ,866,2023-01-03,2026-07-31,20,20,5,0.023094688221709007
001316.SZ,866,2023-01-03,2026-07-31,20,20,5,0.023094688221709007
300887.SZ,866,2023-01-03,2026-07-31,20,20,5,0.023094688221709007
600800.SH,866,2023-01-03,2026-07-31,20,40,20,0.046189376443418015
605589.SH,866,2023-01-03,2026-07-31,20,20,5,0.023094688221709007
605155.SH,866,2023-01-03,2026-07-31,20,20,5,0.023094688221709007
300304.SZ,866,2023-01-03,2026-07-31,20,20,5,0.023094688221709007
000505.SZ,866,2023-01-03,2026-07-31,20,20,5,0.023094688221709007
002666.SZ,866,2023-01-03,2026-07-31,20,20,5,0.023094688221709007
002294.SZ,866,2023-01-03,2026-07-31,20,20,5,0.023094688221709007
688217.SH,866,2023-01-03,2026-07-31,20,20,5,0.023094688221709007
688089.SH,866,2023-01-03,2026-07-31,20,41,21,0.04734411085450346
688015.SH,866,2023-01-03,2026-07-31,20,20,5,0.023094688221709007
300975.SZ,866,2023-01-03,2026-07-31,20,20,5,0.023094688221709007
301337.SZ,772,2023-05-26,2026-07-31,20,20,5,0.025906735751295335
600651.SH,866,2023-01-03,2026-07-31,20,20,5,0.023094688221709007
601966.SH,866,2023-01-03,2026-07-31,20,20,5,0.023094688221709007
600058.SH,866,2023-01-03,2026-07-31,20,40,20,0.046189376443418015
688765.SH,186,2025-10-28,2026-07-31,20,20,5,0.10752688172043011
600959.SH,866,2023-01-03,2026-07-31,20,20,5,0.023094688221709007
002647.SZ,866,2023-01-03,2026-07-31,20,26,11,0.03002309468822171
300845.SZ,866,2023-01-03,2026-07-31,20,20,5,0.023094688221709007
600987.SH,866,2023-01-03,2026-07-31,20,20,5,0.023094688221709007
301000.SZ,866,2023-01-03,2026-07-31,20,20,5,0.023094688221709007
300858.SZ,866,2023-01-03,2026-07-31,20,20,5,0.023094688221709007
301156.SZ,866,2023-01-03,2026-07-31,20,20,5,0.023094688221709007
688653.SH,655,2023-11-17,2026-07-31,20,20,5,0.030534351145038167
000045.SZ,866,2023-01-03,2026-07-31,20,26,11,0.03002309468822171
002433.SZ,363,2023-01-03,2024-07-04,363,363,363,1.0
688314.SH,866,2023-01-03,2026-07-31,20,20,5,0.023094688221709007
688783.SH,186,2025-10-28,2026-07-31,20,20,5,0.10752688172043011
301376.SZ,754,2023-06-21,2026-07-31,20,20,5,0.026525198938992044
300354.SZ,866,2023-01-03,2026-07-31,20,20,5,0.023094688221709007
688816.SH,112,2026-02-11,2026-07-31,20,20,5,0.17857142857142858
688419.SH,866,2023-01-03,2026-07-31,20,20,5,0.023094688221709007
000681.SZ,866,2023-01-03,2026-07-31,20,20,5,0.023094688221709007
603908.SH,866,2023-01-03,2026-07-31,20,20,5,0.023094688221709007
600658.SH,866,2023-01-03,2026-07-31,20,20,5,0.023094688221709007
300811.SZ,866,2023-01-03,2026-07-31,20,20,5,0.023094688221709007
002819.SZ,866,2023-01-03,2026-07-31,20,20,5,0.023094688221709007
603580.SH,866,2023-01-03,2026-07-31,20,29,18,0.03348729792147806
000572.SZ,866,2023-01-03,2026-07-31,20,20,5,0.023094688221709007
688201.SH,866,2023-01-03,2026-07-31,20,22,7,0.025404157043879907
300001.SZ,866,2023-01-03,2026-07-31,20,20,5,0.023094688221709007
601099.SH,866,2023-01-03,2026-07-31,20,20,5,0.023094688221709007
600835.SH,866,2023-01-03,2026-07-31,20,20,5,0.023094688221709007
688690.SH,866,2023-01-03,2026-07-31,20,20,5,0.023094688221709007
000926.SZ,866,2023-01-03,2026-07-31,20,20,5,0.023094688221709007
002901.SZ,866,2023-01-03,2026-07-31,20,20,5,0.023094688221709007
600061.SH,866,2023-01-03,2026-07-31,20,20,5,0.023094688221709007
300027.SZ,866,2023-01-03,2026-07-31,20,22,7,0.025404157043879907
600078.SH,866,2023-01-03,2026-07-31,20,22,7,0.025404157043879907
603538.SH,866,2023-01-03,2026-07-31,20,20,5,0.023094688221709007
600251.SH,866,2023-01-03,2026-07-31,20,20,5,0.023094688221709007
000030.SZ,866,2023-01-03,2026-07-31,20,20,5,0.023094688221709007
000338.SZ,866,2023-01-03,2026-07-31,20,20,5,0.023094688221709007
002641.SZ,866,2023-01-03,2026-07-31,20,20,5,0.023094688221709007
603033.SH,866,2023-01-03,2026-07-31,20,20,5,0.023094688221709007
688155.SH,866,2023-01-03,2026-07-31,20,20,5,0.023094688221709007
600109.SH,866,2023-01-03,2026-07-31,20,20,5,0.023094688221709007
603587.SH,866,2023-01-03,2026-07-31,20,20,5,0.023094688221709007
002168.SZ,866,2023-01-03,2026-07-31,20,26,11,0.03002309468822171
688229.SH,866,2023-01-03,2026-07-31,20,20,5,0.023094688221709007
300033.SZ,866,2023-01-03,2026-07-31,20,20,5,0.023094688221709007
300326.SZ,866,2023-01-03,2026-07-31,20,28,13,0.03233256351039261
601388.SH,866,2023-01-03,2026-07-31,20,20,5,0.023094688221709007
000948.SZ,866,2023-01-03,2026-07-31,20,20,5,0.023094688221709007
605333.SH,866,2023-01-03,2026-07-31,20,20,5,0.023094688221709007
300627.SZ,866,2023-01-03,2026-07-31,20,20,5,0.023094688221709007
000554.SZ,866,2023-01-03,2026-07-31,20,20,5,0.023094688221709007
300253.SZ,866,2023-01-03,2026-07-31,20,20,5,0.023094688221709007
605108.SH,866,2023-01-03,2026-07-31,20,20,5,0.023094688221709007
000996.SZ,358,2023-01-03,2024-06-27,358,358,358,1.0
300342.SZ,866,2023-01-03,2026-07-31,20,20,5,0.023094688221709007
600782.SH,866,2023-01-03,2026-07-31,20,20,5,0.023094688221709007
301201.SZ,866,2023-01-03,2026-07-31,20,20,5,0.023094688221709007
688709.SH,598,2024-02-07,2026-07-31,20,20,5,0.033444816053511704
300609.SZ,866,2023-01-03,2026-07-31,20,26,11,0.03002309468822171
600257.SH,866,2023-01-03,2026-07-31,20,20,5,0.023094688221709007
300825.SZ,866,2023-01-03,2026-07-31,20,20,5,0.023094688221709007
603048.SH,866,2023-01-03,2026-07-31,20,20,5,0.023094688221709007
300404.SZ,866,2023-01-03,2026-07-31,20,20,5,0.023094688221709007
601186.SH,866,2023-01-03,2026-07-31,20,20,5,0.023094688221709007
300748.SZ,866,2023-01-03,2026-07-31,20,20,5,0.023094688221709007
002730.SZ,866,2023-01-03,2026-07-31,20,20,5,0.023094688221709007
300749.SZ,866,2023-01-03,2026-07-31,20,20,5,0.023094688221709007
688613.SH,866,2023-01-03,2026-07-31,20,20,5,0.023094688221709007
002370.SZ,866,2023-01-03,2026-07-31,20,30,15,0.03464203233256351
301208.SZ,866,2023-01-03,2026-07-31,20,20,5,0.023094688221709007
600688.SH,866,2023-01-03,2026-07-31,20,20,5,0.023094688221709007
002114.SZ,866,2023-01-03,2026-07-31,20,28,13,0.03233256351039261
688722.SH,866,2023-01-03,2026-07-31,20,20,5,0.023094688221709007
300543.SZ,866,2023-01-03,2026-07-31,20,20,5,0.023094688221709007
688081.SH,866,2023-01-03,2026-07-31,20,20,5,0.023094688221709007
688003.SH,866,2023-01-03,2026-07-31,20,20,5,0.023094688221709007
600748.SH,866,2023-01-03,2026-07-31,20,22,7,0.025404157043879907
002506.SZ,866,2023-01-03,2026-07-31,20,20,5,0.023094688221709007
301063.SZ,866,2023-01-03,2026-07-31,20,20,5,0.023094688221709007
000582.SZ,866,2023-01-03,2026-07-31,20,20,5,0.023094688221709007
300747.SZ,866,2023-01-03,2026-07-31,20,20,5,0.023094688221709007
300246.SZ,866,2023-01-03,2026-07-31,20,20,5,0.023094688221709007
002659.SZ,866,2023-01-03,2026-07-31,20,20,5,0.023094688221709007
688377.SH,866,2023-01-03,2026-07-31,20,20,5,0.023094688221709007
000791.SZ,866,2023-01-03,2026-07-31,20,38,19,0.04387990762124711
603779.SH,866,2023-01-03,2026-07-31,20,30,15,0.03464203233256351
301197.SZ,866,2023-01-03,2026-07-31,20,20,5,0.023094688221709007
688790.SH,151,2025-12-16,2026-07-31,20,20,5,0.13245033112582782
600865.SH,866,2023-01-03,2026-07-31,20,20,5,0.023094688221709007
301120.SZ,866,2023-01-03,2026-07-31,20,20,5,0.023094688221709007
600589.SH,866,2023-01-03,2026-07-31,20,26,11,0.03002309468822171
002291.SZ,866,2023-01-03,2026-07-31,20,20,5,0.023094688221709007
300731.SZ,866,2023-01-03,2026-07-31,20,20,5,0.023094688221709007
301315.SZ,754,2023-06-21,2026-07-31,20,20,5,0.026525198938992044
688086.SH,122,2023-01-03,2023-07-06,122,122,122,1.0
300254.SZ,866,2023-01-03,2026-07-31,20,20,5,0.023094688221709007
002195.SZ,866,2023-01-03,2026-07-31,20,20,5,0.023094688221709007
300564.SZ,866,2023-01-03,2026-07-31,20,20,5,0.023094688221709007
688563.SH,736,2023-07-19,2026-07-31,20,20,5,0.02717391304347826
601339.SH,866,2023-01-03,2026-07-31,20,20,5,0.023094688221709007
605177.SH,866,2023-01-03,2026-07-31,20,20,5,0.023094688221709007
603706.SH,866,2023-01-03,2026-07-31,20,20,5,0.023094688221709007
600675.SH,866,2023-01-03,2026-07-31,20,20,5,0.023094688221709007
600283.SH,866,2023-01-03,2026-07-31,20,20,5,0.023094688221709007
002687.SZ,866,2023-01-03,2026-07-31,20,20,5,0.023094688221709007
300120.SZ,866,2023-01-03,2026-07-31,20,20,5,0.023094688221709007
000517.SZ,866,2023-01-03,2026-07-31,20,20,5,0.023094688221709007
002597.SZ,866,2023-01-03,2026-07-31,20,20,5,0.023094688221709007
300571.SZ,866,2023-01-03,2026-07-31,20,20,5,0.023094688221709007
301071.SZ,866,2023-01-03,2026-07-31,20,20,5,0.023094688221709007
301419.SZ,844,2023-02-09,2026-07-31,20,20,5,0.023696682464454975
605068.SH,866,2023-01-03,2026-07-31,20,20,5,0.023094688221709007
002626.SZ,866,2023-01-03,2026-07-31,20,20,5,0.023094688221709007
605007.SH,866,2023-01-03,2026-07-31,20,20,5,0.023094688221709007
300695.SZ,866,2023-01-03,2026-07-31,20,20,5,0.023094688221709007
300409.SZ,866,2023-01-03,2026-07-31,20,20,5,0.023094688221709007
688007.SH,866,2023-01-03,2026-07-31,20,20,5,0.023094688221709007
300738.SZ,866,2023-01-03,2026-07-31,20,20,5,0.023094688221709007
688097.SH,866,2023-01-03,2026-07-31,20,20,5,0.023094688221709007
301398.SZ,866,2023-01-03,2026-07-31,20,20,5,0.023094688221709007
600620.SH,866,2023-01-03,2026-07-31,20,20,5,0.023094688221709007
688352.SH,795,2023-04-20,2026-07-31,20,20,5,0.025157232704402517
300514.SZ,866,2023-01-03,2026-07-31,20,20,5,0.023094688221709007
000967.SZ,866,2023-01-03,2026-07-31,20,20,5,0.023094688221709007
301598.SZ,390,2024-12-20,2026-07-31,20,20,5,0.05128205128205128
688318.SH,866,2023-01-03,2026-07-31,20,20,5,0.023094688221709007
300486.SZ,866,2023-01-03,2026-07-31,20,50,30,0.057736720554272515
300157.SZ,866,2023-01-03,2026-07-31,20,20,5,0.023094688221709007
002500.SZ,866,2023-01-03,2026-07-31,20,20,5,0.023094688221709007
600712.SH,866,2023-01-03,2026-07-31,20,20,5,0.023094688221709007
002394.SZ,866,2023-01-03,2026-07-31,20,20,5,0.023094688221709007
000709.SZ,866,2023-01-03,2026-07-31,20,20,5,0.023094688221709007
600666.SH,866,2023-01-03,2026-07-31,20,32,17,0.03695150115473441
688230.SH,866,2023-01-03,2026-07-31,20,20,5,0.023094688221709007
600535.SH,866,2023-01-03,2026-07-31,20,24,9,0.02771362586605081
603949.SH,866,2023-01-03,2026-07-31,20,20,5,0.023094688221709007
600873.SH,866,2023-01-03,2026-07-31,20,20,5,0.023094688221709007
300174.SZ,866,2023-01-03,2026-07-31,20,38,19,0.04387990762124711
002818.SZ,866,2023-01-03,2026-07-31,20,20,5,0.023094688221709007
688125.SH,866,2023-01-03,2026-07-31,20,20,5,0.023094688221709007
688166.SH,866,2023-01-03,2026-07-31,20,20,5,0.023094688221709007
301013.SZ,866,2023-01-03,2026-07-31,20,20,5,0.023094688221709007
300766.SZ,866,2023-01-03,2026-07-31,20,20,5,0.023094688221709007
002824.SZ,866,2023-01-03,2026-07-31,20,20,5,0.023094688221709007
600638.SH,866,2023-01-03,2026-07-31,20,20,5,0.023094688221709007
603639.SH,866,2023-01-03,2026-07-31,20,20,5,0.023094688221709007
688365.SH,866,2023-01-03,2026-07-31,20,20,5,0.023094688221709007
600821.SH,866,2023-01-03,2026-07-31,20,20,5,0.023094688221709007
600084.SH,866,2023-01-03,2026-07-31,20,22,7,0.025404157043879907
600048.SH,866,2023-01-03,2026-07-31,20,20,5,0.023094688221709007
603066.SH,866,2023-01-03,2026-07-31,20,20,5,0.023094688221709007
600233.SH,866,2023-01-03,2026-07-31,20,20,5,0.023094688221709007
688387.SH,866,2023-01-03,2026-07-31,20,20,5,0.023094688221709007
601058.SH,866,2023-01-03,2026-07-31,20,20,5,0.023094688221709007
601901.SH,866,2023-01-03,2026-07-31,20,20,5,0.023094688221709007
002104.SZ,866,2023-01-03,2026-07-31,20,20,5,0.023094688221709007
301131.SZ,866,2023-01-03,2026-07-31,20,20,5,0.023094688221709007
301130.SZ,866,2023-01-03,2026-07-31,20,20,5,0.023094688221709007
688348.SH,866,2023-01-03,2026-07-31,20,20,5,0.023094688221709007
000935.SZ,866,2023-01-03,2026-07-31,20,20,5,0.023094688221709007
300678.SZ,866,2023-01-03,2026-07-31,20,20,5,0.023094688221709007
301149.SZ,866,2023-01-03,2026-07-31,20,20,5,0.023094688221709007
300195.SZ,866,2023-01-03,2026-07-31,20,20,5,0.023094688221709007
301626.SZ,431,2024-10-24,2026-07-31,20,20,5,0.04640371229698376
301557.SZ,345,2025-03-04,2026-07-31,20,20,5,0.057971014492753624
600071.SH,866,2023-01-03,2026-07-31,20,20,5,0.023094688221709007
600526.SH,866,2023-01-03,2026-07-31,20,20,5,0.023094688221709007
300141.SZ,866,2023-01-03,2026-07-31,20,20,5,0.023094688221709007
001388.SZ,265,2025-07-01,2026-07-31,20,20,5,0.07547169811320754
300666.SZ,866,2023-01-03,2026-07-31,20,30,15,0.03464203233256351
605288.SH,866,2023-01-03,2026-07-31,20,20,5,0.023094688221709007
603991.SH,866,2023-01-03,2026-07-31,20,38,19,0.04387990762124711
600188.SH,866,2023-01-03,2026-07-31,20,20,5,0.023094688221709007
002628.SZ,866,2023-01-03,2026-07-31,20,20,5,0.023094688221709007
000972.SZ,866,2023-01-03,2026-07-31,20,46,26,0.053117782909930716
301538.SZ,574,2024-03-20,2026-07-31,20,20,5,0.03484320557491289
600302.SH,866,2023-01-03,2026-07-31,20,32,17,0.03695150115473441
301325.SZ,782,2023-05-12,2026-07-31,20,20,5,0.02557544757033248
688100.SH,866,2023-01-03,2026-07-31,20,20,5,0.023094688221709007
000541.SZ,866,2023-01-03,2026-07-31,20,20,5,0.023094688221709007
000090.SZ,866,2023-01-03,2026-07-31,20,20,5,0.023094688221709007
300805.SZ,866,2023-01-03,2026-07-31,20,20,5,0.023094688221709007
688289.SH,866,2023-01-03,2026-07-31,20,20,5,0.023094688221709007
300810.SZ,866,2023-01-03,2026-07-31,20,20,5,0.023094688221709007
688017.SH,866,2023-01-03,2026-07-31,20,20,5,0.023094688221709007
301041.SZ,866,2023-01-03,2026-07-31,20,20,5,0.023094688221709007
002160.SZ,866,2023-01-03,2026-07-31,20,30,15,0.03464203233256351
002099.SZ,866,2023-01-03,2026-07-31,20,20,5,0.023094688221709007
002908.SZ,866,2023-01-03,2026-07-31,20,20,5,0.023094688221709007
301227.SZ,866,2023-01-03,2026-07-31,20,20,5,0.023094688221709007
301338.SZ,866,2023-01-03,2026-07-31,20,20,5,0.023094688221709007
301189.SZ,866,2023-01-03,2026-07-31,20,20,5,0.023094688221709007
600153.SH,866,2023-01-03,2026-07-31,20,20,5,0.023094688221709007
603407.SH,59,2026-05-11,2026-07-31,20,20,5,0.3389830508474576
300993.SZ,866,2023-01-03,2026-07-31,20,20,5,0.023094688221709007
600419.SH,866,2023-01-03,2026-07-31,20,20,5,0.023094688221709007
300265.SZ,866,2023-01-03,2026-07-31,20,20,5,0.023094688221709007
300999.SZ,866,2023-01-03,2026-07-31,20,20,5,0.023094688221709007
002062.SZ,866,2023-01-03,2026-07-31,20,20,5,0.023094688221709007
300344.SZ,797,2023-01-03,2026-04-21,797,797,797,1.0
688178.SH,866,2023-01-03,2026-07-31,20,30,15,0.03464203233256351
600506.SH,866,2023-01-03,2026-07-31,20,20,5,0.023094688221709007
002700.SZ,866,2023-01-03,2026-07-31,20,22,7,0.025404157043879907
688121.SH,866,2023-01-03,2026-07-31,20,82,53,0.09468822170900693
001222.SZ,866,2023-01-03,2026-07-31,20,20,5,0.023094688221709007
688244.SH,866,2023-01-03,2026-07-31,20,20,5,0.023094688221709007
300702.SZ,866,2023-01-03,2026-07-31,20,20,5,0.023094688221709007
300960.SZ,866,2023-01-03,2026-07-31,20,20,5,0.023094688221709007
300047.SZ,866,2023-01-03,2026-07-31,20,20,5,0.023094688221709007
002409.SZ,866,2023-01-03,2026-07-31,20,20,5,0.023094688221709007
600315.SH,866,2023-01-03,2026-07-31,20,20,5,0.023094688221709007
000600.SZ,866,2023-01-03,2026-07-31,20,20,5,0.023094688221709007
300458.SZ,866,2023-01-03,2026-07-31,20,20,5,0.023094688221709007
301377.SZ,866,2023-01-03,2026-07-31,20,20,5,0.023094688221709007
000596.SZ,866,2023-01-03,2026-07-31,20,20,5,0.023094688221709007
002393.SZ,866,2023-01-03,2026-07-31,20,20,5,0.023094688221709007
603730.SH,866,2023-01-03,2026-07-31,20,20,5,0.023094688221709007
002727.SZ,866,2023-01-03,2026-07-31,20,20,5,0.023094688221709007
301418.SZ,713,2023-08-21,2026-07-31,20,20,5,0.028050490883590462
600689.SH,866,2023-01-03,2026-07-31,20,20,5,0.023094688221709007
300835.SZ,866,2023-01-03,2026-07-31,20,20,5,0.023094688221709007
002943.SZ,866,2023-01-03,2026-07-31,20,20,5,0.023094688221709007
603014.SH,295,2025-05-19,2026-07-31,20,40,20,0.13559322033898305
600545.SH,866,2023-01-03,2026-07-31,20,20,5,0.023094688221709007
603348.SH,866,2023-01-03,2026-07-31,20,20,5,0.023094688221709007
301056.SZ,866,2023-01-03,2026-07-31,20,20,5,0.023094688221709007
300743.SZ,866,2023-01-03,2026-07-31,20,20,5,0.023094688221709007
688389.SH,866,2023-01-03,2026-07-31,20,20,5,0.023094688221709007
002600.SZ,866,2023-01-03,2026-07-31,20,20,5,0.023094688221709007
301232.SZ,758,2023-06-15,2026-07-31,20,20,5,0.026385224274406333
300483.SZ,866,2023-01-03,2026-07-31,20,20,5,0.023094688221709007
600232.SH,866,2023-01-03,2026-07-31,20,20,5,0.023094688221709007
600300.SH,866,2023-01-03,2026-07-31,20,20,5,0.023094688221709007
688370.SH,866,2023-01-03,2026-07-31,20,20,5,0.023094688221709007
601916.SH,866,2023-01-03,2026-07-31,20,32,16,0.03695150115473441
001269.SZ,866,2023-01-03,2026-07-31,20,20,5,0.023094688221709007
002346.SZ,866,2023-01-03,2026-07-31,20,20,5,0.023094688221709007
002940.SZ,866,2023-01-03,2026-07-31,20,20,5,0.023094688221709007
000999.SZ,866,2023-01-03,2026-07-31,20,20,5,0.023094688221709007
003041.SZ,866,2023-01-03,2026-07-31,20,38,23,0.04387990762124711
300977.SZ,866,2023-01-03,2026-07-31,20,20,5,0.023094688221709007
300823.SZ,866,2023-01-03,2026-07-31,20,20,5,0.023094688221709007
002052.SZ,866,2023-01-03,2026-07-31,20,44,25,0.050808314087759814
300396.SZ,866,2023-01-03,2026-07-31,20,22,7,0.025404157043879907
601012.SH,866,2023-01-03,2026-07-31,20,20,5,0.023094688221709007
688049.SH,866,2023-01-03,2026-07-31,20,20,5,0.023094688221709007
300513.SZ,866,2023-01-03,2026-07-31,20,20,5,0.023094688221709007
002690.SZ,866,2023-01-03,2026-07-31,20,20,5,0.023094688221709007
688686.SH,866,2023-01-03,2026-07-31,20,20,5,0.023094688221709007
603400.SH,272,2025-06-20,2026-07-31,20,20,5,0.07352941176470588
600717.SH,866,2023-01-03,2026-07-31,20,38,19,0.04387990762124711
002885.SZ,866,2023-01-03,2026-07-31,20,20,5,0.023094688221709007
600507.SH,866,2023-01-03,2026-07-31,20,20,5,0.023094688221709007
002086.SZ,866,2023-01-03,2026-07-31,20,26,11,0.03002309468822171
003002.SZ,866,2023-01-03,2026-07-31,20,20,5,0.023094688221709007
002311.SZ,866,2023-01-03,2026-07-31,20,20,5,0.023094688221709007
603221.SH,866,2023-01-03,2026-07-31,20,20,5,0.023094688221709007
002675.SZ,866,2023-01-03,2026-07-31,20,20,5,0.023094688221709007
603917.SH,866,2023-01-03,2026-07-31,20,20,5,0.023094688221709007
300360.SZ,866,2023-01-03,2026-07-31,20,20,5,0.023094688221709007
600362.SH,866,2023-01-03,2026-07-31,20,20,5,0.023094688221709007
688712.SH,116,2026-02-05,2026-07-31,20,20,5,0.1724137931034483
002243.SZ,866,2023-01-03,2026-07-31,20,20,5,0.023094688221709007
603787.SH,866,2023-01-03,2026-07-31,20,20,5,0.023094688221709007
600282.SH,866,2023-01-03,2026-07-31,20,22,7,0.025404157043879907
300489.SZ,866,2023-01-03,2026-07-31,20,30,15,0.03464203233256351
301373.SZ,845,2023-02-08,2026-07-31,20,20,5,0.023668639053254437
603192.SH,866,2023-01-03,2026-07-31,20,20,5,0.023094688221709007
688186.SH,866,2023-01-03,2026-07-31,20,20,5,0.023094688221709007
605151.SH,866,2023-01-03,2026-07-31,20,20,5,0.023094688221709007
000005.SZ,282,2023-01-03,2024-03-05,282,282,282,1.0
603095.SH,866,2023-01-03,2026-07-31,20,20,5,0.023094688221709007
600398.SH,866,2023-01-03,2026-07-31,20,20,5,0.023094688221709007
601991.SH,866,2023-01-03,2026-07-31,20,20,5,0.023094688221709007
300560.SZ,866,2023-01-03,2026-07-31,20,20,5,0.023094688221709007
688510.SH,866,2023-01-03,2026-07-31,20,20,5,0.023094688221709007
000952.SZ,866,2023-01-03,2026-07-31,20,20,5,0.023094688221709007
688270.SH,866,2023-01-03,2026-07-31,20,22,7,0.025404157043879907
002931.SZ,866,2023-01-03,2026-07-31,20,64,49,0.07390300230946882
688020.SH,866,2023-01-03,2026-07-31,20,20,5,0.023094688221709007
300378.SZ,866,2023-01-03,2026-07-31,20,20,5,0.023094688221709007
002329.SZ,866,2023-01-03,2026-07-31,20,20,5,0.023094688221709007
300263.SZ,866,2023-01-03,2026-07-31,20,20,5,0.023094688221709007
002831.SZ,866,2023-01-03,2026-07-31,20,20,5,0.023094688221709007
002401.SZ,866,2023-01-03,2026-07-31,20,20,5,0.023094688221709007
603395.SH,408,2024-11-26,2026-07-31,20,20,5,0.049019607843137254
603799.SH,866,2023-01-03,2026-07-31,20,20,5,0.023094688221709007
002742.SZ,866,2023-01-03,2026-07-31,20,26,11,0.03002309468822171
002208.SZ,866,2023-01-03,2026-07-31,20,40,20,0.046189376443418015
600375.SH,866,2023-01-03,2026-07-31,20,46,26,0.053117782909930716
002665.SZ,358,2023-01-03,2024-06-27,358,358,358,1.0
000607.SZ,866,2023-01-03,2026-07-31,20,20,5,0.023094688221709007
600608.SH,842,2023-01-03,2026-06-29,20,61,46,0.07244655581947744
603085.SH,866,2023-01-03,2026-07-31,20,20,5,0.023094688221709007
001360.SZ,803,2023-04-10,2026-07-31,20,20,5,0.024906600249066
002902.SZ,866,2023-01-03,2026-07-31,20,20,5,0.023094688221709007
603105.SH,866,2023-01-03,2026-07-31,20,20,5,0.023094688221709007
000811.SZ,866,2023-01-03,2026-07-31,20,20,5,0.023094688221709007
603879.SH,866,2023-01-03,2026-07-31,20,24,9,0.02771362586605081
300322.SZ,866,2023-01-03,2026-07-31,20,20,5,0.023094688221709007
000403.SZ,866,2023-01-03,2026-07-31,20,24,9,0.02771362586605081
002161.SZ,866,2023-01-03,2026-07-31,20,20,5,0.023094688221709007
000633.SZ,866,2023-01-03,2026-07-31,20,30,15,0.03464203233256351
300276.SZ,866,2023-01-03,2026-07-31,20,20,5,0.023094688221709007
301190.SZ,866,2023-01-03,2026-07-31,20,20,5,0.023094688221709007
600660.SH,866,2023-01-03,2026-07-31,20,20,5,0.023094688221709007
605580.SH,866,2023-01-03,2026-07-31,20,20,5,0.023094688221709007
688629.SH,752,2023-06-27,2026-07-31,20,20,5,0.026595744680851064
603026.SH,866,2023-01-03,2026-07-31,20,20,5,0.023094688221709007
002832.SZ,866,2023-01-03,2026-07-31,20,20,5,0.023094688221709007
000901.SZ,866,2023-01-03,2026-07-31,20,20,5,0.023094688221709007
300149.SZ,866,2023-01-03,2026-07-31,20,20,5,0.023094688221709007
688701.SH,866,2023-01-03,2026-07-31,20,20,5,0.023094688221709007
002507.SZ,866,2023-01-03,2026-07-31,20,20,5,0.023094688221709007
300030.SZ,866,2023-01-03,2026-07-31,20,20,5,0.023094688221709007
002512.SZ,866,2023-01-03,2026-07-31,20,22,7,0.025404157043879907
688010.SH,866,2023-01-03,2026-07-31,20,20,5,0.023094688221709007
601918.SH,866,2023-01-03,2026-07-31,20,20,5,0.023094688221709007
301300.SZ,866,2023-01-03,2026-07-31,20,20,5,0.023094688221709007
002850.SZ,866,2023-01-03,2026-07-31,20,20,5,0.023094688221709007
688066.SH,866,2023-01-03,2026-07-31,20,22,7,0.025404157043879907
002891.SZ,866,2023-01-03,2026-07-31,20,20,5,0.023094688221709007
688586.SH,866,2023-01-03,2026-07-31,20,20,5,0.023094688221709007
002383.SZ,866,2023-01-03,2026-07-31,20,20,5,0.023094688221709007
603223.SH,866,2023-01-03,2026-07-31,20,22,7,0.025404157043879907
688127.SH,866,2023-01-03,2026-07-31,20,20,5,0.023094688221709007
688213.SH,866,2023-01-03,2026-07-31,20,20,5,0.023094688221709007
600329.SH,866,2023-01-03,2026-07-31,20,20,5,0.023094688221709007
301043.SZ,866,2023-01-03,2026-07-31,20,20,5,0.023094688221709007
688143.SH,866,2023-01-03,2026-07-31,20,44,25,0.050808314087759814
000820.SZ,866,2023-01-03,2026-07-31,20,27,12,0.03117782909930716
000609.SZ,866,2023-01-03,2026-07-31,20,32,17,0.03695150115473441
300046.SZ,866,2023-01-03,2026-07-31,20,30,15,0.03464203233256351
600309.SH,866,2023-01-03,2026-07-31,20,20,5,0.023094688221709007
603056.SH,739,2023-01-03,2026-01-20,739,739,739,1.0
002266.SZ,866,2023-01-03,2026-07-31,20,20,5,0.023094688221709007
300224.SZ,866,2023-01-03,2026-07-31,20,20,5,0.023094688221709007
002967.SZ,866,2023-01-03,2026-07-31,20,20,5,0.023094688221709007
002505.SZ,361,2023-01-03,2024-07-02,361,361,361,1.0
300651.SZ,866,2023-01-03,2026-07-31,20,20,5,0.023094688221709007
000968.SZ,866,2023-01-03,2026-07-31,20,20,5,0.023094688221709007
601868.SH,866,2023-01-03,2026-07-31,20,20,5,0.023094688221709007
300819.SZ,866,2023-01-03,2026-07-31,20,20,5,0.023094688221709007
601528.SH,866,2023-01-03,2026-07-31,20,20,5,0.023094688221709007
000552.SZ,866,2023-01-03,2026-07-31,20,40,20,0.046189376443418015
002683.SZ,866,2023-01-03,2026-07-31,20,20,5,0.023094688221709007
688188.SH,866,2023-01-03,2026-07-31,20,20,5,0.023094688221709007
688480.SH,866,2023-01-03,2026-07-31,20,20,5,0.023094688221709007
301175.SZ,866,2023-01-03,2026-07-31,20,20,5,0.023094688221709007
000034.SZ,866,2023-01-03,2026-07-31,20,20,5,0.023094688221709007
600155.SH,866,2023-01-03,2026-07-31,20,20,5,0.023094688221709007
688682.SH,866,2023-01-03,2026-07-31,20,20,5,0.023094688221709007
002847.SZ,866,2023-01-03,2026-07-31,20,20,5,0.023094688221709007
002823.SZ,866,2023-01-03,2026-07-31,20,20,5,0.023094688221709007
688707.SH,866,2023-01-03,2026-07-31,20,20,5,0.023094688221709007
600035.SH,866,2023-01-03,2026-07-31,20,20,5,0.023094688221709007
688458.SH,776,2023-05-22,2026-07-31,20,20,5,0.02577319587628866
002648.SZ,866,2023-01-03,2026-07-31,20,20,5,0.023094688221709007
002330.SZ,866,2023-01-03,2026-07-31,20,20,5,0.023094688221709007
601000.SH,866,2023-01-03,2026-07-31,20,20,5,0.023094688221709007
000659.SZ,866,2023-01-03,2026-07-31,20,24,9,0.02771362586605081
002653.SZ,866,2023-01-03,2026-07-31,20,20,5,0.023094688221709007
300547.SZ,866,2023-01-03,2026-07-31,20,20,5,0.023094688221709007
600318.SH,866,2023-01-03,2026-07-31,20,20,5,0.023094688221709007
301168.SZ,866,2023-01-03,2026-07-31,20,20,5,0.023094688221709007
601808.SH,866,2023-01-03,2026-07-31,20,20,5,0.023094688221709007
002132.SZ,866,2023-01-03,2026-07-31,20,20,5,0.023094688221709007
002886.SZ,866,2023-01-03,2026-07-31,20,20,5,0.023094688221709007
000900.SZ,866,2023-01-03,2026-07-31,20,20,5,0.023094688221709007
688191.SH,866,2023-01-03,2026-07-31,20,40,20,0.046189376443418015
688777.SH,866,2023-01-03,2026-07-31,20,20,5,0.023094688221709007
000806.SZ,121,2023-01-03,2023-07-05,121,121,121,1.0
688035.SH,866,2023-01-03,2026-07-31,20,20,5,0.023094688221709007
002385.SZ,866,2023-01-03,2026-07-31,20,20,5,0.023094688221709007
688218.SH,866,2023-01-03,2026-07-31,20,20,5,0.023094688221709007
688802.SH,150,2025-12-17,2026-07-31,20,20,5,0.13333333333333333
603201.SH,866,2023-01-03,2026-07-31,20,20,5,0.023094688221709007
603281.SH,851,2023-01-31,2026-07-31,20,20,5,0.023501762632197415
300109.SZ,866,2023-01-03,2026-07-31,20,20,5,0.023094688221709007
600125.SH,866,2023-01-03,2026-07-31,20,20,5,0.023094688221709007
300368.SZ,866,2023-01-03,2026-07-31,20,24,9,0.02771362586605081
300711.SZ,866,2023-01-03,2026-07-31,20,20,5,0.023094688221709007
688195.SH,866,2023-01-03,2026-07-31,20,40,20,0.046189376443418015
003000.SZ,866,2023-01-03,2026-07-31,20,20,5,0.023094688221709007
603282.SH,820,2023-03-15,2026-07-31,20,20,5,0.024390243902439025
600868.SH,866,2023-01-03,2026-07-31,20,20,5,0.023094688221709007
600307.SH,866,2023-01-03,2026-07-31,20,20,5,0.023094688221709007
603803.SH,866,2023-01-03,2026-07-31,20,20,5,0.023094688221709007
002865.SZ,866,2023-01-03,2026-07-31,20,20,5,0.023094688221709007
002922.SZ,866,2023-01-03,2026-07-31,20,20,5,0.023094688221709007
600531.SH,866,2023-01-03,2026-07-31,20,20,5,0.023094688221709007
600104.SH,866,2023-01-03,2026-07-31,20,20,5,0.023094688221709007
001333.SZ,866,2023-01-03,2026-07-31,20,20,5,0.023094688221709007
603528.SH,866,2023-01-03,2026-07-31,20,20,5,0.023094688221709007
002416.SZ,866,2023-01-03,2026-07-31,20,20,5,0.023094688221709007
603058.SH,866,2023-01-03,2026-07-31,20,40,20,0.046189376443418015
603958.SH,866,2023-01-03,2026-07-31,20,70,45,0.08083140877598152
300868.SZ,866,2023-01-03,2026-07-31,20,20,5,0.023094688221709007
300717.SZ,866,2023-01-03,2026-07-31,20,20,5,0.023094688221709007
600566.SH,866,2023-01-03,2026-07-31,20,22,7,0.025404157043879907
603536.SH,866,2023-01-03,2026-07-31,20,20,5,0.023094688221709007
301215.SZ,866,2023-01-03,2026-07-31,20,20,5,0.023094688221709007
688152.SH,866,2023-01-03,2026-07-31,20,20,5,0.023094688221709007
688008.SH,866,2023-01-03,2026-07-31,20,20,5,0.023094688221709007
300830.SZ,866,2023-01-03,2026-07-31,20,20,5,0.023094688221709007
003026.SZ,866,2023-01-03,2026-07-31,20,20,5,0.023094688221709007
601117.SH,866,2023-01-03,2026-07-31,20,20,5,0.023094688221709007
603079.SH,866,2023-01-03,2026-07-31,20,20,5,0.023094688221709007
600815.SH,866,2023-01-03,2026-07-31,20,20,5,0.023094688221709007
301575.SZ,214,2025-09-10,2026-07-31,20,20,5,0.09345794392523364
600176.SH,866,2023-01-03,2026-07-31,20,20,5,0.023094688221709007
301082.SZ,866,2023-01-03,2026-07-31,20,20,5,0.023094688221709007
600083.SH,495,2023-01-03,2025-01-16,495,495,495,1.0
002672.SZ,866,2023-01-03,2026-07-31,20,20,5,0.023094688221709007
003006.SZ,866,2023-01-03,2026-07-31,20,20,5,0.023094688221709007
300165.SZ,866,2023-01-03,2026-07-31,20,44,29,0.050808314087759814
601607.SH,866,2023-01-03,2026-07-31,20,20,5,0.023094688221709007
600158.SH,866,2023-01-03,2026-07-31,20,20,5,0.023094688221709007
600051.SH,866,2023-01-03,2026-07-31,20,20,5,0.023094688221709007
002975.SZ,866,2023-01-03,2026-07-31,20,20,5,0.023094688221709007
002536.SZ,866,2023-01-03,2026-07-31,20,20,5,0.023094688221709007
300453.SZ,866,2023-01-03,2026-07-31,20,20,5,0.023094688221709007
002275.SZ,866,2023-01-03,2026-07-31,20,20,5,0.023094688221709007
603568.SH,866,2023-01-03,2026-07-31,20,20,5,0.023094688221709007
301272.SZ,740,2023-07-13,2026-07-31,20,20,5,0.02702702702702703
300860.SZ,866,2023-01-03,2026-07-31,20,20,5,0.023094688221709007
605116.SH,866,2023-01-03,2026-07-31,20,20,5,0.023094688221709007
300068.SZ,866,2023-01-03,2026-07-31,20,32,17,0.03695150115473441
300131.SZ,866,2023-01-03,2026-07-31,20,60,35,0.06928406466512702
688726.SH,428,2024-10-29,2026-07-31,20,20,5,0.04672897196261682
300015.SZ,866,2023-01-03,2026-07-31,20,20,5,0.023094688221709007
600609.SH,866,2023-01-03,2026-07-31,20,20,5,0.023094688221709007
600578.SH,866,2023-01-03,2026-07-31,20,20,5,0.023094688221709007
002491.SZ,866,2023-01-03,2026-07-31,20,20,5,0.023094688221709007
601881.SH,866,2023-01-03,2026-07-31,20,20,5,0.023094688221709007
688343.SH,806,2023-04-04,2026-07-31,20,20,5,0.02481389578163772
300308.SZ,866,2023-01-03,2026-07-31,20,20,5,0.023094688221709007
002927.SZ,866,2023-01-03,2026-07-31,20,20,5,0.023094688221709007
688032.SH,866,2023-01-03,2026-07-31,20,20,5,0.023094688221709007
688004.SH,866,2023-01-03,2026-07-31,20,20,5,0.023094688221709007
300294.SZ,866,2023-01-03,2026-07-31,20,20,5,0.023094688221709007
000060.SZ,866,2023-01-03,2026-07-31,20,20,5,0.023094688221709007
002481.SZ,866,2023-01-03,2026-07-31,20,20,5,0.023094688221709007
600025.SH,866,2023-01-03,2026-07-31,20,20,5,0.023094688221709007
301069.SZ,866,2023-01-03,2026-07-31,20,20,5,0.023094688221709007
688083.SH,866,2023-01-03,2026-07-31,20,20,5,0.023094688221709007
301551.SZ,446,2024-09-26,2026-07-31,20,20,5,0.04484304932735426
002691.SZ,866,2023-01-03,2026-07-31,20,22,7,0.025404157043879907
688556.SH,866,2023-01-03,2026-07-31,20,20,5,0.023094688221709007
603358.SH,866,2023-01-03,2026-07-31,20,30,15,0.03464203233256351
301050.SZ,866,2023-01-03,2026-07-31,20,20,5,0.023094688221709007
688262.SH,866,2023-01-03,2026-07-31,20,20,5,0.023094688221709007
301263.SZ,866,2023-01-03,2026-07-31,20,20,5,0.023094688221709007
301535.SZ,328,2025-03-27,2026-07-31,20,20,5,0.06097560975609756
000603.SZ,866,2023-01-03,2026-07-31,20,36,18,0.04157043879907621
600345.SH,866,2023-01-03,2026-07-31,20,20,5,0.023094688221709007
300758.SZ,866,2023-01-03,2026-07-31,20,20,5,0.023094688221709007
000632.SZ,866,2023-01-03,2026-07-31,20,22,7,0.025404157043879907
002130.SZ,866,2023-01-03,2026-07-31,20,20,5,0.023094688221709007
601298.SH,866,2023-01-03,2026-07-31,20,32,17,0.03695150115473441
000523.SZ,866,2023-01-03,2026-07-31,20,20,5,0.023094688221709007
301638.SZ,171,2025-11-18,2026-07-31,20,20,5,0.11695906432748537
300814.SZ,866,2023-01-03,2026-07-31,20,20,5,0.023094688221709007
300910.SZ,866,2023-01-03,2026-07-31,20,20,5,0.023094688221709007
000001.SZ,866,2023-01-03,2026-07-31,20,20,5,0.023094688221709007
301186.SZ,866,2023-01-03,2026-07-31,20,24,9,0.02771362586605081
300275.SZ,866,2023-01-03,2026-07-31,20,20,5,0.023094688221709007
300989.SZ,866,2023-01-03,2026-07-31,20,20,5,0.023094688221709007
002149.SZ,866,2023-01-03,2026-07-31,20,20,5,0.023094688221709007
603843.SH,866,2023-01-03,2026-07-31,20,73,57,0.08429561200923788
003029.SZ,866,2023-01-03,2026-07-31,20,20,5,0.023094688221709007
301198.SZ,866,2023-01-03,2026-07-31,20,20,5,0.023094688221709007
300058.SZ,866,2023-01-03,2026-07-31,20,20,5,0.023094688221709007
002895.SZ,866,2023-01-03,2026-07-31,20,20,5,0.023094688221709007
001399.SZ,26,2026-06-26,2026-07-31,20,20,5,0.7692307692307693
600789.SH,866,2023-01-03,2026-07-31,20,20,5,0.023094688221709007
603697.SH,866,2023-01-03,2026-07-31,20,20,5,0.023094688221709007
688615.SH,446,2024-09-26,2026-07-31,20,20,5,0.04484304932735426
300580.SZ,866,2023-01-03,2026-07-31,20,20,5,0.023094688221709007
300958.SZ,866,2023-01-03,2026-07-31,20,20,5,0.023094688221709007
603322.SH,866,2023-01-03,2026-07-31,20,20,5,0.023094688221709007
600858.SH,866,2023-01-03,2026-07-31,20,20,5,0.023094688221709007
688090.SH,866,2023-01-03,2026-07-31,20,20,5,0.023094688221709007
301408.SZ,830,2023-03-01,2026-07-31,20,20,5,0.024096385542168676
688819.SH,866,2023-01-03,2026-07-31,20,20,5,0.023094688221709007
688045.SH,866,2023-01-03,2026-07-31,20,20,5,0.023094688221709007
001379.SZ,611,2024-01-19,2026-07-31,20,20,5,0.03273322422258593
000501.SZ,866,2023-01-03,2026-07-31,20,20,5,0.023094688221709007
000155.SZ,866,2023-01-03,2026-07-31,20,20,5,0.023094688221709007
688268.SH,866,2023-01-03,2026-07-31,20,20,5,0.023094688221709007
300379.SZ,740,2023-01-03,2026-01-21,740,740,740,1.0
002947.SZ,866,2023-01-03,2026-07-31,20,20,5,0.023094688221709007
601005.SH,866,2023-01-03,2026-07-31,20,20,5,0.023094688221709007
688680.SH,866,2023-01-03,2026-07-31,20,20,5,0.023094688221709007
600828.SH,866,2023-01-03,2026-07-31,20,20,5,0.023094688221709007
600742.SH,866,2023-01-03,2026-07-31,20,20,5,0.023094688221709007
688717.SH,623,2024-01-03,2026-07-31,20,20,5,0.03210272873194221
000032.SZ,866,2023-01-03,2026-07-31,20,20,5,0.023094688221709007
300669.SZ,866,2023-01-03,2026-07-31,20,20,5,0.023094688221709007
600749.SH,866,2023-01-03,2026-07-31,20,20,5,0.023094688221709007
600626.SH,866,2023-01-03,2026-07-31,20,20,5,0.023094688221709007
002749.SZ,866,2023-01-03,2026-07-31,20,20,5,0.023094688221709007
002271.SZ,866,2023-01-03,2026-07-31,20,20,5,0.023094688221709007
300941.SZ,866,2023-01-03,2026-07-31,20,20,5,0.023094688221709007
688797.SH,28,2026-06-24,2026-07-31,20,20,5,0.7142857142857143
300972.SZ,866,2023-01-03,2026-07-31,20,20,5,0.023094688221709007
605060.SH,866,2023-01-03,2026-07-31,20,20,5,0.023094688221709007
301057.SZ,866,2023-01-03,2026-07-31,20,30,15,0.03464203233256351
688021.SH,866,2023-01-03,2026-07-31,20,20,5,0.023094688221709007
301665.SZ,318,2025-04-11,2026-07-31,20,20,5,0.06289308176100629
301296.SZ,866,2023-01-03,2026-07-31,20,20,5,0.023094688221709007
600543.SH,866,2023-01-03,2026-07-31,20,26,11,0.03002309468822171
300475.SZ,866,2023-01-03,2026-07-31,20,32,16,0.03695150115473441
603429.SH,866,2023-01-03,2026-07-31,20,22,7,0.025404157043879907
301512.SZ,735,2023-07-20,2026-07-31,20,20,5,0.027210884353741496
301617.SZ,397,2024-12-11,2026-07-31,20,20,5,0.05037783375314862
601858.SH,866,2023-01-03,2026-07-31,20,20,5,0.023094688221709007
001257.SZ,84,2026-03-31,2026-07-31,20,20,5,0.23809523809523808
600898.SH,491,2023-01-03,2025-01-10,491,491,491,1.0
002461.SZ,866,2023-01-03,2026-07-31,20,20,5,0.023094688221709007
300461.SZ,866,2023-01-03,2026-07-31,20,20,5,0.023094688221709007
300552.SZ,866,2023-01-03,2026-07-31,20,20,5,0.023094688221709007
603171.SH,866,2023-01-03,2026-07-31,20,20,5,0.023094688221709007
688309.SH,866,2023-01-03,2026-07-31,20,22,7,0.025404157043879907
002427.SZ,866,2023-01-03,2026-07-31,20,22,7,0.025404157043879907
601211.SH,866,2023-01-03,2026-07-31,20,58,31,0.06697459584295612
002217.SZ,866,2023-01-03,2026-07-31,20,38,23,0.04387990762124711
301047.SZ,866,2023-01-03,2026-07-31,20,20,5,0.023094688221709007
002088.SZ,866,2023-01-03,2026-07-31,20,20,5,0.023094688221709007
600585.SH,866,2023-01-03,2026-07-31,20,20,5,0.023094688221709007
002117.SZ,866,2023-01-03,2026-07-31,20,20,5,0.023094688221709007
000509.SZ,866,2023-01-03,2026-07-31,20,20,5,0.023094688221709007
688633.SH,866,2023-01-03,2026-07-31,20,20,5,0.023094688221709007
603861.SH,866,2023-01-03,2026-07-31,20,20,5,0.023094688221709007
688522.SH,830,2023-03-01,2026-07-31,20,40,20,0.04819277108433735
002135.SZ,866,2023-01-03,2026-07-31,20,20,5,0.023094688221709007
300317.SZ,866,2023-01-03,2026-07-31,20,20,5,0.023094688221709007
688813.SH,84,2026-03-31,2026-07-31,20,20,5,0.23809523809523808
605020.SH,866,2023-01-03,2026-07-31,20,20,5,0.023094688221709007
003023.SZ,866,2023-01-03,2026-07-31,20,20,5,0.023094688221709007
688472.SH,762,2023-06-09,2026-07-31,20,20,5,0.026246719160104987
603520.SH,866,2023-01-03,2026-07-31,20,20,5,0.023094688221709007
000663.SZ,866,2023-01-03,2026-07-31,20,20,5,0.023094688221709007
600236.SH,866,2023-01-03,2026-07-31,20,20,5,0.023094688221709007
002713.SZ,866,2023-01-03,2026-07-31,20,31,17,0.03579676674364896
688267.SH,866,2023-01-03,2026-07-31,20,20,5,0.023094688221709007
000960.SZ,866,2023-01-03,2026-07-31,20,20,5,0.023094688221709007
002357.SZ,866,2023-01-03,2026-07-31,20,30,15,0.03464203233256351
601100.SH,866,2023-01-03,2026-07-31,20,20,5,0.023094688221709007
000921.SZ,866,2023-01-03,2026-07-31,20,20,5,0.023094688221709007
603605.SH,866,2023-01-03,2026-07-31,20,20,5,0.023094688221709007
301265.SZ,866,2023-01-03,2026-07-31,20,20,5,0.023094688221709007
601567.SH,866,2023-01-03,2026-07-31,20,20,5,0.023094688221709007
688598.SH,866,2023-01-03,2026-07-31,20,20,5,0.023094688221709007
603477.SH,866,2023-01-03,2026-07-31,20,20,5,0.023094688221709007
600050.SH,866,2023-01-03,2026-07-31,20,20,5,0.023094688221709007
603297.SH,866,2023-01-03,2026-07-31,20,20,5,0.023094688221709007
002157.SZ,866,2023-01-03,2026-07-31,20,26,11,0.03002309468822171
002928.SZ,866,2023-01-03,2026-07-31,20,20,5,0.023094688221709007
300012.SZ,866,2023-01-03,2026-07-31,20,20,5,0.023094688221709007
002733.SZ,866,2023-01-03,2026-07-31,20,20,5,0.023094688221709007
601952.SH,866,2023-01-03,2026-07-31,20,20,5,0.023094688221709007
603119.SH,727,2023-08-01,2026-07-31,20,20,5,0.027510316368638238
301113.SZ,866,2023-01-03,2026-07-31,20,20,5,0.023094688221709007
688611.SH,866,2023-01-03,2026-07-31,20,20,5,0.023094688221709007
600833.SH,866,2023-01-03,2026-07-31,20,20,5,0.023094688221709007
600517.SH,866,2023-01-03,2026-07-31,20,20,5,0.023094688221709007
300307.SZ,866,2023-01-03,2026-07-31,20,60,35,0.06928406466512702
603836.SH,866,2023-01-03,2026-07-31,20,20,5,0.023094688221709007
300400.SZ,866,2023-01-03,2026-07-31,20,20,5,0.023094688221709007
000593.SZ,866,2023-01-03,2026-07-31,20,24,9,0.02771362586605081
603489.SH,866,2023-01-03,2026-07-31,20,20,5,0.023094688221709007
605198.SH,866,2023-01-03,2026-07-31,20,20,5,0.023094688221709007
000751.SZ,866,2023-01-03,2026-07-31,20,20,5,0.023094688221709007
002991.SZ,866,2023-01-03,2026-07-31,20,20,5,0.023094688221709007
600640.SH,866,2023-01-03,2026-07-31,20,20,5,0.023094688221709007
001236.SZ,866,2023-01-03,2026-07-31,20,20,5,0.023094688221709007
000777.SZ,866,2023-01-03,2026-07-31,20,40,20,0.046189376443418015
603182.SH,866,2023-01-03,2026-07-31,20,30,15,0.03464203233256351
301003.SZ,866,2023-01-03,2026-07-31,20,20,5,0.023094688221709007
300882.SZ,866,2023-01-03,2026-07-31,20,20,5,0.023094688221709007
300357.SZ,866,2023-01-03,2026-07-31,20,20,5,0.023094688221709007
600135.SH,866,2023-01-03,2026-07-31,20,20,5,0.023094688221709007
300620.SZ,866,2023-01-03,2026-07-31,20,40,20,0.046189376443418015
002607.SZ,866,2023-01-03,2026-07-31,20,20,5,0.023094688221709007
688202.SH,866,2023-01-03,2026-07-31,20,20,5,0.023094688221709007
300062.SZ,866,2023-01-03,2026-07-31,20,20,5,0.023094688221709007
000025.SZ,866,2023-01-03,2026-07-31,20,20,5,0.023094688221709007
002079.SZ,866,2023-01-03,2026-07-31,20,20,5,0.023094688221709007
000301.SZ,866,2023-01-03,2026-07-31,20,20,5,0.023094688221709007
301667.SZ,146,2025-12-23,2026-07-31,20,20,5,0.136986301369863
300250.SZ,866,2023-01-03,2026-07-31,20,20,5,0.023094688221709007
600537.SH,866,2023-01-03,2026-07-31,20,22,7,0.025404157043879907
603898.SH,866,2023-01-03,2026-07-31,20,20,5,0.023094688221709007
300279.SZ,866,2023-01-03,2026-07-31,20,20,5,0.023094688221709007
600026.SH,866,2023-01-03,2026-07-31,20,20,5,0.023094688221709007
601065.SH,803,2023-04-10,2026-07-31,20,20,5,0.024906600249066
301148.SZ,866,2023-01-03,2026-07-31,20,40,20,0.046189376443418015
002718.SZ,866,2023-01-03,2026-07-31,20,40,25,0.046189376443418015
000597.SZ,866,2023-01-03,2026-07-31,20,20,5,0.023094688221709007
601001.SH,866,2023-01-03,2026-07-31,20,20,5,0.023094688221709007
600649.SH,866,2023-01-03,2026-07-31,20,20,5,0.023094688221709007
000819.SZ,866,2023-01-03,2026-07-31,20,20,5,0.023094688221709007
603257.SH,321,2025-04-08,2026-07-31,20,20,5,0.06230529595015576
688236.SH,866,2023-01-03,2026-07-31,20,20,5,0.023094688221709007
300530.SZ,866,2023-01-03,2026-07-31,20,20,5,0.023094688221709007
605050.SH,866,2023-01-03,2026-07-31,20,20,5,0.023094688221709007
300879.SZ,866,2023-01-03,2026-07-31,20,20,5,0.023094688221709007
301080.SZ,866,2023-01-03,2026-07-31,20,20,5,0.023094688221709007
000828.SZ,866,2023-01-03,2026-07-31,20,20,5,0.023094688221709007
603618.SH,866,2023-01-03,2026-07-31,20,20,5,0.023094688221709007
002721.SZ,866,2023-01-03,2026-07-31,20,28,13,0.03233256351039261
605277.SH,866,2023-01-03,2026-07-31,20,20,5,0.023094688221709007
605399.SH,866,2023-01-03,2026-07-31,20,20,5,0.023094688221709007
300586.SZ,866,2023-01-03,2026-07-31,20,20,5,0.023094688221709007
002526.SZ,866,2023-01-03,2026-07-31,20,20,5,0.023094688221709007
300737.SZ,866,2023-01-03,2026-07-31,20,20,5,0.023094688221709007
688499.SH,866,2023-01-03,2026-07-31,20,20,5,0.023094688221709007
603883.SH,866,2023-01-03,2026-07-31,20,20,5,0.023094688221709007
688596.SH,866,2023-01-03,2026-07-31,20,20,5,0.023094688221709007
688359.SH,866,2023-01-03,2026-07-31,20,20,5,0.023094688221709007
688605.SH,396,2024-12-12,2026-07-31,20,20,5,0.050505050505050504
603009.SH,866,2023-01-03,2026-07-31,20,20,5,0.023094688221709007
300933.SZ,866,2023-01-03,2026-07-31,20,20,5,0.023094688221709007
002576.SZ,866,2023-01-03,2026-07-31,20,20,5,0.023094688221709007
002941.SZ,866,2023-01-03,2026-07-31,20,20,5,0.023094688221709007
300284.SZ,866,2023-01-03,2026-07-31,20,20,5,0.023094688221709007
603613.SH,866,2023-01-03,2026-07-31,20,20,5,0.023094688221709007
300912.SZ,866,2023-01-03,2026-07-31,20,40,20,0.046189376443418015
300833.SZ,866,2023-01-03,2026-07-31,20,20,5,0.023094688221709007
000518.SZ,866,2023-01-03,2026-07-31,20,24,9,0.02771362586605081
301045.SZ,866,2023-01-03,2026-07-31,20,20,5,0.023094688221709007
688502.SH,824,2023-03-09,2026-07-31,20,20,5,0.024271844660194174
688565.SH,866,2023-01-03,2026-07-31,20,20,5,0.023094688221709007
600358.SH,866,2023-01-03,2026-07-31,20,54,37,0.06235565819861432
601107.SH,866,2023-01-03,2026-07-31,20,40,20,0.046189376443418015
688047.SH,866,2023-01-03,2026-07-31,20,20,5,0.023094688221709007
603102.SH,866,2023-01-03,2026-07-31,20,20,5,0.023094688221709007
301106.SZ,866,2023-01-03,2026-07-31,20,40,20,0.046189376443418015
300894.SZ,866,2023-01-03,2026-07-31,20,20,5,0.023094688221709007
600097.SH,866,2023-01-03,2026-07-31,20,20,5,0.023094688221709007
300432.SZ,866,2023-01-03,2026-07-31,20,20,5,0.023094688221709007
601838.SH,866,2023-01-03,2026-07-31,20,20,5,0.023094688221709007
300050.SZ,866,2023-01-03,2026-07-31,20,20,5,0.023094688221709007
003027.SZ,866,2023-01-03,2026-07-31,20,20,5,0.023094688221709007
600837.SH,503,2023-01-03,2025-02-05,503,503,503,1.0
603227.SH,866,2023-01-03,2026-07-31,20,24,9,0.02771362586605081
300763.SZ,866,2023-01-03,2026-07-31,20,20,5,0.023094688221709007
603390.SH,866,2023-01-03,2026-07-31,20,20,5,0.023094688221709007
300339.SZ,866,2023-01-03,2026-07-31,20,20,5,0.023094688221709007
002913.SZ,866,2023-01-03,2026-07-31,20,20,5,0.023094688221709007
301173.SZ,346,2025-03-03,2026-07-31,20,20,5,0.057803468208092484
600722.SH,866,2023-01-03,2026-07-31,20,20,5,0.023094688221709007
002150.SZ,866,2023-01-03,2026-07-31,20,20,5,0.023094688221709007
600895.SH,866,2023-01-03,2026-07-31,20,20,5,0.023094688221709007
001282.SZ,774,2023-05-24,2026-07-31,20,20,5,0.025839793281653745
600593.SH,866,2023-01-03,2026-07-31,20,30,15,0.03464203233256351
605006.SH,866,2023-01-03,2026-07-31,20,20,5,0.023094688221709007
002745.SZ,866,2023-01-03,2026-07-31,20,20,5,0.023094688221709007
600268.SH,866,2023-01-03,2026-07-31,20,20,5,0.023094688221709007
002041.SZ,866,2023-01-03,2026-07-31,20,20,5,0.023094688221709007
001325.SZ,149,2025-12-18,2026-07-31,20,20,5,0.1342281879194631
603092.SH,178,2025-11-07,2026-07-31,20,20,5,0.11235955056179775
300953.SZ,866,2023-01-03,2026-07-31,20,20,5,0.023094688221709007
002133.SZ,866,2023-01-03,2026-07-31,20,20,5,0.023094688221709007
300861.SZ,866,2023-01-03,2026-07-31,20,20,5,0.023094688221709007
002839.SZ,866,2023-01-03,2026-07-31,20,20,5,0.023094688221709007
002222.SZ,866,2023-01-03,2026-07-31,20,20,5,0.023094688221709007
600378.SH,866,2023-01-03,2026-07-31,20,36,20,0.04157043879907621
300176.SZ,866,2023-01-03,2026-07-31,20,20,5,0.023094688221709007
603693.SH,866,2023-01-03,2026-07-31,20,20,5,0.023094688221709007
603116.SH,866,2023-01-03,2026-07-31,20,20,5,0.023094688221709007
000848.SZ,866,2023-01-03,2026-07-31,20,20,5,0.023094688221709007
603719.SH,866,2023-01-03,2026-07-31,20,30,15,0.03464203233256351
600186.SH,866,2023-01-03,2026-07-31,20,20,5,0.023094688221709007
603871.SH,866,2023-01-03,2026-07-31,20,20,5,0.023094688221709007
002094.SZ,866,2023-01-03,2026-07-31,20,20,5,0.023094688221709007
002352.SZ,866,2023-01-03,2026-07-31,20,20,5,0.023094688221709007
603229.SH,866,2023-01-03,2026-07-31,20,20,5,0.023094688221709007
603628.SH,866,2023-01-03,2026-07-31,20,20,5,0.023094688221709007
002011.SZ,866,2023-01-03,2026-07-31,20,20,5,0.023094688221709007
688082.SH,866,2023-01-03,2026-07-31,20,20,5,0.023094688221709007
600056.SH,866,2023-01-03,2026-07-31,20,20,5,0.023094688221709007
000153.SZ,866,2023-01-03,2026-07-31,20,21,6,0.02424942263279446
002241.SZ,866,2023-01-03,2026-07-31,20,20,5,0.023094688221709007
688428.SH,866,2023-01-03,2026-07-31,20,20,5,0.023094688221709007
600249.SH,866,2023-01-03,2026-07-31,20,24,9,0.02771362586605081
688259.SH,866,2023-01-03,2026-07-31,20,20,5,0.023094688221709007
003005.SZ,866,2023-01-03,2026-07-31,20,20,5,0.023094688221709007
301062.SZ,866,2023-01-03,2026-07-31,20,20,5,0.023094688221709007
301680.SZ,101,2026-03-06,2026-07-31,20,20,5,0.19801980198019803
300532.SZ,866,2023-01-03,2026-07-31,20,20,5,0.023094688221709007
300209.SZ,866,2023-01-03,2026-07-31,20,28,13,0.03233256351039261
002810.SZ,866,2023-01-03,2026-07-31,20,20,5,0.023094688221709007
002337.SZ,866,2023-01-03,2026-07-31,20,20,5,0.023094688221709007
603129.SH,866,2023-01-03,2026-07-31,20,20,5,0.023094688221709007
300821.SZ,866,2023-01-03,2026-07-31,20,20,5,0.023094688221709007
002973.SZ,866,2023-01-03,2026-07-31,20,20,5,0.023094688221709007
600740.SH,866,2023-01-03,2026-07-31,20,20,5,0.023094688221709007
002833.SZ,866,2023-01-03,2026-07-31,20,20,5,0.023094688221709007
300870.SZ,866,2023-01-03,2026-07-31,20,20,5,0.023094688221709007
301055.SZ,866,2023-01-03,2026-07-31,20,20,5,0.023094688221709007
002064.SZ,866,2023-01-03,2026-07-31,20,28,13,0.03233256351039261
600052.SH,866,2023-01-03,2026-07-31,20,20,5,0.023094688221709007
002144.SZ,866,2023-01-03,2026-07-31,20,20,5,0.023094688221709007
301020.SZ,866,2023-01-03,2026-07-31,20,20,5,0.023094688221709007
601061.SH,803,2023-04-10,2026-07-31,20,20,5,0.024906600249066
603686.SH,866,2023-01-03,2026-07-31,20,20,5,0.023094688221709007
300226.SZ,866,2023-01-03,2026-07-31,20,20,5,0.023094688221709007
688171.SH,866,2023-01-03,2026-07-31,20,20,5,0.023094688221709007
300107.SZ,866,2023-01-03,2026-07-31,20,20,5,0.023094688221709007
603389.SH,866,2023-01-03,2026-07-31,20,81,63,0.09353348729792148
000883.SZ,866,2023-01-03,2026-07-31,20,20,5,0.023094688221709007
688330.SH,866,2023-01-03,2026-07-31,20,20,5,0.023094688221709007
688567.SH,866,2023-01-03,2026-07-31,20,34,19,0.03926096997690531
300982.SZ,866,2023-01-03,2026-07-31,20,20,5,0.023094688221709007
688146.SH,794,2023-04-21,2026-07-31,20,26,11,0.0327455919395466
000601.SZ,866,2023-01-03,2026-07-31,20,20,5,0.023094688221709007
300285.SZ,866,2023-01-03,2026-07-31,20,20,5,0.023094688221709007
603663.SH,866,2023-01-03,2026-07-31,20,20,5,0.023094688221709007
002757.SZ,866,2023-01-03,2026-07-31,20,20,5,0.023094688221709007
300774.SZ,866,2023-01-03,2026-07-31,20,20,5,0.023094688221709007
600570.SH,866,2023-01-03,2026-07-31,20,20,5,0.023094688221709007
600308.SH,866,2023-01-03,2026-07-31,20,20,5,0.023094688221709007
600185.SH,866,2023-01-03,2026-07-31,20,20,5,0.023094688221709007
688468.SH,866,2023-01-03,2026-07-31,20,20,5,0.023094688221709007
300812.SZ,866,2023-01-03,2026-07-31,20,20,5,0.023094688221709007
603985.SH,866,2023-01-03,2026-07-31,20,20,5,0.023094688221709007
002732.SZ,866,2023-01-03,2026-07-31,20,20,5,0.023094688221709007
300319.SZ,866,2023-01-03,2026-07-31,20,40,20,0.046189376443418015
603859.SH,866,2023-01-03,2026-07-31,20,20,5,0.023094688221709007
300303.SZ,866,2023-01-03,2026-07-31,20,20,5,0.023094688221709007
002485.SZ,866,2023-01-03,2026-07-31,20,22,7,0.025404157043879907
300455.SZ,866,2023-01-03,2026-07-31,20,20,5,0.023094688221709007
000638.SZ,791,2023-01-03,2026-04-13,20,22,7,0.02781289506953224
002565.SZ,866,2023-01-03,2026-07-31,20,20,5,0.023094688221709007
300371.SZ,866,2023-01-03,2026-07-31,20,20,5,0.023094688221709007
002002.SZ,255,2023-01-03,2024-01-18,255,255,255,1.0
600339.SH,866,2023-01-03,2026-07-31,20,20,5,0.023094688221709007
300971.SZ,866,2023-01-03,2026-07-31,20,20,5,0.023094688221709007
003020.SZ,866,2023-01-03,2026-07-31,20,20,5,0.023094688221709007
002466.SZ,866,2023-01-03,2026-07-31,20,20,5,0.023094688221709007
605588.SH,866,2023-01-03,2026-07-31,20,20,5,0.023094688221709007
600735.SH,866,2023-01-03,2026-07-31,20,83,53,0.09584295612009237
600843.SH,866,2023-01-03,2026-07-31,20,22,7,0.025404157043879907
600237.SH,866,2023-01-03,2026-07-31,20,20,5,0.023094688221709007
301517.SZ,678,2023-10-17,2026-07-31,20,38,19,0.05604719764011799
603629.SH,866,2023-01-03,2026-07-31,20,20,5,0.023094688221709007
300593.SZ,866,2023-01-03,2026-07-31,20,20,5,0.023094688221709007
600583.SH,866,2023-01-03,2026-07-31,20,20,5,0.023094688221709007
300177.SZ,866,2023-01-03,2026-07-31,20,20,5,0.023094688221709007
002430.SZ,866,2023-01-03,2026-07-31,20,20,5,0.023094688221709007
601118.SH,866,2023-01-03,2026-07-31,20,20,5,0.023094688221709007
600015.SH,866,2023-01-03,2026-07-31,20,20,5,0.023094688221709007
002669.SZ,866,2023-01-03,2026-07-31,20,20,5,0.023094688221709007
603778.SH,866,2023-01-03,2026-07-31,20,26,11,0.03002309468822171
601366.SH,866,2023-01-03,2026-07-31,20,20,5,0.023094688221709007
600486.SH,866,2023-01-03,2026-07-31,20,20,5,0.023094688221709007
002226.SZ,866,2023-01-03,2026-07-31,20,20,5,0.023094688221709007
601921.SH,866,2023-01-03,2026-07-31,20,20,5,0.023094688221709007
300389.SZ,866,2023-01-03,2026-07-31,20,20,5,0.023094688221709007
002970.SZ,866,2023-01-03,2026-07-31,20,20,5,0.023094688221709007
000088.SZ,866,2023-01-03,2026-07-31,20,20,5,0.023094688221709007
600363.SH,866,2023-01-03,2026-07-31,20,20,5,0.023094688221709007
001979.SZ,866,2023-01-03,2026-07-31,20,20,5,0.023094688221709007
300891.SZ,866,2023-01-03,2026-07-31,20,20,5,0.023094688221709007
002995.SZ,866,2023-01-03,2026-07-31,20,28,13,0.03233256351039261
600546.SH,866,2023-01-03,2026-07-31,20,20,5,0.023094688221709007
300375.SZ,866,2023-01-03,2026-07-31,20,20,5,0.023094688221709007
002259.SZ,866,2023-01-03,2026-07-31,20,22,7,0.025404157043879907
002251.SZ,866,2023-01-03,2026-07-31,20,33,22,0.03810623556581986
300694.SZ,866,2023-01-03,2026-07-31,20,20,5,0.023094688221709007
688789.SH,866,2023-01-03,2026-07-31,20,20,5,0.023094688221709007
688693.SH,714,2023-08-18,2026-07-31,20,40,20,0.056022408963585436
000690.SZ,866,2023-01-03,2026-07-31,20,20,5,0.023094688221709007
300519.SZ,866,2023-01-03,2026-07-31,20,20,5,0.023094688221709007
600960.SH,866,2023-01-03,2026-07-31,20,40,20,0.046189376443418015
601212.SH,866,2023-01-03,2026-07-31,20,20,5,0.023094688221709007
001268.SZ,866,2023-01-03,2026-07-31,20,20,5,0.023094688221709007
600996.SH,866,2023-01-03,2026-07-31,20,20,5,0.023094688221709007
300422.SZ,866,2023-01-03,2026-07-31,20,30,15,0.03464203233256351
002105.SZ,866,2023-01-03,2026-07-31,20,20,5,0.023094688221709007
603089.SH,866,2023-01-03,2026-07-31,20,20,5,0.023094688221709007
603589.SH,866,2023-01-03,2026-07-31,20,20,5,0.023094688221709007
600114.SH,866,2023-01-03,2026-07-31,20,40,20,0.046189376443418015
300534.SZ,866,2023-01-03,2026-07-31,20,20,5,0.023094688221709007
688297.SH,866,2023-01-03,2026-07-31,20,20,5,0.023094688221709007
600613.SH,866,2023-01-03,2026-07-31,20,20,5,0.023094688221709007
603352.SH,131,2026-01-15,2026-07-31,20,20,5,0.15267175572519084
600173.SH,866,2023-01-03,2026-07-31,20,20,5,0.023094688221709007
301491.SZ,239,2025-08-06,2026-07-31,20,20,5,0.08368200836820083
300460.SZ,866,2023-01-03,2026-07-31,20,32,17,0.03695150115473441
605398.SH,866,2023-01-03,2026-07-31,20,20,5,0.023094688221709007
002362.SZ,866,2023-01-03,2026-07-31,20,20,5,0.023094688221709007
601015.SH,866,2023-01-03,2026-07-31,20,20,5,0.023094688221709007
002805.SZ,866,2023-01-03,2026-07-31,20,20,5,0.023094688221709007
603887.SH,866,2023-01-03,2026-07-31,20,30,15,0.03464203233256351
002356.SZ,866,2023-01-03,2026-07-31,20,20,5,0.023094688221709007
688176.SH,866,2023-01-03,2026-07-31,20,20,5,0.023094688221709007
301318.SZ,866,2023-01-03,2026-07-31,20,20,5,0.023094688221709007
000830.SZ,866,2023-01-03,2026-07-31,20,20,5,0.023094688221709007
301387.SZ,797,2023-04-18,2026-07-31,20,20,5,0.025094102885821833
605028.SH,866,2023-01-03,2026-07-31,20,38,23,0.04387990762124711
600132.SH,866,2023-01-03,2026-07-31,20,20,5,0.023094688221709007
001386.SZ,190,2025-10-22,2026-07-31,20,20,5,0.10526315789473684
300911.SZ,866,2023-01-03,2026-07-31,20,20,5,0.023094688221709007
300549.SZ,866,2023-01-03,2026-07-31,20,20,5,0.023094688221709007
000069.SZ,866,2023-01-03,2026-07-31,20,20,5,0.023094688221709007
600382.SH,866,2023-01-03,2026-07-31,20,22,7,0.025404157043879907
300490.SZ,866,2023-01-03,2026-07-31,20,20,5,0.023094688221709007
300022.SZ,866,2023-01-03,2026-07-31,20,30,15,0.03464203233256351
600841.SH,866,2023-01-03,2026-07-31,20,20,5,0.023094688221709007
002351.SZ,866,2023-01-03,2026-07-31,20,20,5,0.023094688221709007
601096.SH,630,2023-12-22,2026-07-31,20,20,5,0.031746031746031744
000627.SZ,633,2023-01-03,2025-08-13,633,633,633,1.0
301329.SZ,738,2023-07-17,2026-07-31,20,20,5,0.02710027100271003
300829.SZ,866,2023-01-03,2026-07-31,20,20,5,0.023094688221709007
001267.SZ,866,2023-01-03,2026-07-31,20,28,13,0.03233256351039261
301381.SZ,741,2023-07-12,2026-07-31,20,20,5,0.02699055330634278
000755.SZ,866,2023-01-03,2026-07-31,20,20,5,0.023094688221709007
600998.SH,866,2023-01-03,2026-07-31,20,20,5,0.023094688221709007
002568.SZ,866,2023-01-03,2026-07-31,20,20,5,0.023094688221709007
301196.SZ,866,2023-01-03,2026-07-31,20,20,5,0.023094688221709007
603032.SH,866,2023-01-03,2026-07-31,20,20,5,0.023094688221709007
600532.SH,111,2023-01-03,2023-06-19,111,111,111,1.0
003042.SZ,866,2023-01-03,2026-07-31,20,20,5,0.023094688221709007
601566.SH,866,2023-01-03,2026-07-31,20,20,5,0.023094688221709007
002244.SZ,866,2023-01-03,2026-07-31,20,20,5,0.023094688221709007
600456.SH,866,2023-01-03,2026-07-31,20,20,5,0.023094688221709007
300759.SZ,866,2023-01-03,2026-07-31,20,20,5,0.023094688221709007
300850.SZ,866,2023-01-03,2026-07-31,20,25,10,0.028868360277136258
601568.SH,866,2023-01-03,2026-07-31,20,20,5,0.023094688221709007
002176.SZ,866,2023-01-03,2026-07-31,20,30,15,0.03464203233256351
002624.SZ,866,2023-01-03,2026-07-31,20,20,5,0.023094688221709007
600133.SH,866,2023-01-03,2026-07-31,20,20,5,0.023094688221709007
600693.SH,866,2023-01-03,2026-07-31,20,20,5,0.023094688221709007
301555.SZ,668,2023-10-31,2026-07-31,20,20,5,0.029940119760479042
002602.SZ,866,2023-01-03,2026-07-31,20,24,9,0.02771362586605081
601601.SH,866,2023-01-03,2026-07-31,20,20,5,0.023094688221709007
002061.SZ,866,2023-01-03,2026-07-31,20,20,5,0.023094688221709007
601678.SH,866,2023-01-03,2026-07-31,20,20,5,0.023094688221709007
688130.SH,866,2023-01-03,2026-07-31,20,20,5,0.023094688221709007
002098.SZ,866,2023-01-03,2026-07-31,20,20,5,0.023094688221709007
603212.SH,866,2023-01-03,2026-07-31,20,20,5,0.023094688221709007
002639.SZ,866,2023-01-03,2026-07-31,20,20,5,0.023094688221709007
300872.SZ,866,2023-01-03,2026-07-31,20,20,5,0.023094688221709007
688589.SH,866,2023-01-03,2026-07-31,20,20,5,0.023094688221709007
603829.SH,866,2023-01-03,2026-07-31,20,20,5,0.023094688221709007
601588.SH,866,2023-01-03,2026-07-31,20,20,5,0.023094688221709007
301065.SZ,866,2023-01-03,2026-07-31,20,20,5,0.023094688221709007
002386.SZ,866,2023-01-03,2026-07-31,20,20,5,0.023094688221709007
600667.SH,866,2023-01-03,2026-07-31,20,20,5,0.023094688221709007
688411.SH,365,2025-01-27,2026-07-31,20,20,5,0.0547945205479452
603300.SH,866,2023-01-03,2026-07-31,20,24,9,0.02771362586605081
300663.SZ,866,2023-01-03,2026-07-31,20,20,5,0.023094688221709007
600241.SH,866,2023-01-03,2026-07-31,20,22,7,0.025404157043879907
688303.SH,866,2023-01-03,2026-07-31,20,20,5,0.023094688221709007
002849.SZ,866,2023-01-03,2026-07-31,20,20,5,0.023094688221709007
300347.SZ,866,2023-01-03,2026-07-31,20,20,5,0.023094688221709007
600222.SH,866,2023-01-03,2026-07-31,20,30,15,0.03464203233256351
688393.SH,866,2023-01-03,2026-07-31,20,20,5,0.023094688221709007
605222.SH,866,2023-01-03,2026-07-31,20,20,5,0.023094688221709007
001337.SZ,828,2023-03-03,2026-07-31,20,20,5,0.024154589371980676
002950.SZ,866,2023-01-03,2026-07-31,20,20,5,0.023094688221709007
300218.SZ,866,2023-01-03,2026-07-31,20,20,5,0.023094688221709007
603222.SH,866,2023-01-03,2026-07-31,20,20,5,0.023094688221709007
300113.SZ,866,2023-01-03,2026-07-31,20,20,5,0.023094688221709007
300961.SZ,866,2023-01-03,2026-07-31,20,20,5,0.023094688221709007
603016.SH,866,2023-01-03,2026-07-31,20,20,5,0.023094688221709007
301099.SZ,866,2023-01-03,2026-07-31,20,20,5,0.023094688221709007
002655.SZ,866,2023-01-03,2026-07-31,20,20,5,0.023094688221709007
002292.SZ,866,2023-01-03,2026-07-31,20,20,5,0.023094688221709007
300506.SZ,866,2023-01-03,2026-07-31,20,32,17,0.03695150115473441
300789.SZ,866,2023-01-03,2026-07-31,20,20,5,0.023094688221709007
600765.SH,866,2023-01-03,2026-07-31,20,20,5,0.023094688221709007
600854.SH,866,2023-01-03,2026-07-31,20,20,5,0.023094688221709007
688001.SH,866,2023-01-03,2026-07-31,20,20,5,0.023094688221709007
600763.SH,866,2023-01-03,2026-07-31,20,20,5,0.023094688221709007
603284.SH,113,2026-02-10,2026-07-31,20,20,5,0.17699115044247787
688360.SH,866,2023-01-03,2026-07-31,20,39,20,0.04503464203233257
002756.SZ,866,2023-01-03,2026-07-31,20,20,5,0.023094688221709007
301179.SZ,866,2023-01-03,2026-07-31,20,20,5,0.023094688221709007
601717.SH,866,2023-01-03,2026-07-31,20,20,5,0.023094688221709007
300504.SZ,866,2023-01-03,2026-07-31,20,20,5,0.023094688221709007
688247.SH,866,2023-01-03,2026-07-31,20,20,5,0.023094688221709007
688450.SH,733,2023-07-24,2026-07-31,20,20,5,0.027285129604365622
300585.SZ,866,2023-01-03,2026-07-31,20,30,15,0.03464203233256351
300040.SZ,866,2023-01-03,2026-07-31,20,20,5,0.023094688221709007
301328.SZ,866,2023-01-03,2026-07-31,20,20,5,0.023094688221709007
002982.SZ,866,2023-01-03,2026-07-31,20,20,5,0.023094688221709007
000563.SZ,866,2023-01-03,2026-07-31,20,20,5,0.023094688221709007
688260.SH,866,2023-01-03,2026-07-31,20,26,11,0.03002309468822171
603839.SH,866,2023-01-03,2026-07-31,20,20,5,0.023094688221709007
603990.SH,866,2023-01-03,2026-07-31,20,20,5,0.023094688221709007
603289.SH,866,2023-01-03,2026-07-31,20,20,5,0.023094688221709007
001300.SZ,866,2023-01-03,2026-07-31,20,20,5,0.023094688221709007
300358.SZ,866,2023-01-03,2026-07-31,20,20,5,0.023094688221709007
603530.SH,866,2023-01-03,2026-07-31,20,20,5,0.023094688221709007
688103.SH,866,2023-01-03,2026-07-31,20,20,5,0.023094688221709007
002942.SZ,866,2023-01-03,2026-07-31,20,20,5,0.023094688221709007
300336.SZ,120,2023-01-03,2023-07-04,120,120,120,1.0
002495.SZ,866,2023-01-03,2026-07-31,20,20,5,0.023094688221709007
300256.SZ,866,2023-01-03,2026-07-31,20,22,7,0.025404157043879907
002404.SZ,866,2023-01-03,2026-07-31,20,20,5,0.023094688221709007
688371.SH,866,2023-01-03,2026-07-31,20,20,5,0.023094688221709007
300318.SZ,866,2023-01-03,2026-07-31,20,20,5,0.023094688221709007
000037.SZ,866,2023-01-03,2026-07-31,20,20,5,0.023094688221709007
600409.SH,866,2023-01-03,2026-07-31,20,20,5,0.023094688221709007
603197.SH,866,2023-01-03,2026-07-31,20,20,5,0.023094688221709007
600622.SH,866,2023-01-03,2026-07-31,20,20,5,0.023094688221709007
300048.SZ,866,2023-01-03,2026-07-31,20,20,5,0.023094688221709007
001216.SZ,866,2023-01-03,2026-07-31,20,20,5,0.023094688221709007
603818.SH,866,2023-01-03,2026-07-31,20,20,5,0.023094688221709007
000859.SZ,866,2023-01-03,2026-07-31,20,40,20,0.046189376443418015
000719.SZ,866,2023-01-03,2026-07-31,20,20,5,0.023094688221709007
603283.SH,866,2023-01-03,2026-07-31,20,20,5,0.023094688221709007
002586.SZ,866,2023-01-03,2026-07-31,20,24,9,0.02771362586605081
688607.SH,866,2023-01-03,2026-07-31,20,20,5,0.023094688221709007
688526.SH,866,2023-01-03,2026-07-31,20,20,5,0.023094688221709007
600699.SH,866,2023-01-03,2026-07-31,20,20,5,0.023094688221709007
600764.SH,866,2023-01-03,2026-07-31,20,20,5,0.023094688221709007
300013.SZ,866,2023-01-03,2026-07-31,20,24,9,0.02771362586605081
603045.SH,866,2023-01-03,2026-07-31,20,20,5,0.023094688221709007
300834.SZ,866,2023-01-03,2026-07-31,20,20,5,0.023094688221709007
300769.SZ,866,2023-01-03,2026-07-31,20,20,5,0.023094688221709007
688256.SH,866,2023-01-03,2026-07-31,20,20,5,0.023094688221709007
301558.SZ,685,2023-09-28,2026-07-31,20,20,5,0.029197080291970802
605133.SH,866,2023-01-03,2026-07-31,20,20,5,0.023094688221709007
301578.SZ,626,2023-12-28,2026-07-31,20,20,5,0.03194888178913738
300477.SZ,866,2023-01-03,2026-07-31,20,22,7,0.025404157043879907
600488.SH,866,2023-01-03,2026-07-31,20,20,5,0.023094688221709007
000056.SZ,866,2023-01-03,2026-07-31,20,22,7,0.025404157043879907
300051.SZ,866,2023-01-03,2026-07-31,20,40,20,0.046189376443418015
603112.SH,866,2023-01-03,2026-07-31,20,20,5,0.023094688221709007
000888.SZ,866,2023-01-03,2026-07-31,20,20,5,0.023094688221709007
301314.SZ,811,2023-03-28,2026-07-31,20,20,5,0.02466091245376079
002206.SZ,866,2023-01-03,2026-07-31,20,20,5,0.023094688221709007
301088.SZ,866,2023-01-03,2026-07-31,20,20,5,0.023094688221709007
688543.SH,754,2023-06-21,2026-07-31,20,20,5,0.026525198938992044
301089.SZ,866,2023-01-03,2026-07-31,20,20,5,0.023094688221709007
000068.SZ,866,2023-01-03,2026-07-31,20,20,5,0.023094688221709007
002459.SZ,866,2023-01-03,2026-07-31,20,20,5,0.023094688221709007
600980.SH,866,2023-01-03,2026-07-31,20,20,5,0.023094688221709007
603239.SH,866,2023-01-03,2026-07-31,20,20,5,0.023094688221709007
002827.SZ,866,2023-01-03,2026-07-31,20,20,5,0.023094688221709007
002884.SZ,866,2023-01-03,2026-07-31,20,20,5,0.023094688221709007
688335.SH,866,2023-01-03,2026-07-31,20,20,5,0.023094688221709007
002853.SZ,866,2023-01-03,2026-07-31,20,30,15,0.03464203233256351
688232.SH,866,2023-01-03,2026-07-31,20,20,5,0.023094688221709007
600487.SH,866,2023-01-03,2026-07-31,20,20,5,0.023094688221709007
688757.SH,330,2025-03-25,2026-07-31,20,20,5,0.06060606060606061
603259.SH,866,2023-01-03,2026-07-31,20,20,5,0.023094688221709007
688228.SH,866,2023-01-03,2026-07-31,20,40,20,0.046189376443418015
603683.SH,866,2023-01-03,2026-07-31,20,20,5,0.023094688221709007
600808.SH,866,2023-01-03,2026-07-31,20,20,5,0.023094688221709007
603977.SH,866,2023-01-03,2026-07-31,20,20,5,0.023094688221709007
603603.SH,312,2023-01-03,2024-04-18,312,312,312,1.0
002938.SZ,866,2023-01-03,2026-07-31,20,20,5,0.023094688221709007
601136.SH,866,2023-01-03,2026-07-31,20,20,5,0.023094688221709007
000698.SZ,866,2023-01-03,2026-07-31,20,22,7,0.025404157043879907
002603.SZ,866,2023-01-03,2026-07-31,20,20,5,0.023094688221709007
300057.SZ,866,2023-01-03,2026-07-31,20,20,5,0.023094688221709007
603968.SH,866,2023-01-03,2026-07-31,20,20,5,0.023094688221709007
300355.SZ,866,2023-01-03,2026-07-31,20,20,5,0.023094688221709007
300329.SZ,866,2023-01-03,2026-07-31,20,30,15,0.03464203233256351
301439.SZ,818,2023-03-17,2026-07-31,20,20,5,0.02444987775061125
688101.SH,866,2023-01-03,2026-07-31,20,20,5,0.023094688221709007
600838.SH,866,2023-01-03,2026-07-31,20,20,5,0.023094688221709007
002387.SZ,866,2023-01-03,2026-07-31,20,30,15,0.03464203233256351
688286.SH,866,2023-01-03,2026-07-31,20,20,5,0.023094688221709007
002524.SZ,866,2023-01-03,2026-07-31,20,20,5,0.023094688221709007
600877.SH,866,2023-01-03,2026-07-31,20,20,5,0.023094688221709007
301287.SZ,759,2023-06-14,2026-07-31,20,20,5,0.026350461133069828
000807.SZ,866,2023-01-03,2026-07-31,20,20,5,0.023094688221709007
300414.SZ,866,2023-01-03,2026-07-31,20,20,5,0.023094688221709007
300578.SZ,866,2023-01-03,2026-07-31,20,20,5,0.023094688221709007
000906.SZ,866,2023-01-03,2026-07-31,20,20,5,0.023094688221709007
003016.SZ,866,2023-01-03,2026-07-31,20,20,5,0.023094688221709007
300611.SZ,866,2023-01-03,2026-07-31,20,20,5,0.023094688221709007
603166.SH,866,2023-01-03,2026-07-31,20,20,5,0.023094688221709007
600396.SH,866,2023-01-03,2026-07-31,20,24,9,0.02771362586605081
600654.SH,866,2023-01-03,2026-07-31,20,24,9,0.02771362586605081
300384.SZ,866,2023-01-03,2026-07-31,20,20,5,0.023094688221709007
603099.SH,866,2023-01-03,2026-07-31,20,20,5,0.023094688221709007
003028.SZ,866,2023-01-03,2026-07-31,20,20,5,0.023094688221709007
600985.SH,866,2023-01-03,2026-07-31,20,20,5,0.023094688221709007
600360.SH,866,2023-01-03,2026-07-31,20,44,29,0.050808314087759814
002055.SZ,866,2023-01-03,2026-07-31,20,22,7,0.025404157043879907
002345.SZ,866,2023-01-03,2026-07-31,20,20,5,0.023094688221709007
603273.SH,674,2023-10-23,2026-07-31,20,20,5,0.02967359050445104
300481.SZ,866,2023-01-03,2026-07-31,20,20,5,0.023094688221709007
301282.SZ,866,2023-01-03,2026-07-31,20,20,5,0.023094688221709007
688200.SH,866,2023-01-03,2026-07-31,20,20,5,0.023094688221709007
300909.SZ,866,2023-01-03,2026-07-31,20,20,5,0.023094688221709007
301205.SZ,866,2023-01-03,2026-07-31,20,20,5,0.023094688221709007
300550.SZ,866,2023-01-03,2026-07-31,20,30,15,0.03464203233256351
002348.SZ,866,2023-01-03,2026-07-31,20,30,15,0.03464203233256351
601677.SH,866,2023-01-03,2026-07-31,20,20,5,0.023094688221709007
002875.SZ,866,2023-01-03,2026-07-31,20,30,15,0.03464203233256351
603739.SH,866,2023-01-03,2026-07-31,20,20,5,0.023094688221709007
002042.SZ,866,2023-01-03,2026-07-31,20,20,5,0.023094688221709007
301299.SZ,866,2023-01-03,2026-07-31,20,20,5,0.023094688221709007
300553.SZ,866,2023-01-03,2026-07-31,20,20,5,0.023094688221709007
300970.SZ,866,2023-01-03,2026-07-31,20,20,5,0.023094688221709007
301501.SZ,334,2025-03-19,2026-07-31,20,20,5,0.059880239520958084
300271.SZ,866,2023-01-03,2026-07-31,20,20,5,0.023094688221709007
603214.SH,866,2023-01-03,2026-07-31,20,20,5,0.023094688221709007
002731.SZ,866,2023-01-03,2026-07-31,20,84,55,0.09699769053117784
002331.SZ,866,2023-01-03,2026-07-31,20,20,5,0.023094688221709007
688721.SH,481,2024-08-06,2026-07-31,20,20,5,0.04158004158004158
002261.SZ,866,2023-01-03,2026-07-31,20,20,5,0.023094688221709007
000728.SZ,866,2023-01-03,2026-07-31,20,20,5,0.023094688221709007
600737.SH,866,2023-01-03,2026-07-31,20,20,5,0.023094688221709007
688781.SH,88,2026-03-25,2026-07-31,20,20,5,0.22727272727272727
002315.SZ,866,2023-01-03,2026-07-31,20,20,5,0.023094688221709007
600139.SH,35,2023-01-03,2023-02-27,35,35,35,1.0
300503.SZ,866,2023-01-03,2026-07-31,20,20,5,0.023094688221709007
000532.SZ,866,2023-01-03,2026-07-31,20,20,5,0.023094688221709007
600750.SH,866,2023-01-03,2026-07-31,20,20,5,0.023094688221709007
002572.SZ,866,2023-01-03,2026-07-31,20,20,5,0.023094688221709007
000401.SZ,866,2023-01-03,2026-07-31,20,20,5,0.023094688221709007
300391.SZ,790,2023-01-03,2026-04-10,790,790,790,1.0
002807.SZ,866,2023-01-03,2026-07-31,20,20,5,0.023094688221709007
688056.SH,866,2023-01-03,2026-07-31,20,20,5,0.023094688221709007
603043.SH,866,2023-01-03,2026-07-31,20,20,5,0.023094688221709007
688619.SH,866,2023-01-03,2026-07-31,20,20,5,0.023094688221709007
301588.SZ,579,2024-03-13,2026-07-31,20,20,5,0.03454231433506045
002851.SZ,866,2023-01-03,2026-07-31,20,20,5,0.023094688221709007
601258.SH,93,2023-01-03,2023-05-24,93,93,93,1.0
600778.SH,866,2023-01-03,2026-07-31,20,20,5,0.023094688221709007
600781.SH,111,2023-01-03,2023-06-19,111,111,111,1.0
300188.SZ,866,2023-01-03,2026-07-31,20,20,5,0.023094688221709007
301513.SZ,72,2026-04-17,2026-07-31,20,20,5,0.2777777777777778
301258.SZ,866,2023-01-03,2026-07-31,20,20,5,0.023094688221709007
300621.SZ,866,2023-01-03,2026-07-31,20,20,5,0.023094688221709007
300518.SZ,866,2023-01-03,2026-07-31,20,20,5,0.023094688221709007
300755.SZ,866,2023-01-03,2026-07-31,20,20,5,0.023094688221709007
002060.SZ,866,2023-01-03,2026-07-31,20,20,5,0.023094688221709007
600783.SH,866,2023-01-03,2026-07-31,20,20,5,0.023094688221709007
688249.SH,787,2023-05-05,2026-07-31,20,20,5,0.025412960609911054
002959.SZ,866,2023-01-03,2026-07-31,20,20,5,0.023094688221709007
601225.SH,866,2023-01-03,2026-07-31,20,20,5,0.023094688221709007
000701.SZ,866,2023-01-03,2026-07-31,20,20,5,0.023094688221709007
000014.SZ,866,2023-01-03,2026-07-31,20,20,5,0.023094688221709007
002968.SZ,866,2023-01-03,2026-07-31,20,40,20,0.046189376443418015
300300.SZ,866,2023-01-03,2026-07-31,20,30,15,0.03464203233256351
000833.SZ,866,2023-01-03,2026-07-31,20,20,5,0.023094688221709007
603929.SH,866,2023-01-03,2026-07-31,20,20,5,0.023094688221709007
300947.SZ,866,2023-01-03,2026-07-31,20,20,5,0.023094688221709007
001217.SZ,866,2023-01-03,2026-07-31,20,20,5,0.023094688221709007
600498.SH,866,2023-01-03,2026-07-31,20,20,5,0.023094688221709007
002286.SZ,866,2023-01-03,2026-07-31,20,20,5,0.023094688221709007
600477.SH,866,2023-01-03,2026-07-31,20,20,5,0.023094688221709007
605319.SH,866,2023-01-03,2026-07-31,20,20,5,0.023094688221709007
600118.SH,866,2023-01-03,2026-07-31,20,20,5,0.023094688221709007
600713.SH,866,2023-01-03,2026-07-31,20,20,5,0.023094688221709007
300866.SZ,866,2023-01-03,2026-07-31,20,20,5,0.023094688221709007
301391.SZ,866,2023-01-03,2026-07-31,20,20,5,0.023094688221709007
002949.SZ,866,2023-01-03,2026-07-31,20,20,5,0.023094688221709007
000539.SZ,866,2023-01-03,2026-07-31,20,20,5,0.023094688221709007
301616.SZ,328,2025-03-27,2026-07-31,20,20,5,0.06097560975609756
002158.SZ,866,2023-01-03,2026-07-31,20,20,5,0.023094688221709007
300591.SZ,866,2023-01-03,2026-07-31,20,20,5,0.023094688221709007
605018.SH,866,2023-01-03,2026-07-31,20,20,5,0.023094688221709007
002155.SZ,866,2023-01-03,2026-07-31,20,40,20,0.046189376443418015
000028.SZ,866,2023-01-03,2026-07-31,20,20,5,0.023094688221709007
603660.SH,866,2023-01-03,2026-07-31,20,20,5,0.023094688221709007
600313.SH,866,2023-01-03,2026-07-31,20,20,5,0.023094688221709007
002030.SZ,866,2023-01-03,2026-07-31,20,20,5,0.023094688221709007
600169.SH,866,2023-01-03,2026-07-31,20,22,7,0.025404157043879907
301368.SZ,866,2023-01-03,2026-07-31,20,20,5,0.023094688221709007
601022.SH,866,2023-01-03,2026-07-31,20,20,5,0.023094688221709007
603993.SH,866,2023-01-03,2026-07-31,20,20,5,0.023094688221709007
300370.SZ,866,2023-01-03,2026-07-31,20,22,7,0.025404157043879907
300136.SZ,866,2023-01-03,2026-07-31,20,20,5,0.023094688221709007
300926.SZ,866,2023-01-03,2026-07-31,20,20,5,0.023094688221709007
688328.SH,866,2023-01-03,2026-07-31,20,20,5,0.023094688221709007
000513.SZ,866,2023-01-03,2026-07-31,20,20,5,0.023094688221709007
688553.SH,866,2023-01-03,2026-07-31,20,20,5,0.023094688221709007
600811.SH,550,2023-01-03,2025-04-14,550,550,550,1.0
603960.SH,866,2023-01-03,2026-07-31,20,20,5,0.023094688221709007
300291.SZ,866,2023-01-03,2026-07-31,20,36,18,0.04157043879907621
301279.SZ,866,2023-01-03,2026-07-31,20,20,5,0.023094688221709007
688277.SH,866,2023-01-03,2026-07-31,20,30,17,0.03464203233256351
688138.SH,866,2023-01-03,2026-07-31,20,20,5,0.023094688221709007
688692.SH,520,2024-06-12,2026-07-31,20,20,5,0.038461538461538464
603130.SH,866,2023-01-03,2026-07-31,20,20,5,0.023094688221709007
300206.SZ,866,2023-01-03,2026-07-31,20,20,5,0.023094688221709007
002073.SZ,866,2023-01-03,2026-07-31,20,20,5,0.023094688221709007
688078.SH,866,2023-01-03,2026-07-31,20,20,5,0.023094688221709007
605218.SH,866,2023-01-03,2026-07-31,20,20,5,0.023094688221709007
600293.SH,866,2023-01-03,2026-07-31,20,20,5,0.023094688221709007
688602.SH,735,2023-07-20,2026-07-31,20,20,5,0.027210884353741496
300500.SZ,866,2023-01-03,2026-07-31,20,20,5,0.023094688221709007
002578.SZ,866,2023-01-03,2026-07-31,20,20,5,0.023094688221709007
601886.SH,866,2023-01-03,2026-07-31,20,20,5,0.023094688221709007
688300.SH,866,2023-01-03,2026-07-31,20,20,5,0.023094688221709007
300044.SZ,866,2023-01-03,2026-07-31,20,24,9,0.02771362586605081
688592.SH,716,2023-08-16,2026-07-31,20,20,5,0.027932960893854747
300026.SZ,866,2023-01-03,2026-07-31,20,20,5,0.023094688221709007
300986.SZ,866,2023-01-03,2026-07-31,20,26,11,0.03002309468822171
300619.SZ,866,2023-01-03,2026-07-31,20,20,5,0.023094688221709007
601958.SH,866,2023-01-03,2026-07-31,20,20,5,0.023094688221709007
688063.SH,866,2023-01-03,2026-07-31,20,20,5,0.023094688221709007
300778.SZ,866,2023-01-03,2026-07-31,20,20,5,0.023094688221709007
600353.SH,866,2023-01-03,2026-07-31,20,20,5,0.023094688221709007
300380.SZ,866,2023-01-03,2026-07-31,20,20,5,0.023094688221709007
301024.SZ,866,2023-01-03,2026-07-31,20,20,5,0.023094688221709007
300946.SZ,866,2023-01-03,2026-07-31,20,20,5,0.023094688221709007
001270.SZ,866,2023-01-03,2026-07-31,20,30,15,0.03464203233256351
601369.SH,866,2023-01-03,2026-07-31,20,35,20,0.04041570438799076
300097.SZ,866,2023-01-03,2026-07-31,20,24,9,0.02771362586605081
000700.SZ,866,2023-01-03,2026-07-31,20,20,5,0.023094688221709007
688237.SH,866,2023-01-03,2026-07-31,20,35,25,0.04041570438799076
601375.SH,866,2023-01-03,2026-07-31,20,20,5,0.023094688221709007
301116.SZ,866,2023-01-03,2026-07-31,20,20,5,0.023094688221709007
688180.SH,866,2023-01-03,2026-07-31,20,20,5,0.023094688221709007
601615.SH,866,2023-01-03,2026-07-31,20,36,18,0.04157043879907621
300091.SZ,866,2023-01-03,2026-07-31,20,24,9,0.02771362586605081
300196.SZ,866,2023-01-03,2026-07-31,20,20,5,0.023094688221709007
601069.SH,866,2023-01-03,2026-07-31,20,20,5,0.023094688221709007
301220.SZ,866,2023-01-03,2026-07-31,20,20,5,0.023094688221709007
601116.SH,866,2023-01-03,2026-07-31,20,20,5,0.023094688221709007
003022.SZ,866,2023-01-03,2026-07-31,20,20,5,0.023094688221709007
600229.SH,866,2023-01-03,2026-07-31,20,20,5,0.023094688221709007
603005.SH,866,2023-01-03,2026-07-31,20,20,5,0.023094688221709007
300169.SZ,866,2023-01-03,2026-07-31,20,30,15,0.03464203233256351
600733.SH,866,2023-01-03,2026-07-31,20,20,5,0.023094688221709007
600468.SH,866,2023-01-03,2026-07-31,20,20,5,0.023094688221709007
300009.SZ,866,2023-01-03,2026-07-31,20,20,5,0.023094688221709007
603356.SH,866,2023-01-03,2026-07-31,20,40,25,0.046189376443418015
688031.SH,866,2023-01-03,2026-07-31,20,20,5,0.023094688221709007
002762.SZ,866,2023-01-03,2026-07-31,20,34,19,0.03926096997690531
603138.SH,866,2023-01-03,2026-07-31,20,20,5,0.023094688221709007
002288.SZ,357,2023-01-03,2024-06-26,357,357,357,1.0
300710.SZ,866,2023-01-03,2026-07-31,20,40,20,0.046189376443418015
300306.SZ,866,2023-01-03,2026-07-31,20,20,5,0.023094688221709007
000021.SZ,866,2023-01-03,2026-07-31,20,20,5,0.023094688221709007
601121.SH,823,2023-03-10,2026-07-31,20,28,13,0.03402187120291616
603039.SH,866,2023-01-03,2026-07-31,20,22,7,0.025404157043879907
300492.SZ,866,2023-01-03,2026-07-31,20,20,5,0.023094688221709007
601083.SH,643,2023-12-05,2026-07-31,20,20,5,0.03110419906687403
002235.SZ,866,2023-01-03,2026-07-31,20,30,15,0.03464203233256351
688310.SH,866,2023-01-03,2026-07-31,20,20,5,0.023094688221709007
300385.SZ,866,2023-01-03,2026-07-31,20,30,15,0.03464203233256351
603711.SH,866,2023-01-03,2026-07-31,20,20,5,0.023094688221709007
603306.SH,866,2023-01-03,2026-07-31,20,40,20,0.046189376443418015
603655.SH,866,2023-01-03,2026-07-31,20,30,15,0.03464203233256351
002232.SZ,866,2023-01-03,2026-07-31,20,20,5,0.023094688221709007
002063.SZ,866,2023-01-03,2026-07-31,20,20,5,0.023094688221709007
001202.SZ,866,2023-01-03,2026-07-31,20,20,5,0.023094688221709007
688189.SH,866,2023-01-03,2026-07-31,20,22,7,0.025404157043879907
002719.SZ,866,2023-01-03,2026-07-31,20,22,7,0.025404157043879907
301313.SZ,866,2023-01-03,2026-07-31,20,20,5,0.023094688221709007
601108.SH,866,2023-01-03,2026-07-31,20,20,5,0.023094688221709007
688293.SH,866,2023-01-03,2026-07-31,20,40,20,0.046189376443418015
603556.SH,866,2023-01-03,2026-07-31,20,20,5,0.023094688221709007
603615.SH,866,2023-01-03,2026-07-31,20,20,5,0.023094688221709007
603517.SH,866,2023-01-03,2026-07-31,20,22,7,0.025404157043879907
600062.SH,866,2023-01-03,2026-07-31,20,20,5,0.023094688221709007
002093.SZ,866,2023-01-03,2026-07-31,20,20,5,0.023094688221709007
000895.SZ,866,2023-01-03,2026-07-31,20,20,5,0.023094688221709007
601066.SH,866,2023-01-03,2026-07-31,20,20,5,0.023094688221709007
002425.SZ,866,2023-01-03,2026-07-31,20,24,9,0.02771362586605081
688239.SH,866,2023-01-03,2026-07-31,20,20,5,0.023094688221709007
601818.SH,866,2023-01-03,2026-07-31,20,20,5,0.023094688221709007
600217.SH,866,2023-01-03,2026-07-31,20,20,5,0.023094688221709007
000429.SZ,866,2023-01-03,2026-07-31,20,20,5,0.023094688221709007
300316.SZ,866,2023-01-03,2026-07-31,20,20,5,0.023094688221709007
600022.SH,866,2023-01-03,2026-07-31,20,20,5,0.023094688221709007
000050.SZ,866,2023-01-03,2026-07-31,20,20,5,0.023094688221709007
002863.SZ,866,2023-01-03,2026-07-31,20,20,5,0.023094688221709007
300222.SZ,866,2023-01-03,2026-07-31,20,20,5,0.023094688221709007
600621.SH,866,2023-01-03,2026-07-31,20,20,5,0.023094688221709007
002171.SZ,866,2023-01-03,2026-07-31,20,20,5,0.023094688221709007
300293.SZ,866,2023-01-03,2026-07-31,20,20,5,0.023094688221709007
300179.SZ,866,2023-01-03,2026-07-31,20,20,5,0.023094688221709007
002460.SZ,866,2023-01-03,2026-07-31,20,20,5,0.023094688221709007
000961.SZ,323,2023-01-03,2024-05-08,323,323,323,1.0
300207.SZ,866,2023-01-03,2026-07-31,20,20,5,0.023094688221709007
603086.SH,866,2023-01-03,2026-07-31,20,20,5,0.023094688221709007
688211.SH,866,2023-01-03,2026-07-31,20,20,5,0.023094688221709007
300980.SZ,866,2023-01-03,2026-07-31,20,20,5,0.023094688221709007
001260.SZ,839,2023-02-16,2026-07-31,20,20,5,0.023837902264600714
301226.SZ,866,2023-01-03,2026-07-31,20,20,5,0.023094688221709007
603103.SH,866,2023-01-03,2026-07-31,20,20,5,0.023094688221709007
002377.SZ,866,2023-01-03,2026-07-31,20,22,7,0.025404157043879907
603860.SH,866,2023-01-03,2026-07-31,20,20,5,0.023094688221709007
300847.SZ,866,2023-01-03,2026-07-31,20,20,5,0.023094688221709007
000795.SZ,866,2023-01-03,2026-07-31,20,20,5,0.023094688221709007
603020.SH,866,2023-01-03,2026-07-31,20,20,5,0.023094688221709007
600975.SH,866,2023-01-03,2026-07-31,20,20,5,0.023094688221709007
688113.SH,866,2023-01-03,2026-07-31,20,20,5,0.023094688221709007
000619.SZ,866,2023-01-03,2026-07-31,20,20,5,0.023094688221709007
600552.SH,866,2023-01-03,2026-07-31,20,20,5,0.023094688221709007
002900.SZ,866,2023-01-03,2026-07-31,20,20,5,0.023094688221709007
605118.SH,866,2023-01-03,2026-07-31,20,20,5,0.023094688221709007
600616.SH,866,2023-01-03,2026-07-31,20,20,5,0.023094688221709007
688120.SH,866,2023-01-03,2026-07-31,20,20,5,0.023094688221709007
688513.SH,866,2023-01-03,2026-07-31,20,20,5,0.023094688221709007
600690.SH,866,2023-01-03,2026-07-31,20,20,5,0.023094688221709007
001279.SZ,440,2024-10-11,2026-07-31,20,20,5,0.045454545454545456
300839.SZ,866,2023-01-03,2026-07-31,20,30,15,0.03464203233256351
000667.SZ,94,2023-01-03,2023-05-25,94,94,94,1.0
002951.SZ,866,2023-01-03,2026-07-31,20,26,11,0.03002309468822171
600671.SH,866,2023-01-03,2026-07-31,20,26,11,0.03002309468822171
600105.SH,866,2023-01-03,2026-07-31,20,20,5,0.023094688221709007
603773.SH,866,2023-01-03,2026-07-31,20,20,5,0.023094688221709007
603599.SH,866,2023-01-03,2026-07-31,20,20,5,0.023094688221709007
601033.SH,612,2024-01-18,2026-07-31,20,20,5,0.032679738562091505
002889.SZ,866,2023-01-03,2026-07-31,20,20,5,0.023094688221709007
300076.SZ,866,2023-01-03,2026-07-31,20,22,7,0.025404157043879907
688408.SH,866,2023-01-03,2026-07-31,20,20,5,0.023094688221709007
002304.SZ,866,2023-01-03,2026-07-31,20,20,5,0.023094688221709007
603880.SH,866,2023-01-03,2026-07-31,20,34,19,0.03926096997690531
600602.SH,866,2023-01-03,2026-07-31,20,20,5,0.023094688221709007
688159.SH,866,2023-01-03,2026-07-31,20,20,5,0.023094688221709007
600719.SH,866,2023-01-03,2026-07-31,20,38,20,0.04387990762124711
002562.SZ,866,2023-01-03,2026-07-31,20,20,5,0.023094688221709007
003008.SZ,866,2023-01-03,2026-07-31,20,20,5,0.023094688221709007
601997.SH,866,2023-01-03,2026-07-31,20,20,5,0.023094688221709007
000063.SZ,866,2023-01-03,2026-07-31,20,20,5,0.023094688221709007
000899.SZ,866,2023-01-03,2026-07-31,20,20,5,0.023094688221709007
300701.SZ,866,2023-01-03,2026-07-31,20,20,5,0.023094688221709007
600343.SH,866,2023-01-03,2026-07-31,20,20,5,0.023094688221709007
002309.SZ,866,2023-01-03,2026-07-31,20,88,58,0.10161662817551963
688727.SH,171,2025-11-18,2026-07-31,20,20,5,0.11695906432748537
300584.SZ,866,2023-01-03,2026-07-31,20,20,5,0.023094688221709007
300562.SZ,866,2023-01-03,2026-07-31,20,20,5,0.023094688221709007
300676.SZ,866,2023-01-03,2026-07-31,20,20,5,0.023094688221709007
000966.SZ,866,2023-01-03,2026-07-31,20,20,5,0.023094688221709007
688646.SH,729,2023-07-28,2026-07-31,20,22,7,0.03017832647462277
300865.SZ,866,2023-01-03,2026-07-31,20,20,5,0.023094688221709007
688403.SH,866,2023-01-03,2026-07-31,20,20,5,0.023094688221709007
600707.SH,866,2023-01-03,2026-07-31,20,20,5,0.023094688221709007
601368.SH,866,2023-01-03,2026-07-31,20,20,5,0.023094688221709007
000809.SZ,866,2023-01-03,2026-07-31,20,26,11,0.03002309468822171
300073.SZ,866,2023-01-03,2026-07-31,20,20,5,0.023094688221709007
003015.SZ,866,2023-01-03,2026-07-31,20,20,5,0.023094688221709007
300772.SZ,866,2023-01-03,2026-07-31,20,20,5,0.023094688221709007
603189.SH,866,2023-01-03,2026-07-31,20,22,7,0.025404157043879907
000801.SZ,866,2023-01-03,2026-07-31,20,40,20,0.046189376443418015
600887.SH,866,2023-01-03,2026-07-31,20,20,5,0.023094688221709007
002003.SZ,866,2023-01-03,2026-07-31,20,20,5,0.023094688221709007
601988.SH,866,2023-01-03,2026-07-31,20,20,5,0.023094688221709007
002617.SZ,866,2023-01-03,2026-07-31,20,20,5,0.023094688221709007
688026.SH,866,2023-01-03,2026-07-31,20,20,5,0.023094688221709007
301421.SZ,711,2023-08-23,2026-07-31,20,20,5,0.02812939521800281
000626.SZ,866,2023-01-03,2026-07-31,20,20,5,0.023094688221709007
300437.SZ,866,2023-01-03,2026-07-31,20,20,5,0.023094688221709007
603029.SH,866,2023-01-03,2026-07-31,20,20,5,0.023094688221709007
000691.SZ,866,2023-01-03,2026-07-31,20,36,21,0.04157043879907621
603351.SH,866,2023-01-03,2026-07-31,20,20,5,0.023094688221709007
605389.SH,866,2023-01-03,2026-07-31,20,50,36,0.057736720554272515
300313.SZ,866,2023-01-03,2026-07-31,20,32,17,0.03695150115473441
603858.SH,866,2023-01-03,2026-07-31,20,20,5,0.023094688221709007
000589.SZ,866,2023-01-03,2026-07-31,20,20,5,0.023094688221709007
002654.SZ,866,2023-01-03,2026-07-31,20,20,5,0.023094688221709007
603567.SH,866,2023-01-03,2026-07-31,20,20,5,0.023094688221709007
301531.SZ,59,2026-05-11,2026-07-31,20,20,5,0.3389830508474576
688539.SH,797,2023-04-18,2026-07-31,20,20,5,0.025094102885821833
300129.SZ,866,2023-01-03,2026-07-31,20,20,5,0.023094688221709007
000656.SZ,866,2023-01-03,2026-07-31,20,46,26,0.053117782909930716
600683.SH,866,2023-01-03,2026-07-31,20,20,5,0.023094688221709007
688383.SH,866,2023-01-03,2026-07-31,20,20,5,0.023094688221709007
000157.SZ,866,2023-01-03,2026-07-31,20,20,5,0.023094688221709007
601899.SH,866,2023-01-03,2026-07-31,20,20,5,0.023094688221709007
603353.SH,866,2023-01-03,2026-07-31,20,20,5,0.023094688221709007
688616.SH,866,2023-01-03,2026-07-31,20,20,5,0.023094688221709007
603236.SH,866,2023-01-03,2026-07-31,20,20,5,0.023094688221709007
688788.SH,866,2023-01-03,2026-07-31,20,20,5,0.023094688221709007
603088.SH,866,2023-01-03,2026-07-31,20,30,15,0.03464203233256351
688147.SH,866,2023-01-03,2026-07-31,20,20,5,0.023094688221709007
300452.SZ,866,2023-01-03,2026-07-31,20,20,5,0.023094688221709007
600766.SH,357,2023-01-03,2024-06-26,357,357,357,1.0
603230.SH,866,2023-01-03,2026-07-31,20,20,5,0.023094688221709007
300346.SZ,866,2023-01-03,2026-07-31,20,36,18,0.04157043879907621
688410.SH,866,2023-01-03,2026-07-31,20,20,5,0.023094688221709007
000958.SZ,866,2023-01-03,2026-07-31,20,40,20,0.046189376443418015
002582.SZ,866,2023-01-03,2026-07-31,20,20,5,0.023094688221709007
603209.SH,866,2023-01-03,2026-07-31,20,20,5,0.023094688221709007
000598.SZ,866,2023-01-03,2026-07-31,20,20,5,0.023094688221709007
600383.SH,866,2023-01-03,2026-07-31,20,20,5,0.023094688221709007
300843.SZ,866,2023-01-03,2026-07-31,20,20,5,0.023094688221709007
688332.SH,866,2023-01-03,2026-07-31,20,20,5,0.023094688221709007
300508.SZ,866,2023-01-03,2026-07-31,20,20,5,0.023094688221709007
688084.SH,866,2023-01-03,2026-07-31,20,20,5,0.023094688221709007
000591.SZ,866,2023-01-03,2026-07-31,20,20,5,0.023094688221709007
002465.SZ,866,2023-01-03,2026-07-31,20,20,5,0.023094688221709007
688670.SH,866,2023-01-03,2026-07-31,20,20,5,0.023094688221709007
301138.SZ,866,2023-01-03,2026-07-31,20,20,5,0.023094688221709007
001358.SZ,631,2023-12-21,2026-07-31,20,20,5,0.03169572107765452
301487.SZ,721,2023-08-09,2026-07-31,20,20,5,0.027739251040221916
002364.SZ,866,2023-01-03,2026-07-31,20,20,5,0.023094688221709007
600455.SH,866,2023-01-03,2026-07-31,20,22,7,0.025404157043879907
605208.SH,866,2023-01-03,2026-07-31,20,20,5,0.023094688221709007
603195.SH,866,2023-01-03,2026-07-31,20,20,5,0.023094688221709007
688655.SH,866,2023-01-03,2026-07-31,20,38,19,0.04387990762124711
300967.SZ,866,2023-01-03,2026-07-31,20,20,5,0.023094688221709007
603131.SH,866,2023-01-03,2026-07-31,20,20,5,0.023094688221709007
603120.SH,315,2025-04-16,2026-07-31,20,20,5,0.06349206349206349
600246.SH,866,2023-01-03,2026-07-31,20,20,5,0.023094688221709007
002926.SZ,866,2023-01-03,2026-07-31,20,20,5,0.023094688221709007
688820.SH,70,2026-04-21,2026-07-31,20,20,5,0.2857142857142857
002760.SZ,866,2023-01-03,2026-07-31,20,20,5,0.023094688221709007
300959.SZ,866,2023-01-03,2026-07-31,20,30,15,0.03464203233256351
601698.SH,866,2023-01-03,2026-07-31,20,20,5,0.023094688221709007
688209.SH,866,2023-01-03,2026-07-31,20,40,20,0.046189376443418015
600963.SH,866,2023-01-03,2026-07-31,20,20,5,0.023094688221709007
001312.SZ,70,2026-04-21,2026-07-31,20,20,5,0.2857142857142857
600099.SH,866,2023-01-03,2026-07-31,20,20,5,0.023094688221709007
000547.SZ,866,2023-01-03,2026-07-31,20,20,5,0.023094688221709007
603256.SH,866,2023-01-03,2026-07-31,20,20,5,0.023094688221709007
301170.SZ,752,2023-06-27,2026-07-31,20,20,5,0.026595744680851064
000570.SZ,866,2023-01-03,2026-07-31,20,20,5,0.023094688221709007
600810.SH,866,2023-01-03,2026-07-31,20,20,5,0.023094688221709007
301345.SZ,816,2023-03-21,2026-07-31,20,20,5,0.024509803921568627
600235.SH,866,2023-01-03,2026-07-31,20,20,5,0.023094688221709007
688663.SH,866,2023-01-03,2026-07-31,20,20,5,0.023094688221709007
300311.SZ,866,2023-01-03,2026-07-31,20,22,7,0.025404157043879907
600755.SH,866,2023-01-03,2026-07-31,20,20,5,0.023094688221709007
300806.SZ,866,2023-01-03,2026-07-31,20,20,5,0.023094688221709007
600350.SH,866,2023-01-03,2026-07-31,20,20,5,0.023094688221709007
002410.SZ,866,2023-01-03,2026-07-31,20,20,5,0.023094688221709007
603810.SH,866,2023-01-03,2026-07-31,20,20,5,0.023094688221709007
600258.SH,866,2023-01-03,2026-07-31,20,20,5,0.023094688221709007
600698.SH,866,2023-01-03,2026-07-31,20,20,5,0.023094688221709007
002535.SZ,866,2023-01-03,2026-07-31,20,22,7,0.025404157043879907
688516.SH,866,2023-01-03,2026-07-31,20,20,5,0.023094688221709007
000862.SZ,866,2023-01-03,2026-07-31,20,20,5,0.023094688221709007
300569.SZ,866,2023-01-03,2026-07-31,20,20,5,0.023094688221709007
003010.SZ,866,2023-01-03,2026-07-31,20,20,5,0.023094688221709007
000868.SZ,866,2023-01-03,2026-07-31,20,20,5,0.023094688221709007
002696.SZ,866,2023-01-03,2026-07-31,20,20,5,0.023094688221709007
000070.SZ,866,2023-01-03,2026-07-31,20,24,9,0.02771362586605081
000886.SZ,866,2023-01-03,2026-07-31,20,20,5,0.023094688221709007
688796.SH,155,2025-12-10,2026-07-31,20,20,5,0.12903225806451613
002501.SZ,866,2023-01-03,2026-07-31,20,22,7,0.025404157043879907
605507.SH,866,2023-01-03,2026-07-31,20,20,5,0.023094688221709007
301112.SZ,866,2023-01-03,2026-07-31,20,40,20,0.046189376443418015
301109.SZ,866,2023-01-03,2026-07-31,20,40,20,0.046189376443418015
600805.SH,866,2023-01-03,2026-07-31,20,20,5,0.023094688221709007
000011.SZ,866,2023-01-03,2026-07-31,20,20,5,0.023094688221709007
601208.SH,866,2023-01-03,2026-07-31,20,20,5,0.023094688221709007
002955.SZ,866,2023-01-03,2026-07-31,20,28,13,0.03233256351039261
300556.SZ,866,2023-01-03,2026-07-31,20,20,5,0.023094688221709007
603937.SH,866,2023-01-03,2026-07-31,20,20,5,0.023094688221709007
600736.SH,866,2023-01-03,2026-07-31,20,20,5,0.023094688221709007
002182.SZ,866,2023-01-03,2026-07-31,20,20,5,0.023094688221709007
300664.SZ,866,2023-01-03,2026-07-31,20,20,5,0.023094688221709007
688057.SH,866,2023-01-03,2026-07-31,20,20,5,0.023094688221709007
002945.SZ,866,2023-01-03,2026-07-31,20,20,5,0.023094688221709007
301070.SZ,866,2023-01-03,2026-07-31,20,20,5,0.023094688221709007
603121.SH,866,2023-01-03,2026-07-31,20,40,20,0.046189376443418015
002822.SZ,866,2023-01-03,2026-07-31,20,28,13,0.03233256351039261
300516.SZ,866,2023-01-03,2026-07-31,20,20,5,0.023094688221709007
600563.SH,866,2023-01-03,2026-07-31,20,20,5,0.023094688221709007
002439.SZ,866,2023-01-03,2026-07-31,20,20,5,0.023094688221709007
603721.SH,866,2023-01-03,2026-07-31,20,34,19,0.03926096997690531
301528.SZ,708,2023-08-28,2026-07-31,20,20,5,0.02824858757062147
002917.SZ,866,2023-01-03,2026-07-31,20,40,20,0.046189376443418015
603333.SH,866,2023-01-03,2026-07-31,20,20,5,0.023094688221709007
300424.SZ,866,2023-01-03,2026-07-31,20,30,15,0.03464203233256351
600149.SH,866,2023-01-03,2026-07-31,20,20,5,0.023094688221709007
600212.SH,866,2023-01-03,2026-07-31,20,20,5,0.023094688221709007
603216.SH,866,2023-01-03,2026-07-31,20,38,19,0.04387990762124711
600166.SH,866,2023-01-03,2026-07-31,20,20,5,0.023094688221709007
688215.SH,866,2023-01-03,2026-07-31,20,20,5,0.023094688221709007
301529.SZ,698,2023-09-11,2026-07-31,20,20,5,0.02865329512893983
002369.SZ,866,2023-01-03,2026-07-31,20,20,5,0.023094688221709007
600481.SH,866,2023-01-03,2026-07-31,20,20,5,0.023094688221709007
300617.SZ,866,2023-01-03,2026-07-31,20,20,5,0.023094688221709007
301157.SZ,824,2023-03-09,2026-07-31,20,20,5,0.024271844660194174
000620.SZ,866,2023-01-03,2026-07-31,20,26,11,0.03002309468822171
600444.SH,866,2023-01-03,2026-07-31,20,20,5,0.023094688221709007
603466.SH,866,2023-01-03,2026-07-31,20,20,5,0.023094688221709007
300582.SZ,866,2023-01-03,2026-07-31,20,20,5,0.023094688221709007
301361.SZ,866,2023-01-03,2026-07-31,20,20,5,0.023094688221709007
688141.SH,866,2023-01-03,2026-07-31,20,20,5,0.023094688221709007
600623.SH,866,2023-01-03,2026-07-31,20,20,5,0.023094688221709007
001213.SZ,866,2023-01-03,2026-07-31,20,20,5,0.023094688221709007
000655.SZ,866,2023-01-03,2026-07-31,20,20,5,0.023094688221709007
300080.SZ,866,2023-01-03,2026-07-31,20,20,5,0.023094688221709007
002517.SZ,866,2023-01-03,2026-07-31,20,20,5,0.023094688221709007
601996.SH,866,2023-01-03,2026-07-31,20,20,5,0.023094688221709007
000017.SZ,866,2023-01-03,2026-07-31,20,20,5,0.023094688221709007
002960.SZ,866,2023-01-03,2026-07-31,20,20,5,0.023094688221709007
600183.SH,866,2023-01-03,2026-07-31,20,20,5,0.023094688221709007
605100.SH,866,2023-01-03,2026-07-31,20,20,5,0.023094688221709007
688158.SH,866,2023-01-03,2026-07-31,20,20,5,0.023094688221709007
600576.SH,866,2023-01-03,2026-07-31,20,20,5,0.023094688221709007
002498.SZ,866,2023-01-03,2026-07-31,20,20,5,0.023094688221709007
603822.SH,866,2023-01-03,2026-07-31,20,22,7,0.025404157043879907
601018.SH,866,2023-01-03,2026-07-31,20,20,5,0.023094688221709007
600469.SH,866,2023-01-03,2026-07-31,20,20,5,0.023094688221709007
300791.SZ,866,2023-01-03,2026-07-31,20,20,5,0.023094688221709007
603777.SH,866,2023-01-03,2026-07-31,20,20,5,0.023094688221709007
000933.SZ,866,2023-01-03,2026-07-31,20,20,5,0.023094688221709007
300548.SZ,866,2023-01-03,2026-07-31,20,20,5,0.023094688221709007
688275.SH,866,2023-01-03,2026-07-31,20,20,5,0.023094688221709007
688548.SH,717,2023-08-15,2026-07-31,20,20,5,0.02789400278940028
300290.SZ,866,2023-01-03,2026-07-31,20,22,7,0.025404157043879907
301590.SZ,283,2025-06-05,2026-07-31,20,20,5,0.0706713780918728
688246.SH,866,2023-01-03,2026-07-31,20,20,5,0.023094688221709007
002709.SZ,866,2023-01-03,2026-07-31,20,20,5,0.023094688221709007
301509.SZ,725,2023-08-03,2026-07-31,20,20,5,0.027586206896551724
603309.SH,866,2023-01-03,2026-07-31,20,20,5,0.023094688221709007
301221.SZ,866,2023-01-03,2026-07-31,20,20,5,0.023094688221709007
301565.SZ,514,2024-06-20,2026-07-31,20,20,5,0.038910505836575876
001238.SZ,866,2023-01-03,2026-07-31,20,20,5,0.023094688221709007
603168.SH,866,2023-01-03,2026-07-31,20,20,5,0.023094688221709007
600694.SH,866,2023-01-03,2026-07-31,20,20,5,0.023094688221709007
301223.SZ,866,2023-01-03,2026-07-31,20,20,5,0.023094688221709007
601010.SH,866,2023-01-03,2026-07-31,20,26,10,0.03002309468822171
001387.SZ,617,2024-01-11,2026-07-31,20,20,5,0.03241491085899514
002306.SZ,866,2023-01-03,2026-07-31,20,24,9,0.02771362586605081
000417.SZ,866,2023-01-03,2026-07-31,20,20,5,0.023094688221709007
600512.SH,866,2023-01-03,2026-07-31,20,20,5,0.023094688221709007
603966.SH,866,2023-01-03,2026-07-31,20,26,11,0.03002309468822171
003001.SZ,866,2023-01-03,2026-07-31,20,20,5,0.023094688221709007
000759.SZ,866,2023-01-03,2026-07-31,20,20,5,0.023094688221709007
002611.SZ,866,2023-01-03,2026-07-31,20,20,5,0.023094688221709007
002236.SZ,866,2023-01-03,2026-07-31,20,20,5,0.023094688221709007
600028.SH,866,2023-01-03,2026-07-31,20,20,5,0.023094688221709007
300650.SZ,866,2023-01-03,2026-07-31,20,20,5,0.023094688221709007
600885.SH,866,2023-01-03,2026-07-31,20,20,5,0.023094688221709007
301042.SZ,866,2023-01-03,2026-07-31,20,20,5,0.023094688221709007
600103.SH,866,2023-01-03,2026-07-31,20,20,5,0.023094688221709007
688117.SH,866,2023-01-03,2026-07-31,20,20,5,0.023094688221709007
600023.SH,866,2023-01-03,2026-07-31,20,20,5,0.023094688221709007
000890.SZ,866,2023-01-03,2026-07-31,20,20,5,0.023094688221709007
688588.SH,866,2023-01-03,2026-07-31,20,40,20,0.046189376443418015
601799.SH,866,2023-01-03,2026-07-31,20,20,5,0.023094688221709007
603062.SH,663,2023-11-07,2026-07-31,20,20,5,0.030165912518853696
601020.SH,866,2023-01-03,2026-07-31,20,30,15,0.03464203233256351
001914.SZ,866,2023-01-03,2026-07-31,20,20,5,0.023094688221709007
000531.SZ,866,2023-01-03,2026-07-31,20,20,5,0.023094688221709007
600239.SH,866,2023-01-03,2026-07-31,20,24,9,0.02771362586605081
300297.SZ,138,2023-01-03,2023-07-28,138,138,138,1.0
603506.SH,866,2023-01-03,2026-07-31,20,20,5,0.023094688221709007
002952.SZ,866,2023-01-03,2026-07-31,20,20,5,0.023094688221709007
300658.SZ,866,2023-01-03,2026-07-31,20,40,20,0.046189376443418015
300479.SZ,866,2023-01-03,2026-07-31,20,20,5,0.023094688221709007
603269.SH,866,2023-01-03,2026-07-31,20,20,5,0.023094688221709007
301389.SZ,866,2023-01-03,2026-07-31,20,20,5,0.023094688221709007
002650.SZ,866,2023-01-03,2026-07-31,20,22,7,0.025404157043879907
600619.SH,866,2023-01-03,2026-07-31,20,20,5,0.023094688221709007
300282.SZ,372,2023-01-03,2024-07-17,372,372,372,1.0
603004.SH,627,2023-12-27,2026-07-31,20,20,5,0.03189792663476874
002065.SZ,866,2023-01-03,2026-07-31,20,20,5,0.023094688221709007
000736.SZ,866,2023-01-03,2026-07-31,20,24,9,0.02771362586605081
600825.SH,866,2023-01-03,2026-07-31,20,20,5,0.023094688221709007
600971.SH,866,2023-01-03,2026-07-31,20,20,5,0.023094688221709007
000096.SZ,866,2023-01-03,2026-07-31,20,20,5,0.023094688221709007
300779.SZ,866,2023-01-03,2026-07-31,20,20,5,0.023094688221709007
002781.SZ,120,2023-01-03,2023-07-04,120,120,120,1.0
600597.SH,866,2023-01-03,2026-07-31,20,20,5,0.023094688221709007
603707.SH,866,2023-01-03,2026-07-31,20,20,5,0.023094688221709007
300903.SZ,866,2023-01-03,2026-07-31,20,20,5,0.023094688221709007
000829.SZ,866,2023-01-03,2026-07-31,20,20,5,0.023094688221709007
002848.SZ,866,2023-01-03,2026-07-31,20,24,9,0.02771362586605081
688129.SH,866,2023-01-03,2026-07-31,20,20,5,0.023094688221709007
688308.SH,866,2023-01-03,2026-07-31,20,20,5,0.023094688221709007
603315.SH,866,2023-01-03,2026-07-31,20,20,5,0.023094688221709007
605080.SH,866,2023-01-03,2026-07-31,20,20,5,0.023094688221709007
301488.SZ,747,2023-07-04,2026-07-31,20,20,5,0.02677376171352075
000963.SZ,866,2023-01-03,2026-07-31,20,20,5,0.023094688221709007
600809.SH,866,2023-01-03,2026-07-31,20,20,5,0.023094688221709007
002735.SZ,866,2023-01-03,2026-07-31,20,20,5,0.023094688221709007
688608.SH,866,2023-01-03,2026-07-31,20,20,5,0.023094688221709007
688168.SH,866,2023-01-03,2026-07-31,20,20,5,0.023094688221709007
301518.SZ,725,2023-08-03,2026-07-31,20,20,5,0.027586206896551724
688233.SH,866,2023-01-03,2026-07-31,20,20,5,0.023094688221709007
002123.SZ,866,2023-01-03,2026-07-31,20,40,20,0.046189376443418015
688708.SH,401,2024-12-05,2026-07-31,20,20,5,0.04987531172069826
301105.SZ,866,2023-01-03,2026-07-31,20,20,5,0.023094688221709007
600359.SH,866,2023-01-03,2026-07-31,20,20,5,0.023094688221709007
688695.SH,579,2024-03-13,2026-07-31,20,20,5,0.03454231433506045
003012.SZ,866,2023-01-03,2026-07-31,20,20,5,0.023094688221709007
601311.SH,866,2023-01-03,2026-07-31,20,20,5,0.023094688221709007
605369.SH,866,2023-01-03,2026-07-31,20,20,5,0.023094688221709007
603578.SH,866,2023-01-03,2026-07-31,20,30,15,0.03464203233256351
000810.SZ,866,2023-01-03,2026-07-31,20,26,11,0.03002309468822171
688212.SH,866,2023-01-03,2026-07-31,20,20,5,0.023094688221709007
603456.SH,866,2023-01-03,2026-07-31,20,20,5,0.023094688221709007
600381.SH,866,2023-01-03,2026-07-31,20,24,9,0.02771362586605081
688184.SH,866,2023-01-03,2026-07-31,20,22,7,0.025404157043879907
002221.SZ,866,2023-01-03,2026-07-31,20,20,5,0.023094688221709007
603501.SH,866,2023-01-03,2026-07-31,20,20,5,0.023094688221709007
300126.SZ,866,2023-01-03,2026-07-31,20,20,5,0.023094688221709007
002136.SZ,866,2023-01-03,2026-07-31,20,24,9,0.02771362586605081
605196.SH,866,2023-01-03,2026-07-31,20,20,5,0.023094688221709007
605055.SH,866,2023-01-03,2026-07-31,20,20,5,0.023094688221709007
000665.SZ,866,2023-01-03,2026-07-31,20,20,5,0.023094688221709007
300681.SZ,866,2023-01-03,2026-07-31,20,20,5,0.023094688221709007
002323.SZ,866,2023-01-03,2026-07-31,20,22,7,0.025404157043879907
688391.SH,866,2023-01-03,2026-07-31,20,20,5,0.023094688221709007
002422.SZ,866,2023-01-03,2026-07-31,20,20,5,0.023094688221709007
605259.SH,866,2023-01-03,2026-07-31,20,20,5,0.023094688221709007
002181.SZ,866,2023-01-03,2026-07-31,20,20,5,0.023094688221709007
002821.SZ,866,2023-01-03,2026-07-31,20,20,5,0.023094688221709007
002706.SZ,866,2023-01-03,2026-07-31,20,20,5,0.023094688221709007
301503.SZ,738,2023-07-17,2026-07-31,20,20,5,0.02710027100271003
300288.SZ,866,2023-01-03,2026-07-31,20,20,5,0.023094688221709007
600280.SH,866,2023-01-03,2026-07-31,20,20,5,0.023094688221709007
002790.SZ,866,2023-01-03,2026-07-31,20,20,5,0.023094688221709007
605056.SH,866,2023-01-03,2026-07-31,20,20,5,0.023094688221709007
000837.SZ,866,2023-01-03,2026-07-31,20,20,5,0.023094688221709007
300699.SZ,866,2023-01-03,2026-07-31,20,20,5,0.023094688221709007
300078.SZ,866,2023-01-03,2026-07-31,20,20,5,0.023094688221709007
000792.SZ,866,2023-01-03,2026-07-31,20,20,5,0.023094688221709007
603626.SH,866,2023-01-03,2026-07-31,20,20,5,0.023094688221709007
300399.SZ,866,2023-01-03,2026-07-31,20,20,5,0.023094688221709007
605286.SH,866,2023-01-03,2026-07-31,20,20,5,0.023094688221709007
300077.SZ,866,2023-01-03,2026-07-31,20,20,5,0.023094688221709007
600777.SH,866,2023-01-03,2026-07-31,20,94,63,0.10854503464203233
300527.SZ,866,2023-01-03,2026-07-31,20,22,7,0.025404157043879907
300937.SZ,866,2023-01-03,2026-07-31,20,20,5,0.023094688221709007
300601.SZ,866,2023-01-03,2026-07-31,20,20,5,0.023094688221709007
300862.SZ,866,2023-01-03,2026-07-31,20,25,10,0.028868360277136258
600513.SH,866,2023-01-03,2026-07-31,20,20,5,0.023094688221709007
002595.SZ,866,2023-01-03,2026-07-31,20,20,5,0.023094688221709007
300613.SZ,866,2023-01-03,2026-07-31,20,40,20,0.046189376443418015
600331.SH,866,2023-01-03,2026-07-31,20,22,7,0.025404157043879907
002802.SZ,866,2023-01-03,2026-07-31,20,20,5,0.023094688221709007
603659.SH,866,2023-01-03,2026-07-31,20,20,5,0.023094688221709007
688131.SH,866,2023-01-03,2026-07-31,20,20,5,0.023094688221709007
002557.SZ,866,2023-01-03,2026-07-31,20,20,5,0.023094688221709007
002318.SZ,866,2023-01-03,2026-07-31,20,20,5,0.023094688221709007
301166.SZ,866,2023-01-03,2026-07-31,20,20,5,0.023094688221709007
600866.SH,866,2023-01-03,2026-07-31,20,20,5,0.023094688221709007
002521.SZ,866,2023-01-03,2026-07-31,20,20,5,0.023094688221709007
300709.SZ,866,2023-01-03,2026-07-31,20,20,5,0.023094688221709007
301577.SZ,608,2024-01-24,2026-07-31,20,20,5,0.03289473684210526
601600.SH,866,2023-01-03,2026-07-31,20,20,5,0.023094688221709007
600791.SH,866,2023-01-03,2026-07-31,20,20,5,0.023094688221709007
301163.SZ,866,2023-01-03,2026-07-31,20,20,5,0.023094688221709007
300095.SZ,866,2023-01-03,2026-07-31,20,20,5,0.023094688221709007
002813.SZ,866,2023-01-03,2026-07-31,20,30,20,0.03464203233256351
688059.SH,866,2023-01-03,2026-07-31,20,20,5,0.023094688221709007
300456.SZ,866,2023-01-03,2026-07-31,20,20,5,0.023094688221709007
600729.SH,866,2023-01-03,2026-07-31,20,24,9,0.02771362586605081
301151.SZ,866,2023-01-03,2026-07-31,20,20,5,0.023094688221709007
000931.SZ,866,2023-01-03,2026-07-31,20,20,5,0.023094688221709007
301310.SZ,767,2023-06-02,2026-07-31,20,20,5,0.02607561929595828
600012.SH,866,2023-01-03,2026-07-31,20,40,20,0.046189376443418015
688046.SH,866,2023-01-03,2026-07-31,20,20,5,0.023094688221709007
300925.SZ,866,2023-01-03,2026-07-31,20,20,5,0.023094688221709007
600734.SH,866,2023-01-03,2026-07-31,20,39,30,0.04503464203233257
603610.SH,866,2023-01-03,2026-07-31,20,20,5,0.023094688221709007
600029.SH,866,2023-01-03,2026-07-31,20,20,5,0.023094688221709007
300844.SZ,866,2023-01-03,2026-07-31,20,20,5,0.023094688221709007
603113.SH,866,2023-01-03,2026-07-31,20,20,5,0.023094688221709007
600967.SH,866,2023-01-03,2026-07-31,20,20,5,0.023094688221709007
688051.SH,866,2023-01-03,2026-07-31,20,40,20,0.046189376443418015
605189.SH,866,2023-01-03,2026-07-31,20,20,5,0.023094688221709007
000925.SZ,866,2023-01-03,2026-07-31,20,20,5,0.023094688221709007
002573.SZ,866,2023-01-03,2026-07-31,20,20,5,0.023094688221709007
300781.SZ,866,2023-01-03,2026-07-31,20,28,13,0.03233256351039261
688388.SH,866,2023-01-03,2026-07-31,20,20,5,0.023094688221709007
300158.SZ,866,2023-01-03,2026-07-31,20,20,5,0.023094688221709007
600387.SH,605,2023-01-03,2025-07-04,605,605,605,1.0
002327.SZ,866,2023-01-03,2026-07-31,20,20,5,0.023094688221709007
601766.SH,866,2023-01-03,2026-07-31,20,20,5,0.023094688221709007
301150.SZ,866,2023-01-03,2026-07-31,20,20,5,0.023094688221709007
688392.SH,866,2023-01-03,2026-07-31,20,20,5,0.023094688221709007
605303.SH,866,2023-01-03,2026-07-31,20,20,5,0.023094688221709007
300233.SZ,866,2023-01-03,2026-07-31,20,20,5,0.023094688221709007
002084.SZ,866,2023-01-03,2026-07-31,20,20,5,0.023094688221709007
603110.SH,866,2023-01-03,2026-07-31,20,20,5,0.023094688221709007
300214.SZ,866,2023-01-03,2026-07-31,20,35,20,0.04041570438799076
601877.SH,866,2023-01-03,2026-07-31,20,20,5,0.023094688221709007
301267.SZ,866,2023-01-03,2026-07-31,20,20,5,0.023094688221709007
002877.SZ,866,2023-01-03,2026-07-31,20,20,5,0.023094688221709007
300726.SZ,866,2023-01-03,2026-07-31,20,20,5,0.023094688221709007
600882.SH,866,2023-01-03,2026-07-31,20,20,5,0.023094688221709007
603087.SH,866,2023-01-03,2026-07-31,20,20,5,0.023094688221709007
603162.SH,810,2023-03-29,2026-07-31,20,20,5,0.024691358024691357
601857.SH,866,2023-01-03,2026-07-31,20,20,5,0.023094688221709007
002737.SZ,866,2023-01-03,2026-07-31,20,20,5,0.023094688221709007
002961.SZ,866,2023-01-03,2026-07-31,20,20,5,0.023094688221709007
002129.SZ,866,2023-01-03,2026-07-31,20,20,5,0.023094688221709007
301372.SZ,719,2023-08-11,2026-07-31,20,20,5,0.027816411682892908
688153.SH,866,2023-01-03,2026-07-31,20,20,5,0.023094688221709007
000550.SZ,866,2023-01-03,2026-07-31,20,20,5,0.023094688221709007
688133.SH,866,2023-01-03,2026-07-31,20,20,5,0.023094688221709007
300957.SZ,866,2023-01-03,2026-07-31,20,20,5,0.023094688221709007
301502.SZ,601,2024-02-02,2026-07-31,20,20,5,0.033277870216306155
002333.SZ,866,2023-01-03,2026-07-31,20,20,5,0.023094688221709007
688192.SH,866,2023-01-03,2026-07-31,20,20,5,0.023094688221709007
000762.SZ,866,2023-01-03,2026-07-31,20,20,5,0.023094688221709007
301413.SZ,634,2023-12-18,2026-07-31,20,20,5,0.031545741324921134
300170.SZ,866,2023-01-03,2026-07-31,20,20,5,0.023094688221709007
600438.SH,866,2023-01-03,2026-07-31,20,40,20,0.046189376443418015
688070.SH,866,2023-01-03,2026-07-31,20,20,5,0.023094688221709007
688466.SH,866,2023-01-03,2026-07-31,20,20,5,0.023094688221709007
688508.SH,866,2023-01-03,2026-07-31,20,20,5,0.023094688221709007
688013.SH,866,2023-01-03,2026-07-31,20,20,5,0.023094688221709007
000885.SZ,866,2023-01-03,2026-07-31,20,20,5,0.023094688221709007
688639.SH,866,2023-01-03,2026-07-31,20,20,5,0.023094688221709007
688320.SH,866,2023-01-03,2026-07-31,20,20,5,0.023094688221709007
600266.SH,866,2023-01-03,2026-07-31,20,20,5,0.023094688221709007
002169.SZ,866,2023-01-03,2026-07-31,20,36,18,0.04157043879907621
688396.SH,866,2023-01-03,2026-07-31,20,20,5,0.023094688221709007
002378.SZ,866,2023-01-03,2026-07-31,20,20,5,0.023094688221709007
300273.SZ,121,2023-01-03,2023-07-05,121,121,121,1.0
603657.SH,866,2023-01-03,2026-07-31,20,20,5,0.023094688221709007
000536.SZ,866,2023-01-03,2026-07-31,20,20,5,0.023094688221709007
002689.SZ,866,2023-01-03,2026-07-31,20,22,7,0.025404157043879907
600962.SH,866,2023-01-03,2026-07-31,20,40,20,0.046189376443418015
600981.SH,866,2023-01-03,2026-07-31,20,20,5,0.023094688221709007
301609.SZ,249,2025-07-23,2026-07-31,20,20,5,0.08032128514056225
300034.SZ,866,2023-01-03,2026-07-31,20,20,5,0.023094688221709007
600096.SH,866,2023-01-03,2026-07-31,20,20,5,0.023094688221709007
301222.SZ,866,2023-01-03,2026-07-31,20,20,5,0.023094688221709007
603557.SH,866,2023-01-03,2026-07-31,20,22,7,0.025404157043879907
000703.SZ,866,2023-01-03,2026-07-31,20,20,5,0.023094688221709007
600753.SH,866,2023-01-03,2026-07-31,20,24,9,0.02771362586605081
603555.SH,284,2023-01-03,2024-03-07,284,284,284,1.0
601989.SH,632,2023-01-03,2025-08-12,632,632,632,1.0
000020.SZ,866,2023-01-03,2026-07-31,20,20,5,0.023094688221709007
002916.SZ,866,2023-01-03,2026-07-31,20,20,5,0.023094688221709007
002592.SZ,866,2023-01-03,2026-07-31,20,20,5,0.023094688221709007
301211.SZ,866,2023-01-03,2026-07-31,20,20,5,0.023094688221709007
600617.SH,866,2023-01-03,2026-07-31,20,20,5,0.023094688221709007
000713.SZ,866,2023-01-03,2026-07-31,20,30,15,0.03464203233256351
300607.SZ,866,2023-01-03,2026-07-31,20,20,5,0.023094688221709007
002692.SZ,866,2023-01-03,2026-07-31,20,22,7,0.025404157043879907
002999.SZ,866,2023-01-03,2026-07-31,20,20,5,0.023094688221709007
300631.SZ,866,2023-01-03,2026-07-31,20,20,5,0.023094688221709007
605368.SH,866,2023-01-03,2026-07-31,20,20,5,0.023094688221709007
300281.SZ,866,2023-01-03,2026-07-31,20,20,5,0.023094688221709007
688157.SH,866,2023-01-03,2026-07-31,20,20,5,0.023094688221709007
688029.SH,866,2023-01-03,2026-07-31,20,20,5,0.023094688221709007
688568.SH,866,2023-01-03,2026-07-31,20,20,5,0.023094688221709007
301035.SZ,866,2023-01-03,2026-07-31,20,20,5,0.023094688221709007
603767.SH,866,2023-01-03,2026-07-31,20,20,5,0.023094688221709007
300155.SZ,866,2023-01-03,2026-07-31,20,20,5,0.023094688221709007
300969.SZ,866,2023-01-03,2026-07-31,20,20,5,0.023094688221709007
600406.SH,866,2023-01-03,2026-07-31,20,20,5,0.023094688221709007
300943.SZ,866,2023-01-03,2026-07-31,20,40,20,0.046189376443418015
002587.SZ,866,2023-01-03,2026-07-31,20,20,5,0.023094688221709007
300765.SZ,866,2023-01-03,2026-07-31,20,40,20,0.046189376443418015
600738.SH,866,2023-01-03,2026-07-31,20,20,5,0.023094688221709007
688702.SH,695,2023-09-14,2026-07-31,20,20,5,0.02877697841726619
603329.SH,866,2023-01-03,2026-07-31,20,28,13,0.03233256351039261
300088.SZ,866,2023-01-03,2026-07-31,20,20,5,0.023094688221709007
002308.SZ,398,2023-01-03,2024-08-22,398,398,398,1.0
000987.SZ,866,2023-01-03,2026-07-31,20,20,5,0.023094688221709007
600160.SH,866,2023-01-03,2026-07-31,20,20,5,0.023094688221709007
300840.SZ,866,2023-01-03,2026-07-31,20,20,5,0.023094688221709007
301355.SZ,761,2023-06-12,2026-07-31,20,20,5,0.026281208935611037
600528.SH,866,2023-01-03,2026-07-31,20,20,5,0.023094688221709007
002153.SZ,866,2023-01-03,2026-07-31,20,26,11,0.03002309468822171
300189.SZ,866,2023-01-03,2026-07-31,20,20,5,0.023094688221709007
000410.SZ,866,2023-01-03,2026-07-31,20,42,22,0.04849884526558892
002434.SZ,866,2023-01-03,2026-07-31,20,20,5,0.023094688221709007
002723.SZ,866,2023-01-03,2026-07-31,20,20,5,0.023094688221709007
600610.SH,866,2023-01-03,2026-07-31,20,20,5,0.023094688221709007
300712.SZ,866,2023-01-03,2026-07-31,20,20,5,0.023094688221709007
600875.SH,866,2023-01-03,2026-07-31,20,20,5,0.023094688221709007
300190.SZ,866,2023-01-03,2026-07-31,20,20,5,0.023094688221709007
002738.SZ,866,2023-01-03,2026-07-31,20,20,5,0.023094688221709007
300677.SZ,866,2023-01-03,2026-07-31,20,20,5,0.023094688221709007
002389.SZ,866,2023-01-03,2026-07-31,20,20,5,0.023094688221709007
601088.SH,866,2023-01-03,2026-07-31,20,40,20,0.046189376443418015
603999.SH,866,2023-01-03,2026-07-31,20,20,5,0.023094688221709007
600421.SH,837,2023-01-03,2026-06-22,20,90,70,0.10752688172043011
300818.SZ,866,2023-01-03,2026-07-31,20,20,5,0.023094688221709007
301191.SZ,866,2023-01-03,2026-07-31,20,20,5,0.023094688221709007
600686.SH,866,2023-01-03,2026-07-31,20,20,5,0.023094688221709007
600321.SH,339,2023-01-03,2024-05-30,339,339,339,1.0
000813.SZ,866,2023-01-03,2026-07-31,20,20,5,0.023094688221709007
000875.SZ,866,2023-01-03,2026-07-31,20,20,5,0.023094688221709007
300108.SZ,557,2023-01-03,2025-04-23,557,557,557,1.0
002435.SZ,360,2023-01-03,2024-07-01,360,360,360,1.0
002443.SZ,866,2023-01-03,2026-07-31,20,20,5,0.023094688221709007
301110.SZ,866,2023-01-03,2026-07-31,20,20,5,0.023094688221709007
002871.SZ,866,2023-01-03,2026-07-31,20,20,5,0.023094688221709007
000430.SZ,866,2023-01-03,2026-07-31,20,30,15,0.03464203233256351
001296.SZ,866,2023-01-03,2026-07-31,20,20,5,0.023094688221709007
000688.SZ,866,2023-01-03,2026-07-31,20,20,5,0.023094688221709007
000636.SZ,866,2023-01-03,2026-07-31,20,20,5,0.023094688221709007
300231.SZ,866,2023-01-03,2026-07-31,20,20,5,0.023094688221709007
002643.SZ,866,2023-01-03,2026-07-31,20,20,5,0.023094688221709007
600511.SH,866,2023-01-03,2026-07-31,20,20,5,0.023094688221709007
603187.SH,866,2023-01-03,2026-07-31,20,20,5,0.023094688221709007
000710.SZ,866,2023-01-03,2026-07-31,20,20,5,0.023094688221709007
688718.SH,866,2023-01-03,2026-07-31,20,20,5,0.023094688221709007
300292.SZ,866,2023-01-03,2026-07-31,20,20,5,0.023094688221709007
002673.SZ,866,2023-01-03,2026-07-31,20,20,5,0.023094688221709007
688011.SH,866,2023-01-03,2026-07-31,20,20,5,0.023094688221709007
603151.SH,866,2023-01-03,2026-07-31,20,36,18,0.04157043879907621
300606.SZ,866,2023-01-03,2026-07-31,20,20,5,0.023094688221709007
603700.SH,866,2023-01-03,2026-07-31,20,20,5,0.023094688221709007
300160.SZ,866,2023-01-03,2026-07-31,20,20,5,0.023094688221709007
600624.SH,866,2023-01-03,2026-07-31,20,22,7,0.025404157043879907
688338.SH,866,2023-01-03,2026-07-31,20,20,5,0.023094688221709007
301596.SZ,541,2024-05-13,2026-07-31,20,20,5,0.036968576709796676
002127.SZ,866,2023-01-03,2026-07-31,20,20,5,0.023094688221709007
603055.SH,866,2023-01-03,2026-07-31,20,20,5,0.023094688221709007
301095.SZ,866,2023-01-03,2026-07-31,20,20,5,0.023094688221709007
600206.SH,866,2023-01-03,2026-07-31,20,20,5,0.023094688221709007
688269.SH,866,2023-01-03,2026-07-31,20,20,5,0.023094688221709007
688808.SH,67,2026-04-24,2026-07-31,20,20,5,0.29850746268656714
301040.SZ,866,2023-01-03,2026-07-31,20,30,15,0.03464203233256351
688227.SH,866,2023-01-03,2026-07-31,20,20,5,0.023094688221709007
000605.SZ,866,2023-01-03,2026-07-31,20,20,5,0.023094688221709007
688098.SH,866,2023-01-03,2026-07-31,20,20,5,0.023094688221709007
002365.SZ,866,2023-01-03,2026-07-31,20,20,5,0.023094688221709007
002792.SZ,866,2023-01-03,2026-07-31,20,20,5,0.023094688221709007
603978.SH,866,2023-01-03,2026-07-31,20,20,5,0.023094688221709007
603328.SH,866,2023-01-03,2026-07-31,20,20,5,0.023094688221709007
301238.SZ,866,2023-01-03,2026-07-31,20,20,5,0.023094688221709007
603729.SH,866,2023-01-03,2026-07-31,20,42,22,0.04849884526558892
002490.SZ,866,2023-01-03,2026-07-31,20,24,9,0.02771362586605081
600550.SH,866,2023-01-03,2026-07-31,20,20,5,0.023094688221709007
000408.SZ,866,2023-01-03,2026-07-31,20,30,15,0.03464203233256351
603179.SH,866,2023-01-03,2026-07-31,20,20,5,0.023094688221709007
002184.SZ,866,2023-01-03,2026-07-31,20,34,17,0.03926096997690531
600248.SH,866,2023-01-03,2026-07-31,20,20,5,0.023094688221709007
601139.SH,866,2023-01-03,2026-07-31,20,20,5,0.023094688221709007
001220.SZ,118,2026-02-03,2026-07-31,20,20,5,0.1694915254237288
002765.SZ,866,2023-01-03,2026-07-31,20,24,9,0.02771362586605081
300248.SZ,866,2023-01-03,2026-07-31,20,20,5,0.023094688221709007
000782.SZ,866,2023-01-03,2026-07-31,20,24,9,0.02771362586605081
300130.SZ,866,2023-01-03,2026-07-31,20,20,5,0.023094688221709007
000629.SZ,866,2023-01-03,2026-07-31,20,20,5,0.023094688221709007
603638.SH,866,2023-01-03,2026-07-31,20,20,5,0.023094688221709007
300098.SZ,866,2023-01-03,2026-07-31,20,20,5,0.023094688221709007
002326.SZ,866,2023-01-03,2026-07-31,20,30,15,0.03464203233256351
300212.SZ,866,2023-01-03,2026-07-31,20,22,7,0.025404157043879907
002190.SZ,866,2023-01-03,2026-07-31,20,20,5,0.023094688221709007
688109.SH,866,2023-01-03,2026-07-31,20,30,15,0.03464203233256351
301068.SZ,866,2023-01-03,2026-07-31,20,20,5,0.023094688221709007
002701.SZ,866,2023-01-03,2026-07-31,20,20,5,0.023094688221709007
301212.SZ,866,2023-01-03,2026-07-31,20,20,5,0.023094688221709007
600529.SH,866,2023-01-03,2026-07-31,20,20,5,0.023094688221709007
300624.SZ,866,2023-01-03,2026-07-31,20,20,5,0.023094688221709007
000537.SZ,866,2023-01-03,2026-07-31,20,20,5,0.023094688221709007
002375.SZ,866,2023-01-03,2026-07-31,20,20,5,0.023094688221709007
002637.SZ,866,2023-01-03,2026-07-31,20,20,5,0.023094688221709007
002354.SZ,866,2023-01-03,2026-07-31,20,20,5,0.023094688221709007
600970.SH,866,2023-01-03,2026-07-31,20,21,7,0.02424942263279446
300927.SZ,866,2023-01-03,2026-07-31,20,20,5,0.023094688221709007
300374.SZ,866,2023-01-03,2026-07-31,20,20,5,0.023094688221709007
000767.SZ,866,2023-01-03,2026-07-31,20,20,5,0.023094688221709007
002020.SZ,866,2023-01-03,2026-07-31,20,20,5,0.023094688221709007
000561.SZ,866,2023-01-03,2026-07-31,20,40,20,0.046189376443418015
001256.SZ,866,2023-01-03,2026-07-31,20,20,5,0.023094688221709007
603515.SH,866,2023-01-03,2026-07-31,20,20,5,0.023094688221709007
300118.SZ,866,2023-01-03,2026-07-31,20,20,5,0.023094688221709007
002372.SZ,866,2023-01-03,2026-07-31,20,20,5,0.023094688221709007
000712.SZ,866,2023-01-03,2026-07-31,20,20,5,0.023094688221709007
002714.SZ,866,2023-01-03,2026-07-31,20,20,5,0.023094688221709007
002739.SZ,866,2023-01-03,2026-07-31,20,30,15,0.03464203233256351
600386.SH,866,2023-01-03,2026-07-31,20,20,5,0.023094688221709007
600037.SH,866,2023-01-03,2026-07-31,20,20,5,0.023094688221709007
688528.SH,866,2023-01-03,2026-07-31,20,20,5,0.023094688221709007
600615.SH,866,2023-01-03,2026-07-31,20,20,5,0.023094688221709007
688349.SH,866,2023-01-03,2026-07-31,20,20,5,0.023094688221709007
002087.SZ,358,2023-01-03,2024-06-27,358,358,358,1.0
300269.SZ,866,2023-01-03,2026-07-31,20,20,5,0.023094688221709007
300551.SZ,866,2023-01-03,2026-07-31,20,30,15,0.03464203233256351
000503.SZ,866,2023-01-03,2026-07-31,20,20,5,0.023094688221709007
000861.SZ,385,2023-01-03,2024-08-05,385,385,385,1.0
601188.SH,866,2023-01-03,2026-07-31,20,20,5,0.023094688221709007
603817.SH,866,2023-01-03,2026-07-31,20,20,5,0.023094688221709007
600429.SH,866,2023-01-03,2026-07-31,20,20,5,0.023094688221709007
002010.SZ,866,2023-01-03,2026-07-31,20,20,5,0.023094688221709007
603165.SH,866,2023-01-03,2026-07-31,20,20,5,0.023094688221709007
601236.SH,866,2023-01-03,2026-07-31,20,20,5,0.023094688221709007
002078.SZ,866,2023-01-03,2026-07-31,20,20,5,0.023094688221709007
603950.SH,866,2023-01-03,2026-07-31,20,40,20,0.046189376443418015
603499.SH,866,2023-01-03,2026-07-31,20,20,5,0.023094688221709007
603607.SH,866,2023-01-03,2026-07-31,20,20,5,0.023094688221709007
300439.SZ,866,2023-01-03,2026-07-31,20,20,5,0.023094688221709007
603598.SH,866,2023-01-03,2026-07-31,20,20,5,0.023094688221709007
688669.SH,866,2023-01-03,2026-07-31,20,20,5,0.023094688221709007
001365.SZ,54,2026-05-18,2026-07-31,20,20,5,0.37037037037037035
002096.SZ,866,2023-01-03,2026-07-31,20,20,5,0.023094688221709007
688590.SH,866,2023-01-03,2026-07-31,20,20,5,0.023094688221709007
300007.SZ,866,2023-01-03,2026-07-31,20,20,5,0.023094688221709007
601860.SH,866,2023-01-03,2026-07-31,20,20,5,0.023094688221709007
600956.SH,866,2023-01-03,2026-07-31,20,20,5,0.023094688221709007
688039.SH,866,2023-01-03,2026-07-31,20,20,5,0.023094688221709007
000007.SZ,866,2023-01-03,2026-07-31,20,24,9,0.02771362586605081
300822.SZ,866,2023-01-03,2026-07-31,20,20,5,0.023094688221709007
300117.SZ,541,2023-01-03,2025-03-31,541,541,541,1.0
688699.SH,866,2023-01-03,2026-07-31,20,20,5,0.023094688221709007
601827.SH,866,2023-01-03,2026-07-31,20,20,5,0.023094688221709007
300069.SZ,866,2023-01-03,2026-07-31,20,60,35,0.06928406466512702
601865.SH,866,2023-01-03,2026-07-31,20,20,5,0.023094688221709007
000530.SZ,866,2023-01-03,2026-07-31,20,20,5,0.023094688221709007
002053.SZ,866,2023-01-03,2026-07-31,20,20,5,0.023094688221709007
605366.SH,866,2023-01-03,2026-07-31,20,20,5,0.023094688221709007
300351.SZ,866,2023-01-03,2026-07-31,20,20,5,0.023094688221709007
300614.SZ,866,2023-01-03,2026-07-31,20,20,5,0.023094688221709007
300836.SZ,866,2023-01-03,2026-07-31,20,20,5,0.023094688221709007
002140.SZ,866,2023-01-03,2026-07-31,20,20,5,0.023094688221709007
000818.SZ,866,2023-01-03,2026-07-31,20,20,5,0.023094688221709007
000078.SZ,866,2023-01-03,2026-07-31,20,22,7,0.025404157043879907
603955.SH,866,2023-01-03,2026-07-31,20,28,13,0.03233256351039261
002766.SZ,866,2023-01-03,2026-07-31,20,20,5,0.023094688221709007
301469.SZ,712,2023-08-22,2026-07-31,20,20,5,0.028089887640449437
002846.SZ,866,2023-01-03,2026-07-31,20,20,5,0.023094688221709007
002175.SZ,866,2023-01-03,2026-07-31,20,42,27,0.04849884526558892
000042.SZ,866,2023-01-03,2026-07-31,20,20,5,0.023094688221709007
300341.SZ,866,2023-01-03,2026-07-31,20,20,5,0.023094688221709007
002388.SZ,866,2023-01-03,2026-07-31,20,24,9,0.02771362586605081
002426.SZ,866,2023-01-03,2026-07-31,20,20,5,0.023094688221709007
603376.SH,179,2025-11-06,2026-07-31,20,20,5,0.11173184357541899
688617.SH,866,2023-01-03,2026-07-31,20,20,5,0.023094688221709007
300950.SZ,866,2023-01-03,2026-07-31,20,40,20,0.046189376443418015
601666.SH,866,2023-01-03,2026-07-31,20,20,5,0.023094688221709007
600801.SH,866,2023-01-03,2026-07-31,20,20,5,0.023094688221709007
000036.SZ,866,2023-01-03,2026-07-31,20,20,5,0.023094688221709007
300242.SZ,866,2023-01-03,2026-07-31,20,25,12,0.028868360277136258
688375.SH,866,2023-01-03,2026-07-31,20,20,5,0.023094688221709007
002013.SZ,21,2023-01-03,2023-02-07,21,21,21,1.0
300630.SZ,574,2023-01-03,2025-05-21,574,574,574,1.0
600538.SH,866,2023-01-03,2026-07-31,20,20,5,0.023094688221709007
301677.SZ,2,2026-07-30,2026-07-31,2,2,2,1.0
603727.SH,866,2023-01-03,2026-07-31,20,20,5,0.023094688221709007
300752.SZ,866,2023-01-03,2026-07-31,20,20,5,0.023094688221709007
002799.SZ,866,2023-01-03,2026-07-31,20,20,5,0.023094688221709007
000055.SZ,866,2023-01-03,2026-07-31,20,20,5,0.023094688221709007
601880.SH,866,2023-01-03,2026-07-31,20,20,5,0.023094688221709007
002800.SZ,866,2023-01-03,2026-07-31,20,28,13,0.03233256351039261
600316.SH,866,2023-01-03,2026-07-31,20,20,5,0.023094688221709007
300610.SZ,866,2023-01-03,2026-07-31,20,20,5,0.023094688221709007
601003.SH,866,2023-01-03,2026-07-31,20,36,18,0.04157043879907621
301335.SZ,866,2023-01-03,2026-07-31,20,40,20,0.046189376443418015
300708.SZ,866,2023-01-03,2026-07-31,20,20,5,0.023094688221709007
605298.SH,866,2023-01-03,2026-07-31,20,20,5,0.023094688221709007
000993.SZ,866,2023-01-03,2026-07-31,20,20,5,0.023094688221709007
603867.SH,866,2023-01-03,2026-07-31,20,20,5,0.023094688221709007
002051.SZ,866,2023-01-03,2026-07-31,20,20,5,0.023094688221709007
000678.SZ,866,2023-01-03,2026-07-31,20,20,5,0.023094688221709007
600539.SH,866,2023-01-03,2026-07-31,20,40,20,0.046189376443418015
603886.SH,866,2023-01-03,2026-07-31,20,20,5,0.023094688221709007
600848.SH,866,2023-01-03,2026-07-31,20,20,5,0.023094688221709007
300559.SZ,866,2023-01-03,2026-07-31,20,20,5,0.023094688221709007
603409.SH,345,2025-03-04,2026-07-31,20,20,5,0.057971014492753624
603909.SH,866,2023-01-03,2026-07-31,20,20,5,0.023094688221709007
002694.SZ,866,2023-01-03,2026-07-31,20,22,7,0.025404157043879907
603128.SH,866,2023-01-03,2026-07-31,20,20,5,0.023094688221709007
688661.SH,866,2023-01-03,2026-07-31,20,20,5,0.023094688221709007
600508.SH,866,2023-01-03,2026-07-31,20,20,5,0.023094688221709007
600612.SH,866,2023-01-03,2026-07-31,20,20,5,0.023094688221709007
300014.SZ,866,2023-01-03,2026-07-31,20,20,5,0.023094688221709007
688521.SH,866,2023-01-03,2026-07-31,20,40,20,0.046189376443418015
688197.SH,866,2023-01-03,2026-07-31,20,20,5,0.023094688221709007
600909.SH,866,2023-01-03,2026-07-31,20,20,5,0.023094688221709007
301066.SZ,866,2023-01-03,2026-07-31,20,20,5,0.023094688221709007
600635.SH,866,2023-01-03,2026-07-31,20,20,5,0.023094688221709007
002391.SZ,866,2023-01-03,2026-07-31,20,20,5,0.023094688221709007
600961.SH,866,2023-01-03,2026-07-31,20,20,5,0.023094688221709007
002467.SZ,866,2023-01-03,2026-07-31,20,20,5,0.023094688221709007
601138.SH,866,2023-01-03,2026-07-31,20,20,5,0.023094688221709007
002852.SZ,866,2023-01-03,2026-07-31,20,20,5,0.023094688221709007
002519.SZ,866,2023-01-03,2026-07-31,20,20,5,0.023094688221709007
688758.SH,376,2025-01-10,2026-07-31,20,20,5,0.05319148936170213
300228.SZ,866,2023-01-03,2026-07-31,20,20,5,0.023094688221709007
601928.SH,866,2023-01-03,2026-07-31,20,20,5,0.023094688221709007
300302.SZ,866,2023-01-03,2026-07-31,20,20,5,0.023094688221709007
601006.SH,866,2023-01-03,2026-07-31,20,20,5,0.023094688221709007
688107.SH,866,2023-01-03,2026-07-31,20,20,5,0.023094688221709007
688207.SH,866,2023-01-03,2026-07-31,20,20,5,0.023094688221709007
603028.SH,866,2023-01-03,2026-07-31,20,20,5,0.023094688221709007
605499.SH,866,2023-01-03,2026-07-31,20,20,5,0.023094688221709007
688631.SH,751,2023-06-28,2026-07-31,20,20,5,0.02663115845539281
603098.SH,866,2023-01-03,2026-07-31,20,20,5,0.023094688221709007
000877.SZ,866,2023-01-03,2026-07-31,20,20,5,0.023094688221709007
600332.SH,866,2023-01-03,2026-07-31,20,20,5,0.023094688221709007
603203.SH,866,2023-01-03,2026-07-31,20,20,5,0.023094688221709007
002159.SZ,866,2023-01-03,2026-07-31,20,25,15,0.028868360277136258
600884.SH,866,2023-01-03,2026-07-31,20,20,5,0.023094688221709007
603090.SH,866,2023-01-03,2026-07-31,20,20,5,0.023094688221709007
688019.SH,866,2023-01-03,2026-07-31,20,20,5,0.023094688221709007
301085.SZ,866,2023-01-03,2026-07-31,20,20,5,0.023094688221709007
300604.SZ,866,2023-01-03,2026-07-31,20,20,5,0.023094688221709007
300983.SZ,866,2023-01-03,2026-07-31,20,20,5,0.023094688221709007
601518.SH,866,2023-01-03,2026-07-31,20,20,5,0.023094688221709007
300041.SZ,866,2023-01-03,2026-07-31,20,20,5,0.023094688221709007
688061.SH,866,2023-01-03,2026-07-31,20,20,5,0.023094688221709007
600900.SH,866,2023-01-03,2026-07-31,20,20,5,0.023094688221709007
603885.SH,866,2023-01-03,2026-07-31,20,20,5,0.023094688221709007
301285.SZ,866,2023-01-03,2026-07-31,20,20,5,0.023094688221709007
600435.SH,866,2023-01-03,2026-07-31,20,20,5,0.023094688221709007
601825.SH,866,2023-01-03,2026-07-31,20,20,5,0.023094688221709007
688312.SH,866,2023-01-03,2026-07-31,20,20,5,0.023094688221709007
000735.SZ,866,2023-01-03,2026-07-31,20,20,5,0.023094688221709007
600844.SH,866,2023-01-03,2026-07-31,20,24,9,0.02771362586605081
603125.SH,803,2023-04-10,2026-07-31,20,20,5,0.024906600249066
600732.SH,866,2023-01-03,2026-07-31,20,20,5,0.023094688221709007
600127.SH,866,2023-01-03,2026-07-31,20,20,5,0.023094688221709007
001314.SZ,841,2023-02-14,2026-07-31,20,38,19,0.04518430439952437
600966.SH,866,2023-01-03,2026-07-31,20,20,5,0.023094688221709007
000581.SZ,866,2023-01-03,2026-07-31,20,20,5,0.023094688221709007
601016.SH,866,2023-01-03,2026-07-31,20,20,5,0.023094688221709007
002815.SZ,866,2023-01-03,2026-07-31,20,20,5,0.023094688221709007
000910.SZ,866,2023-01-03,2026-07-31,20,20,5,0.023094688221709007
605111.SH,866,2023-01-03,2026-07-31,20,20,5,0.023094688221709007
600918.SH,866,2023-01-03,2026-07-31,20,20,5,0.023094688221709007
301390.SZ,786,2023-05-08,2026-07-31,20,20,5,0.02544529262086514
600182.SH,866,2023-01-03,2026-07-31,20,22,7,0.025404157043879907
301260.SZ,845,2023-02-08,2026-07-31,20,20,5,0.023668639053254437
603286.SH,866,2023-01-03,2026-07-31,20,20,5,0.023094688221709007
000858.SZ,866,2023-01-03,2026-07-31,20,20,5,0.023094688221709007
300417.SZ,866,2023-01-03,2026-07-31,20,20,5,0.023094688221709007
300239.SZ,866,2023-01-03,2026-07-31,20,20,5,0.023094688221709007
000099.SZ,866,2023-01-03,2026-07-31,20,20,5,0.023094688221709007
002083.SZ,866,2023-01-03,2026-07-31,20,20,5,0.023094688221709007
603191.SH,866,2023-01-03,2026-07-31,20,20,5,0.023094688221709007
301228.SZ,866,2023-01-03,2026-07-31,20,20,5,0.023094688221709007
000825.SZ,866,2023-01-03,2026-07-31,20,20,5,0.023094688221709007
688179.SH,866,2023-01-03,2026-07-31,20,20,5,0.023094688221709007
605228.SH,866,2023-01-03,2026-07-31,20,20,5,0.023094688221709007
002579.SZ,866,2023-01-03,2026-07-31,20,20,5,0.023094688221709007
600547.SH,866,2023-01-03,2026-07-31,20,20,5,0.023094688221709007
300020.SZ,866,2023-01-03,2026-07-31,20,24,9,0.02771362586605081
600267.SH,866,2023-01-03,2026-07-31,20,20,5,0.023094688221709007
300252.SZ,866,2023-01-03,2026-07-31,20,20,5,0.023094688221709007
601007.SH,866,2023-01-03,2026-07-31,20,20,5,0.023094688221709007
600704.SH,866,2023-01-03,2026-07-31,20,20,5,0.023094688221709007
300430.SZ,866,2023-01-03,2026-07-31,20,22,7,0.025404157043879907
002486.SZ,866,2023-01-03,2026-07-31,20,20,5,0.023094688221709007
600893.SH,866,2023-01-03,2026-07-31,20,20,5,0.023094688221709007
688657.SH,683,2023-10-10,2026-07-31,20,20,5,0.029282576866764276
001332.SZ,866,2023-01-03,2026-07-31,20,20,5,0.023094688221709007
003040.SZ,866,2023-01-03,2026-07-31,20,20,5,0.023094688221709007
001330.SZ,866,2023-01-03,2026-07-31,20,20,5,0.023094688221709007
002414.SZ,866,2023-01-03,2026-07-31,20,20,5,0.023094688221709007
688659.SH,866,2023-01-03,2026-07-31,20,20,5,0.023094688221709007
001298.SZ,866,2023-01-03,2026-07-31,20,20,5,0.023094688221709007
600731.SH,866,2023-01-03,2026-07-31,20,20,5,0.023094688221709007
002534.SZ,866,2023-01-03,2026-07-31,20,20,5,0.023094688221709007
603156.SH,866,2023-01-03,2026-07-31,20,20,5,0.023094688221709007
603336.SH,866,2023-01-03,2026-07-31,20,30,15,0.03464203233256351
002479.SZ,866,2023-01-03,2026-07-31,20,20,5,0.023094688221709007
300499.SZ,866,2023-01-03,2026-07-31,20,20,5,0.023094688221709007
600557.SH,866,2023-01-03,2026-07-31,20,20,5,0.023094688221709007
300831.SZ,866,2023-01-03,2026-07-31,20,22,7,0.025404157043879907
000061.SZ,866,2023-01-03,2026-07-31,20,20,5,0.023094688221709007
603266.SH,866,2023-01-03,2026-07-31,20,20,5,0.023094688221709007
002118.SZ,109,2023-01-03,2023-06-15,109,109,109,1.0
603687.SH,866,2023-01-03,2026-07-31,20,20,5,0.023094688221709007
000917.SZ,866,2023-01-03,2026-07-31,20,20,5,0.023094688221709007
300751.SZ,866,2023-01-03,2026-07-31,20,20,5,0.023094688221709007
002246.SZ,866,2023-01-03,2026-07-31,20,20,5,0.023094688221709007
002962.SZ,866,2023-01-03,2026-07-31,20,20,5,0.023094688221709007
603077.SH,866,2023-01-03,2026-07-31,20,20,5,0.023094688221709007
603373.SH,632,2023-12-20,2026-07-31,20,20,5,0.03164556962025317
301187.SZ,866,2023-01-03,2026-07-31,20,20,5,0.023094688221709007
000923.SZ,866,2023-01-03,2026-07-31,20,20,5,0.023094688221709007
300268.SZ,866,2023-01-03,2026-07-31,20,28,13,0.03233256351039261
601155.SH,866,2023-01-03,2026-07-31,20,20,5,0.023094688221709007
000785.SZ,866,2023-01-03,2026-07-31,20,20,5,0.023094688221709007
002316.SZ,866,2023-01-03,2026-07-31,20,26,11,0.03002309468822171
301091.SZ,866,2023-01-03,2026-07-31,20,20,5,0.023094688221709007
688509.SH,866,2023-01-03,2026-07-31,20,20,5,0.023094688221709007
600480.SH,866,2023-01-03,2026-07-31,20,20,5,0.023094688221709007
688108.SH,866,2023-01-03,2026-07-31,20,20,5,0.023094688221709007
002170.SZ,866,2023-01-03,2026-07-31,20,20,5,0.023094688221709007
688399.SH,866,2023-01-03,2026-07-31,20,20,5,0.023094688221709007
300278.SZ,866,2023-01-03,2026-07-31,20,20,5,0.023094688221709007
600495.SH,866,2023-01-03,2026-07-31,20,20,5,0.023094688221709007
300730.SZ,866,2023-01-03,2026-07-31,20,20,5,0.023094688221709007
002314.SZ,866,2023-01-03,2026-07-31,20,20,5,0.023094688221709007
600773.SH,866,2023-01-03,2026-07-31,20,20,5,0.023094688221709007
300670.SZ,866,2023-01-03,2026-07-31,20,20,5,0.023094688221709007
002307.SZ,866,2023-01-03,2026-07-31,20,20,5,0.023094688221709007
301330.SZ,866,2023-01-03,2026-07-31,20,20,5,0.023094688221709007
603123.SH,866,2023-01-03,2026-07-31,20,20,5,0.023094688221709007
002530.SZ,866,2023-01-03,2026-07-31,20,20,5,0.023094688221709007
301520.SZ,688,2023-09-25,2026-07-31,20,20,5,0.029069767441860465
600759.SH,866,2023-01-03,2026-07-31,20,28,13,0.03233256351039261
002581.SZ,866,2023-01-03,2026-07-31,20,24,9,0.02771362586605081
300661.SZ,866,2023-01-03,2026-07-31,20,20,5,0.023094688221709007
600138.SH,866,2023-01-03,2026-07-31,20,20,5,0.023094688221709007
600794.SH,866,2023-01-03,2026-07-31,20,20,5,0.023094688221709007
002750.SZ,599,2023-01-03,2025-06-26,599,599,599,1.0
600519.SH,866,2023-01-03,2026-07-31,20,20,5,0.023094688221709007
002988.SZ,866,2023-01-03,2026-07-31,20,20,5,0.023094688221709007
000955.SZ,866,2023-01-03,2026-07-31,20,20,5,0.023094688221709007
300110.SZ,866,2023-01-03,2026-07-31,20,20,5,0.023094688221709007
002876.SZ,866,2023-01-03,2026-07-31,20,20,5,0.023094688221709007
688319.SH,866,2023-01-03,2026-07-31,20,20,5,0.023094688221709007
002411.SZ,125,2023-01-03,2023-07-11,125,125,125,1.0
301002.SZ,866,2023-01-03,2026-07-31,20,20,5,0.023094688221709007
301008.SZ,866,2023-01-03,2026-07-31,20,20,5,0.023094688221709007
688012.SH,866,2023-01-03,2026-07-31,20,38,19,0.04387990762124711
300394.SZ,866,2023-01-03,2026-07-31,20,20,5,0.023094688221709007
002946.SZ,866,2023-01-03,2026-07-31,20,20,5,0.023094688221709007
000543.SZ,866,2023-01-03,2026-07-31,20,20,5,0.023094688221709007
000019.SZ,866,2023-01-03,2026-07-31,20,20,5,0.023094688221709007
002705.SZ,866,2023-01-03,2026-07-31,20,20,5,0.023094688221709007
600159.SH,866,2023-01-03,2026-07-31,20,20,5,0.023094688221709007
300616.SZ,866,2023-01-03,2026-07-31,20,20,5,0.023094688221709007
600581.SH,866,2023-01-03,2026-07-31,20,22,7,0.025404157043879907
600161.SH,866,2023-01-03,2026-07-31,20,20,5,0.023094688221709007
000422.SZ,866,2023-01-03,2026-07-31,20,20,5,0.023094688221709007
002126.SZ,866,2023-01-03,2026-07-31,20,20,5,0.023094688221709007
688363.SH,866,2023-01-03,2026-07-31,20,20,5,0.023094688221709007
000400.SZ,866,2023-01-03,2026-07-31,20,20,5,0.023094688221709007
301669.SZ,38,2026-06-09,2026-07-31,20,20,5,0.5263157894736842
001318.SZ,866,2023-01-03,2026-07-31,20,20,5,0.023094688221709007
300381.SZ,866,2023-01-03,2026-07-31,20,20,5,0.023094688221709007
600929.SH,866,2023-01-03,2026-07-31,20,20,5,0.023094688221709007
601669.SH,866,2023-01-03,2026-07-31,20,20,5,0.023094688221709007
300084.SZ,866,2023-01-03,2026-07-31,20,31,16,0.03579676674364896
300885.SZ,866,2023-01-03,2026-07-31,20,20,5,0.023094688221709007
605188.SH,866,2023-01-03,2026-07-31,20,20,5,0.023094688221709007
600075.SH,866,2023-01-03,2026-07-31,20,20,5,0.023094688221709007
600368.SH,866,2023-01-03,2026-07-31,20,20,5,0.023094688221709007
000757.SZ,866,2023-01-03,2026-07-31,20,20,5,0.023094688221709007
688426.SH,866,2023-01-03,2026-07-31,20,20,5,0.023094688221709007
603815.SH,866,2023-01-03,2026-07-31,20,40,20,0.046189376443418015
001212.SZ,866,2023-01-03,2026-07-31,20,24,9,0.02771362586605081
600152.SH,866,2023-01-03,2026-07-31,20,20,5,0.023094688221709007
300889.SZ,866,2023-01-03,2026-07-31,20,40,20,0.046189376443418015
688122.SH,866,2023-01-03,2026-07-31,20,20,5,0.023094688221709007
300520.SZ,866,2023-01-03,2026-07-31,20,20,5,0.023094688221709007
603303.SH,866,2023-01-03,2026-07-31,20,20,5,0.023094688221709007
688772.SH,866,2023-01-03,2026-07-31,20,20,5,0.023094688221709007
600804.SH,601,2023-01-03,2025-06-30,601,601,601,1.0
002057.SZ,866,2023-01-03,2026-07-31,20,20,5,0.023094688221709007
601969.SH,866,2023-01-03,2026-07-31,20,36,18,0.04157043879907621
603703.SH,866,2023-01-03,2026-07-31,20,20,5,0.023094688221709007
300940.SZ,866,2023-01-03,2026-07-31,20,20,5,0.023094688221709007
002148.SZ,866,2023-01-03,2026-07-31,20,20,5,0.023094688221709007
301273.SZ,866,2023-01-03,2026-07-31,20,20,5,0.023094688221709007
002642.SZ,866,2023-01-03,2026-07-31,20,20,5,0.023094688221709007
600238.SH,866,2023-01-03,2026-07-31,20,23,8,0.026558891454965358
688559.SH,866,2023-01-03,2026-07-31,20,20,5,0.023094688221709007
603158.SH,866,2023-01-03,2026-07-31,20,20,5,0.023094688221709007
000566.SZ,866,2023-01-03,2026-07-31,20,20,5,0.023094688221709007
603439.SH,866,2023-01-03,2026-07-31,20,20,5,0.023094688221709007
301630.SZ,258,2025-07-10,2026-07-31,20,20,5,0.07751937984496124
002056.SZ,866,2023-01-03,2026-07-31,20,20,5,0.023094688221709007
600599.SH,837,2023-01-03,2026-06-22,20,66,51,0.07885304659498207
002211.SZ,866,2023-01-03,2026-07-31,20,24,9,0.02771362586605081
600290.SH,238,2023-01-03,2023-12-25,238,238,238,1.0
600754.SH,866,2023-01-03,2026-07-31,20,20,5,0.023094688221709007
001359.SZ,568,2024-03-28,2026-07-31,20,20,5,0.035211267605633804
601668.SH,866,2023-01-03,2026-07-31,20,20,5,0.023094688221709007
688347.SH,723,2023-08-07,2026-07-31,20,40,20,0.05532503457814661
300855.SZ,866,2023-01-03,2026-07-31,20,20,5,0.023094688221709007
301261.SZ,743,2023-07-10,2026-07-31,20,20,5,0.026917900403768506
300184.SZ,866,2023-01-03,2026-07-31,20,20,5,0.023094688221709007
688278.SH,866,2023-01-03,2026-07-31,20,20,5,0.023094688221709007
300623.SZ,866,2023-01-03,2026-07-31,20,20,5,0.023094688221709007
002358.SZ,866,2023-01-03,2026-07-31,20,22,7,0.025404157043879907
603296.SH,722,2023-08-08,2026-07-31,20,20,5,0.027700831024930747
601233.SH,866,2023-01-03,2026-07-31,20,20,5,0.023094688221709007
002305.SZ,866,2023-01-03,2026-07-31,20,22,7,0.025404157043879907
688733.SH,866,2023-01-03,2026-07-31,20,20,5,0.023094688221709007
600645.SH,866,2023-01-03,2026-07-31,20,20,5,0.023094688221709007
300893.SZ,866,2023-01-03,2026-07-31,20,20,5,0.023094688221709007
002198.SZ,866,2023-01-03,2026-07-31,20,22,7,0.025404157043879907
002297.SZ,866,2023-01-03,2026-07-31,20,20,5,0.023094688221709007
300690.SZ,866,2023-01-03,2026-07-31,20,20,5,0.023094688221709007
688253.SH,866,2023-01-03,2026-07-31,20,20,5,0.023094688221709007
002005.SZ,866,2023-01-03,2026-07-31,20,21,7,0.02424942263279446
000959.SZ,866,2023-01-03,2026-07-31,20,40,20,0.046189376443418015
603082.SH,604,2024-01-30,2026-07-31,20,30,15,0.04966887417218543
300899.SZ,866,2023-01-03,2026-07-31,20,24,9,0.02771362586605081
300438.SZ,866,2023-01-03,2026-07-31,20,20,5,0.023094688221709007
605069.SH,866,2023-01-03,2026-07-31,20,20,5,0.023094688221709007
301319.SZ,866,2023-01-03,2026-07-31,20,20,5,0.023094688221709007
002528.SZ,866,2023-01-03,2026-07-31,20,24,9,0.02771362586605081
300668.SZ,866,2023-01-03,2026-07-31,20,20,5,0.023094688221709007
600979.SH,866,2023-01-03,2026-07-31,20,20,5,0.023094688221709007
601919.SH,866,2023-01-03,2026-07-31,20,20,5,0.023094688221709007
002100.SZ,866,2023-01-03,2026-07-31,20,20,5,0.023094688221709007
002728.SZ,866,2023-01-03,2026-07-31,20,20,5,0.023094688221709007
600470.SH,866,2023-01-03,2026-07-31,20,24,9,0.02771362586605081
002932.SZ,866,2023-01-03,2026-07-31,20,22,7,0.025404157043879907
002622.SZ,866,2023-01-03,2026-07-31,20,20,5,0.023094688221709007
600798.SH,866,2023-01-03,2026-07-31,20,20,5,0.023094688221709007
300537.SZ,866,2023-01-03,2026-07-31,20,20,5,0.023094688221709007
300689.SZ,866,2023-01-03,2026-07-31,20,20,5,0.023094688221709007
603679.SH,866,2023-01-03,2026-07-31,20,20,5,0.023094688221709007
600319.SH,866,2023-01-03,2026-07-31,20,40,20,0.046189376443418015
301158.SZ,866,2023-01-03,2026-07-31,20,20,5,0.023094688221709007
688576.SH,765,2023-06-06,2026-07-31,20,20,5,0.026143790849673203
601169.SH,866,2023-01-03,2026-07-31,20,20,5,0.023094688221709007
600392.SH,866,2023-01-03,2026-07-31,20,20,5,0.023094688221709007
688175.SH,866,2023-01-03,2026-07-31,20,56,33,0.06466512702078522
002549.SZ,866,2023-01-03,2026-07-31,20,20,5,0.023094688221709007
002125.SZ,866,2023-01-03,2026-07-31,20,20,5,0.023094688221709007
301386.SZ,810,2023-03-29,2026-07-31,20,20,5,0.024691358024691357
688517.SH,866,2023-01-03,2026-07-31,20,20,5,0.023094688221709007
688506.SH,863,2023-01-06,2026-07-31,20,20,5,0.023174971031286212
600006.SH,866,2023-01-03,2026-07-31,20,20,5,0.023094688221709007
601019.SH,866,2023-01-03,2026-07-31,20,20,5,0.023094688221709007
002892.SZ,866,2023-01-03,2026-07-31,20,20,5,0.023094688221709007
600295.SH,866,2023-01-03,2026-07-31,20,20,5,0.023094688221709007
300841.SZ,866,2023-01-03,2026-07-31,20,30,15,0.03464203233256351
301696.SZ,77,2026-04-10,2026-07-31,20,20,5,0.2597402597402597
300005.SZ,866,2023-01-03,2026-07-31,20,20,5,0.023094688221709007
601126.SH,866,2023-01-03,2026-07-31,20,20,5,0.023094688221709007
600077.SH,107,2023-01-03,2023-06-13,107,107,107,1.0
000560.SZ,866,2023-01-03,2026-07-31,20,20,5,0.023094688221709007
002336.SZ,604,2023-01-03,2025-07-03,604,604,604,1.0
688279.SH,866,2023-01-03,2026-07-31,20,20,5,0.023094688221709007
002303.SZ,866,2023-01-03,2026-07-31,20,20,5,0.023094688221709007
600200.SH,725,2023-01-03,2025-12-29,725,725,725,1.0
300383.SZ,866,2023-01-03,2026-07-31,20,20,5,0.023094688221709007
688638.SH,741,2023-07-12,2026-07-31,20,20,5,0.02699055330634278
300905.SZ,866,2023-01-03,2026-07-31,20,20,5,0.023094688221709007
600633.SH,866,2023-01-03,2026-07-31,20,20,5,0.023094688221709007
688658.SH,866,2023-01-03,2026-07-31,20,20,5,0.023094688221709007
603890.SH,866,2023-01-03,2026-07-31,20,20,5,0.023094688221709007
603288.SH,866,2023-01-03,2026-07-31,20,20,5,0.023094688221709007
688678.SH,866,2023-01-03,2026-07-31,20,20,5,0.023094688221709007
603939.SH,866,2023-01-03,2026-07-31,20,20,5,0.023094688221709007
600518.SH,866,2023-01-03,2026-07-31,20,22,7,0.025404157043879907
603199.SH,866,2023-01-03,2026-07-31,20,20,5,0.023094688221709007
688455.SH,866,2023-01-03,2026-07-31,20,20,5,0.023094688221709007
688080.SH,866,2023-01-03,2026-07-31,20,20,5,0.023094688221709007
600668.SH,866,2023-01-03,2026-07-31,20,20,5,0.023094688221709007
000555.SZ,866,2023-01-03,2026-07-31,20,20,5,0.023094688221709007
002845.SZ,866,2023-01-03,2026-07-31,20,20,5,0.023094688221709007
002363.SZ,866,2023-01-03,2026-07-31,20,20,5,0.023094688221709007
600218.SH,866,2023-01-03,2026-07-31,20,20,5,0.023094688221709007
600379.SH,866,2023-01-03,2026-07-31,20,20,5,0.023094688221709007
000797.SZ,866,2023-01-03,2026-07-31,20,20,5,0.023094688221709007
301096.SZ,866,2023-01-03,2026-07-31,20,30,15,0.03464203233256351
301046.SZ,866,2023-01-03,2026-07-31,20,20,5,0.023094688221709007
002504.SZ,106,2023-01-03,2023-06-12,106,106,106,1.0
603326.SH,866,2023-01-03,2026-07-31,20,20,5,0.023094688221709007
300175.SZ,866,2023-01-03,2026-07-31,20,24,9,0.02771362586605081
002508.SZ,866,2023-01-03,2026-07-31,20,20,5,0.023094688221709007
002028.SZ,866,2023-01-03,2026-07-31,20,20,5,0.023094688221709007
301516.SZ,640,2023-12-08,2026-07-31,20,20,5,0.03125
300501.SZ,866,2023-01-03,2026-07-31,20,20,5,0.023094688221709007
605058.SH,866,2023-01-03,2026-07-31,20,20,5,0.023094688221709007
300070.SZ,866,2023-01-03,2026-07-31,20,20,5,0.023094688221709007
603726.SH,866,2023-01-03,2026-07-31,20,20,5,0.023094688221709007
600131.SH,866,2023-01-03,2026-07-31,20,20,5,0.023094688221709007
000666.SZ,162,2023-01-03,2023-08-31,162,162,162,1.0
002978.SZ,866,2023-01-03,2026-07-31,20,20,5,0.023094688221709007
001382.SZ,332,2025-03-21,2026-07-31,20,20,5,0.060240963855421686
603421.SH,866,2023-01-03,2026-07-31,20,20,5,0.023094688221709007
300773.SZ,866,2023-01-03,2026-07-31,20,20,5,0.023094688221709007
600208.SH,866,2023-01-03,2026-07-31,20,40,20,0.046189376443418015
601696.SH,866,2023-01-03,2026-07-31,20,20,5,0.023094688221709007
603194.SH,388,2024-12-24,2026-07-31,20,20,5,0.05154639175257732
601038.SH,866,2023-01-03,2026-07-31,20,20,5,0.023094688221709007
688599.SH,866,2023-01-03,2026-07-31,20,20,5,0.023094688221709007
000100.SZ,866,2023-01-03,2026-07-31,20,20,5,0.023094688221709007
002392.SZ,866,2023-01-03,2026-07-31,20,20,5,0.023094688221709007
002695.SZ,866,2023-01-03,2026-07-31,20,20,5,0.023094688221709007
002670.SZ,866,2023-01-03,2026-07-31,20,20,5,0.023094688221709007
002837.SZ,866,2023-01-03,2026-07-31,20,20,5,0.023094688221709007
002555.SZ,866,2023-01-03,2026-07-31,20,20,5,0.023094688221709007
300776.SZ,866,2023-01-03,2026-07-31,20,20,5,0.023094688221709007
688223.SH,866,2023-01-03,2026-07-31,20,20,5,0.023094688221709007
001286.SZ,803,2023-04-10,2026-07-31,20,20,5,0.024906600249066
601975.SH,866,2023-01-03,2026-07-31,20,20,5,0.023094688221709007
600655.SH,866,2023-01-03,2026-07-31,20,20,5,0.023094688221709007
600228.SH,866,2023-01-03,2026-07-31,20,34,19,0.03926096997690531
000863.SZ,866,2023-01-03,2026-07-31,20,30,15,0.03464203233256351
688767.SH,866,2023-01-03,2026-07-31,20,20,5,0.023094688221709007
002080.SZ,866,2023-01-03,2026-07-31,20,20,5,0.023094688221709007
002769.SZ,866,2023-01-03,2026-07-31,20,40,20,0.046189376443418015
605488.SH,866,2023-01-03,2026-07-31,20,20,5,0.023094688221709007
002771.SZ,866,2023-01-03,2026-07-31,20,20,5,0.023094688221709007
600941.SH,866,2023-01-03,2026-07-31,20,20,5,0.023094688221709007
002440.SZ,866,2023-01-03,2026-07-31,20,20,5,0.023094688221709007
000421.SZ,866,2023-01-03,2026-07-31,20,40,20,0.046189376443418015
601778.SH,866,2023-01-03,2026-07-31,20,20,5,0.023094688221709007
001215.SZ,866,2023-01-03,2026-07-31,20,20,5,0.023094688221709007
003025.SZ,866,2023-01-03,2026-07-31,20,20,5,0.023094688221709007
300595.SZ,866,2023-01-03,2026-07-31,20,20,5,0.023094688221709007
600004.SH,866,2023-01-03,2026-07-31,20,20,5,0.023094688221709007
300826.SZ,866,2023-01-03,2026-07-31,20,20,5,0.023094688221709007
000756.SZ,866,2023-01-03,2026-07-31,20,20,5,0.023094688221709007
688216.SH,866,2023-01-03,2026-07-31,20,20,5,0.023094688221709007
300373.SZ,866,2023-01-03,2026-07-31,20,40,20,0.046189376443418015
300674.SZ,866,2023-01-03,2026-07-31,20,20,5,0.023094688221709007
600011.SH,866,2023-01-03,2026-07-31,20,20,5,0.023094688221709007
688485.SH,855,2023-01-18,2026-07-31,20,20,5,0.023391812865497075
600213.SH,393,2023-01-03,2024-08-15,393,393,393,1.0
301668.SZ,202,2025-09-26,2026-07-31,20,20,5,0.09900990099009901
603210.SH,320,2025-04-09,2026-07-31,20,20,5,0.0625
600326.SH,866,2023-01-03,2026-07-31,20,20,5,0.023094688221709007
002919.SZ,866,2023-01-03,2026-07-31,20,20,5,0.023094688221709007
300729.SZ,866,2023-01-03,2026-07-31,20,20,5,0.023094688221709007
301584.SZ,203,2025-09-25,2026-07-31,20,20,5,0.09852216748768473
002708.SZ,866,2023-01-03,2026-07-31,20,38,19,0.04387990762124711
300173.SZ,866,2023-01-03,2026-07-31,20,22,7,0.025404157043879907
301037.SZ,866,2023-01-03,2026-07-31,20,20,5,0.023094688221709007
300017.SZ,866,2023-01-03,2026-07-31,20,20,5,0.023094688221709007
001289.SZ,866,2023-01-03,2026-07-31,20,20,5,0.023094688221709007
600088.SH,866,2023-01-03,2026-07-31,20,20,5,0.023094688221709007
300732.SZ,866,2023-01-03,2026-07-31,20,20,5,0.023094688221709007
300936.SZ,866,2023-01-03,2026-07-31,20,20,5,0.023094688221709007
300733.SZ,866,2023-01-03,2026-07-31,20,20,5,0.023094688221709007
002977.SZ,866,2023-01-03,2026-07-31,20,22,7,0.025404157043879907
603023.SH,866,2023-01-03,2026-07-31,20,44,24,0.050808314087759814
603267.SH,866,2023-01-03,2026-07-31,20,20,5,0.023094688221709007
688137.SH,866,2023-01-03,2026-07-31,20,20,5,0.023094688221709007
600234.SH,866,2023-01-03,2026-07-31,20,24,9,0.02771362586605081
300918.SZ,866,2023-01-03,2026-07-31,20,20,5,0.023094688221709007
002302.SZ,866,2023-01-03,2026-07-31,20,20,5,0.023094688221709007
688545.SH,368,2025-01-22,2026-07-31,20,20,5,0.05434782608695652
600356.SH,866,2023-01-03,2026-07-31,20,38,19,0.04387990762124711
603117.SH,866,2023-01-03,2026-07-31,20,22,7,0.025404157043879907
603392.SH,866,2023-01-03,2026-07-31,20,20,5,0.023094688221709007
688069.SH,866,2023-01-03,2026-07-31,20,20,5,0.023094688221709007
002178.SZ,866,2023-01-03,2026-07-31,20,20,5,0.023094688221709007
002546.SZ,866,2023-01-03,2026-07-31,20,20,5,0.023094688221709007
301122.SZ,866,2023-01-03,2026-07-31,20,20,5,0.023094688221709007
600594.SH,866,2023-01-03,2026-07-31,20,20,5,0.023094688221709007
300596.SZ,866,2023-01-03,2026-07-31,20,20,5,0.023094688221709007
688355.SH,866,2023-01-03,2026-07-31,20,20,5,0.023094688221709007
603200.SH,866,2023-01-03,2026-07-31,20,20,5,0.023094688221709007
300116.SZ,329,2023-01-03,2024-05-16,329,329,329,1.0
600192.SH,866,2023-01-03,2026-07-31,20,20,5,0.023094688221709007
600601.SH,866,2023-01-03,2026-07-31,20,22,7,0.025404157043879907
000869.SZ,866,2023-01-03,2026-07-31,20,20,5,0.023094688221709007
603298.SH,866,2023-01-03,2026-07-31,20,20,5,0.023094688221709007
301286.SZ,866,2023-01-03,2026-07-31,20,20,5,0.023094688221709007
003013.SZ,866,2023-01-03,2026-07-31,20,40,20,0.046189376443418015
603097.SH,866,2023-01-03,2026-07-31,20,20,5,0.023094688221709007
300600.SZ,866,2023-01-03,2026-07-31,20,24,9,0.02771362586605081
300644.SZ,866,2023-01-03,2026-07-31,20,20,5,0.023094688221709007
603869.SH,866,2023-01-03,2026-07-31,20,22,7,0.025404157043879907
300348.SZ,866,2023-01-03,2026-07-31,20,20,5,0.023094688221709007
688710.SH,461,2024-09-03,2026-07-31,20,20,5,0.04338394793926247
300143.SZ,866,2023-01-03,2026-07-31,20,20,5,0.023094688221709007
688060.SH,866,2023-01-03,2026-07-31,20,20,5,0.023094688221709007
301327.SZ,866,2023-01-03,2026-07-31,20,20,5,0.023094688221709007
600826.SH,866,2023-01-03,2026-07-31,20,20,5,0.023094688221709007
600352.SH,866,2023-01-03,2026-07-31,20,20,5,0.023094688221709007
000544.SZ,866,2023-01-03,2026-07-31,20,20,5,0.023094688221709007
300629.SZ,866,2023-01-03,2026-07-31,20,20,5,0.023094688221709007
600745.SH,866,2023-01-03,2026-07-31,20,26,11,0.03002309468822171
002513.SZ,866,2023-01-03,2026-07-31,20,28,13,0.03233256351039261
301077.SZ,866,2023-01-03,2026-07-31,20,20,5,0.023094688221709007
600178.SH,866,2023-01-03,2026-07-31,20,20,5,0.023094688221709007
688222.SH,866,2023-01-03,2026-07-31,20,20,5,0.023094688221709007
300035.SZ,866,2023-01-03,2026-07-31,20,20,5,0.023094688221709007
300132.SZ,866,2023-01-03,2026-07-31,20,20,5,0.023094688221709007
600390.SH,866,2023-01-03,2026-07-31,20,20,5,0.023094688221709007
601908.SH,866,2023-01-03,2026-07-31,20,20,5,0.023094688221709007
000982.SZ,354,2023-01-03,2024-06-21,354,354,354,1.0
300963.SZ,866,2023-01-03,2026-07-31,20,20,5,0.023094688221709007
603989.SH,866,2023-01-03,2026-07-31,20,20,5,0.023094688221709007
002353.SZ,866,2023-01-03,2026-07-31,20,20,5,0.023094688221709007
300002.SZ,866,2023-01-03,2026-07-31,20,20,5,0.023094688221709007
688610.SH,736,2023-07-19,2026-07-31,20,20,5,0.02717391304347826
600422.SH,866,2023-01-03,2026-07-31,20,20,5,0.023094688221709007
688573.SH,715,2023-08-17,2026-07-31,20,20,5,0.027972027972027972
301429.SZ,798,2023-04-17,2026-07-31,20,20,5,0.02506265664160401
603369.SH,866,2023-01-03,2026-07-31,20,20,5,0.023094688221709007
605339.SH,866,2023-01-03,2026-07-31,20,20,5,0.023094688221709007
300703.SZ,866,2023-01-03,2026-07-31,20,20,5,0.023094688221709007
301087.SZ,866,2023-01-03,2026-07-31,20,20,5,0.023094688221709007
600107.SH,866,2023-01-03,2026-07-31,20,24,9,0.02771362586605081
605299.SH,866,2023-01-03,2026-07-31,20,20,5,0.023094688221709007
603685.SH,866,2023-01-03,2026-07-31,20,24,9,0.02771362586605081
000525.SZ,866,2023-01-03,2026-07-31,20,69,39,0.07967667436489607
000622.SZ,612,2023-01-03,2025-07-15,612,612,612,1.0
600449.SH,866,2023-01-03,2026-07-31,20,20,5,0.023094688221709007
002205.SZ,866,2023-01-03,2026-07-31,20,20,5,0.023094688221709007
600702.SH,866,2023-01-03,2026-07-31,20,20,5,0.023094688221709007
600874.SH,866,2023-01-03,2026-07-31,20,20,5,0.023094688221709007
000750.SZ,866,2023-01-03,2026-07-31,20,20,5,0.023094688221709007
300415.SZ,866,2023-01-03,2026-07-31,20,20,5,0.023094688221709007
000733.SZ,866,2023-01-03,2026-07-31,20,20,5,0.023094688221709007
002319.SZ,866,2023-01-03,2026-07-31,20,20,5,0.023094688221709007
603882.SH,866,2023-01-03,2026-07-31,20,20,5,0.023094688221709007
600969.SH,866,2023-01-03,2026-07-31,20,20,5,0.023094688221709007
603211.SH,866,2023-01-03,2026-07-31,20,20,5,0.023094688221709007
301139.SZ,866,2023-01-03,2026-07-31,20,22,7,0.025404157043879907
002497.SZ,866,2023-01-03,2026-07-31,20,20,5,0.023094688221709007
002146.SZ,866,2023-01-03,2026-07-31,20,40,20,0.046189376443418015
000151.SZ,866,2023-01-03,2026-07-31,20,36,18,0.04157043879907621
600697.SH,866,2023-01-03,2026-07-31,20,20,5,0.023094688221709007
603049.SH,283,2025-06-05,2026-07-31,20,20,5,0.0706713780918728
301171.SZ,866,2023-01-03,2026-07-31,20,26,11,0.03002309468822171
601113.SH,866,2023-01-03,2026-07-31,20,20,5,0.023094688221709007
001211.SZ,866,2023-01-03,2026-07-31,20,20,5,0.023094688221709007
300662.SZ,866,2023-01-03,2026-07-31,20,20,5,0.023094688221709007
688376.SH,866,2023-01-03,2026-07-31,20,20,5,0.023094688221709007
601800.SH,866,2023-01-03,2026-07-31,20,20,5,0.023094688221709007
002269.SZ,866,2023-01-03,2026-07-31,20,20,5,0.023094688221709007
600939.SH,866,2023-01-03,2026-07-31,20,20,5,0.023094688221709007
000823.SZ,866,2023-01-03,2026-07-31,20,20,5,0.023094688221709007
600081.SH,866,2023-01-03,2026-07-31,20,32,16,0.03695150115473441
002559.SZ,866,2023-01-03,2026-07-31,20,20,5,0.023094688221709007
300515.SZ,866,2023-01-03,2026-07-31,20,20,5,0.023094688221709007
000510.SZ,866,2023-01-03,2026-07-31,20,20,5,0.023094688221709007
603716.SH,866,2023-01-03,2026-07-31,20,20,5,0.023094688221709007
688313.SH,866,2023-01-03,2026-07-31,20,38,19,0.04387990762124711
300680.SZ,866,2023-01-03,2026-07-31,20,20,5,0.023094688221709007
300657.SZ,866,2023-01-03,2026-07-31,20,20,5,0.023094688221709007
688536.SH,866,2023-01-03,2026-07-31,20,60,35,0.06928406466512702
300056.SZ,866,2023-01-03,2026-07-31,20,20,5,0.023094688221709007
002921.SZ,866,2023-01-03,2026-07-31,20,20,5,0.023094688221709007
603341.SH,587,2024-03-01,2026-07-31,20,20,5,0.034071550255536626
601068.SH,866,2023-01-03,2026-07-31,20,20,5,0.023094688221709007
603789.SH,866,2023-01-03,2026-07-31,20,34,19,0.03926096997690531
300008.SZ,866,2023-01-03,2026-07-31,20,20,5,0.023094688221709007
300568.SZ,866,2023-01-03,2026-07-31,20,20,5,0.023094688221709007
600562.SH,866,2023-01-03,2026-07-31,20,20,5,0.023094688221709007
605117.SH,866,2023-01-03,2026-07-31,20,20,5,0.023094688221709007
003031.SZ,866,2023-01-03,2026-07-31,20,20,5,0.023094688221709007
601929.SH,866,2023-01-03,2026-07-31,20,20,5,0.023094688221709007
688208.SH,866,2023-01-03,2026-07-31,20,20,5,0.023094688221709007
002231.SZ,746,2023-01-03,2026-01-29,746,746,746,1.0
002038.SZ,866,2023-01-03,2026-07-31,20,20,5,0.023094688221709007
002015.SZ,866,2023-01-03,2026-07-31,20,20,5,0.023094688221709007
600388.SH,866,2023-01-03,2026-07-31,20,22,7,0.025404157043879907
603330.SH,866,2023-01-03,2026-07-31,20,28,13,0.03233256351039261
000922.SZ,866,2023-01-03,2026-07-31,20,20,5,0.023094688221709007
002840.SZ,866,2023-01-03,2026-07-31,20,20,5,0.023094688221709007
300533.SZ,866,2023-01-03,2026-07-31,20,20,5,0.023094688221709007
300588.SZ,866,2023-01-03,2026-07-31,20,30,15,0.03464203233256351
002515.SZ,866,2023-01-03,2026-07-31,20,30,15,0.03464203233256351
600250.SH,866,2023-01-03,2026-07-31,20,50,30,0.057736720554272515
002128.SZ,866,2023-01-03,2026-07-31,20,38,19,0.04387990762124711
688221.SH,866,2023-01-03,2026-07-31,20,20,5,0.023094688221709007
002540.SZ,866,2023-01-03,2026-07-31,20,20,5,0.023094688221709007
600284.SH,866,2023-01-03,2026-07-31,20,20,5,0.023094688221709007
600674.SH,866,2023-01-03,2026-07-31,20,20,5,0.023094688221709007
603848.SH,866,2023-01-03,2026-07-31,20,20,5,0.023094688221709007
603167.SH,866,2023-01-03,2026-07-31,20,20,5,0.023094688221709007
300598.SZ,866,2023-01-03,2026-07-31,20,20,5,0.023094688221709007
603271.SH,340,2025-03-11,2026-07-31,20,20,5,0.058823529411764705
002321.SZ,866,2023-01-03,2026-07-31,20,22,7,0.025404157043879907
605158.SH,866,2023-01-03,2026-07-31,20,20,5,0.023094688221709007
600301.SH,866,2023-01-03,2026-07-31,20,20,5,0.023094688221709007
300106.SZ,866,2023-01-03,2026-07-31,20,20,5,0.023094688221709007
600605.SH,866,2023-01-03,2026-07-31,20,20,5,0.023094688221709007
603398.SH,866,2023-01-03,2026-07-31,20,22,7,0.025404157043879907
002589.SZ,866,2023-01-03,2026-07-31,20,20,5,0.023094688221709007
600673.SH,866,2023-01-03,2026-07-31,20,38,19,0.04387990762124711
002890.SZ,866,2023-01-03,2026-07-31,20,20,5,0.023094688221709007
002663.SZ,866,2023-01-03,2026-07-31,20,20,5,0.023094688221709007
300049.SZ,866,2023-01-03,2026-07-31,20,20,5,0.023094688221709007
300427.SZ,866,2023-01-03,2026-07-31,20,24,9,0.02771362586605081
600714.SH,866,2023-01-03,2026-07-31,20,20,5,0.023094688221709007
000800.SZ,866,2023-01-03,2026-07-31,20,20,5,0.023094688221709007
002976.SZ,866,2023-01-03,2026-07-31,20,20,5,0.023094688221709007
300955.SZ,866,2023-01-03,2026-07-31,20,35,21,0.04041570438799076
603232.SH,866,2023-01-03,2026-07-31,20,20,5,0.023094688221709007
000732.SZ,100,2023-01-03,2023-06-02,100,100,100,1.0
300992.SZ,866,2023-01-03,2026-07-31,20,30,15,0.03464203233256351
002141.SZ,866,2023-01-03,2026-07-31,20,24,9,0.02771362586605081
300420.SZ,866,2023-01-03,2026-07-31,20,30,15,0.03464203233256351
300827.SZ,866,2023-01-03,2026-07-31,20,20,5,0.023094688221709007
600927.SH,866,2023-01-03,2026-07-31,20,20,5,0.023094688221709007
000978.SZ,866,2023-01-03,2026-07-31,20,20,5,0.023094688221709007
300583.SZ,866,2023-01-03,2026-07-31,20,20,5,0.023094688221709007
300686.SZ,866,2023-01-03,2026-07-31,20,20,5,0.023094688221709007
300877.SZ,866,2023-01-03,2026-07-31,20,20,5,0.023094688221709007
002109.SZ,866,2023-01-03,2026-07-31,20,22,7,0.025404157043879907
601008.SH,866,2023-01-03,2026-07-31,20,20,5,0.023094688221709007
600193.SH,842,2023-01-03,2026-06-29,20,63,43,0.07482185273159145
301331.SZ,866,2023-01-03,2026-07-31,20,20,5,0.023094688221709007
600933.SH,866,2023-01-03,2026-07-31,20,36,18,0.04157043879907621
300542.SZ,866,2023-01-03,2026-07-31,20,40,20,0.046189376443418015
001335.SZ,316,2025-04-15,2026-07-31,20,20,5,0.06329113924050633
002340.SZ,866,2023-01-03,2026-07-31,20,20,5,0.023094688221709007
000671.SZ,105,2023-01-03,2023-06-09,105,105,105,1.0
300472.SZ,866,2023-01-03,2026-07-31,20,22,7,0.025404157043879907
300654.SZ,866,2023-01-03,2026-07-31,20,20,5,0.023094688221709007
600187.SH,866,2023-01-03,2026-07-31,20,22,7,0.025404157043879907
301086.SZ,866,2023-01-03,2026-07-31,20,20,5,0.023094688221709007
300463.SZ,866,2023-01-03,2026-07-31,20,20,5,0.023094688221709007
300032.SZ,866,2023-01-03,2026-07-31,20,20,5,0.023094688221709007
002215.SZ,866,2023-01-03,2026-07-31,20,20,5,0.023094688221709007
002758.SZ,866,2023-01-03,2026-07-31,20,20,5,0.023094688221709007
688584.SH,597,2024-02-08,2026-07-31,20,20,5,0.03350083752093802
601112.SH,121,2026-01-29,2026-07-31,20,20,5,0.1652892561983471
002820.SZ,866,2023-01-03,2026-07-31,20,20,5,0.023094688221709007
603217.SH,866,2023-01-03,2026-07-31,20,20,5,0.023094688221709007
300929.SZ,866,2023-01-03,2026-07-31,20,20,5,0.023094688221709007
002462.SZ,866,2023-01-03,2026-07-31,20,30,15,0.03464203233256351
002627.SZ,866,2023-01-03,2026-07-31,20,20,5,0.023094688221709007
688372.SH,866,2023-01-03,2026-07-31,20,20,5,0.023094688221709007
300332.SZ,866,2023-01-03,2026-07-31,20,35,19,0.04041570438799076
688161.SH,866,2023-01-03,2026-07-31,20,20,5,0.023094688221709007
000166.SZ,866,2023-01-03,2026-07-31,20,20,5,0.023094688221709007
603205.SH,421,2024-11-07,2026-07-31,20,20,5,0.047505938242280284
002681.SZ,866,2023-01-03,2026-07-31,20,20,5,0.023094688221709007
600101.SH,866,2023-01-03,2026-07-31,20,20,5,0.023094688221709007
002755.SZ,866,2023-01-03,2026-07-31,20,20,5,0.023094688221709007
603022.SH,866,2023-01-03,2026-07-31,20,20,5,0.023094688221709007
600400.SH,866,2023-01-03,2026-07-31,20,20,5,0.023094688221709007
603109.SH,866,2023-01-03,2026-07-31,20,20,5,0.023094688221709007
001380.SZ,780,2023-05-16,2026-07-31,20,20,5,0.02564102564102564
000545.SZ,866,2023-01-03,2026-07-31,20,40,20,0.046189376443418015
002438.SZ,866,2023-01-03,2026-07-31,20,20,5,0.023094688221709007
002472.SZ,866,2023-01-03,2026-07-31,20,20,5,0.023094688221709007
603518.SH,866,2023-01-03,2026-07-31,20,20,5,0.023094688221709007
603819.SH,866,2023-01-03,2026-07-31,20,24,9,0.02771362586605081
301533.SZ,714,2023-08-18,2026-07-31,20,20,5,0.028011204481792718
002022.SZ,866,2023-01-03,2026-07-31,20,22,7,0.025404157043879907
300144.SZ,866,2023-01-03,2026-07-31,20,20,5,0.023094688221709007
600829.SH,866,2023-01-03,2026-07-31,20,20,5,0.023094688221709007
300684.SZ,866,2023-01-03,2026-07-31,20,20,5,0.023094688221709007
600119.SH,866,2023-01-03,2026-07-31,20,22,7,0.025404157043879907
300180.SZ,866,2023-01-03,2026-07-31,20,20,5,0.023094688221709007
001331.SZ,866,2023-01-03,2026-07-31,20,77,47,0.08891454965357967
688793.SH,866,2023-01-03,2026-07-31,20,20,5,0.023094688221709007
600986.SH,866,2023-01-03,2026-07-31,20,20,5,0.023094688221709007
002511.SZ,866,2023-01-03,2026-07-31,20,20,5,0.023094688221709007
600595.SH,866,2023-01-03,2026-07-31,20,20,5,0.023094688221709007
300167.SZ,866,2023-01-03,2026-07-31,20,26,11,0.03002309468822171
003021.SZ,866,2023-01-03,2026-07-31,20,20,5,0.023094688221709007
300787.SZ,866,2023-01-03,2026-07-31,20,20,5,0.023094688221709007
000909.SZ,866,2023-01-03,2026-07-31,20,24,9,0.02771362586605081
688126.SH,866,2023-01-03,2026-07-31,20,40,20,0.046189376443418015
688077.SH,866,2023-01-03,2026-07-31,20,20,5,0.023094688221709007
000768.SZ,866,2023-01-03,2026-07-31,20,20,5,0.023094688221709007
300956.SZ,866,2023-01-03,2026-07-31,20,40,20,0.046189376443418015
002523.SZ,866,2023-01-03,2026-07-31,20,20,5,0.023094688221709007
301246.SZ,817,2023-03-20,2026-07-31,20,20,5,0.02447980416156671
000062.SZ,866,2023-01-03,2026-07-31,20,20,5,0.023094688221709007
300295.SZ,866,2023-01-03,2026-07-31,20,22,7,0.025404157043879907
002442.SZ,866,2023-01-03,2026-07-31,20,20,5,0.023094688221709007
002421.SZ,866,2023-01-03,2026-07-31,20,20,5,0.023094688221709007
688729.SH,260,2025-07-08,2026-07-31,20,20,5,0.07692307692307693
600053.SH,866,2023-01-03,2026-07-31,20,22,7,0.025404157043879907
600059.SH,866,2023-01-03,2026-07-31,20,20,5,0.023094688221709007
300211.SZ,866,2023-01-03,2026-07-31,20,22,7,0.025404157043879907
300605.SZ,866,2023-01-03,2026-07-31,20,20,5,0.023094688221709007
002644.SZ,866,2023-01-03,2026-07-31,20,36,21,0.04157043879907621
605162.SH,866,2023-01-03,2026-07-31,20,20,5,0.023094688221709007
300162.SZ,866,2023-01-03,2026-07-31,20,20,5,0.023094688221709007
600756.SH,866,2023-01-03,2026-07-31,20,20,5,0.023094688221709007
688048.SH,866,2023-01-03,2026-07-31,20,20,5,0.023094688221709007
688484.SH,804,2023-04-07,2026-07-31,20,20,5,0.024875621890547265
000962.SZ,866,2023-01-03,2026-07-31,20,20,5,0.023094688221709007
300220.SZ,866,2023-01-03,2026-07-31,20,24,9,0.02771362586605081
301326.SZ,866,2023-01-03,2026-07-31,20,20,5,0.023094688221709007
300886.SZ,866,2023-01-03,2026-07-31,20,20,5,0.023094688221709007
600955.SH,866,2023-01-03,2026-07-31,20,20,5,0.023094688221709007
000887.SZ,866,2023-01-03,2026-07-31,20,20,5,0.023094688221709007
600111.SH,866,2023-01-03,2026-07-31,20,20,5,0.023094688221709007
300407.SZ,866,2023-01-03,2026-07-31,20,20,5,0.023094688221709007
002632.SZ,866,2023-01-03,2026-07-31,20,20,5,0.023094688221709007
300720.SZ,866,2023-01-03,2026-07-31,20,20,5,0.023094688221709007
301152.SZ,866,2023-01-03,2026-07-31,20,20,5,0.023094688221709007
600897.SH,866,2023-01-03,2026-07-31,20,20,5,0.023094688221709007
603207.SH,467,2024-08-26,2026-07-31,20,20,5,0.042826552462526764
688114.SH,866,2023-01-03,2026-07-31,20,20,5,0.023094688221709007
600120.SH,866,2023-01-03,2026-07-31,20,20,5,0.023094688221709007
300915.SZ,866,2023-01-03,2026-07-31,20,20,5,0.023094688221709007
002293.SZ,866,2023-01-03,2026-07-31,20,20,5,0.023094688221709007
600530.SH,866,2023-01-03,2026-07-31,20,88,58,0.10161662817551963
688085.SH,866,2023-01-03,2026-07-31,20,28,13,0.03233256351039261
001227.SZ,866,2023-01-03,2026-07-31,20,20,5,0.023094688221709007
600664.SH,866,2023-01-03,2026-07-31,20,20,5,0.023094688221709007
603031.SH,866,2023-01-03,2026-07-31,20,34,17,0.03926096997690531
605122.SH,866,2023-01-03,2026-07-31,20,20,5,0.023094688221709007
300638.SZ,866,2023-01-03,2026-07-31,20,20,5,0.023094688221709007
300083.SZ,866,2023-01-03,2026-07-31,20,20,5,0.023094688221709007
002538.SZ,866,2023-01-03,2026-07-31,20,22,7,0.025404157043879907
601665.SH,866,2023-01-03,2026-07-31,20,20,5,0.023094688221709007
600824.SH,866,2023-01-03,2026-07-31,20,20,5,0.023094688221709007
603080.SH,866,2023-01-03,2026-07-31,20,20,5,0.023094688221709007
002612.SZ,866,2023-01-03,2026-07-31,20,20,5,0.023094688221709007
301015.SZ,866,2023-01-03,2026-07-31,20,20,5,0.023094688221709007
002516.SZ,866,2023-01-03,2026-07-31,20,30,15,0.03464203233256351
600336.SH,866,2023-01-03,2026-07-31,20,20,5,0.023094688221709007
603025.SH,866,2023-01-03,2026-07-31,20,20,5,0.023094688221709007
002200.SZ,866,2023-01-03,2026-07-31,20,26,11,0.03002309468822171
603801.SH,866,2023-01-03,2026-07-31,20,20,5,0.023094688221709007
600820.SH,866,2023-01-03,2026-07-31,20,20,5,0.023094688221709007
603798.SH,866,2023-01-03,2026-07-31,20,22,7,0.025404157043879907
000783.SZ,866,2023-01-03,2026-07-31,20,20,5,0.023094688221709007
300395.SZ,866,2023-01-03,2026-07-31,20,20,5,0.023094688221709007
002933.SZ,866,2023-01-03,2026-07-31,20,20,5,0.023094688221709007
600439.SH,866,2023-01-03,2026-07-31,20,21,6,0.02424942263279446
688687.SH,866,2023-01-03,2026-07-31,20,20,5,0.023094688221709007
600728.SH,866,2023-01-03,2026-07-31,20,20,5,0.023094688221709007
600416.SH,866,2023-01-03,2026-07-31,20,20,5,0.023094688221709007
002783.SZ,866,2023-01-03,2026-07-31,20,20,5,0.023094688221709007
300168.SZ,866,2023-01-03,2026-07-31,20,20,5,0.023094688221709007
002798.SZ,866,2023-01-03,2026-07-31,20,24,9,0.02771362586605081
002006.SZ,866,2023-01-03,2026-07-31,20,20,5,0.023094688221709007
600776.SH,866,2023-01-03,2026-07-31,20,20,5,0.023094688221709007
002223.SZ,866,2023-01-03,2026-07-31,20,20,5,0.023094688221709007
002563.SZ,866,2023-01-03,2026-07-31,20,20,5,0.023094688221709007
300092.SZ,866,2023-01-03,2026-07-31,20,20,5,0.023094688221709007
603057.SH,866,2023-01-03,2026-07-31,20,20,5,0.023094688221709007
301636.SZ,296,2025-05-16,2026-07-31,20,20,5,0.06756756756756757
002229.SZ,866,2023-01-03,2026-07-31,20,20,5,0.023094688221709007
603956.SH,866,2023-01-03,2026-07-31,20,20,5,0.023094688221709007
601288.SH,866,2023-01-03,2026-07-31,20,20,5,0.023094688221709007
002381.SZ,866,2023-01-03,2026-07-31,20,20,5,0.023094688221709007
688719.SH,685,2023-09-28,2026-07-31,20,20,5,0.029197080291970802
001225.SZ,835,2023-02-22,2026-07-31,20,20,5,0.023952095808383235
002537.SZ,866,2023-01-03,2026-07-31,20,20,5,0.023094688221709007
300815.SZ,866,2023-01-03,2026-07-31,20,20,5,0.023094688221709007
301030.SZ,866,2023-01-03,2026-07-31,20,22,7,0.025404157043879907
600055.SH,866,2023-01-03,2026-07-31,20,20,5,0.023094688221709007
600549.SH,866,2023-01-03,2026-07-31,20,20,5,0.023094688221709007
300152.SZ,866,2023-01-03,2026-07-31,20,34,24,0.03926096997690531
300540.SZ,866,2023-01-03,2026-07-31,20,20,5,0.023094688221709007
001366.SZ,826,2023-03-07,2026-07-31,20,20,5,0.024213075060532687
300693.SZ,866,2023-01-03,2026-07-31,20,20,5,0.023094688221709007
600079.SH,866,2023-01-03,2026-07-31,20,22,7,0.025404157043879907
002044.SZ,866,2023-01-03,2026-07-31,20,20,5,0.023094688221709007
300612.SZ,866,2023-01-03,2026-07-31,20,20,5,0.023094688221709007
600880.SH,866,2023-01-03,2026-07-31,20,20,5,0.023094688221709007
002937.SZ,866,2023-01-03,2026-07-31,20,20,5,0.023094688221709007
002661.SZ,866,2023-01-03,2026-07-31,20,20,5,0.023094688221709007
603337.SH,866,2023-01-03,2026-07-31,20,20,5,0.023094688221709007
300901.SZ,866,2023-01-03,2026-07-31,20,20,5,0.023094688221709007
300685.SZ,866,2023-01-03,2026-07-31,20,28,13,0.03233256351039261
688361.SH,777,2023-05-19,2026-07-31,20,20,5,0.02574002574002574
002879.SZ,866,2023-01-03,2026-07-31,20,20,5,0.023094688221709007
300039.SZ,866,2023-01-03,2026-07-31,20,20,5,0.023094688221709007
300333.SZ,866,2023-01-03,2026-07-31,20,22,7,0.025404157043879907
688165.SH,866,2023-01-03,2026-07-31,20,40,20,0.046189376443418015
600851.SH,866,2023-01-03,2026-07-31,20,20,5,0.023094688221709007
301332.SZ,778,2023-05-18,2026-07-31,20,20,5,0.02570694087403599
300878.SZ,866,2023-01-03,2026-07-31,20,20,5,0.023094688221709007
001210.SZ,866,2023-01-03,2026-07-31,20,20,5,0.023094688221709007
300871.SZ,866,2023-01-03,2026-07-31,20,20,5,0.023094688221709007
002238.SZ,866,2023-01-03,2026-07-31,20,20,5,0.023094688221709007
688511.SH,866,2023-01-03,2026-07-31,20,24,9,0.02771362586605081
300127.SZ,866,2023-01-03,2026-07-31,20,40,20,0.046189376443418015
300817.SZ,866,2023-01-03,2026-07-31,20,20,5,0.023094688221709007
688112.SH,866,2023-01-03,2026-07-31,20,20,5,0.023094688221709007
603059.SH,866,2023-01-03,2026-07-31,20,20,5,0.023094688221709007
002992.SZ,866,2023-01-03,2026-07-31,20,20,5,0.023094688221709007
300570.SZ,866,2023-01-03,2026-07-31,20,20,5,0.023094688221709007
605289.SH,866,2023-01-03,2026-07-31,20,20,5,0.023094688221709007
300757.SZ,866,2023-01-03,2026-07-31,20,40,20,0.046189376443418015
601077.SH,866,2023-01-03,2026-07-31,20,20,5,0.023094688221709007
000821.SZ,866,2023-01-03,2026-07-31,20,22,7,0.025404157043879907
603868.SH,866,2023-01-03,2026-07-31,20,20,5,0.023094688221709007
301456.SZ,739,2023-07-14,2026-07-31,20,20,5,0.02706359945872801
688668.SH,866,2023-01-03,2026-07-31,20,20,5,0.023094688221709007
300146.SZ,866,2023-01-03,2026-07-31,20,20,5,0.023094688221709007
002067.SZ,866,2023-01-03,2026-07-31,20,20,5,0.023094688221709007
600252.SH,866,2023-01-03,2026-07-31,20,20,5,0.023094688221709007
001207.SZ,866,2023-01-03,2026-07-31,20,20,5,0.023094688221709007
600903.SH,866,2023-01-03,2026-07-31,20,32,16,0.03695150115473441
600743.SH,866,2023-01-03,2026-07-31,20,20,5,0.023094688221709007
301266.SZ,866,2023-01-03,2026-07-31,20,20,5,0.023094688221709007
605296.SH,866,2023-01-03,2026-07-31,20,20,5,0.023094688221709007
601226.SH,866,2023-01-03,2026-07-31,20,20,5,0.023094688221709007
603901.SH,866,2023-01-03,2026-07-31,20,20,5,0.023094688221709007
301363.SZ,866,2023-01-03,2026-07-31,20,20,5,0.023094688221709007
600373.SH,866,2023-01-03,2026-07-31,20,26,11,0.03002309468822171
603215.SH,866,2023-01-03,2026-07-31,20,20,5,0.023094688221709007
002301.SZ,866,2023-01-03,2026-07-31,20,20,5,0.023094688221709007
600008.SH,866,2023-01-03,2026-07-31,20,20,5,0.023094688221709007
