trade_date,rule_id,level,field,count
1990-12-19,MISSING_VALUE,WARN,amount,3
1990-12-19,VWAP_OUT_OF_RANGE,ERROR,amount,2
1990-12-20,MISSING_VALUE,WARN,amount,3
1990-12-20,VWAP_OUT_OF_RANGE,ERROR,amount,2
1990-12-21,MISSING_VALUE,WARN,amount,3
1990-12-21,VWAP_OUT_OF_RANGE,ERROR,amount,4
1990-12-24,MISSING_VALUE,WARN,amount,3
1990-12-24,VWAP_OUT_OF_RANGE,ERROR,amount,2
1990-12-25,MISSING_VALUE,WARN,amount,3
1990-12-25,VWAP_OUT_OF_RANGE,ERROR,amount,1
1990-12-26,MISSING_VALUE,WARN,amount,3
1990-12-26,VWAP_OUT_OF_RANGE,ERROR,amount,3
1990-12-27,MISSING_VALUE,WARN,amount,3
1990-12-27,VWAP_OUT_OF_RANGE,ERROR,amount,1
1990-12-28,MISSING_VALUE,WARN,amount,3
1990-12-28,VWAP_OUT_OF_RANGE,ERROR,amount,4
1990-12-31,MISSING_VALUE,WARN,amount,3
1990-12-31,VWAP_OUT_OF_RANGE,ERROR,amount,4
1991-01-02,MISSING_VALUE,WARN,amount,3
1991-01-02,VWAP_OUT_OF_RANGE,ERROR,amount,1
1991-01-03,MISSING_VALUE,WARN,amount,3
1991-01-03,VWAP_OUT_OF_RANGE,ERROR,amount,4
1991-01-04,MISSING_VALUE,WARN,amount,3
1991-01-04,VWAP_OUT_OF_RANGE,ERROR,amount,4
1991-01-07,MISSING_VALUE,WARN,amount,3
1991-01-07,VWAP_OUT_OF_RANGE,ERROR,amount,4
1991-01-08,MISSING_VALUE,WARN,amount,3
1991-01-08,VWAP_OUT_OF_RANGE,ERROR,amount,5
1991-01-09,MISSING_VALUE,WARN,amount,3
1991-01-09,VWAP_OUT_OF_RANGE,ERROR,amount,4
1991-01-10,MISSING_VALUE,WARN,amount,3
1991-01-10,VWAP_OUT_OF_RANGE,ERROR,amount,4
1991-01-11,MISSING_VALUE,WARN,amount,3
1991-01-11,VWAP_OUT_OF_RANGE,ERROR,amount,5
1991-01-14,MISSING_VALUE,WARN,amount,3
1991-01-14,VWAP_OUT_OF_RANGE,ERROR,amount,6
1991-01-15,MISSING_VALUE,WARN,amount,3
1991-01-15,VWAP_OUT_OF_RANGE,ERROR,amount,5
1991-01-16,MISSING_VALUE,WARN,amount,4
1991-01-16,VWAP_OUT_OF_RANGE,ERROR,amount,4
1991-01-17,MISSING_VALUE,WARN,amount,3
1991-01-17,VWAP_OUT_OF_RANGE,ERROR,amount,5
1991-01-18,MISSING_VALUE,WARN,amount,4
1991-01-18,VWAP_OUT_OF_RANGE,ERROR,amount,5
1991-01-19,VWAP_OUT_OF_RANGE,ERROR,amount,1
1991-01-21,MISSING_VALUE,WARN,amount,4
1991-01-21,VWAP_OUT_OF_RANGE,ERROR,amount,3
1991-01-22,MISSING_VALUE,WARN,amount,3
1991-01-22,VWAP_OUT_OF_RANGE,ERROR,amount,4
1991-01-23,MISSING_VALUE,WARN,amount,3
1991-01-23,VWAP_OUT_OF_RANGE,ERROR,amount,6
1991-01-24,MISSING_VALUE,WARN,amount,4
1991-01-24,VWAP_OUT_OF_RANGE,ERROR,amount,5
1991-01-25,MISSING_VALUE,WARN,amount,4
1991-01-25,VWAP_OUT_OF_RANGE,ERROR,amount,4
1991-01-28,MISSING_VALUE,WARN,amount,4
1991-01-28,VWAP_OUT_OF_RANGE,ERROR,amount,4
1991-01-29,MISSING_VALUE,WARN,amount,4
1991-01-29,VWAP_OUT_OF_RANGE,ERROR,amount,6
1991-01-30,MISSING_VALUE,WARN,amount,3
1991-01-30,VWAP_OUT_OF_RANGE,ERROR,amount,7
1991-01-31,MISSING_VALUE,WARN,amount,3
1991-01-31,VWAP_OUT_OF_RANGE,ERROR,amount,6
1991-02-01,MISSING_VALUE,WARN,amount,4
1991-02-01,VWAP_OUT_OF_RANGE,ERROR,amount,3
1991-02-02,VWAP_OUT_OF_RANGE,ERROR,amount,2
1991-02-04,MISSING_VALUE,WARN,amount,3
1991-02-04,VWAP_OUT_OF_RANGE,ERROR,amount,6
1991-02-05,MISSING_VALUE,WARN,amount,3
1991-02-05,VWAP_OUT_OF_RANGE,ERROR,amount,7
1991-02-06,MISSING_VALUE,WARN,amount,3
1991-02-06,VWAP_OUT_OF_RANGE,ERROR,amount,7
1991-02-07,MISSING_VALUE,WARN,amount,3
1991-02-07,VWAP_OUT_OF_RANGE,ERROR,amount,7
1991-02-08,MISSING_VALUE,WARN,amount,3
1991-02-08,VWAP_OUT_OF_RANGE,ERROR,amount,7
1991-02-09,VWAP_OUT_OF_RANGE,ERROR,amount,2
1991-02-11,MISSING_VALUE,WARN,amount,3
1991-02-11,VWAP_OUT_OF_RANGE,ERROR,amount,7
1991-02-12,MISSING_VALUE,WARN,amount,3
1991-02-12,VWAP_OUT_OF_RANGE,ERROR,amount,7
1991-02-13,MISSING_VALUE,WARN,amount,3
1991-02-13,VWAP_OUT_OF_RANGE,ERROR,amount,7
1991-02-14,MISSING_VALUE,WARN,amount,4
1991-02-14,VWAP_OUT_OF_RANGE,ERROR,amount,5
1991-02-19,MISSING_VALUE,WARN,amount,4
1991-02-19,VWAP_OUT_OF_RANGE,ERROR,amount,4
1991-02-20,MISSING_VALUE,WARN,amount,4
1991-02-20,VWAP_OUT_OF_RANGE,ERROR,amount,4
1991-02-21,MISSING_VALUE,WARN,amount,4
1991-02-21,VWAP_OUT_OF_RANGE,ERROR,amount,5
1991-02-22,MISSING_VALUE,WARN,amount,3
1991-02-22,VWAP_OUT_OF_RANGE,ERROR,amount,7
1991-02-23,VWAP_OUT_OF_RANGE,ERROR,amount,2
1991-02-25,MISSING_VALUE,WARN,amount,3
1991-02-25,VWAP_OUT_OF_RANGE,ERROR,amount,5
1991-02-26,MISSING_VALUE,WARN,amount,3
1991-02-26,VWAP_OUT_OF_RANGE,ERROR,amount,5
1991-02-27,MISSING_VALUE,WARN,amount,3
1991-02-27,VWAP_OUT_OF_RANGE,ERROR,amount,6
1991-02-28,MISSING_VALUE,WARN,amount,3
1991-02-28,VWAP_OUT_OF_RANGE,ERROR,amount,6
1991-03-01,MISSING_VALUE,WARN,amount,3
1991-03-01,VWAP_OUT_OF_RANGE,ERROR,amount,6
1991-03-02,VWAP_OUT_OF_RANGE,ERROR,amount,1
1991-03-04,MISSING_VALUE,WARN,amount,4
1991-03-04,VWAP_OUT_OF_RANGE,ERROR,amount,5
1991-03-05,MISSING_VALUE,WARN,amount,3
1991-03-05,VWAP_OUT_OF_RANGE,ERROR,amount,5
1991-03-06,MISSING_VALUE,WARN,amount,3
1991-03-06,VWAP_OUT_OF_RANGE,ERROR,amount,5
1991-03-07,MISSING_VALUE,WARN,amount,4
1991-03-07,VWAP_OUT_OF_RANGE,ERROR,amount,4
1991-03-08,MISSING_VALUE,WARN,amount,4
1991-03-08,VWAP_OUT_OF_RANGE,ERROR,amount,4
1991-03-09,VWAP_OUT_OF_RANGE,ERROR,amount,1
1991-03-11,MISSING_VALUE,WARN,amount,4
1991-03-11,VWAP_OUT_OF_RANGE,ERROR,amount,5
1991-03-12,MISSING_VALUE,WARN,amount,4
1991-03-12,VWAP_OUT_OF_RANGE,ERROR,amount,5
1991-03-13,MISSING_VALUE,WARN,amount,3
1991-03-13,VWAP_OUT_OF_RANGE,ERROR,amount,7
1991-03-14,MISSING_VALUE,WARN,amount,3
1991-03-14,VWAP_OUT_OF_RANGE,ERROR,amount,5
1991-03-15,MISSING_VALUE,WARN,amount,3
1991-03-15,VWAP_OUT_OF_RANGE,ERROR,amount,5
1991-03-16,VWAP_OUT_OF_RANGE,ERROR,amount,2
1991-03-18,MISSING_VALUE,WARN,amount,3
1991-03-18,VWAP_OUT_OF_RANGE,ERROR,amount,6
1991-03-19,MISSING_VALUE,WARN,amount,3
1991-03-19,VWAP_OUT_OF_RANGE,ERROR,amount,6
1991-03-20,MISSING_VALUE,WARN,amount,3
1991-03-20,VWAP_OUT_OF_RANGE,ERROR,amount,6
1991-03-21,MISSING_VALUE,WARN,amount,3
1991-03-21,VWAP_OUT_OF_RANGE,ERROR,amount,6
1991-03-22,MISSING_VALUE,WARN,amount,3
1991-03-22,VWAP_OUT_OF_RANGE,ERROR,amount,6
1991-03-23,VWAP_OUT_OF_RANGE,ERROR,amount,2
1991-03-25,MISSING_VALUE,WARN,amount,3
1991-03-25,VWAP_OUT_OF_RANGE,ERROR,amount,6
1991-03-26,MISSING_VALUE,WARN,amount,3
1991-03-26,VWAP_OUT_OF_RANGE,ERROR,amount,6
1991-03-27,MISSING_VALUE,WARN,amount,3
1991-03-27,VWAP_OUT_OF_RANGE,ERROR,amount,6
1991-03-28,MISSING_VALUE,WARN,amount,3
1991-03-28,VWAP_OUT_OF_RANGE,ERROR,amount,5
1991-03-29,MISSING_VALUE,WARN,amount,3
1991-03-29,VWAP_OUT_OF_RANGE,ERROR,amount,5
1991-03-30,VWAP_OUT_OF_RANGE,ERROR,amount,2
1991-04-01,MISSING_VALUE,WARN,amount,4
1991-04-01,VWAP_OUT_OF_RANGE,ERROR,amount,5
1991-04-02,MISSING_VALUE,WARN,amount,3
1991-04-02,VWAP_OUT_OF_RANGE,ERROR,amount,7
1991-04-03,MISSING_VALUE,WARN,amount,3
1991-04-03,VWAP_OUT_OF_RANGE,ERROR,amount,7
1991-04-04,MISSING_VALUE,WARN,amount,3
1991-04-04,VWAP_OUT_OF_RANGE,ERROR,amount,8
1991-04-05,MISSING_VALUE,WARN,amount,4
1991-04-05,VWAP_OUT_OF_RANGE,ERROR,amount,5
1991-04-06,VWAP_OUT_OF_RANGE,ERROR,amount,1
1991-04-08,MISSING_VALUE,WARN,amount,3
1991-04-08,VWAP_OUT_OF_RANGE,ERROR,amount,6
1991-04-09,MISSING_VALUE,WARN,amount,4
1991-04-09,VWAP_OUT_OF_RANGE,ERROR,amount,4
1991-04-10,MISSING_VALUE,WARN,amount,3
1991-04-10,VWAP_OUT_OF_RANGE,ERROR,amount,6
1991-04-11,MISSING_VALUE,WARN,amount,4
1991-04-11,VWAP_OUT_OF_RANGE,ERROR,amount,5
1991-04-12,MISSING_VALUE,WARN,amount,3
1991-04-12,VWAP_OUT_OF_RANGE,ERROR,amount,6
1991-04-13,VWAP_OUT_OF_RANGE,ERROR,amount,2
1991-04-15,MISSING_VALUE,WARN,amount,4
1991-04-15,VWAP_OUT_OF_RANGE,ERROR,amount,3
1991-04-16,MISSING_VALUE,WARN,amount,3
1991-04-16,VWAP_OUT_OF_RANGE,ERROR,amount,6
1991-04-17,MISSING_VALUE,WARN,amount,4
1991-04-17,VWAP_OUT_OF_RANGE,ERROR,amount,6
1991-04-18,MISSING_VALUE,WARN,amount,4
1991-04-18,VWAP_OUT_OF_RANGE,ERROR,amount,5
1991-04-19,MISSING_VALUE,WARN,amount,4
1991-04-19,VWAP_OUT_OF_RANGE,ERROR,amount,5
1991-04-20,VWAP_OUT_OF_RANGE,ERROR,amount,1
1991-04-22,MISSING_VALUE,WARN,amount,4
1991-04-22,VWAP_OUT_OF_RANGE,ERROR,amount,4
1991-04-23,MISSING_VALUE,WARN,amount,3
1991-04-23,VWAP_OUT_OF_RANGE,ERROR,amount,6
1991-04-24,MISSING_VALUE,WARN,amount,3
1991-04-24,VWAP_OUT_OF_RANGE,ERROR,amount,5
1991-04-25,MISSING_VALUE,WARN,amount,4
1991-04-25,VWAP_OUT_OF_RANGE,ERROR,amount,4
1991-04-26,MISSING_VALUE,WARN,amount,4
1991-04-26,VWAP_OUT_OF_RANGE,ERROR,amount,6
1991-04-29,MISSING_VALUE,WARN,amount,4
1991-04-29,VWAP_OUT_OF_RANGE,ERROR,amount,4
1991-04-30,MISSING_VALUE,WARN,amount,4
1991-04-30,VWAP_OUT_OF_RANGE,ERROR,amount,5
1991-05-02,MISSING_VALUE,WARN,amount,4
1991-05-02,VWAP_OUT_OF_RANGE,ERROR,amount,5
1991-05-03,MISSING_VALUE,WARN,amount,4
1991-05-03,VWAP_OUT_OF_RANGE,ERROR,amount,3
1991-05-04,VWAP_OUT_OF_RANGE,ERROR,amount,2
1991-05-06,MISSING_VALUE,WARN,amount,4
1991-05-06,VWAP_OUT_OF_RANGE,ERROR,amount,3
1991-05-07,MISSING_VALUE,WARN,amount,4
1991-05-07,VWAP_OUT_OF_RANGE,ERROR,amount,5
1991-05-08,MISSING_VALUE,WARN,amount,4
1991-05-08,VWAP_OUT_OF_RANGE,ERROR,amount,3
1991-05-09,MISSING_VALUE,WARN,amount,3
1991-05-09,VWAP_OUT_OF_RANGE,ERROR,amount,5
1991-05-10,MISSING_VALUE,WARN,amount,3
1991-05-10,VWAP_OUT_OF_RANGE,ERROR,amount,5
1991-05-11,VWAP_OUT_OF_RANGE,ERROR,amount,2
1991-05-13,MISSING_VALUE,WARN,amount,3
1991-05-13,VWAP_OUT_OF_RANGE,ERROR,amount,5
1991-05-14,MISSING_VALUE,WARN,amount,3
1991-05-14,VWAP_OUT_OF_RANGE,ERROR,amount,5
1991-05-15,MISSING_VALUE,WARN,amount,3
1991-05-15,VWAP_OUT_OF_RANGE,ERROR,amount,4
1991-05-16,MISSING_VALUE,WARN,amount,3
1991-05-16,VWAP_OUT_OF_RANGE,ERROR,amount,5
1991-05-17,MISSING_VALUE,WARN,amount,3
1991-05-17,VWAP_OUT_OF_RANGE,ERROR,amount,5
1991-05-18,VWAP_OUT_OF_RANGE,ERROR,amount,2
1991-05-20,MISSING_VALUE,WARN,amount,3
1991-05-20,VWAP_OUT_OF_RANGE,ERROR,amount,6
1991-05-21,MISSING_VALUE,WARN,amount,3
1991-05-21,VWAP_OUT_OF_RANGE,ERROR,amount,6
1991-05-22,MISSING_VALUE,WARN,amount,3
1991-05-22,VWAP_OUT_OF_RANGE,ERROR,amount,5
1991-05-23,MISSING_VALUE,WARN,amount,3
1991-05-23,VWAP_OUT_OF_RANGE,ERROR,amount,6
1991-05-24,MISSING_VALUE,WARN,amount,3
1991-05-24,VWAP_OUT_OF_RANGE,ERROR,amount,7
1991-05-25,VWAP_OUT_OF_RANGE,ERROR,amount,2
1991-05-27,MISSING_VALUE,WARN,amount,4
1991-05-27,VWAP_OUT_OF_RANGE,ERROR,amount,6
1991-05-28,MISSING_VALUE,WARN,amount,3
1991-05-28,VWAP_OUT_OF_RANGE,ERROR,amount,6
1991-05-29,MISSING_VALUE,WARN,amount,4
1991-05-29,VWAP_OUT_OF_RANGE,ERROR,amount,3
1991-05-30,MISSING_VALUE,WARN,amount,3
1991-05-30,VWAP_OUT_OF_RANGE,ERROR,amount,4
1991-05-31,MISSING_VALUE,WARN,amount,3
1991-05-31,VWAP_OUT_OF_RANGE,ERROR,amount,4
1991-06-01,VWAP_OUT_OF_RANGE,ERROR,amount,1
1991-06-03,MISSING_VALUE,WARN,amount,3
1991-06-03,VWAP_OUT_OF_RANGE,ERROR,amount,5
1991-06-04,MISSING_VALUE,WARN,amount,3
1991-06-04,VWAP_OUT_OF_RANGE,ERROR,amount,6
1991-06-05,MISSING_VALUE,WARN,amount,3
1991-06-05,VWAP_OUT_OF_RANGE,ERROR,amount,6
1991-06-06,MISSING_VALUE,WARN,amount,4
1991-06-06,VWAP_OUT_OF_RANGE,ERROR,amount,4
1991-06-07,MISSING_VALUE,WARN,amount,3
1991-06-07,VWAP_OUT_OF_RANGE,ERROR,amount,6
1991-06-08,VWAP_OUT_OF_RANGE,ERROR,amount,2
1991-06-10,MISSING_VALUE,WARN,amount,3
1991-06-10,VWAP_OUT_OF_RANGE,ERROR,amount,5
1991-06-11,MISSING_VALUE,WARN,amount,3
1991-06-11,VWAP_OUT_OF_RANGE,ERROR,amount,6
1991-06-12,MISSING_VALUE,WARN,amount,3
1991-06-12,VWAP_OUT_OF_RANGE,ERROR,amount,7
1991-06-13,MISSING_VALUE,WARN,amount,3
1991-06-13,VWAP_OUT_OF_RANGE,ERROR,amount,5
1991-06-14,MISSING_VALUE,WARN,amount,3
1991-06-14,VWAP_OUT_OF_RANGE,ERROR,amount,7
1991-06-15,VWAP_OUT_OF_RANGE,ERROR,amount,2
1991-06-17,MISSING_VALUE,WARN,amount,3
1991-06-17,VWAP_OUT_OF_RANGE,ERROR,amount,5
1991-06-18,MISSING_VALUE,WARN,amount,4
1991-06-18,VWAP_OUT_OF_RANGE,ERROR,amount,7
1991-06-19,MISSING_VALUE,WARN,amount,4
1991-06-19,VWAP_OUT_OF_RANGE,ERROR,amount,6
1991-06-20,MISSING_VALUE,WARN,amount,4
1991-06-20,VWAP_OUT_OF_RANGE,ERROR,amount,5
1991-06-21,MISSING_VALUE,WARN,amount,4
1991-06-21,VWAP_OUT_OF_RANGE,ERROR,amount,5
1991-06-22,VWAP_OUT_OF_RANGE,ERROR,amount,1
1991-06-24,MISSING_VALUE,WARN,amount,4
1991-06-24,VWAP_OUT_OF_RANGE,ERROR,amount,4
1991-06-25,MISSING_VALUE,WARN,amount,4
1991-06-25,VWAP_OUT_OF_RANGE,ERROR,amount,5
1991-06-26,MISSING_VALUE,WARN,amount,4
1991-06-26,VWAP_OUT_OF_RANGE,ERROR,amount,5
1991-06-27,MISSING_VALUE,WARN,amount,4
1991-06-27,VWAP_OUT_OF_RANGE,ERROR,amount,7
1991-06-28,MISSING_VALUE,WARN,amount,3
1991-06-28,VWAP_OUT_OF_RANGE,ERROR,amount,7
1991-06-29,VWAP_OUT_OF_RANGE,ERROR,amount,2
1991-07-01,MISSING_VALUE,WARN,amount,3
1991-07-01,VWAP_OUT_OF_RANGE,ERROR,amount,6
1991-07-02,MISSING_VALUE,WARN,amount,3
1991-07-02,VWAP_OUT_OF_RANGE,ERROR,amount,6
1991-07-03,MISSING_VALUE,WARN,amount,4
1991-07-03,VWAP_OUT_OF_RANGE,ERROR,amount,4
1991-07-04,MISSING_VALUE,WARN,amount,4
1991-07-04,VWAP_OUT_OF_RANGE,ERROR,amount,7
1991-07-05,MISSING_VALUE,WARN,amount,4
1991-07-05,VWAP_OUT_OF_RANGE,ERROR,amount,6
1991-07-06,VWAP_OUT_OF_RANGE,ERROR,amount,3
1991-07-08,MISSING_VALUE,WARN,amount,4
1991-07-08,VWAP_OUT_OF_RANGE,ERROR,amount,8
1991-07-09,MISSING_VALUE,WARN,amount,4
1991-07-09,VWAP_OUT_OF_RANGE,ERROR,amount,7
1991-07-10,MISSING_VALUE,WARN,amount,4
1991-07-10,VWAP_OUT_OF_RANGE,ERROR,amount,8
1991-07-11,MISSING_VALUE,WARN,amount,4
1991-07-11,VWAP_OUT_OF_RANGE,ERROR,amount,8
1991-07-12,MISSING_VALUE,WARN,amount,4
1991-07-12,VWAP_OUT_OF_RANGE,ERROR,amount,7
1991-07-13,VWAP_OUT_OF_RANGE,ERROR,amount,2
1991-07-15,MISSING_VALUE,WARN,amount,4
1991-07-15,VWAP_OUT_OF_RANGE,ERROR,amount,8
1991-07-16,MISSING_VALUE,WARN,amount,4
1991-07-16,VWAP_OUT_OF_RANGE,ERROR,amount,7
1991-07-17,MISSING_VALUE,WARN,amount,4
1991-07-17,VWAP_OUT_OF_RANGE,ERROR,amount,7
1991-07-18,MISSING_VALUE,WARN,amount,4
1991-07-18,VWAP_OUT_OF_RANGE,ERROR,amount,7
1991-07-19,MISSING_VALUE,WARN,amount,4
1991-07-19,VWAP_OUT_OF_RANGE,ERROR,amount,9
1991-07-20,VWAP_OUT_OF_RANGE,ERROR,amount,3
1991-07-22,MISSING_VALUE,WARN,amount,4
1991-07-22,VWAP_OUT_OF_RANGE,ERROR,amount,7
1991-07-23,MISSING_VALUE,WARN,amount,4
1991-07-23,VWAP_OUT_OF_RANGE,ERROR,amount,7
1991-07-24,MISSING_VALUE,WARN,amount,4
1991-07-24,VWAP_OUT_OF_RANGE,ERROR,amount,8
1991-07-25,MISSING_VALUE,WARN,amount,4
1991-07-25,VWAP_OUT_OF_RANGE,ERROR,amount,7
1991-07-26,MISSING_VALUE,WARN,amount,4
1991-07-26,VWAP_OUT_OF_RANGE,ERROR,amount,7
1991-07-27,VWAP_OUT_OF_RANGE,ERROR,amount,2
1991-07-29,MISSING_VALUE,WARN,amount,4
1991-07-29,VWAP_OUT_OF_RANGE,ERROR,amount,7
1991-07-30,MISSING_VALUE,WARN,amount,4
1991-07-30,VWAP_OUT_OF_RANGE,ERROR,amount,8
1991-07-31,MISSING_VALUE,WARN,amount,4
1991-07-31,VWAP_OUT_OF_RANGE,ERROR,amount,8
1991-08-01,MISSING_VALUE,WARN,amount,4
1991-08-01,VWAP_OUT_OF_RANGE,ERROR,amount,8
1991-08-02,MISSING_VALUE,WARN,amount,4
1991-08-02,VWAP_OUT_OF_RANGE,ERROR,amount,9
1991-08-03,VWAP_OUT_OF_RANGE,ERROR,amount,2
1991-08-05,MISSING_VALUE,WARN,amount,4
1991-08-05,VWAP_OUT_OF_RANGE,ERROR,amount,7
1991-08-06,MISSING_VALUE,WARN,amount,4
1991-08-06,VWAP_OUT_OF_RANGE,ERROR,amount,7
1991-08-07,MISSING_VALUE,WARN,amount,4
1991-08-07,VWAP_OUT_OF_RANGE,ERROR,amount,7
1991-08-08,MISSING_VALUE,WARN,amount,4
1991-08-08,VWAP_OUT_OF_RANGE,ERROR,amount,6
1991-08-09,MISSING_VALUE,WARN,amount,4
1991-08-09,VWAP_OUT_OF_RANGE,ERROR,amount,7
1991-08-12,MISSING_VALUE,WARN,amount,4
1991-08-12,VWAP_OUT_OF_RANGE,ERROR,amount,5
1991-08-13,MISSING_VALUE,WARN,amount,4
1991-08-13,VWAP_OUT_OF_RANGE,ERROR,amount,6
1991-08-14,MISSING_VALUE,WARN,amount,4
1991-08-14,VWAP_OUT_OF_RANGE,ERROR,amount,7
1991-08-15,MISSING_VALUE,WARN,amount,4
1991-08-15,VWAP_OUT_OF_RANGE,ERROR,amount,7
1991-08-16,MISSING_VALUE,WARN,amount,4
1991-08-16,VWAP_OUT_OF_RANGE,ERROR,amount,7
1991-08-17,VWAP_OUT_OF_RANGE,ERROR,amount,2
1991-08-19,MISSING_VALUE,WARN,amount,4
1991-08-19,VWAP_OUT_OF_RANGE,ERROR,amount,7
1991-08-20,MISSING_VALUE,WARN,amount,4
1991-08-20,VWAP_OUT_OF_RANGE,ERROR,amount,7
1991-08-21,MISSING_VALUE,WARN,amount,4
1991-08-21,VWAP_OUT_OF_RANGE,ERROR,amount,7
1991-08-22,MISSING_VALUE,WARN,amount,4
1991-08-22,VWAP_OUT_OF_RANGE,ERROR,amount,7
1991-08-23,MISSING_VALUE,WARN,amount,4
1991-08-23,VWAP_OUT_OF_RANGE,ERROR,amount,6
1991-08-24,VWAP_OUT_OF_RANGE,ERROR,amount,2
1991-08-26,MISSING_VALUE,WARN,amount,4
1991-08-26,VWAP_OUT_OF_RANGE,ERROR,amount,6
1991-08-27,MISSING_VALUE,WARN,amount,4
1991-08-27,VWAP_OUT_OF_RANGE,ERROR,amount,8
1991-08-28,MISSING_VALUE,WARN,amount,4
1991-08-28,VWAP_OUT_OF_RANGE,ERROR,amount,7
1991-08-29,MISSING_VALUE,WARN,amount,4
1991-08-29,VWAP_OUT_OF_RANGE,ERROR,amount,7
1991-08-30,MISSING_VALUE,WARN,amount,4
1991-08-30,VWAP_OUT_OF_RANGE,ERROR,amount,7
1991-08-31,VWAP_OUT_OF_RANGE,ERROR,amount,2
1991-09-02,MISSING_VALUE,WARN,amount,4
1991-09-02,VWAP_OUT_OF_RANGE,ERROR,amount,7
1991-09-03,MISSING_VALUE,WARN,amount,4
1991-09-03,VWAP_OUT_OF_RANGE,ERROR,amount,7
1991-09-04,MISSING_VALUE,WARN,amount,4
1991-09-04,VWAP_OUT_OF_RANGE,ERROR,amount,7
1991-09-05,MISSING_VALUE,WARN,amount,4
1991-09-05,VWAP_OUT_OF_RANGE,ERROR,amount,7
1991-09-06,MISSING_VALUE,WARN,amount,4
1991-09-06,VWAP_OUT_OF_RANGE,ERROR,amount,7
1991-09-07,VWAP_OUT_OF_RANGE,ERROR,amount,2
1991-09-09,MISSING_VALUE,WARN,amount,4
1991-09-09,VWAP_OUT_OF_RANGE,ERROR,amount,7
1991-09-10,MISSING_VALUE,WARN,amount,4
1991-09-10,VWAP_OUT_OF_RANGE,ERROR,amount,7
1991-09-11,MISSING_VALUE,WARN,amount,4
1991-09-11,VWAP_OUT_OF_RANGE,ERROR,amount,7
1991-09-12,MISSING_VALUE,WARN,amount,4
1991-09-12,VWAP_OUT_OF_RANGE,ERROR,amount,7
1991-09-13,MISSING_VALUE,WARN,amount,4
1991-09-13,VWAP_OUT_OF_RANGE,ERROR,amount,7
1991-09-14,VWAP_OUT_OF_RANGE,ERROR,amount,2
1991-09-16,MISSING_VALUE,WARN,amount,4
1991-09-16,VWAP_OUT_OF_RANGE,ERROR,amount,7
1991-09-17,MISSING_VALUE,WARN,amount,4
1991-09-17,VWAP_OUT_OF_RANGE,ERROR,amount,7
1991-09-18,MISSING_VALUE,WARN,amount,4
1991-09-18,VWAP_OUT_OF_RANGE,ERROR,amount,7
1991-09-19,MISSING_VALUE,WARN,amount,4
1991-09-19,VWAP_OUT_OF_RANGE,ERROR,amount,7
1991-09-20,MISSING_VALUE,WARN,amount,4
1991-09-20,VWAP_OUT_OF_RANGE,ERROR,amount,7
1991-09-21,VWAP_OUT_OF_RANGE,ERROR,amount,2
1991-09-23,MISSING_VALUE,WARN,amount,4
1991-09-23,VWAP_OUT_OF_RANGE,ERROR,amount,7
1991-09-24,MISSING_VALUE,WARN,amount,4
1991-09-24,VWAP_OUT_OF_RANGE,ERROR,amount,7
1991-09-25,MISSING_VALUE,WARN,amount,4
1991-09-25,VWAP_OUT_OF_RANGE,ERROR,amount,7
1991-09-26,MISSING_VALUE,WARN,amount,4
1991-09-26,VWAP_OUT_OF_RANGE,ERROR,amount,7
1991-09-27,MISSING_VALUE,WARN,amount,4
1991-09-27,VWAP_OUT_OF_RANGE,ERROR,amount,7
1991-09-28,VWAP_OUT_OF_RANGE,ERROR,amount,2
1991-09-29,VWAP_OUT_OF_RANGE,ERROR,amount,2
1991-09-30,MISSING_VALUE,WARN,amount,4
1991-09-30,VWAP_OUT_OF_RANGE,ERROR,amount,7
1991-10-03,MISSING_VALUE,WARN,amount,4
1991-10-03,VWAP_OUT_OF_RANGE,ERROR,amount,7
1991-10-04,MISSING_VALUE,WARN,amount,4
1991-10-04,VWAP_OUT_OF_RANGE,ERROR,amount,7
1991-10-05,VWAP_OUT_OF_RANGE,ERROR,amount,2
1991-10-07,MISSING_VALUE,WARN,amount,4
1991-10-07,VWAP_OUT_OF_RANGE,ERROR,amount,7
1991-10-08,MISSING_VALUE,WARN,amount,4
1991-10-08,VWAP_OUT_OF_RANGE,ERROR,amount,8
1991-10-09,MISSING_VALUE,WARN,amount,5
1991-10-09,VWAP_OUT_OF_RANGE,ERROR,amount,6
1991-10-10,MISSING_VALUE,WARN,amount,4
1991-10-10,VWAP_OUT_OF_RANGE,ERROR,amount,7
1991-10-11,MISSING_VALUE,WARN,amount,4
1991-10-11,VWAP_OUT_OF_RANGE,ERROR,amount,7
1991-10-12,VWAP_OUT_OF_RANGE,ERROR,amount,2
1991-10-14,MISSING_VALUE,WARN,amount,4
1991-10-14,VWAP_OUT_OF_RANGE,ERROR,amount,7
1991-10-15,MISSING_VALUE,WARN,amount,4
1991-10-15,VWAP_OUT_OF_RANGE,ERROR,amount,7
1991-10-16,MISSING_VALUE,WARN,amount,4
1991-10-16,VWAP_OUT_OF_RANGE,ERROR,amount,7
1991-10-17,MISSING_VALUE,WARN,amount,4
1991-10-17,VWAP_OUT_OF_RANGE,ERROR,amount,7
1991-10-18,MISSING_VALUE,WARN,amount,4
1991-10-18,VWAP_OUT_OF_RANGE,ERROR,amount,7
1991-10-19,VWAP_OUT_OF_RANGE,ERROR,amount,2
1991-10-21,MISSING_VALUE,WARN,amount,4
1991-10-21,VWAP_OUT_OF_RANGE,ERROR,amount,7
1991-10-22,MISSING_VALUE,WARN,amount,4
1991-10-22,VWAP_OUT_OF_RANGE,ERROR,amount,7
1991-10-23,MISSING_VALUE,WARN,amount,4
1991-10-23,VWAP_OUT_OF_RANGE,ERROR,amount,7
1991-10-24,MISSING_VALUE,WARN,amount,4
1991-10-24,VWAP_OUT_OF_RANGE,ERROR,amount,7
1991-10-25,MISSING_VALUE,WARN,amount,4
1991-10-25,VWAP_OUT_OF_RANGE,ERROR,amount,7
1991-10-26,VWAP_OUT_OF_RANGE,ERROR,amount,2
1991-10-28,MISSING_VALUE,WARN,amount,4
1991-10-28,VWAP_OUT_OF_RANGE,ERROR,amount,7
1991-10-29,MISSING_VALUE,WARN,amount,4
1991-10-29,VWAP_OUT_OF_RANGE,ERROR,amount,7
1991-10-30,MISSING_VALUE,WARN,amount,4
1991-10-30,VWAP_OUT_OF_RANGE,ERROR,amount,7
1991-10-31,MISSING_VALUE,WARN,amount,4
1991-10-31,VWAP_OUT_OF_RANGE,ERROR,amount,7
1991-11-01,MISSING_VALUE,WARN,amount,4
1991-11-01,VWAP_OUT_OF_RANGE,ERROR,amount,7
1991-11-02,VWAP_OUT_OF_RANGE,ERROR,amount,2
1991-11-04,MISSING_VALUE,WARN,amount,4
1991-11-04,VWAP_OUT_OF_RANGE,ERROR,amount,7
1991-11-05,MISSING_VALUE,WARN,amount,4
1991-11-05,VWAP_OUT_OF_RANGE,ERROR,amount,7
1991-11-06,MISSING_VALUE,WARN,amount,4
1991-11-06,VWAP_OUT_OF_RANGE,ERROR,amount,7
1991-11-07,MISSING_VALUE,WARN,amount,4
1991-11-07,VWAP_OUT_OF_RANGE,ERROR,amount,7
1991-11-08,MISSING_VALUE,WARN,amount,4
1991-11-08,VWAP_OUT_OF_RANGE,ERROR,amount,7
1991-11-09,VWAP_OUT_OF_RANGE,ERROR,amount,2
1991-11-11,MISSING_VALUE,WARN,amount,5
1991-11-11,VWAP_OUT_OF_RANGE,ERROR,amount,5
1991-11-12,MISSING_VALUE,WARN,amount,4
1991-11-12,VWAP_OUT_OF_RANGE,ERROR,amount,7
1991-11-13,MISSING_VALUE,WARN,amount,4
1991-11-13,VWAP_OUT_OF_RANGE,ERROR,amount,7
1991-11-14,MISSING_VALUE,WARN,amount,4
1991-11-14,VWAP_OUT_OF_RANGE,ERROR,amount,8
1991-11-15,MISSING_VALUE,WARN,amount,4
1991-11-15,VWAP_OUT_OF_RANGE,ERROR,amount,7
1991-11-16,VWAP_OUT_OF_RANGE,ERROR,amount,2
1991-11-17,VWAP_OUT_OF_RANGE,ERROR,amount,1
1991-11-18,MISSING_VALUE,WARN,amount,4
1991-11-18,VWAP_OUT_OF_RANGE,ERROR,amount,7
1991-11-19,MISSING_VALUE,WARN,amount,4
1991-11-19,VWAP_OUT_OF_RANGE,ERROR,amount,7
1991-11-20,MISSING_VALUE,WARN,amount,4
1991-11-20,VWAP_OUT_OF_RANGE,ERROR,amount,8
1991-11-21,MISSING_VALUE,WARN,amount,4
1991-11-21,VWAP_OUT_OF_RANGE,ERROR,amount,7
1991-11-22,MISSING_VALUE,WARN,amount,4
1991-11-22,VWAP_OUT_OF_RANGE,ERROR,amount,7
1991-11-23,VWAP_OUT_OF_RANGE,ERROR,amount,2
1991-11-25,MISSING_VALUE,WARN,amount,4
1991-11-25,VWAP_OUT_OF_RANGE,ERROR,amount,7
1991-11-26,MISSING_VALUE,WARN,amount,4
1991-11-26,VWAP_OUT_OF_RANGE,ERROR,amount,7
1991-11-27,MISSING_VALUE,WARN,amount,4
1991-11-27,VWAP_OUT_OF_RANGE,ERROR,amount,6
1991-11-28,MISSING_VALUE,WARN,amount,4
1991-11-28,VWAP_OUT_OF_RANGE,ERROR,amount,7
1991-11-29,MISSING_VALUE,WARN,amount,4
1991-11-29,VWAP_OUT_OF_RANGE,ERROR,amount,7
1991-11-30,VWAP_OUT_OF_RANGE,ERROR,amount,2
1991-12-02,MISSING_VALUE,WARN,amount,4
1991-12-02,VWAP_OUT_OF_RANGE,ERROR,amount,7
1991-12-03,MISSING_VALUE,WARN,amount,4
1991-12-03,VWAP_OUT_OF_RANGE,ERROR,amount,7
1991-12-04,MISSING_VALUE,WARN,amount,4
1991-12-04,VWAP_OUT_OF_RANGE,ERROR,amount,7
1991-12-05,MISSING_VALUE,WARN,amount,4
1991-12-05,VWAP_OUT_OF_RANGE,ERROR,amount,7
1991-12-06,MISSING_VALUE,WARN,amount,4
1991-12-06,VWAP_OUT_OF_RANGE,ERROR,amount,7
1991-12-07,VWAP_OUT_OF_RANGE,ERROR,amount,2
1991-12-09,MISSING_VALUE,WARN,amount,4
1991-12-09,VWAP_OUT_OF_RANGE,ERROR,amount,7
1991-12-10,MISSING_VALUE,WARN,amount,4
1991-12-10,VWAP_OUT_OF_RANGE,ERROR,amount,7
1991-12-11,MISSING_VALUE,WARN,amount,4
1991-12-11,VWAP_OUT_OF_RANGE,ERROR,amount,7
1991-12-12,MISSING_VALUE,WARN,amount,4
1991-12-12,VWAP_OUT_OF_RANGE,ERROR,amount,7
1991-12-13,MISSING_VALUE,WARN,amount,4
1991-12-13,VWAP_OUT_OF_RANGE,ERROR,amount,7
1991-12-14,VWAP_OUT_OF_RANGE,ERROR,amount,2
1991-12-16,MISSING_VALUE,WARN,amount,4
1991-12-16,VWAP_OUT_OF_RANGE,ERROR,amount,7
1991-12-17,MISSING_VALUE,WARN,amount,4
1991-12-17,VWAP_OUT_OF_RANGE,ERROR,amount,7
1991-12-18,MISSING_VALUE,WARN,amount,4
1991-12-18,VWAP_OUT_OF_RANGE,ERROR,amount,6
1991-12-19,MISSING_VALUE,WARN,amount,4
1991-12-19,VWAP_OUT_OF_RANGE,ERROR,amount,7
1991-12-20,MISSING_VALUE,WARN,amount,4
1991-12-20,VWAP_OUT_OF_RANGE,ERROR,amount,7
1991-12-21,VWAP_OUT_OF_RANGE,ERROR,amount,2
1991-12-23,MISSING_VALUE,WARN,amount,4
1991-12-23,VWAP_OUT_OF_RANGE,ERROR,amount,7
1991-12-24,MISSING_VALUE,WARN,amount,4
1991-12-24,VWAP_OUT_OF_RANGE,ERROR,amount,7
1991-12-25,MISSING_VALUE,WARN,amount,4
1991-12-25,VWAP_OUT_OF_RANGE,ERROR,amount,6
1991-12-26,MISSING_VALUE,WARN,amount,4
1991-12-26,VWAP_OUT_OF_RANGE,ERROR,amount,7
1991-12-27,MISSING_VALUE,WARN,amount,4
1991-12-27,VWAP_OUT_OF_RANGE,ERROR,amount,7
1991-12-28,VWAP_OUT_OF_RANGE,ERROR,amount,2
1991-12-30,MISSING_VALUE,WARN,amount,4
1991-12-30,VWAP_OUT_OF_RANGE,ERROR,amount,7
1991-12-31,MISSING_VALUE,WARN,amount,4
1991-12-31,VWAP_OUT_OF_RANGE,ERROR,amount,7
1992-01-02,MISSING_VALUE,WARN,amount,4
1992-01-02,VWAP_OUT_OF_RANGE,ERROR,amount,3
1992-01-03,MISSING_VALUE,WARN,amount,4
1992-01-03,VWAP_OUT_OF_RANGE,ERROR,amount,7
1992-01-06,MISSING_VALUE,WARN,amount,4
1992-01-06,VWAP_OUT_OF_RANGE,ERROR,amount,7
1992-01-07,MISSING_VALUE,WARN,amount,4
1992-01-07,VWAP_OUT_OF_RANGE,ERROR,amount,8
1992-01-08,MISSING_VALUE,WARN,amount,4
1992-01-08,VWAP_OUT_OF_RANGE,ERROR,amount,7
1992-01-09,MISSING_VALUE,WARN,amount,4
1992-01-09,VWAP_OUT_OF_RANGE,ERROR,amount,7
1992-01-10,MISSING_VALUE,WARN,amount,4
1992-01-10,VWAP_OUT_OF_RANGE,ERROR,amount,7
1992-01-13,MISSING_VALUE,WARN,amount,4
1992-01-13,VWAP_OUT_OF_RANGE,ERROR,amount,8
1992-01-14,MISSING_VALUE,WARN,amount,4
1992-01-14,VWAP_OUT_OF_RANGE,ERROR,amount,7
1992-01-15,MISSING_VALUE,WARN,amount,4
1992-01-15,VWAP_OUT_OF_RANGE,ERROR,amount,6
1992-01-16,MISSING_VALUE,WARN,amount,4
1992-01-16,VWAP_OUT_OF_RANGE,ERROR,amount,5
1992-01-17,MISSING_VALUE,WARN,amount,4
1992-01-17,VWAP_OUT_OF_RANGE,ERROR,amount,6
1992-01-20,MISSING_VALUE,WARN,amount,4
1992-01-20,VWAP_OUT_OF_RANGE,ERROR,amount,7
1992-01-21,MISSING_VALUE,WARN,amount,4
1992-01-21,VWAP_OUT_OF_RANGE,ERROR,amount,8
1992-01-22,MISSING_VALUE,WARN,amount,4
1992-01-22,VWAP_OUT_OF_RANGE,ERROR,amount,7
1992-01-23,MISSING_VALUE,WARN,amount,4
1992-01-23,VWAP_OUT_OF_RANGE,ERROR,amount,7
1992-01-24,MISSING_VALUE,WARN,amount,4
1992-01-24,VWAP_OUT_OF_RANGE,ERROR,amount,7
1992-01-27,MISSING_VALUE,WARN,amount,4
1992-01-27,VWAP_OUT_OF_RANGE,ERROR,amount,8
1992-01-28,MISSING_VALUE,WARN,amount,4
1992-01-28,VWAP_OUT_OF_RANGE,ERROR,amount,8
1992-01-29,MISSING_VALUE,WARN,amount,4
1992-01-29,VWAP_OUT_OF_RANGE,ERROR,amount,8
1992-01-30,MISSING_VALUE,WARN,amount,4
1992-01-30,VWAP_OUT_OF_RANGE,ERROR,amount,7
1992-01-31,MISSING_VALUE,WARN,amount,4
1992-01-31,VWAP_OUT_OF_RANGE,ERROR,amount,7
1992-02-03,MISSING_VALUE,WARN,amount,4
1992-02-03,VWAP_OUT_OF_RANGE,ERROR,amount,7
1992-02-07,MISSING_VALUE,WARN,amount,4
1992-02-07,VWAP_OUT_OF_RANGE,ERROR,amount,7
1992-02-10,MISSING_VALUE,WARN,amount,4
1992-02-10,VWAP_OUT_OF_RANGE,ERROR,amount,7
1992-02-11,MISSING_VALUE,WARN,amount,4
1992-02-11,VWAP_OUT_OF_RANGE,ERROR,amount,8
1992-02-12,MISSING_VALUE,WARN,amount,4
1992-02-12,VWAP_OUT_OF_RANGE,ERROR,amount,8
1992-02-13,MISSING_VALUE,WARN,amount,4
1992-02-13,VWAP_OUT_OF_RANGE,ERROR,amount,7
1992-02-14,MISSING_VALUE,WARN,amount,4
1992-02-14,VWAP_OUT_OF_RANGE,ERROR,amount,7
1992-02-17,MISSING_VALUE,WARN,amount,4
1992-02-17,VWAP_OUT_OF_RANGE,ERROR,amount,7
1992-02-18,MISSING_VALUE,WARN,amount,4
1992-02-18,VWAP_OUT_OF_RANGE,ERROR,amount,7
1992-02-19,MISSING_VALUE,WARN,amount,4
1992-02-19,VWAP_OUT_OF_RANGE,ERROR,amount,8
1992-02-20,MISSING_VALUE,WARN,amount,4
1992-02-20,VWAP_OUT_OF_RANGE,ERROR,amount,6
1992-02-21,MISSING_VALUE,WARN,amount,4
1992-02-21,VWAP_OUT_OF_RANGE,ERROR,amount,5
1992-02-24,MISSING_VALUE,WARN,amount,4
1992-02-24,VWAP_OUT_OF_RANGE,ERROR,amount,6
1992-02-25,MISSING_VALUE,WARN,amount,5
1992-02-25,VWAP_OUT_OF_RANGE,ERROR,amount,5
1992-02-26,MISSING_VALUE,WARN,amount,4
1992-02-26,VWAP_OUT_OF_RANGE,ERROR,amount,7
1992-02-27,MISSING_VALUE,WARN,amount,4
1992-02-27,VWAP_OUT_OF_RANGE,ERROR,amount,6
1992-02-28,MISSING_VALUE,WARN,amount,4
1992-02-28,VWAP_OUT_OF_RANGE,ERROR,amount,7
1992-03-02,MISSING_VALUE,WARN,amount,4
1992-03-02,VWAP_OUT_OF_RANGE,ERROR,amount,6
1992-03-03,MISSING_VALUE,WARN,amount,4
1992-03-03,VWAP_OUT_OF_RANGE,ERROR,amount,7
1992-03-04,MISSING_VALUE,WARN,amount,4
1992-03-04,VWAP_OUT_OF_RANGE,ERROR,amount,5
1992-03-05,MISSING_VALUE,WARN,amount,4
1992-03-05,VWAP_OUT_OF_RANGE,ERROR,amount,6
1992-03-06,MISSING_VALUE,WARN,amount,4
1992-03-06,VWAP_OUT_OF_RANGE,ERROR,amount,6
1992-03-09,MISSING_VALUE,WARN,amount,4
1992-03-09,VWAP_OUT_OF_RANGE,ERROR,amount,7
1992-03-10,MISSING_VALUE,WARN,amount,4
1992-03-10,VWAP_OUT_OF_RANGE,ERROR,amount,7
1992-03-11,MISSING_VALUE,WARN,amount,4
1992-03-11,VWAP_OUT_OF_RANGE,ERROR,amount,6
1992-03-12,MISSING_VALUE,WARN,amount,4
1992-03-12,VWAP_OUT_OF_RANGE,ERROR,amount,6
1992-03-13,MISSING_VALUE,WARN,amount,4
1992-03-13,VWAP_OUT_OF_RANGE,ERROR,amount,6
1992-03-16,MISSING_VALUE,WARN,amount,4
1992-03-16,VWAP_OUT_OF_RANGE,ERROR,amount,6
1992-03-17,MISSING_VALUE,WARN,amount,4
1992-03-17,VWAP_OUT_OF_RANGE,ERROR,amount,6
1992-03-18,MISSING_VALUE,WARN,amount,4
1992-03-18,VWAP_OUT_OF_RANGE,ERROR,amount,7
1992-03-19,MISSING_VALUE,WARN,amount,4
1992-03-19,VWAP_OUT_OF_RANGE,ERROR,amount,7
1992-03-20,MISSING_VALUE,WARN,amount,4
1992-03-20,VWAP_OUT_OF_RANGE,ERROR,amount,8
1992-03-23,MISSING_VALUE,WARN,amount,4
1992-03-23,VWAP_OUT_OF_RANGE,ERROR,amount,6
1992-03-24,MISSING_VALUE,WARN,amount,4
1992-03-24,VWAP_OUT_OF_RANGE,ERROR,amount,7
1992-03-25,MISSING_VALUE,WARN,amount,4
1992-03-25,VWAP_OUT_OF_RANGE,ERROR,amount,6
1992-03-26,MISSING_VALUE,WARN,amount,4
1992-03-26,VWAP_OUT_OF_RANGE,ERROR,amount,7
1992-03-27,MISSING_VALUE,WARN,amount,6
1992-03-27,VWAP_OUT_OF_RANGE,ERROR,amount,6
1992-03-30,MISSING_VALUE,WARN,amount,6
1992-03-30,VWAP_OUT_OF_RANGE,ERROR,amount,6
1992-03-31,MISSING_VALUE,WARN,amount,6
1992-03-31,VWAP_OUT_OF_RANGE,ERROR,amount,7
1992-04-01,MISSING_VALUE,WARN,amount,6
1992-04-01,VWAP_OUT_OF_RANGE,ERROR,amount,9
1992-04-02,MISSING_VALUE,WARN,amount,6
1992-04-02,VWAP_OUT_OF_RANGE,ERROR,amount,8
1992-04-03,MISSING_VALUE,WARN,amount,6
1992-04-03,VWAP_OUT_OF_RANGE,ERROR,amount,8
1992-04-06,MISSING_VALUE,WARN,amount,6
1992-04-06,VWAP_OUT_OF_RANGE,ERROR,amount,7
1992-04-07,MISSING_VALUE,WARN,amount,6
1992-04-07,VWAP_OUT_OF_RANGE,ERROR,amount,8
1992-04-08,MISSING_VALUE,WARN,amount,6
1992-04-08,VWAP_OUT_OF_RANGE,ERROR,amount,8
1992-04-09,MISSING_VALUE,WARN,amount,6
1992-04-09,VWAP_OUT_OF_RANGE,ERROR,amount,7
1992-04-10,MISSING_VALUE,WARN,amount,5
1992-04-10,VWAP_OUT_OF_RANGE,ERROR,amount,8
1992-04-13,MISSING_VALUE,WARN,amount,6
1992-04-13,VWAP_OUT_OF_RANGE,ERROR,amount,9
1992-04-14,MISSING_VALUE,WARN,amount,6
1992-04-14,VWAP_OUT_OF_RANGE,ERROR,amount,8
1992-04-15,MISSING_VALUE,WARN,amount,6
1992-04-15,VWAP_OUT_OF_RANGE,ERROR,amount,8
1992-04-16,MISSING_VALUE,WARN,amount,6
1992-04-16,VWAP_OUT_OF_RANGE,ERROR,amount,8
1992-04-17,MISSING_VALUE,WARN,amount,6
1992-04-17,VWAP_OUT_OF_RANGE,ERROR,amount,8
1992-04-18,VWAP_OUT_OF_RANGE,ERROR,amount,1
1992-04-20,MISSING_VALUE,WARN,amount,6
1992-04-20,VWAP_OUT_OF_RANGE,ERROR,amount,7
1992-04-21,MISSING_VALUE,WARN,amount,6
1992-04-21,VWAP_OUT_OF_RANGE,ERROR,amount,7
1992-04-22,MISSING_VALUE,WARN,amount,6
1992-04-22,VWAP_OUT_OF_RANGE,ERROR,amount,7
1992-04-23,MISSING_VALUE,WARN,amount,6
1992-04-23,VWAP_OUT_OF_RANGE,ERROR,amount,8
1992-04-24,MISSING_VALUE,WARN,amount,6
1992-04-24,VWAP_OUT_OF_RANGE,ERROR,amount,8
1992-04-27,MISSING_VALUE,WARN,amount,6
1992-04-27,VWAP_OUT_OF_RANGE,ERROR,amount,9
1992-04-28,MISSING_VALUE,WARN,amount,6
1992-04-28,VWAP_OUT_OF_RANGE,ERROR,amount,10
1992-04-29,MISSING_VALUE,WARN,amount,5
1992-04-29,VWAP_OUT_OF_RANGE,ERROR,amount,10
1992-04-30,MISSING_VALUE,WARN,amount,6
1992-04-30,VWAP_OUT_OF_RANGE,ERROR,amount,10
1992-05-03,VWAP_OUT_OF_RANGE,ERROR,amount,4
1992-05-04,MISSING_VALUE,WARN,amount,6
1992-05-04,VWAP_OUT_OF_RANGE,ERROR,amount,8
1992-05-05,MISSING_VALUE,WARN,amount,7
1992-05-05,VWAP_OUT_OF_RANGE,ERROR,amount,6
1992-05-06,MISSING_VALUE,WARN,amount,6
1992-05-06,VWAP_OUT_OF_RANGE,ERROR,amount,8
1992-05-07,MISSING_VALUE,WARN,amount,7
1992-05-07,VWAP_OUT_OF_RANGE,ERROR,amount,8
1992-05-08,MISSING_VALUE,WARN,amount,7
1992-05-08,VWAP_OUT_OF_RANGE,ERROR,amount,9
1992-05-11,MISSING_VALUE,WARN,amount,6
1992-05-11,VWAP_OUT_OF_RANGE,ERROR,amount,10
1992-05-12,MISSING_VALUE,WARN,amount,6
1992-05-12,VWAP_OUT_OF_RANGE,ERROR,amount,9
1992-05-13,MISSING_VALUE,WARN,amount,6
1992-05-13,VWAP_OUT_OF_RANGE,ERROR,amount,10
1992-05-14,MISSING_VALUE,WARN,amount,6
1992-05-14,VWAP_OUT_OF_RANGE,ERROR,amount,9
1992-05-15,MISSING_VALUE,WARN,amount,6
1992-05-15,VWAP_OUT_OF_RANGE,ERROR,amount,9
1992-05-18,MISSING_VALUE,WARN,amount,6
1992-05-18,VWAP_OUT_OF_RANGE,ERROR,amount,9
1992-05-19,MISSING_VALUE,WARN,amount,6
1992-05-19,VWAP_OUT_OF_RANGE,ERROR,amount,9
1992-05-20,MISSING_VALUE,WARN,amount,6
1992-05-20,VWAP_OUT_OF_RANGE,ERROR,amount,10
1992-05-21,MISSING_VALUE,WARN,amount,6
1992-05-21,VWAP_OUT_OF_RANGE,ERROR,amount,13
1992-05-22,MISSING_VALUE,WARN,amount,6
1992-05-22,VWAP_OUT_OF_RANGE,ERROR,amount,13
1992-05-25,MISSING_VALUE,WARN,amount,6
1992-05-25,VWAP_OUT_OF_RANGE,ERROR,amount,13
1992-05-26,MISSING_VALUE,WARN,amount,6
1992-05-26,VWAP_OUT_OF_RANGE,ERROR,amount,13
1992-05-27,MISSING_VALUE,WARN,amount,6
1992-05-27,VWAP_OUT_OF_RANGE,ERROR,amount,13
1992-05-28,MISSING_VALUE,WARN,amount,6
1992-05-28,VWAP_OUT_OF_RANGE,ERROR,amount,13
1992-05-29,MISSING_VALUE,WARN,amount,6
1992-05-29,VWAP_OUT_OF_RANGE,ERROR,amount,13
1992-06-01,MISSING_VALUE,WARN,amount,6
1992-06-01,VWAP_OUT_OF_RANGE,ERROR,amount,13
1992-06-02,MISSING_VALUE,WARN,amount,6
1992-06-02,VWAP_OUT_OF_RANGE,ERROR,amount,14
1992-06-03,MISSING_VALUE,WARN,amount,6
1992-06-03,VWAP_OUT_OF_RANGE,ERROR,amount,13
1992-06-04,MISSING_VALUE,WARN,amount,6
1992-06-04,VWAP_OUT_OF_RANGE,ERROR,amount,13
1992-06-05,MISSING_VALUE,WARN,amount,6
1992-06-05,VWAP_OUT_OF_RANGE,ERROR,amount,13
1992-06-08,MISSING_VALUE,WARN,amount,6
1992-06-08,VWAP_OUT_OF_RANGE,ERROR,amount,13
1992-06-09,MISSING_VALUE,WARN,amount,6
1992-06-09,VWAP_OUT_OF_RANGE,ERROR,amount,13
1992-06-10,MISSING_VALUE,WARN,amount,6
1992-06-10,VWAP_OUT_OF_RANGE,ERROR,amount,13
1992-06-11,MISSING_VALUE,WARN,amount,6
1992-06-11,VWAP_OUT_OF_RANGE,ERROR,amount,13
1992-06-12,MISSING_VALUE,WARN,amount,6
1992-06-12,VWAP_OUT_OF_RANGE,ERROR,amount,13
1992-06-15,MISSING_VALUE,WARN,amount,6
1992-06-15,VWAP_OUT_OF_RANGE,ERROR,amount,13
1992-06-16,MISSING_VALUE,WARN,amount,6
1992-06-16,VWAP_OUT_OF_RANGE,ERROR,amount,13
1992-06-17,MISSING_VALUE,WARN,amount,6
1992-06-17,VWAP_OUT_OF_RANGE,ERROR,amount,13
1992-06-18,MISSING_VALUE,WARN,amount,6
1992-06-18,VWAP_OUT_OF_RANGE,ERROR,amount,13
1992-06-19,MISSING_VALUE,WARN,amount,6
1992-06-19,VWAP_OUT_OF_RANGE,ERROR,amount,13
1992-06-22,MISSING_VALUE,WARN,amount,6
1992-06-22,VWAP_OUT_OF_RANGE,ERROR,amount,13
1992-06-23,MISSING_VALUE,WARN,amount,6
1992-06-23,VWAP_OUT_OF_RANGE,ERROR,amount,13
1992-06-24,MISSING_VALUE,WARN,amount,6
1992-06-24,VWAP_OUT_OF_RANGE,ERROR,amount,13
1992-06-25,MISSING_VALUE,WARN,amount,7
1992-06-25,VWAP_OUT_OF_RANGE,ERROR,amount,13
1992-06-26,MISSING_VALUE,WARN,amount,7
1992-06-26,VWAP_OUT_OF_RANGE,ERROR,amount,13
1992-06-29,MISSING_VALUE,WARN,amount,7
1992-06-29,VWAP_OUT_OF_RANGE,ERROR,amount,13
1992-06-30,MISSING_VALUE,WARN,amount,7
1992-06-30,VWAP_OUT_OF_RANGE,ERROR,amount,13
1992-07-01,MISSING_VALUE,WARN,amount,7
1992-07-01,VWAP_OUT_OF_RANGE,ERROR,amount,13
1992-07-02,MISSING_VALUE,WARN,amount,7
1992-07-02,VWAP_OUT_OF_RANGE,ERROR,amount,13
1992-07-03,MISSING_VALUE,WARN,amount,7
1992-07-03,VWAP_OUT_OF_RANGE,ERROR,amount,13
1992-07-06,MISSING_VALUE,WARN,amount,7
1992-07-06,VWAP_OUT_OF_RANGE,ERROR,amount,13
1992-07-07,MISSING_VALUE,WARN,amount,7
1992-07-07,VWAP_OUT_OF_RANGE,ERROR,amount,13
1992-07-08,MISSING_VALUE,WARN,amount,7
1992-07-08,VWAP_OUT_OF_RANGE,ERROR,amount,13
1992-07-09,MISSING_VALUE,WARN,amount,7
1992-07-09,VWAP_OUT_OF_RANGE,ERROR,amount,13
1992-07-10,MISSING_VALUE,WARN,amount,7
1992-07-10,VWAP_OUT_OF_RANGE,ERROR,amount,13
1992-07-13,MISSING_VALUE,WARN,amount,7
1992-07-13,VWAP_OUT_OF_RANGE,ERROR,amount,13
1992-07-14,MISSING_VALUE,WARN,amount,7
1992-07-14,VWAP_OUT_OF_RANGE,ERROR,amount,13
1992-07-15,MISSING_VALUE,WARN,amount,7
1992-07-15,VWAP_OUT_OF_RANGE,ERROR,amount,20
1992-07-16,MISSING_VALUE,WARN,amount,7
1992-07-16,VWAP_OUT_OF_RANGE,ERROR,amount,13
1992-07-17,MISSING_VALUE,WARN,amount,7
1992-07-17,VWAP_OUT_OF_RANGE,ERROR,amount,13
1992-07-20,MISSING_VALUE,WARN,amount,7
1992-07-20,VWAP_OUT_OF_RANGE,ERROR,amount,13
1992-07-21,MISSING_VALUE,WARN,amount,7
1992-07-21,VWAP_OUT_OF_RANGE,ERROR,amount,13
1992-07-22,MISSING_VALUE,WARN,amount,7
1992-07-22,VWAP_OUT_OF_RANGE,ERROR,amount,13
1992-07-23,MISSING_VALUE,WARN,amount,7
1992-07-23,VWAP_OUT_OF_RANGE,ERROR,amount,13
1992-07-24,MISSING_VALUE,WARN,amount,7
1992-07-24,VWAP_OUT_OF_RANGE,ERROR,amount,14
1992-07-27,MISSING_VALUE,WARN,amount,7
1992-07-27,VWAP_OUT_OF_RANGE,ERROR,amount,21
1992-07-28,MISSING_VALUE,WARN,amount,7
1992-07-28,VWAP_OUT_OF_RANGE,ERROR,amount,21
1992-07-29,MISSING_VALUE,WARN,amount,7
1992-07-29,VWAP_OUT_OF_RANGE,ERROR,amount,14
1992-07-30,MISSING_VALUE,WARN,amount,7
1992-07-30,VWAP_OUT_OF_RANGE,ERROR,amount,14
1992-07-31,MISSING_VALUE,WARN,amount,7
1992-07-31,VWAP_OUT_OF_RANGE,ERROR,amount,14
1992-08-03,MISSING_VALUE,WARN,amount,7
1992-08-03,VWAP_OUT_OF_RANGE,ERROR,amount,14
1992-08-04,MISSING_VALUE,WARN,amount,7
1992-08-04,VWAP_OUT_OF_RANGE,ERROR,amount,21
1992-08-05,MISSING_VALUE,WARN,amount,7
1992-08-05,VWAP_OUT_OF_RANGE,ERROR,amount,15
1992-08-06,MISSING_VALUE,WARN,amount,7
1992-08-06,VWAP_OUT_OF_RANGE,ERROR,amount,15
1992-08-07,MISSING_VALUE,WARN,amount,7
1992-08-07,VWAP_OUT_OF_RANGE,ERROR,amount,16
1992-08-10,MISSING_VALUE,WARN,amount,7
1992-08-10,VWAP_OUT_OF_RANGE,ERROR,amount,16
1992-08-11,MISSING_VALUE,WARN,amount,7
1992-08-11,VWAP_OUT_OF_RANGE,ERROR,amount,16
1992-08-12,MISSING_VALUE,WARN,amount,7
1992-08-12,VWAP_OUT_OF_RANGE,ERROR,amount,16
1992-08-13,MISSING_VALUE,WARN,amount,7
1992-08-13,VWAP_OUT_OF_RANGE,ERROR,amount,16
1992-08-14,MISSING_VALUE,WARN,amount,7
1992-08-14,VWAP_OUT_OF_RANGE,ERROR,amount,17
1992-08-17,MISSING_VALUE,WARN,amount,7
1992-08-17,VWAP_OUT_OF_RANGE,ERROR,amount,17
1992-08-18,MISSING_VALUE,WARN,amount,7
1992-08-18,VWAP_OUT_OF_RANGE,ERROR,amount,17
1992-08-19,MISSING_VALUE,WARN,amount,7
1992-08-19,VWAP_OUT_OF_RANGE,ERROR,amount,17
1992-08-20,MISSING_VALUE,WARN,amount,7
1992-08-20,VWAP_OUT_OF_RANGE,ERROR,amount,18
1992-08-21,MISSING_VALUE,WARN,amount,7
1992-08-21,VWAP_OUT_OF_RANGE,ERROR,amount,18
1992-08-24,MISSING_VALUE,WARN,amount,7
1992-08-24,VWAP_OUT_OF_RANGE,ERROR,amount,18
1992-08-25,MISSING_VALUE,WARN,amount,7
1992-08-25,VWAP_OUT_OF_RANGE,ERROR,amount,18
1992-08-26,MISSING_VALUE,WARN,amount,7
1992-08-26,VWAP_OUT_OF_RANGE,ERROR,amount,18
1992-08-27,MISSING_VALUE,WARN,amount,7
1992-08-27,VWAP_OUT_OF_RANGE,ERROR,amount,18
1992-08-28,MISSING_VALUE,WARN,amount,8
1992-08-28,VWAP_OUT_OF_RANGE,ERROR,amount,18
1992-08-31,MISSING_VALUE,WARN,amount,8
1992-08-31,VWAP_OUT_OF_RANGE,ERROR,amount,24
1992-09-01,MISSING_VALUE,WARN,amount,8
1992-09-01,VWAP_OUT_OF_RANGE,ERROR,amount,18
1992-09-02,MISSING_VALUE,WARN,amount,8
1992-09-02,VWAP_OUT_OF_RANGE,ERROR,amount,19
1992-09-03,MISSING_VALUE,WARN,amount,8
1992-09-03,VWAP_OUT_OF_RANGE,ERROR,amount,19
1992-09-04,MISSING_VALUE,WARN,amount,8
1992-09-04,VWAP_OUT_OF_RANGE,ERROR,amount,19
1992-09-07,MISSING_VALUE,WARN,amount,8
1992-09-07,VWAP_OUT_OF_RANGE,ERROR,amount,19
1992-09-08,MISSING_VALUE,WARN,amount,8
1992-09-08,VWAP_OUT_OF_RANGE,ERROR,amount,19
1992-09-09,MISSING_VALUE,WARN,amount,8
1992-09-09,VWAP_OUT_OF_RANGE,ERROR,amount,19
1992-09-10,MISSING_VALUE,WARN,amount,8
1992-09-10,VWAP_OUT_OF_RANGE,ERROR,amount,20
1992-09-11,MISSING_VALUE,WARN,amount,8
1992-09-11,VWAP_OUT_OF_RANGE,ERROR,amount,20
1992-09-14,MISSING_VALUE,WARN,amount,8
1992-09-14,VWAP_OUT_OF_RANGE,ERROR,amount,20
1992-09-15,MISSING_VALUE,WARN,amount,8
1992-09-15,VWAP_OUT_OF_RANGE,ERROR,amount,20
1992-09-16,MISSING_VALUE,WARN,amount,8
1992-09-16,VWAP_OUT_OF_RANGE,ERROR,amount,20
1992-09-17,MISSING_VALUE,WARN,amount,8
1992-09-17,VWAP_OUT_OF_RANGE,ERROR,amount,20
1992-09-18,MISSING_VALUE,WARN,amount,8
1992-09-18,VWAP_OUT_OF_RANGE,ERROR,amount,20
1992-09-21,MISSING_VALUE,WARN,amount,8
1992-09-21,VWAP_OUT_OF_RANGE,ERROR,amount,20
1992-09-22,MISSING_VALUE,WARN,amount,8
1992-09-22,VWAP_OUT_OF_RANGE,ERROR,amount,20
1992-09-23,MISSING_VALUE,WARN,amount,8
1992-09-23,VWAP_OUT_OF_RANGE,ERROR,amount,20
1992-09-24,MISSING_VALUE,WARN,amount,8
1992-09-24,VWAP_OUT_OF_RANGE,ERROR,amount,20
1992-09-25,MISSING_VALUE,WARN,amount,8
1992-09-25,VWAP_OUT_OF_RANGE,ERROR,amount,21
1992-09-28,MISSING_VALUE,WARN,amount,8
1992-09-28,VWAP_OUT_OF_RANGE,ERROR,amount,21
1992-09-29,MISSING_VALUE,WARN,amount,8
1992-09-29,VWAP_OUT_OF_RANGE,ERROR,amount,21
1992-09-30,MISSING_VALUE,WARN,amount,8
1992-09-30,VWAP_OUT_OF_RANGE,ERROR,amount,21
1992-10-04,VWAP_OUT_OF_RANGE,ERROR,amount,3
1992-10-05,MISSING_VALUE,WARN,amount,8
1992-10-05,VWAP_OUT_OF_RANGE,ERROR,amount,21
1992-10-06,MISSING_VALUE,WARN,amount,8
1992-10-06,VWAP_OUT_OF_RANGE,ERROR,amount,21
1992-10-07,MISSING_VALUE,WARN,amount,8
1992-10-07,VWAP_OUT_OF_RANGE,ERROR,amount,21
1992-10-08,MISSING_VALUE,WARN,amount,8
1992-10-08,VWAP_OUT_OF_RANGE,ERROR,amount,21
1992-10-09,MISSING_VALUE,WARN,amount,8
1992-10-09,VWAP_OUT_OF_RANGE,ERROR,amount,21
1992-10-12,MISSING_VALUE,WARN,amount,8
1992-10-12,VWAP_OUT_OF_RANGE,ERROR,amount,22
1992-10-13,MISSING_VALUE,WARN,amount,8
1992-10-13,VWAP_OUT_OF_RANGE,ERROR,amount,22
1992-10-14,MISSING_VALUE,WARN,amount,8
1992-10-14,VWAP_OUT_OF_RANGE,ERROR,amount,22
1992-10-15,MISSING_VALUE,WARN,amount,8
1992-10-15,VWAP_OUT_OF_RANGE,ERROR,amount,22
1992-10-16,MISSING_VALUE,WARN,amount,8
1992-10-16,VWAP_OUT_OF_RANGE,ERROR,amount,22
1992-10-19,MISSING_VALUE,WARN,amount,8
1992-10-19,VWAP_OUT_OF_RANGE,ERROR,amount,22
1992-10-20,MISSING_VALUE,WARN,amount,8
1992-10-20,VWAP_OUT_OF_RANGE,ERROR,amount,22
1992-10-21,MISSING_VALUE,WARN,amount,8
1992-10-21,VWAP_OUT_OF_RANGE,ERROR,amount,22
1992-10-22,MISSING_VALUE,WARN,amount,8
1992-10-22,VWAP_OUT_OF_RANGE,ERROR,amount,22
1992-10-23,MISSING_VALUE,WARN,amount,8
1992-10-23,VWAP_OUT_OF_RANGE,ERROR,amount,22
1992-10-26,MISSING_VALUE,WARN,amount,8
1992-10-26,VWAP_OUT_OF_RANGE,ERROR,amount,22
1992-10-27,MISSING_VALUE,WARN,amount,8
1992-10-27,VWAP_OUT_OF_RANGE,ERROR,amount,22
1992-10-28,MISSING_VALUE,WARN,amount,8
1992-10-28,VWAP_OUT_OF_RANGE,ERROR,amount,22
1992-10-29,MISSING_VALUE,WARN,amount,8
1992-10-29,VWAP_OUT_OF_RANGE,ERROR,amount,22
1992-10-30,MISSING_VALUE,WARN,amount,8
1992-10-30,VWAP_OUT_OF_RANGE,ERROR,amount,22
1992-11-02,MISSING_VALUE,WARN,amount,8
1992-11-02,VWAP_OUT_OF_RANGE,ERROR,amount,22
1992-11-03,MISSING_VALUE,WARN,amount,8
1992-11-03,VWAP_OUT_OF_RANGE,ERROR,amount,22
1992-11-04,MISSING_VALUE,WARN,amount,8
1992-11-04,VWAP_OUT_OF_RANGE,ERROR,amount,22
1992-11-05,MISSING_VALUE,WARN,amount,8
1992-11-05,VWAP_OUT_OF_RANGE,ERROR,amount,22
1992-11-06,MISSING_VALUE,WARN,amount,8
1992-11-06,VWAP_OUT_OF_RANGE,ERROR,amount,22
1992-11-09,MISSING_VALUE,WARN,amount,8
1992-11-09,VWAP_OUT_OF_RANGE,ERROR,amount,22
1992-11-10,MISSING_VALUE,WARN,amount,8
1992-11-10,VWAP_OUT_OF_RANGE,ERROR,amount,22
1992-11-11,MISSING_VALUE,WARN,amount,8
1992-11-11,VWAP_OUT_OF_RANGE,ERROR,amount,22
1992-11-12,MISSING_VALUE,WARN,amount,8
1992-11-12,VWAP_OUT_OF_RANGE,ERROR,amount,23
1992-11-13,MISSING_VALUE,WARN,amount,8
1992-11-13,VWAP_OUT_OF_RANGE,ERROR,amount,24
1992-11-16,MISSING_VALUE,WARN,amount,8
1992-11-16,VWAP_OUT_OF_RANGE,ERROR,amount,25
1992-11-17,MISSING_VALUE,WARN,amount,8
1992-11-17,VWAP_OUT_OF_RANGE,ERROR,amount,24
1992-11-18,MISSING_VALUE,WARN,amount,8
1992-11-18,VWAP_OUT_OF_RANGE,ERROR,amount,24
1992-11-19,MISSING_VALUE,WARN,amount,8
1992-11-19,VWAP_OUT_OF_RANGE,ERROR,amount,24
1992-11-20,MISSING_VALUE,WARN,amount,8
1992-11-20,VWAP_OUT_OF_RANGE,ERROR,amount,32
1992-11-23,MISSING_VALUE,WARN,amount,9
1992-11-23,VWAP_OUT_OF_RANGE,ERROR,amount,25
1992-11-24,MISSING_VALUE,WARN,amount,9
1992-11-24,VWAP_OUT_OF_RANGE,ERROR,amount,25
1992-11-25,MISSING_VALUE,WARN,amount,9
1992-11-25,VWAP_OUT_OF_RANGE,ERROR,amount,25
1992-11-26,MISSING_VALUE,WARN,amount,9
1992-11-26,VWAP_OUT_OF_RANGE,ERROR,amount,25
1992-11-27,MISSING_VALUE,WARN,amount,9
1992-11-27,VWAP_OUT_OF_RANGE,ERROR,amount,26
1992-11-30,MISSING_VALUE,WARN,amount,9
1992-11-30,VWAP_OUT_OF_RANGE,ERROR,amount,26
1992-12-01,MISSING_VALUE,WARN,amount,9
1992-12-01,VWAP_OUT_OF_RANGE,ERROR,amount,24
1992-12-02,MISSING_VALUE,WARN,amount,9
1992-12-02,VWAP_OUT_OF_RANGE,ERROR,amount,25
1992-12-03,MISSING_VALUE,WARN,amount,9
1992-12-03,VWAP_OUT_OF_RANGE,ERROR,amount,28
1992-12-04,MISSING_VALUE,WARN,amount,9
1992-12-04,VWAP_OUT_OF_RANGE,ERROR,amount,29
1992-12-07,MISSING_VALUE,WARN,amount,9
1992-12-07,VWAP_OUT_OF_RANGE,ERROR,amount,29
1992-12-08,MISSING_VALUE,WARN,amount,9
1992-12-08,VWAP_OUT_OF_RANGE,ERROR,amount,37
1992-12-09,MISSING_VALUE,WARN,amount,9
1992-12-09,VWAP_OUT_OF_RANGE,ERROR,amount,28
1992-12-10,MISSING_VALUE,WARN,amount,9
1992-12-10,VWAP_OUT_OF_RANGE,ERROR,amount,10
1992-12-11,MISSING_VALUE,WARN,amount,9
1992-12-11,VWAP_OUT_OF_RANGE,ERROR,amount,9
1992-12-14,MISSING_VALUE,WARN,amount,9
1992-12-14,VWAP_OUT_OF_RANGE,ERROR,amount,5
1992-12-15,MISSING_VALUE,WARN,amount,9
1992-12-15,VWAP_OUT_OF_RANGE,ERROR,amount,20
1992-12-16,MISSING_VALUE,WARN,amount,9
1992-12-16,VWAP_OUT_OF_RANGE,ERROR,amount,6
1992-12-17,MISSING_VALUE,WARN,amount,9
1992-12-17,VWAP_OUT_OF_RANGE,ERROR,amount,5
1992-12-18,MISSING_VALUE,WARN,amount,9
1992-12-18,VWAP_OUT_OF_RANGE,ERROR,amount,6
1992-12-21,MISSING_VALUE,WARN,amount,9
1992-12-21,VWAP_OUT_OF_RANGE,ERROR,amount,8
1992-12-22,MISSING_VALUE,WARN,amount,9
1992-12-22,VWAP_OUT_OF_RANGE,ERROR,amount,6
1992-12-23,MISSING_VALUE,WARN,amount,9
1992-12-23,VWAP_OUT_OF_RANGE,ERROR,amount,7
1992-12-24,MISSING_VALUE,WARN,amount,9
1992-12-24,VWAP_OUT_OF_RANGE,ERROR,amount,6
1992-12-25,MISSING_VALUE,WARN,amount,9
1992-12-25,VWAP_OUT_OF_RANGE,ERROR,amount,6
1992-12-28,MISSING_VALUE,WARN,amount,9
1992-12-28,VWAP_OUT_OF_RANGE,ERROR,amount,7
1992-12-29,MISSING_VALUE,WARN,amount,9
1992-12-29,VWAP_OUT_OF_RANGE,ERROR,amount,6
1992-12-30,MISSING_VALUE,WARN,amount,9
1992-12-30,VWAP_OUT_OF_RANGE,ERROR,amount,6
1992-12-31,MISSING_VALUE,WARN,amount,9
1992-12-31,VWAP_OUT_OF_RANGE,ERROR,amount,6
1993-01-03,VWAP_OUT_OF_RANGE,ERROR,amount,5
1993-01-04,MISSING_VALUE,WARN,amount,10
1993-01-04,VWAP_OUT_OF_RANGE,ERROR,amount,5
1993-01-05,MISSING_VALUE,WARN,amount,9
1993-01-05,VWAP_OUT_OF_RANGE,ERROR,amount,6
1993-01-06,MISSING_VALUE,WARN,amount,10
1993-01-06,VWAP_OUT_OF_RANGE,ERROR,amount,6
1993-01-07,MISSING_VALUE,WARN,amount,10
1993-01-07,VWAP_OUT_OF_RANGE,ERROR,amount,6
1993-01-08,MISSING_VALUE,WARN,amount,10
1993-01-08,VWAP_OUT_OF_RANGE,ERROR,amount,6
1993-01-11,MISSING_VALUE,WARN,amount,10
1993-01-11,VWAP_OUT_OF_RANGE,ERROR,amount,5
1993-01-12,MISSING_VALUE,WARN,amount,10
1993-01-12,VWAP_OUT_OF_RANGE,ERROR,amount,5
1993-01-13,MISSING_VALUE,WARN,amount,10
1993-01-13,VWAP_OUT_OF_RANGE,ERROR,amount,5
1993-01-14,MISSING_VALUE,WARN,amount,10
1993-01-14,VWAP_OUT_OF_RANGE,ERROR,amount,5
1993-01-15,MISSING_VALUE,WARN,amount,10
1993-01-15,VWAP_OUT_OF_RANGE,ERROR,amount,5
1993-01-18,MISSING_VALUE,WARN,amount,11
1993-01-18,VWAP_OUT_OF_RANGE,ERROR,amount,5
1993-01-19,MISSING_VALUE,WARN,amount,11
1993-01-19,VWAP_OUT_OF_RANGE,ERROR,amount,5
1993-01-20,MISSING_VALUE,WARN,amount,12
1993-01-20,VWAP_OUT_OF_RANGE,ERROR,amount,1
1993-01-21,MISSING_VALUE,WARN,amount,12
1993-01-21,VWAP_OUT_OF_RANGE,ERROR,amount,1
1993-01-22,MISSING_VALUE,WARN,amount,12
1993-01-22,VWAP_OUT_OF_RANGE,ERROR,amount,1
1993-01-27,MISSING_VALUE,WARN,amount,12
1993-01-27,VWAP_OUT_OF_RANGE,ERROR,amount,1
1993-01-28,MISSING_VALUE,WARN,amount,12
1993-01-28,VWAP_OUT_OF_RANGE,ERROR,amount,1
1993-01-29,MISSING_VALUE,WARN,amount,12
1993-01-29,VWAP_OUT_OF_RANGE,ERROR,amount,1
1993-02-01,MISSING_VALUE,WARN,amount,11
1993-02-01,VWAP_OUT_OF_RANGE,ERROR,amount,5
1993-02-02,MISSING_VALUE,WARN,amount,11
1993-02-02,VWAP_OUT_OF_RANGE,ERROR,amount,5
1993-02-03,MISSING_VALUE,WARN,amount,11
1993-02-03,VWAP_OUT_OF_RANGE,ERROR,amount,5
1993-02-04,MISSING_VALUE,WARN,amount,11
1993-02-04,VWAP_OUT_OF_RANGE,ERROR,amount,5
1993-02-05,MISSING_VALUE,WARN,amount,11
1993-02-05,VWAP_OUT_OF_RANGE,ERROR,amount,5
1993-02-08,MISSING_VALUE,WARN,amount,11
1993-02-08,VWAP_OUT_OF_RANGE,ERROR,amount,5
1993-02-09,MISSING_VALUE,WARN,amount,11
1993-02-09,VWAP_OUT_OF_RANGE,ERROR,amount,5
1993-02-10,MISSING_VALUE,WARN,amount,11
1993-02-10,VWAP_OUT_OF_RANGE,ERROR,amount,5
1993-02-11,MISSING_VALUE,WARN,amount,11
1993-02-11,VWAP_OUT_OF_RANGE,ERROR,amount,5
1993-02-12,MISSING_VALUE,WARN,amount,11
1993-02-12,VWAP_OUT_OF_RANGE,ERROR,amount,5
1993-02-15,MISSING_VALUE,WARN,amount,11
1993-02-15,VWAP_OUT_OF_RANGE,ERROR,amount,5
1993-02-16,MISSING_VALUE,WARN,amount,11
1993-02-16,VWAP_OUT_OF_RANGE,ERROR,amount,6
1993-02-17,MISSING_VALUE,WARN,amount,11
1993-02-17,VWAP_OUT_OF_RANGE,ERROR,amount,7
1993-02-18,MISSING_VALUE,WARN,amount,11
1993-02-18,VWAP_OUT_OF_RANGE,ERROR,amount,5
1993-02-19,MISSING_VALUE,WARN,amount,13
1993-02-19,VWAP_OUT_OF_RANGE,ERROR,amount,5
1993-02-22,MISSING_VALUE,WARN,amount,13
1993-02-22,VWAP_OUT_OF_RANGE,ERROR,amount,5
1993-02-23,MISSING_VALUE,WARN,amount,13
1993-02-23,VWAP_OUT_OF_RANGE,ERROR,amount,5
1993-02-24,MISSING_VALUE,WARN,amount,13
1993-02-24,VWAP_OUT_OF_RANGE,ERROR,amount,5
1993-02-25,MISSING_VALUE,WARN,amount,13
1993-02-25,VWAP_OUT_OF_RANGE,ERROR,amount,5
1993-02-26,MISSING_VALUE,WARN,amount,13
1993-02-26,VWAP_OUT_OF_RANGE,ERROR,amount,5
1993-03-01,MISSING_VALUE,WARN,amount,13
1993-03-01,VWAP_OUT_OF_RANGE,ERROR,amount,5
1993-03-02,MISSING_VALUE,WARN,amount,13
1993-03-02,VWAP_OUT_OF_RANGE,ERROR,amount,5
1993-03-03,MISSING_VALUE,WARN,amount,13
1993-03-03,VWAP_OUT_OF_RANGE,ERROR,amount,5
1993-03-04,MISSING_VALUE,WARN,amount,14
1993-03-04,VWAP_OUT_OF_RANGE,ERROR,amount,5
1993-03-05,MISSING_VALUE,WARN,amount,14
1993-03-05,VWAP_OUT_OF_RANGE,ERROR,amount,5
1993-03-08,MISSING_VALUE,WARN,amount,14
1993-03-08,VWAP_OUT_OF_RANGE,ERROR,amount,5
1993-03-09,MISSING_VALUE,WARN,amount,14
1993-03-09,VWAP_OUT_OF_RANGE,ERROR,amount,5
1993-03-10,MISSING_VALUE,WARN,amount,14
1993-03-10,VWAP_OUT_OF_RANGE,ERROR,amount,5
1993-03-11,MISSING_VALUE,WARN,amount,14
1993-03-11,VWAP_OUT_OF_RANGE,ERROR,amount,5
1993-03-12,MISSING_VALUE,WARN,amount,14
1993-03-12,VWAP_OUT_OF_RANGE,ERROR,amount,6
1993-03-15,ADJ_FACTOR_CA_MISMATCH,WARN,fq_factor,1
1993-03-15,MISSING_VALUE,WARN,amount,14
1993-03-15,VWAP_OUT_OF_RANGE,ERROR,amount,5
1993-03-16,MISSING_VALUE,WARN,amount,14
1993-03-16,VWAP_OUT_OF_RANGE,ERROR,amount,5
1993-03-17,MISSING_VALUE,WARN,amount,14
1993-03-17,VWAP_OUT_OF_RANGE,ERROR,amount,4
1993-03-18,MISSING_VALUE,WARN,amount,14
1993-03-18,VWAP_OUT_OF_RANGE,ERROR,amount,6
1993-03-19,MISSING_VALUE,WARN,amount,14
1993-03-19,VWAP_OUT_OF_RANGE,ERROR,amount,6
1993-03-22,MISSING_VALUE,WARN,amount,14
1993-03-22,VWAP_OUT_OF_RANGE,ERROR,amount,6
1993-03-23,MISSING_VALUE,WARN,amount,14
1993-03-23,VWAP_OUT_OF_RANGE,ERROR,amount,6
1993-03-24,MISSING_VALUE,WARN,amount,14
1993-03-24,VWAP_OUT_OF_RANGE,ERROR,amount,7
1993-03-25,MISSING_VALUE,WARN,amount,14
1993-03-25,VWAP_OUT_OF_RANGE,ERROR,amount,5
1993-03-26,MISSING_VALUE,WARN,amount,14
1993-03-26,VWAP_OUT_OF_RANGE,ERROR,amount,6
1993-03-29,MISSING_VALUE,WARN,amount,14
1993-03-29,VWAP_OUT_OF_RANGE,ERROR,amount,6
1993-03-30,MISSING_VALUE,WARN,amount,14
1993-03-30,VWAP_OUT_OF_RANGE,ERROR,amount,6
1993-03-31,MISSING_VALUE,WARN,amount,14
1993-03-31,VWAP_OUT_OF_RANGE,ERROR,amount,5
1993-04-01,MISSING_VALUE,WARN,amount,14
1993-04-01,VWAP_OUT_OF_RANGE,ERROR,amount,4
1993-04-02,MISSING_VALUE,WARN,amount,14
1993-04-02,VWAP_OUT_OF_RANGE,ERROR,amount,5
1993-04-05,MISSING_VALUE,WARN,amount,14
1993-04-05,VWAP_OUT_OF_RANGE,ERROR,amount,4
1993-04-06,MISSING_VALUE,WARN,amount,14
1993-04-06,VWAP_OUT_OF_RANGE,ERROR,amount,4
1993-04-07,MISSING_VALUE,WARN,amount,14
1993-04-07,VWAP_OUT_OF_RANGE,ERROR,amount,4
1993-04-08,MISSING_VALUE,WARN,amount,14
1993-04-08,VWAP_OUT_OF_RANGE,ERROR,amount,4
1993-04-09,MISSING_VALUE,WARN,amount,14
1993-04-09,VWAP_OUT_OF_RANGE,ERROR,amount,4
1993-04-12,MISSING_VALUE,WARN,amount,14
1993-04-12,VWAP_OUT_OF_RANGE,ERROR,amount,4
1993-04-13,MISSING_VALUE,WARN,amount,15
1993-04-13,VWAP_OUT_OF_RANGE,ERROR,amount,4
1993-04-14,MISSING_VALUE,WARN,amount,15
1993-04-14,VWAP_OUT_OF_RANGE,ERROR,amount,4
1993-04-15,MISSING_VALUE,WARN,amount,14
1993-04-15,VWAP_OUT_OF_RANGE,ERROR,amount,4
1993-04-16,MISSING_VALUE,WARN,amount,14
1993-04-16,VWAP_OUT_OF_RANGE,ERROR,amount,4
1993-04-19,MISSING_VALUE,WARN,amount,14
1993-04-19,VWAP_OUT_OF_RANGE,ERROR,amount,4
1993-04-20,MISSING_VALUE,WARN,amount,14
1993-04-20,VWAP_OUT_OF_RANGE,ERROR,amount,4
1993-04-21,MISSING_VALUE,WARN,amount,14
1993-04-21,VWAP_OUT_OF_RANGE,ERROR,amount,4
1993-04-22,MISSING_VALUE,WARN,amount,14
1993-04-22,VWAP_OUT_OF_RANGE,ERROR,amount,4
1993-04-23,MISSING_VALUE,WARN,amount,14
1993-04-23,VWAP_OUT_OF_RANGE,ERROR,amount,4
1993-04-26,MISSING_VALUE,WARN,amount,14
1993-04-26,VWAP_OUT_OF_RANGE,ERROR,amount,4
1993-04-27,MISSING_VALUE,WARN,amount,14
1993-04-27,VWAP_OUT_OF_RANGE,ERROR,amount,5
1993-04-28,MISSING_VALUE,WARN,amount,14
1993-04-28,VWAP_OUT_OF_RANGE,ERROR,amount,4
1993-04-29,MISSING_VALUE,WARN,amount,14
1993-04-29,VWAP_OUT_OF_RANGE,ERROR,amount,4
1993-04-30,MISSING_VALUE,WARN,amount,15
1993-04-30,VWAP_OUT_OF_RANGE,ERROR,amount,4
1993-05-03,MISSING_VALUE,WARN,amount,15
1993-05-03,VWAP_OUT_OF_RANGE,ERROR,amount,18
1993-05-04,MISSING_VALUE,WARN,amount,17
1993-05-04,VWAP_OUT_OF_RANGE,ERROR,amount,4
1993-05-05,MISSING_VALUE,WARN,amount,17
1993-05-05,VWAP_OUT_OF_RANGE,ERROR,amount,5
1993-05-06,MISSING_VALUE,WARN,amount,17
1993-05-06,VWAP_OUT_OF_RANGE,ERROR,amount,19
1993-05-07,MISSING_VALUE,WARN,amount,17
1993-05-07,VWAP_OUT_OF_RANGE,ERROR,amount,6
1993-05-10,MISSING_VALUE,WARN,amount,17
1993-05-10,VWAP_OUT_OF_RANGE,ERROR,amount,4
1993-05-11,MISSING_VALUE,WARN,amount,17
1993-05-11,VWAP_OUT_OF_RANGE,ERROR,amount,4
1993-05-12,MISSING_VALUE,WARN,amount,17
1993-05-12,VWAP_OUT_OF_RANGE,ERROR,amount,4
1993-05-13,MISSING_VALUE,WARN,amount,17
1993-05-13,VWAP_OUT_OF_RANGE,ERROR,amount,4
1993-05-14,MISSING_VALUE,WARN,amount,17
1993-05-14,VWAP_OUT_OF_RANGE,ERROR,amount,4
1993-05-17,MISSING_VALUE,WARN,amount,17
1993-05-18,MISSING_VALUE,WARN,amount,18
1993-05-19,MISSING_VALUE,WARN,amount,18
1993-05-20,MISSING_VALUE,WARN,amount,18
1993-05-21,MISSING_VALUE,WARN,amount,18
1993-05-24,MISSING_VALUE,WARN,amount,18
1993-05-25,MISSING_VALUE,WARN,amount,18
1993-05-26,MISSING_VALUE,WARN,amount,18
1993-05-27,MISSING_VALUE,WARN,amount,18
1993-05-28,MISSING_VALUE,WARN,amount,19
1993-05-31,ADJ_FACTOR_CA_MISMATCH,WARN,fq_factor,1
1993-05-31,MISSING_VALUE,WARN,amount,19
1993-05-31,VWAP_OUT_OF_RANGE,ERROR,amount,2
1993-06-01,MISSING_VALUE,WARN,amount,19
1993-06-01,VWAP_OUT_OF_RANGE,ERROR,amount,1
1993-06-02,MISSING_VALUE,WARN,amount,19
1993-06-03,MISSING_VALUE,WARN,amount,19
1993-06-04,MISSING_VALUE,WARN,amount,19
1993-06-07,MISSING_VALUE,WARN,amount,19
1993-06-07,VWAP_OUT_OF_RANGE,ERROR,amount,3
1993-06-08,MISSING_VALUE,WARN,amount,19
1993-06-09,MISSING_VALUE,WARN,amount,19
1993-06-09,VWAP_OUT_OF_RANGE,ERROR,amount,1
1993-06-10,MISSING_VALUE,WARN,amount,19
1993-06-11,MISSING_VALUE,WARN,amount,19
1993-06-14,MISSING_VALUE,WARN,amount,19
1993-06-15,MISSING_VALUE,WARN,amount,19
1993-06-16,MISSING_VALUE,WARN,amount,19
1993-06-17,MISSING_VALUE,WARN,amount,19
1993-06-18,MISSING_VALUE,WARN,amount,19
1993-06-18,VWAP_OUT_OF_RANGE,ERROR,amount,1
1993-06-21,MISSING_VALUE,WARN,amount,19
1993-06-22,MISSING_VALUE,WARN,amount,19
1993-06-23,MISSING_VALUE,WARN,amount,19
1993-06-24,MISSING_VALUE,WARN,amount,19
1993-06-25,MISSING_VALUE,WARN,amount,19
1993-06-28,MISSING_VALUE,WARN,amount,19
1993-06-29,MISSING_VALUE,WARN,amount,19
1993-06-30,MISSING_VALUE,WARN,amount,19
1993-07-01,MISSING_VALUE,WARN,amount,19
1993-07-02,MISSING_VALUE,WARN,amount,19
1993-07-03,VWAP_OUT_OF_RANGE,ERROR,amount,1
1993-07-05,MISSING_VALUE,WARN,amount,19
1993-07-06,MISSING_VALUE,WARN,amount,19
1993-07-07,MISSING_VALUE,WARN,amount,19
1993-07-08,MISSING_VALUE,WARN,amount,19
1993-07-08,VWAP_OUT_OF_RANGE,ERROR,amount,1
1993-07-09,MISSING_VALUE,WARN,amount,19
1993-07-12,MISSING_VALUE,WARN,amount,20
1993-07-13,MISSING_VALUE,WARN,amount,20
1993-07-14,MISSING_VALUE,WARN,amount,20
1993-07-15,MISSING_VALUE,WARN,amount,20
1993-07-16,MISSING_VALUE,WARN,amount,20
1993-07-19,MISSING_VALUE,WARN,amount,20
1993-07-20,MISSING_VALUE,WARN,amount,21
1993-07-21,MISSING_VALUE,WARN,amount,20
1993-07-22,MISSING_VALUE,WARN,amount,20
1993-07-23,MISSING_VALUE,WARN,amount,20
1993-07-26,MISSING_VALUE,WARN,amount,20
1993-07-27,MISSING_VALUE,WARN,amount,21
1993-07-27,VWAP_OUT_OF_RANGE,ERROR,amount,1
1993-07-28,MISSING_VALUE,WARN,amount,20
1993-07-29,MISSING_VALUE,WARN,amount,20
1993-07-29,VWAP_OUT_OF_RANGE,ERROR,amount,1
1993-07-30,MISSING_VALUE,WARN,amount,20
1993-08-02,MISSING_VALUE,WARN,amount,20
1993-08-03,MISSING_VALUE,WARN,amount,20
1993-08-04,MISSING_VALUE,WARN,amount,20
1993-08-05,MISSING_VALUE,WARN,amount,20
1993-08-06,MISSING_VALUE,WARN,amount,21
1993-08-06,VWAP_OUT_OF_RANGE,ERROR,amount,3
1993-08-09,ADJ_FACTOR_CA_MISMATCH,WARN,fq_factor,1
1993-08-09,MISSING_VALUE,WARN,amount,23
1993-08-09,VWAP_OUT_OF_RANGE,ERROR,amount,1
1993-08-10,MISSING_VALUE,WARN,amount,22
1993-08-11,MISSING_VALUE,WARN,amount,22
1993-08-12,MISSING_VALUE,WARN,amount,22
1993-08-13,MISSING_VALUE,WARN,amount,22
1993-08-16,MISSING_VALUE,WARN,amount,22
1993-08-17,MISSING_VALUE,WARN,amount,22
1993-08-18,MISSING_VALUE,WARN,amount,22
1993-08-19,MISSING_VALUE,WARN,amount,22
1993-08-20,MISSING_VALUE,WARN,amount,22
1993-08-21,VWAP_OUT_OF_RANGE,ERROR,amount,1
1993-08-23,MISSING_VALUE,WARN,amount,22
1993-08-24,MISSING_VALUE,WARN,amount,22
1993-08-25,MISSING_VALUE,WARN,amount,22
1993-08-26,MISSING_VALUE,WARN,amount,22
1993-08-27,MISSING_VALUE,WARN,amount,22
1993-08-30,MISSING_VALUE,WARN,amount,22
1993-08-30,VWAP_OUT_OF_RANGE,ERROR,amount,5
1993-08-31,MISSING_VALUE,WARN,amount,22
1993-08-31,VWAP_OUT_OF_RANGE,ERROR,amount,5
1993-09-01,MISSING_VALUE,WARN,amount,22
1993-09-02,MISSING_VALUE,WARN,amount,22
1993-09-02,VWAP_OUT_OF_RANGE,ERROR,amount,5
1993-09-03,MISSING_VALUE,WARN,amount,22
1993-09-03,VWAP_OUT_OF_RANGE,ERROR,amount,3
1993-09-06,MISSING_VALUE,WARN,amount,22
1993-09-06,VWAP_OUT_OF_RANGE,ERROR,amount,2
1993-09-07,MISSING_VALUE,WARN,amount,22
1993-09-07,VWAP_OUT_OF_RANGE,ERROR,amount,12
1993-09-08,MISSING_VALUE,WARN,amount,22
1993-09-08,VWAP_OUT_OF_RANGE,ERROR,amount,4
1993-09-09,MISSING_VALUE,WARN,amount,22
1993-09-09,VWAP_OUT_OF_RANGE,ERROR,amount,5
1993-09-10,MISSING_VALUE,WARN,amount,22
1993-09-10,VWAP_OUT_OF_RANGE,ERROR,amount,2
1993-09-13,MISSING_VALUE,WARN,amount,22
1993-09-14,MISSING_VALUE,WARN,amount,22
1993-09-15,MISSING_VALUE,WARN,amount,22
1993-09-15,VWAP_OUT_OF_RANGE,ERROR,amount,2
1993-09-16,MISSING_VALUE,WARN,amount,22
1993-09-17,MISSING_VALUE,WARN,amount,24
1993-09-20,ADJ_FACTOR_CA_MISMATCH,WARN,fq_factor,1
1993-09-20,MISSING_VALUE,WARN,amount,23
1993-09-20,VWAP_OUT_OF_RANGE,ERROR,amount,3
1993-09-21,MISSING_VALUE,WARN,amount,23
1993-09-21,VWAP_OUT_OF_RANGE,ERROR,amount,2
1993-09-22,MISSING_VALUE,WARN,amount,23
1993-09-22,VWAP_OUT_OF_RANGE,ERROR,amount,6
1993-09-23,MISSING_VALUE,WARN,amount,23
1993-09-24,MISSING_VALUE,WARN,amount,23
1993-09-27,MISSING_VALUE,WARN,amount,23
1993-09-28,MISSING_VALUE,WARN,amount,24
1993-09-29,MISSING_VALUE,WARN,amount,24
1993-09-30,MISSING_VALUE,WARN,amount,24
1993-10-04,MISSING_VALUE,WARN,amount,24
1993-10-05,MISSING_VALUE,WARN,amount,24
1993-10-06,MISSING_VALUE,WARN,amount,24
1993-10-07,MISSING_VALUE,WARN,amount,24
1993-10-07,VWAP_OUT_OF_RANGE,ERROR,amount,1
1993-10-08,MISSING_VALUE,WARN,amount,24
1993-10-11,MISSING_VALUE,WARN,amount,24
1993-10-12,MISSING_VALUE,WARN,amount,24
1993-10-13,MISSING_VALUE,WARN,amount,24
1993-10-14,MISSING_VALUE,WARN,amount,24
1993-10-15,MISSING_VALUE,WARN,amount,24
1993-10-18,MISSING_VALUE,WARN,amount,25
1993-10-18,VWAP_OUT_OF_RANGE,ERROR,amount,1
1993-10-19,MISSING_VALUE,WARN,amount,25
1993-10-19,VWAP_OUT_OF_RANGE,ERROR,amount,2
1993-10-20,MISSING_VALUE,WARN,amount,25
1993-10-21,MISSING_VALUE,WARN,amount,25
1993-10-22,MISSING_VALUE,WARN,amount,25
1993-10-25,MISSING_VALUE,WARN,amount,25
1993-10-26,MISSING_VALUE,WARN,amount,25
1993-10-27,MISSING_VALUE,WARN,amount,25
1993-10-28,MISSING_VALUE,WARN,amount,25
1993-10-29,MISSING_VALUE,WARN,amount,25
1993-11-01,MISSING_VALUE,WARN,amount,25
1993-11-02,MISSING_VALUE,WARN,amount,25
1993-11-03,MISSING_VALUE,WARN,amount,25
1993-11-04,MISSING_VALUE,WARN,amount,25
1993-11-05,MISSING_VALUE,WARN,amount,25
1993-11-08,MISSING_VALUE,WARN,amount,27
1993-11-09,MISSING_VALUE,WARN,amount,27
1993-11-10,MISSING_VALUE,WARN,amount,27
1993-11-11,MISSING_VALUE,WARN,amount,27
1993-11-12,MISSING_VALUE,WARN,amount,28
1993-11-15,MISSING_VALUE,WARN,amount,28
1993-11-16,MISSING_VALUE,WARN,amount,28
1993-11-17,MISSING_VALUE,WARN,amount,28
1993-11-18,MISSING_VALUE,WARN,amount,28
1993-11-19,MISSING_VALUE,WARN,amount,28
1993-11-22,MISSING_VALUE,WARN,amount,29
1993-11-23,MISSING_VALUE,WARN,amount,29
1993-11-24,MISSING_VALUE,WARN,amount,29
1993-11-25,MISSING_VALUE,WARN,amount,29
1993-11-26,MISSING_VALUE,WARN,amount,29
1993-11-29,MISSING_VALUE,WARN,amount,29
1993-11-30,MISSING_VALUE,WARN,amount,30
1993-12-01,MISSING_VALUE,WARN,amount,31
1993-12-02,MISSING_VALUE,WARN,amount,31
1993-12-03,MISSING_VALUE,WARN,amount,31
1993-12-06,MISSING_VALUE,WARN,amount,31
1993-12-07,MISSING_VALUE,WARN,amount,31
1993-12-08,MISSING_VALUE,WARN,amount,31
1993-12-09,MISSING_VALUE,WARN,amount,31
1993-12-10,MISSING_VALUE,WARN,amount,31
1993-12-13,MISSING_VALUE,WARN,amount,31
1993-12-14,MISSING_VALUE,WARN,amount,31
1993-12-15,MISSING_VALUE,WARN,amount,31
1993-12-16,MISSING_VALUE,WARN,amount,31
1993-12-17,MISSING_VALUE,WARN,amount,31
1993-12-20,MISSING_VALUE,WARN,amount,32
1993-12-21,MISSING_VALUE,WARN,amount,32
1993-12-22,MISSING_VALUE,WARN,amount,32
1993-12-23,MISSING_VALUE,WARN,amount,32
1993-12-24,MISSING_VALUE,WARN,amount,32
1993-12-27,MISSING_VALUE,WARN,amount,32
1993-12-28,MISSING_VALUE,WARN,amount,32
1993-12-29,MISSING_VALUE,WARN,amount,32
1993-12-30,MISSING_VALUE,WARN,amount,32
1993-12-30,VWAP_OUT_OF_RANGE,ERROR,amount,2
1993-12-31,MISSING_VALUE,WARN,amount,32
1994-01-03,MISSING_VALUE,WARN,amount,34
1994-01-04,MISSING_VALUE,WARN,amount,34
1994-01-05,MISSING_VALUE,WARN,amount,34
1994-01-06,MISSING_VALUE,WARN,amount,35
1994-01-07,MISSING_VALUE,WARN,amount,35
1994-01-10,MISSING_VALUE,WARN,amount,35
1994-01-11,MISSING_VALUE,WARN,amount,35
1994-01-12,MISSING_VALUE,WARN,amount,35
1994-01-13,MISSING_VALUE,WARN,amount,35
1994-01-13,VWAP_OUT_OF_RANGE,ERROR,amount,1
1994-01-14,MISSING_VALUE,WARN,amount,36
1994-01-17,MISSING_VALUE,WARN,amount,36
1994-01-18,MISSING_VALUE,WARN,amount,36
1994-01-19,MISSING_VALUE,WARN,amount,36
1994-01-19,VWAP_OUT_OF_RANGE,ERROR,amount,1
1994-01-20,MISSING_VALUE,WARN,amount,36
1994-01-21,MISSING_VALUE,WARN,amount,36
1994-01-24,MISSING_VALUE,WARN,amount,36
1994-01-25,MISSING_VALUE,WARN,amount,36
1994-01-26,MISSING_VALUE,WARN,amount,36
1994-01-27,MISSING_VALUE,WARN,amount,36
1994-01-27,VWAP_OUT_OF_RANGE,ERROR,amount,1
1994-01-28,MISSING_VALUE,WARN,amount,36
1994-01-31,MISSING_VALUE,WARN,amount,36
1994-02-01,MISSING_VALUE,WARN,amount,36
1994-02-02,MISSING_VALUE,WARN,amount,38
1994-02-03,MISSING_VALUE,WARN,amount,38
1994-02-04,MISSING_VALUE,WARN,amount,39
1994-02-14,MISSING_VALUE,WARN,amount,39
1994-02-15,MISSING_VALUE,WARN,amount,39
1994-02-16,MISSING_VALUE,WARN,amount,39
1994-02-17,MISSING_VALUE,WARN,amount,39
1994-02-17,VWAP_OUT_OF_RANGE,ERROR,amount,64
1994-02-18,MISSING_VALUE,WARN,amount,39
1994-02-21,MISSING_VALUE,WARN,amount,39
1994-02-22,MISSING_VALUE,WARN,amount,39
1994-02-23,MISSING_VALUE,WARN,amount,39
1994-02-24,MISSING_VALUE,WARN,amount,42
1994-02-25,MISSING_VALUE,WARN,amount,42
1994-02-28,MISSING_VALUE,WARN,amount,42
1994-02-28,VWAP_OUT_OF_RANGE,ERROR,amount,1
1994-03-01,MISSING_VALUE,WARN,amount,42
1994-03-02,MISSING_VALUE,WARN,amount,42
1994-03-03,MISSING_VALUE,WARN,amount,42
1994-03-04,MISSING_VALUE,WARN,amount,42
1994-03-07,MISSING_VALUE,WARN,amount,42
1994-03-07,VWAP_OUT_OF_RANGE,ERROR,amount,1
1994-03-08,MISSING_VALUE,WARN,amount,42
1994-03-09,MISSING_VALUE,WARN,amount,42
1994-03-10,MISSING_VALUE,WARN,amount,42
1994-03-11,MISSING_VALUE,WARN,amount,44
1994-03-14,MISSING_VALUE,WARN,amount,44
1994-03-15,MISSING_VALUE,WARN,amount,44
1994-03-16,MISSING_VALUE,WARN,amount,44
1994-03-17,MISSING_VALUE,WARN,amount,44
1994-03-18,MISSING_VALUE,WARN,amount,44
1994-03-21,MISSING_VALUE,WARN,amount,44
1994-03-22,MISSING_VALUE,WARN,amount,44
1994-03-23,MISSING_VALUE,WARN,amount,44
1994-03-24,MISSING_VALUE,WARN,amount,44
1994-03-25,MISSING_VALUE,WARN,amount,44
1994-03-28,MISSING_VALUE,WARN,amount,44
1994-03-28,VWAP_OUT_OF_RANGE,ERROR,amount,1
1994-03-29,MISSING_VALUE,WARN,amount,44
1994-03-30,MISSING_VALUE,WARN,amount,44
1994-03-31,MISSING_VALUE,WARN,amount,44
1994-04-01,MISSING_VALUE,WARN,amount,44
1994-04-04,ADJ_FACTOR_CA_MISMATCH,WARN,fq_factor,1
1994-04-04,MISSING_VALUE,WARN,amount,45
1994-04-04,VWAP_OUT_OF_RANGE,ERROR,amount,1
1994-04-05,MISSING_VALUE,WARN,amount,45
1994-04-05,VWAP_OUT_OF_RANGE,ERROR,amount,1
1994-04-06,MISSING_VALUE,WARN,amount,46
1994-04-07,MISSING_VALUE,WARN,amount,46
1994-04-08,MISSING_VALUE,WARN,amount,45
1994-04-11,MISSING_VALUE,WARN,amount,45
1994-04-11,VWAP_OUT_OF_RANGE,ERROR,amount,1
1994-04-12,MISSING_VALUE,WARN,amount,45
1994-04-12,VWAP_OUT_OF_RANGE,ERROR,amount,1
1994-04-13,MISSING_VALUE,WARN,amount,45
1994-04-14,MISSING_VALUE,WARN,amount,45
1994-04-15,ADJ_FACTOR_CA_MISMATCH,WARN,fq_factor,1
1994-04-15,MISSING_VALUE,WARN,amount,45
1994-04-18,MISSING_VALUE,WARN,amount,45
1994-04-19,MISSING_VALUE,WARN,amount,45
1994-04-20,MISSING_VALUE,WARN,amount,45
1994-04-21,MISSING_VALUE,WARN,amount,46
1994-04-22,MISSING_VALUE,WARN,amount,45
1994-04-25,ADJ_FACTOR_CA_MISMATCH,WARN,fq_factor,2
1994-04-25,MISSING_VALUE,WARN,amount,47
1994-04-26,MISSING_VALUE,WARN,amount,47
1994-04-27,MISSING_VALUE,WARN,amount,47
1994-04-28,MISSING_VALUE,WARN,amount,48
1994-04-29,MISSING_VALUE,WARN,amount,47
1994-05-03,ADJ_FACTOR_CA_MISMATCH,WARN,fq_factor,2
1994-05-03,MISSING_VALUE,WARN,amount,47
1994-05-04,MISSING_VALUE,WARN,amount,47
1994-05-05,MISSING_VALUE,WARN,amount,47
1994-05-06,MISSING_VALUE,WARN,amount,47
1994-05-06,VWAP_OUT_OF_RANGE,ERROR,amount,1
1994-05-09,MISSING_VALUE,WARN,amount,47
1994-05-10,MISSING_VALUE,WARN,amount,47
1994-05-11,MISSING_VALUE,WARN,amount,47
1994-05-12,MISSING_VALUE,WARN,amount,47
1994-05-13,MISSING_VALUE,WARN,amount,47
1994-05-16,ADJ_FACTOR_CA_MISMATCH,WARN,fq_factor,4
1994-05-16,MISSING_VALUE,WARN,amount,47
1994-05-17,MISSING_VALUE,WARN,amount,47
1994-05-18,MISSING_VALUE,WARN,amount,47
1994-05-19,MISSING_VALUE,WARN,amount,47
1994-05-20,MISSING_VALUE,WARN,amount,47
1994-05-23,ADJ_FACTOR_CA_MISMATCH,WARN,fq_factor,3
1994-05-23,MISSING_VALUE,WARN,amount,48
1994-05-24,MISSING_VALUE,WARN,amount,47
1994-05-25,MISSING_VALUE,WARN,amount,48
1994-05-26,MISSING_VALUE,WARN,amount,48
1994-05-27,MISSING_VALUE,WARN,amount,48
1994-05-30,ADJ_FACTOR_CA_MISMATCH,WARN,fq_factor,4
1994-05-30,MISSING_VALUE,WARN,amount,48
1994-05-31,ADJ_FACTOR_CA_MISMATCH,WARN,fq_factor,1
1994-05-31,MISSING_VALUE,WARN,amount,48
1994-06-01,MISSING_VALUE,WARN,amount,48
1994-06-02,MISSING_VALUE,WARN,amount,48
1994-06-03,MISSING_VALUE,WARN,amount,48
1994-06-06,ADJ_FACTOR_CA_MISMATCH,WARN,fq_factor,1
1994-06-06,MISSING_VALUE,WARN,amount,48
1994-06-06,VWAP_OUT_OF_RANGE,ERROR,amount,1
1994-06-07,MISSING_VALUE,WARN,amount,48
1994-06-08,MISSING_VALUE,WARN,amount,48
1994-06-09,MISSING_VALUE,WARN,amount,48
1994-06-09,VWAP_OUT_OF_RANGE,ERROR,amount,6
1994-06-10,MISSING_VALUE,WARN,amount,48
1994-06-13,MISSING_VALUE,WARN,amount,48
1994-06-14,MISSING_VALUE,WARN,amount,48
1994-06-15,MISSING_VALUE,WARN,amount,48
1994-06-16,MISSING_VALUE,WARN,amount,48
1994-06-17,MISSING_VALUE,WARN,amount,48
1994-06-20,MISSING_VALUE,WARN,amount,48
1994-06-21,MISSING_VALUE,WARN,amount,48
1994-06-22,MISSING_VALUE,WARN,amount,48
1994-06-23,MISSING_VALUE,WARN,amount,48
1994-06-24,MISSING_VALUE,WARN,amount,48
1994-06-27,ADJ_FACTOR_CA_MISMATCH,WARN,fq_factor,2
1994-06-27,MISSING_VALUE,WARN,amount,48
1994-06-28,MISSING_VALUE,WARN,amount,48
1994-06-29,MISSING_VALUE,WARN,amount,48
1994-06-30,ADJ_FACTOR_CA_MISMATCH,WARN,fq_factor,1
1994-06-30,MISSING_VALUE,WARN,amount,48
1994-07-01,MISSING_VALUE,WARN,amount,48
1994-07-04,MISSING_VALUE,WARN,amount,48
1994-07-05,MISSING_VALUE,WARN,amount,49
1994-07-06,MISSING_VALUE,WARN,amount,49
1994-07-07,MISSING_VALUE,WARN,amount,49
1994-07-08,ADJ_FACTOR_CA_MISMATCH,WARN,fq_factor,1
1994-07-08,MISSING_VALUE,WARN,amount,48
1994-07-11,MISSING_VALUE,WARN,amount,48
1994-07-12,MISSING_VALUE,WARN,amount,48
1994-07-12,VWAP_OUT_OF_RANGE,ERROR,amount,1
1994-07-13,MISSING_VALUE,WARN,amount,48
1994-07-14,MISSING_VALUE,WARN,amount,48
1994-07-15,MISSING_VALUE,WARN,amount,48
1994-07-18,MISSING_VALUE,WARN,amount,48
1994-07-19,MISSING_VALUE,WARN,amount,48
1994-07-20,MISSING_VALUE,WARN,amount,48
1994-07-21,MISSING_VALUE,WARN,amount,48
1994-07-22,MISSING_VALUE,WARN,amount,48
1994-07-25,MISSING_VALUE,WARN,amount,48
1994-07-26,MISSING_VALUE,WARN,amount,48
1994-07-27,MISSING_VALUE,WARN,amount,48
1994-07-28,ADJ_NEGATIVE,ERROR,adj_factor,1
1994-07-28,MISSING_VALUE,WARN,amount,48
1994-07-29,ADJ_NEGATIVE,ERROR,adj_factor,1
1994-07-29,MISSING_VALUE,WARN,amount,48
1994-08-01,MISSING_VALUE,WARN,amount,48
1994-08-02,MISSING_VALUE,WARN,amount,48
1994-08-03,MISSING_VALUE,WARN,amount,48
1994-08-04,MISSING_VALUE,WARN,amount,48
1994-08-05,MISSING_VALUE,WARN,amount,48
1994-08-05,VWAP_OUT_OF_RANGE,ERROR,amount,2
1994-08-08,MISSING_VALUE,WARN,amount,49
1994-08-08,VWAP_OUT_OF_RANGE,ERROR,amount,1
1994-08-09,MISSING_VALUE,WARN,amount,49
1994-08-10,MISSING_VALUE,WARN,amount,49
1994-08-10,VWAP_OUT_OF_RANGE,ERROR,amount,1
1994-08-11,MISSING_VALUE,WARN,amount,49
1994-08-11,VWAP_OUT_OF_RANGE,ERROR,amount,2
1994-08-12,MISSING_VALUE,WARN,amount,49
1994-08-15,MISSING_VALUE,WARN,amount,49
1994-08-16,MISSING_VALUE,WARN,amount,49
1994-08-17,MISSING_VALUE,WARN,amount,49
1994-08-18,MISSING_VALUE,WARN,amount,49
1994-08-19,MISSING_VALUE,WARN,amount,49
1994-08-22,ADJ_FACTOR_CA_MISMATCH,WARN,fq_factor,1
1994-08-22,MISSING_VALUE,WARN,amount,49
1994-08-23,MISSING_VALUE,WARN,amount,49
1994-08-24,MISSING_VALUE,WARN,amount,49
1994-08-25,MISSING_VALUE,WARN,amount,49
1994-08-26,MISSING_VALUE,WARN,amount,49
1994-08-29,MISSING_VALUE,WARN,amount,49
1994-08-30,MISSING_VALUE,WARN,amount,49
1994-08-31,MISSING_VALUE,WARN,amount,49
1994-08-31,VWAP_OUT_OF_RANGE,ERROR,amount,1
1994-09-01,MISSING_VALUE,WARN,amount,49
1994-09-01,VWAP_OUT_OF_RANGE,ERROR,amount,1
1994-09-02,MISSING_VALUE,WARN,amount,49
1994-09-05,MISSING_VALUE,WARN,amount,49
1994-09-06,MISSING_VALUE,WARN,amount,49
1994-09-07,MISSING_VALUE,WARN,amount,49
1994-09-08,MISSING_VALUE,WARN,amount,49
1994-09-09,MISSING_VALUE,WARN,amount,49
1994-09-12,MISSING_VALUE,WARN,amount,50
1994-09-13,MISSING_VALUE,WARN,amount,50
1994-09-14,MISSING_VALUE,WARN,amount,50
1994-09-14,VWAP_OUT_OF_RANGE,ERROR,amount,1
1994-09-15,MISSING_VALUE,WARN,amount,50
1994-09-16,MISSING_VALUE,WARN,amount,50
1994-09-19,MISSING_VALUE,WARN,amount,50
1994-09-20,MISSING_VALUE,WARN,amount,50
1994-09-21,MISSING_VALUE,WARN,amount,50
1994-09-22,MISSING_VALUE,WARN,amount,50
1994-09-23,MISSING_VALUE,WARN,amount,50
1994-09-26,MISSING_VALUE,WARN,amount,50
1994-09-27,MISSING_VALUE,WARN,amount,50
1994-09-28,MISSING_VALUE,WARN,amount,50
1994-09-29,MISSING_VALUE,WARN,amount,50
1994-09-30,MISSING_VALUE,WARN,amount,50
1994-10-05,ADJ_FACTOR_CA_MISMATCH,WARN,fq_factor,1
1994-10-05,MISSING_VALUE,WARN,amount,50
1994-10-06,MISSING_VALUE,WARN,amount,50
1994-10-07,MISSING_VALUE,WARN,amount,50
1994-10-10,MISSING_VALUE,WARN,amount,50
1994-10-11,MISSING_VALUE,WARN,amount,50
1994-10-12,MISSING_VALUE,WARN,amount,50
1994-10-13,MISSING_VALUE,WARN,amount,50
1994-10-14,MISSING_VALUE,WARN,amount,50
1994-10-17,MISSING_VALUE,WARN,amount,50
1994-10-18,MISSING_VALUE,WARN,amount,50
1994-10-19,MISSING_VALUE,WARN,amount,50
1994-10-20,MISSING_VALUE,WARN,amount,50
1994-10-20,VWAP_OUT_OF_RANGE,ERROR,amount,1
1994-10-21,MISSING_VALUE,WARN,amount,50
1994-10-24,ADJ_FACTOR_CA_MISMATCH,WARN,fq_factor,1
1994-10-24,MISSING_VALUE,WARN,amount,50
1994-10-25,MISSING_VALUE,WARN,amount,50
1994-10-26,MISSING_VALUE,WARN,amount,50
1994-10-27,MISSING_VALUE,WARN,amount,50
1994-10-28,MISSING_VALUE,WARN,amount,50
1994-10-31,MISSING_VALUE,WARN,amount,50
1994-11-01,MISSING_VALUE,WARN,amount,50
1994-11-02,MISSING_VALUE,WARN,amount,50
1994-11-03,MISSING_VALUE,WARN,amount,50
1994-11-04,MISSING_VALUE,WARN,amount,50
1994-11-07,ADJ_FACTOR_CA_MISMATCH,WARN,fq_factor,1
1994-11-07,MISSING_VALUE,WARN,amount,50
1994-11-08,MISSING_VALUE,WARN,amount,50
1994-11-09,MISSING_VALUE,WARN,amount,50
1994-11-10,MISSING_VALUE,WARN,amount,50
1994-11-11,MISSING_VALUE,WARN,amount,50
1994-11-14,MISSING_VALUE,WARN,amount,50
1994-11-15,MISSING_VALUE,WARN,amount,50
1994-11-16,MISSING_VALUE,WARN,amount,50
1994-11-17,MISSING_VALUE,WARN,amount,50
1994-11-18,MISSING_VALUE,WARN,amount,50
1994-11-21,MISSING_VALUE,WARN,amount,50
1994-11-22,MISSING_VALUE,WARN,amount,50
1994-11-23,MISSING_VALUE,WARN,amount,50
1994-11-24,MISSING_VALUE,WARN,amount,50
1994-11-25,MISSING_VALUE,WARN,amount,50
1994-11-28,MISSING_VALUE,WARN,amount,50
1994-11-29,MISSING_VALUE,WARN,amount,50
1994-11-30,MISSING_VALUE,WARN,amount,50
1994-12-01,MISSING_VALUE,WARN,amount,50
1994-12-02,MISSING_VALUE,WARN,amount,50
1994-12-05,ADJ_FACTOR_CA_MISMATCH,WARN,fq_factor,1
1994-12-05,MISSING_VALUE,WARN,amount,50
1994-12-06,MISSING_VALUE,WARN,amount,50
1994-12-07,MISSING_VALUE,WARN,amount,50
1994-12-08,MISSING_VALUE,WARN,amount,50
1994-12-09,MISSING_VALUE,WARN,amount,50
1994-12-12,ADJ_FACTOR_CA_MISMATCH,WARN,fq_factor,1
1994-12-12,MISSING_VALUE,WARN,amount,50
1994-12-13,MISSING_VALUE,WARN,amount,50
1994-12-14,MISSING_VALUE,WARN,amount,50
1994-12-15,MISSING_VALUE,WARN,amount,50
1994-12-16,MISSING_VALUE,WARN,amount,50
1994-12-19,MISSING_VALUE,WARN,amount,50
1994-12-20,MISSING_VALUE,WARN,amount,50
1994-12-21,MISSING_VALUE,WARN,amount,50
1994-12-22,MISSING_VALUE,WARN,amount,50
1994-12-23,MISSING_VALUE,WARN,amount,50
1994-12-26,MISSING_VALUE,WARN,amount,50
1994-12-27,MISSING_VALUE,WARN,amount,50
1994-12-28,MISSING_VALUE,WARN,amount,50
1994-12-29,MISSING_VALUE,WARN,amount,50
1994-12-30,MISSING_VALUE,WARN,amount,50
1995-01-03,MISSING_VALUE,WARN,amount,50
1995-01-03,VWAP_OUT_OF_RANGE,ERROR,amount,1
1995-01-04,MISSING_VALUE,WARN,amount,50
1995-01-05,MISSING_VALUE,WARN,amount,50
1995-01-06,MISSING_VALUE,WARN,amount,50
1995-01-09,MISSING_VALUE,WARN,amount,50
1995-01-10,MISSING_VALUE,WARN,amount,50
1995-01-11,MISSING_VALUE,WARN,amount,50
1995-01-12,MISSING_VALUE,WARN,amount,50
1995-01-13,MISSING_VALUE,WARN,amount,50
1995-01-16,MISSING_VALUE,WARN,amount,50
1995-01-17,MISSING_VALUE,WARN,amount,50
1995-01-18,MISSING_VALUE,WARN,amount,50
1995-01-19,MISSING_VALUE,WARN,amount,50
1995-01-20,MISSING_VALUE,WARN,amount,50
1995-01-23,MISSING_VALUE,WARN,amount,50
1995-01-24,MISSING_VALUE,WARN,amount,50
1995-01-25,MISSING_VALUE,WARN,amount,50
1995-01-26,MISSING_VALUE,WARN,amount,50
1995-01-27,MISSING_VALUE,WARN,amount,50
1995-02-06,MISSING_VALUE,WARN,amount,51
1995-02-07,MISSING_VALUE,WARN,amount,51
1995-02-08,MISSING_VALUE,WARN,amount,51
1995-02-09,MISSING_VALUE,WARN,amount,51
1995-02-10,MISSING_VALUE,WARN,amount,51
1995-02-13,MISSING_VALUE,WARN,amount,50
1995-02-14,MISSING_VALUE,WARN,amount,50
1995-02-14,VWAP_OUT_OF_RANGE,ERROR,amount,76
1995-02-15,MISSING_VALUE,WARN,amount,50
1995-02-16,MISSING_VALUE,WARN,amount,50
1995-02-17,MISSING_VALUE,WARN,amount,50
1995-02-20,MISSING_VALUE,WARN,amount,50
1995-02-21,MISSING_VALUE,WARN,amount,50
1995-02-22,MISSING_VALUE,WARN,amount,50
1995-02-23,MISSING_VALUE,WARN,amount,50
1995-02-24,MISSING_VALUE,WARN,amount,50
1995-02-27,MISSING_VALUE,WARN,amount,50
1995-02-28,MISSING_VALUE,WARN,amount,51
1995-02-28,VWAP_OUT_OF_RANGE,ERROR,amount,5
1995-03-01,MISSING_VALUE,WARN,amount,51
1995-03-02,MISSING_VALUE,WARN,amount,51
1995-03-02,VWAP_OUT_OF_RANGE,ERROR,amount,68
1995-03-03,MISSING_VALUE,WARN,amount,52
1995-03-06,MISSING_VALUE,WARN,amount,52
1995-03-06,VWAP_OUT_OF_RANGE,ERROR,amount,137
1995-03-07,MISSING_VALUE,WARN,amount,52
1995-03-08,MISSING_VALUE,WARN,amount,52
1995-03-08,VWAP_OUT_OF_RANGE,ERROR,amount,134
1995-03-09,MISSING_VALUE,WARN,amount,52
1995-03-10,MISSING_VALUE,WARN,amount,52
1995-03-13,MISSING_VALUE,WARN,amount,52
1995-03-14,MISSING_VALUE,WARN,amount,52
1995-03-15,MISSING_VALUE,WARN,amount,52
1995-03-16,MISSING_VALUE,WARN,amount,52
1995-03-17,MISSING_VALUE,WARN,amount,52
1995-03-20,MISSING_VALUE,WARN,amount,52
1995-03-21,MISSING_VALUE,WARN,amount,52
1995-03-22,MISSING_VALUE,WARN,amount,52
1995-03-23,MISSING_VALUE,WARN,amount,52
1995-03-24,MISSING_VALUE,WARN,amount,52
1995-03-27,MISSING_VALUE,WARN,amount,52
1995-03-28,MISSING_VALUE,WARN,amount,52
1995-03-29,MISSING_VALUE,WARN,amount,52
1995-03-30,MISSING_VALUE,WARN,amount,52
1995-03-31,MISSING_VALUE,WARN,amount,52
1995-04-03,ADJ_FACTOR_CA_MISMATCH,WARN,fq_factor,1
1995-04-03,MISSING_VALUE,WARN,amount,52
1995-04-04,MISSING_VALUE,WARN,amount,52
1995-04-05,MISSING_VALUE,WARN,amount,52
1995-04-06,MISSING_VALUE,WARN,amount,52
1995-04-07,MISSING_VALUE,WARN,amount,52
1995-04-10,MISSING_VALUE,WARN,amount,52
1995-04-11,MISSING_VALUE,WARN,amount,52
1995-04-11,VWAP_OUT_OF_RANGE,ERROR,amount,2
1995-04-12,MISSING_VALUE,WARN,amount,52
1995-04-13,MISSING_VALUE,WARN,amount,52
1995-04-14,MISSING_VALUE,WARN,amount,52
1995-04-17,ADJ_FACTOR_CA_MISMATCH,WARN,fq_factor,1
1995-04-17,MISSING_VALUE,WARN,amount,52
1995-04-18,MISSING_VALUE,WARN,amount,52
1995-04-19,MISSING_VALUE,WARN,amount,52
1995-04-20,MISSING_VALUE,WARN,amount,52
1995-04-21,MISSING_VALUE,WARN,amount,52
1995-04-24,ADJ_FACTOR_CA_MISMATCH,WARN,fq_factor,2
1995-04-24,MISSING_VALUE,WARN,amount,52
1995-04-25,ADJ_FACTOR_CA_MISMATCH,WARN,fq_factor,3
1995-04-25,MISSING_VALUE,WARN,amount,52
1995-04-26,MISSING_VALUE,WARN,amount,52
1995-04-27,ADJ_FACTOR_CA_MISMATCH,WARN,fq_factor,1
1995-04-27,MISSING_VALUE,WARN,amount,52
1995-04-28,MISSING_VALUE,WARN,amount,52
1995-05-02,ADJ_FACTOR_CA_MISMATCH,WARN,fq_factor,2
1995-05-02,MISSING_VALUE,WARN,amount,52
1995-05-03,ADJ_FACTOR_CA_MISMATCH,WARN,fq_factor,1
1995-05-03,MISSING_VALUE,WARN,amount,52
1995-05-04,MISSING_VALUE,WARN,amount,52
1995-05-05,MISSING_VALUE,WARN,amount,52
1995-05-08,ADJ_FACTOR_CA_MISMATCH,WARN,fq_factor,3
1995-05-08,MISSING_VALUE,WARN,amount,52
1995-05-09,MISSING_VALUE,WARN,amount,52
1995-05-10,ADJ_FACTOR_CA_MISMATCH,WARN,fq_factor,5
1995-05-10,MISSING_VALUE,WARN,amount,52
1995-05-11,MISSING_VALUE,WARN,amount,52
1995-05-12,MISSING_VALUE,WARN,amount,52
1995-05-15,ADJ_FACTOR_CA_MISMATCH,WARN,fq_factor,8
1995-05-15,MISSING_VALUE,WARN,amount,52
1995-05-16,ADJ_FACTOR_CA_MISMATCH,WARN,fq_factor,2
1995-05-16,MISSING_VALUE,WARN,amount,52
1995-05-17,MISSING_VALUE,WARN,amount,52
1995-05-18,MISSING_VALUE,WARN,amount,52
1995-05-18,VWAP_OUT_OF_RANGE,ERROR,amount,1
1995-05-19,MISSING_VALUE,WARN,amount,52
1995-05-22,ADJ_FACTOR_CA_MISMATCH,WARN,fq_factor,3
1995-05-22,MISSING_VALUE,WARN,amount,52
1995-05-23,ADJ_FACTOR_CA_MISMATCH,WARN,fq_factor,1
1995-05-23,MISSING_VALUE,WARN,amount,53
1995-05-24,MISSING_VALUE,WARN,amount,52
1995-05-25,ADJ_FACTOR_CA_MISMATCH,WARN,fq_factor,1
1995-05-25,MISSING_VALUE,WARN,amount,52
1995-05-26,MISSING_VALUE,WARN,amount,52
1995-05-29,ADJ_FACTOR_CA_MISMATCH,WARN,fq_factor,3
1995-05-29,MISSING_VALUE,WARN,amount,52
1995-05-30,ADJ_FACTOR_CA_MISMATCH,WARN,fq_factor,1
1995-05-30,MISSING_VALUE,WARN,amount,52
1995-05-31,ADJ_FACTOR_CA_MISMATCH,WARN,fq_factor,2
1995-05-31,MISSING_VALUE,WARN,amount,52
1995-06-01,MISSING_VALUE,WARN,amount,52
1995-06-02,ADJ_FACTOR_CA_MISMATCH,WARN,fq_factor,1
1995-06-02,MISSING_VALUE,WARN,amount,52
1995-06-05,ADJ_FACTOR_CA_MISMATCH,WARN,fq_factor,3
1995-06-05,MISSING_VALUE,WARN,amount,52
1995-06-06,MISSING_VALUE,WARN,amount,52
1995-06-07,ADJ_FACTOR_CA_MISMATCH,WARN,fq_factor,3
1995-06-07,MISSING_VALUE,WARN,amount,52
1995-06-08,MISSING_VALUE,WARN,amount,52
1995-06-09,MISSING_VALUE,WARN,amount,52
1995-06-12,MISSING_VALUE,WARN,amount,52
1995-06-13,ADJ_FACTOR_CA_MISMATCH,WARN,fq_factor,2
1995-06-13,MISSING_VALUE,WARN,amount,52
1995-06-14,MISSING_VALUE,WARN,amount,52
1995-06-14,VWAP_OUT_OF_RANGE,ERROR,amount,3
1995-06-15,MISSING_VALUE,WARN,amount,52
1995-06-16,MISSING_VALUE,WARN,amount,52
1995-06-16,VWAP_OUT_OF_RANGE,ERROR,amount,137
1995-06-19,ADJ_FACTOR_CA_MISMATCH,WARN,fq_factor,3
1995-06-19,MISSING_VALUE,WARN,amount,52
1995-06-20,MISSING_VALUE,WARN,amount,52
1995-06-21,ADJ_FACTOR_CA_MISMATCH,WARN,fq_factor,1
1995-06-21,MISSING_VALUE,WARN,amount,52
1995-06-22,ADJ_FACTOR_CA_MISMATCH,WARN,fq_factor,1
1995-06-22,MISSING_VALUE,WARN,amount,52
1995-06-23,ADJ_FACTOR_CA_MISMATCH,WARN,fq_factor,2
1995-06-23,MISSING_VALUE,WARN,amount,52
1995-06-26,MISSING_VALUE,WARN,amount,52
1995-06-27,ADJ_FACTOR_CA_MISMATCH,WARN,fq_factor,2
1995-06-27,MISSING_VALUE,WARN,amount,52
1995-06-28,MISSING_VALUE,WARN,amount,52
1995-06-29,MISSING_VALUE,WARN,amount,52
1995-06-29,VWAP_OUT_OF_RANGE,ERROR,amount,136
1995-06-30,MISSING_VALUE,WARN,amount,52
1995-07-03,ADJ_FACTOR_CA_MISMATCH,WARN,fq_factor,1
1995-07-03,MISSING_VALUE,WARN,amount,52
1995-07-04,MISSING_VALUE,WARN,amount,52
1995-07-04,VWAP_OUT_OF_RANGE,ERROR,amount,1
1995-07-05,MISSING_VALUE,WARN,amount,52
1995-07-06,MISSING_VALUE,WARN,amount,52
1995-07-07,MISSING_VALUE,WARN,amount,52
1995-07-10,ADJ_FACTOR_CA_MISMATCH,WARN,fq_factor,1
1995-07-10,MISSING_VALUE,WARN,amount,52
1995-07-11,ADJ_FACTOR_CA_MISMATCH,WARN,fq_factor,3
1995-07-11,MISSING_VALUE,WARN,amount,52
1995-07-11,VWAP_OUT_OF_RANGE,ERROR,amount,2
1995-07-12,MISSING_VALUE,WARN,amount,52
1995-07-13,MISSING_VALUE,WARN,amount,52
1995-07-13,VWAP_OUT_OF_RANGE,ERROR,amount,1
1995-07-14,MISSING_VALUE,WARN,amount,52
1995-07-17,MISSING_VALUE,WARN,amount,52
1995-07-18,MISSING_VALUE,WARN,amount,52
1995-07-19,ADJ_FACTOR_CA_MISMATCH,WARN,fq_factor,1
1995-07-19,MISSING_VALUE,WARN,amount,52
1995-07-20,MISSING_VALUE,WARN,amount,52
1995-07-21,MISSING_VALUE,WARN,amount,52
1995-07-24,MISSING_VALUE,WARN,amount,52
1995-07-24,VWAP_OUT_OF_RANGE,ERROR,amount,4
1995-07-25,MISSING_VALUE,WARN,amount,52
1995-07-26,ADJ_FACTOR_CA_MISMATCH,WARN,fq_factor,4
1995-07-26,MISSING_VALUE,WARN,amount,52
1995-07-27,MISSING_VALUE,WARN,amount,52
1995-07-28,MISSING_VALUE,WARN,amount,52
1995-07-31,ADJ_FACTOR_CA_MISMATCH,WARN,fq_factor,1
1995-07-31,MISSING_VALUE,WARN,amount,52
1995-08-01,MISSING_VALUE,WARN,amount,52
1995-08-02,ADJ_FACTOR_CA_MISMATCH,WARN,fq_factor,2
1995-08-02,MISSING_VALUE,WARN,amount,52
1995-08-03,MISSING_VALUE,WARN,amount,52
1995-08-04,MISSING_VALUE,WARN,amount,53
1995-08-07,ADJ_FACTOR_CA_MISMATCH,WARN,fq_factor,1
1995-08-07,MISSING_VALUE,WARN,amount,52
1995-08-08,MISSING_VALUE,WARN,amount,52
1995-08-08,VWAP_OUT_OF_RANGE,ERROR,amount,1
1995-08-09,ADJ_FACTOR_CA_MISMATCH,WARN,fq_factor,3
1995-08-09,MISSING_VALUE,WARN,amount,52
1995-08-10,MISSING_VALUE,WARN,amount,52
1995-08-11,MISSING_VALUE,WARN,amount,52
1995-08-11,VWAP_OUT_OF_RANGE,ERROR,amount,1
1995-08-14,MISSING_VALUE,WARN,amount,52
1995-08-14,VWAP_OUT_OF_RANGE,ERROR,amount,1
1995-08-15,MISSING_VALUE,WARN,amount,52
1995-08-16,MISSING_VALUE,WARN,amount,52
1995-08-17,MISSING_VALUE,WARN,amount,52
1995-08-18,MISSING_VALUE,WARN,amount,52
1995-08-21,MISSING_VALUE,WARN,amount,52
1995-08-21,VWAP_OUT_OF_RANGE,ERROR,amount,1
1995-08-22,MISSING_VALUE,WARN,amount,52
1995-08-23,MISSING_VALUE,WARN,amount,52
1995-08-24,ADJ_FACTOR_CA_MISMATCH,WARN,fq_factor,1
1995-08-24,MISSING_VALUE,WARN,amount,52
1995-08-25,MISSING_VALUE,WARN,amount,53
1995-08-28,MISSING_VALUE,WARN,amount,52
1995-08-29,MISSING_VALUE,WARN,amount,52
1995-08-30,ADJ_FACTOR_CA_MISMATCH,WARN,fq_factor,1
1995-08-30,MISSING_VALUE,WARN,amount,52
1995-08-31,MISSING_VALUE,WARN,amount,52
1995-09-01,MISSING_VALUE,WARN,amount,53
1995-09-04,MISSING_VALUE,WARN,amount,52
1995-09-05,ADJ_FACTOR_CA_MISMATCH,WARN,fq_factor,1
1995-09-05,MISSING_VALUE,WARN,amount,52
1995-09-06,ADJ_FACTOR_CA_MISMATCH,WARN,fq_factor,1
1995-09-06,MISSING_VALUE,WARN,amount,53
1995-09-07,MISSING_VALUE,WARN,amount,52
1995-09-08,MISSING_VALUE,WARN,amount,52
1995-09-11,ADJ_FACTOR_CA_MISMATCH,WARN,fq_factor,1
1995-09-11,MISSING_VALUE,WARN,amount,52
1995-09-11,VWAP_OUT_OF_RANGE,ERROR,amount,1
1995-09-12,MISSING_VALUE,WARN,amount,52
1995-09-12,VWAP_OUT_OF_RANGE,ERROR,amount,1
1995-09-13,ADJ_FACTOR_CA_MISMATCH,WARN,fq_factor,1
1995-09-13,MISSING_VALUE,WARN,amount,52
1995-09-14,MISSING_VALUE,WARN,amount,52
1995-09-14,VWAP_OUT_OF_RANGE,ERROR,amount,1
1995-09-15,MISSING_VALUE,WARN,amount,52
1995-09-18,MISSING_VALUE,WARN,amount,52
1995-09-19,MISSING_VALUE,WARN,amount,52
1995-09-20,ADJ_FACTOR_CA_MISMATCH,WARN,fq_factor,2
1995-09-20,MISSING_VALUE,WARN,amount,52
1995-09-21,MISSING_VALUE,WARN,amount,52
1995-09-22,MISSING_VALUE,WARN,amount,52
1995-09-25,ADJ_FACTOR_CA_MISMATCH,WARN,fq_factor,2
1995-09-25,MISSING_VALUE,WARN,amount,52
1995-09-26,MISSING_VALUE,WARN,amount,52
1995-09-27,MISSING_VALUE,WARN,amount,52
1995-09-28,MISSING_VALUE,WARN,amount,52
1995-09-29,MISSING_VALUE,WARN,amount,52
1995-10-04,MISSING_VALUE,WARN,amount,52
1995-10-04,VWAP_OUT_OF_RANGE,ERROR,amount,137
1995-10-05,MISSING_VALUE,WARN,amount,52
1995-10-06,MISSING_VALUE,WARN,amount,52
1995-10-09,ADJ_FACTOR_CA_MISMATCH,WARN,fq_factor,1
1995-10-09,MISSING_VALUE,WARN,amount,52
1995-10-10,MISSING_VALUE,WARN,amount,52
1995-10-11,ADJ_FACTOR_CA_MISMATCH,WARN,fq_factor,2
1995-10-11,MISSING_VALUE,WARN,amount,52
1995-10-12,MISSING_VALUE,WARN,amount,52
1995-10-13,MISSING_VALUE,WARN,amount,53
1995-10-16,MISSING_VALUE,WARN,amount,53
1995-10-17,MISSING_VALUE,WARN,amount,53
1995-10-18,MISSING_VALUE,WARN,amount,53
1995-10-19,MISSING_VALUE,WARN,amount,53
1995-10-20,MISSING_VALUE,WARN,amount,53
1995-10-23,ADJ_FACTOR_CA_MISMATCH,WARN,fq_factor,1
1995-10-23,MISSING_VALUE,WARN,amount,53
1995-10-24,MISSING_VALUE,WARN,amount,53
1995-10-25,MISSING_VALUE,WARN,amount,53
1995-10-26,MISSING_VALUE,WARN,amount,53
1995-10-27,MISSING_VALUE,WARN,amount,53
1995-10-30,ADJ_FACTOR_CA_MISMATCH,WARN,fq_factor,1
1995-10-30,MISSING_VALUE,WARN,amount,53
1995-10-31,MISSING_VALUE,WARN,amount,53
1995-11-01,MISSING_VALUE,WARN,amount,54
1995-11-02,MISSING_VALUE,WARN,amount,54
1995-11-03,MISSING_VALUE,WARN,amount,54
1995-11-06,MISSING_VALUE,WARN,amount,54
1995-11-07,MISSING_VALUE,WARN,amount,54
1995-11-08,MISSING_VALUE,WARN,amount,54
1995-11-09,MISSING_VALUE,WARN,amount,54
1995-11-10,MISSING_VALUE,WARN,amount,54
1995-11-13,MISSING_VALUE,WARN,amount,54
1995-11-14,MISSING_VALUE,WARN,amount,54
1995-11-15,MISSING_VALUE,WARN,amount,54
1995-11-16,MISSING_VALUE,WARN,amount,54
1995-11-17,MISSING_VALUE,WARN,amount,54
1995-11-17,VWAP_OUT_OF_RANGE,ERROR,amount,96
1995-11-20,MISSING_VALUE,WARN,amount,54
1995-11-21,MISSING_VALUE,WARN,amount,54
1995-11-22,ADJ_FACTOR_CA_MISMATCH,WARN,fq_factor,1
1995-11-22,MISSING_VALUE,WARN,amount,54
1995-11-23,MISSING_VALUE,WARN,amount,54
1995-11-24,MISSING_VALUE,WARN,amount,54
1995-11-27,MISSING_VALUE,WARN,amount,54
1995-11-28,ADJ_FACTOR_CA_MISMATCH,WARN,fq_factor,1
1995-11-28,MISSING_VALUE,WARN,amount,55
1995-11-29,MISSING_VALUE,WARN,amount,55
1995-11-30,MISSING_VALUE,WARN,amount,55
1995-11-30,VWAP_OUT_OF_RANGE,ERROR,amount,1
1995-12-01,MISSING_VALUE,WARN,amount,55
1995-12-01,VWAP_OUT_OF_RANGE,ERROR,amount,1
1995-12-04,MISSING_VALUE,WARN,amount,55
1995-12-05,MISSING_VALUE,WARN,amount,55
1995-12-06,MISSING_VALUE,WARN,amount,55
1995-12-07,MISSING_VALUE,WARN,amount,55
1995-12-08,MISSING_VALUE,WARN,amount,55
1995-12-11,MISSING_VALUE,WARN,amount,55
1995-12-12,MISSING_VALUE,WARN,amount,55
1995-12-13,MISSING_VALUE,WARN,amount,56
1995-12-14,MISSING_VALUE,WARN,amount,56
1995-12-15,MISSING_VALUE,WARN,amount,56
1995-12-18,MISSING_VALUE,WARN,amount,56
1995-12-19,MISSING_VALUE,WARN,amount,56
1995-12-20,MISSING_VALUE,WARN,amount,56
1995-12-21,MISSING_VALUE,WARN,amount,56
1995-12-22,MISSING_VALUE,WARN,amount,56
1995-12-22,VWAP_OUT_OF_RANGE,ERROR,amount,1
1995-12-25,MISSING_VALUE,WARN,amount,56
1995-12-26,MISSING_VALUE,WARN,amount,56
1995-12-27,MISSING_VALUE,WARN,amount,56
1995-12-28,MISSING_VALUE,WARN,amount,56
1995-12-29,ADJ_FACTOR_CA_MISMATCH,WARN,fq_factor,1
1995-12-29,MISSING_VALUE,WARN,amount,56
1996-01-02,MISSING_VALUE,WARN,amount,56
1996-01-02,VWAP_OUT_OF_RANGE,ERROR,amount,1
1996-01-03,MISSING_VALUE,WARN,amount,56
1996-01-04,MISSING_VALUE,WARN,amount,56
1996-01-05,MISSING_VALUE,WARN,amount,56
1996-01-08,MISSING_VALUE,WARN,amount,56
1996-01-08,VWAP_OUT_OF_RANGE,ERROR,amount,1
1996-01-09,MISSING_VALUE,WARN,amount,56
1996-01-10,MISSING_VALUE,WARN,amount,56
1996-01-11,MISSING_VALUE,WARN,amount,56
1996-01-12,MISSING_VALUE,WARN,amount,56
1996-01-15,MISSING_VALUE,WARN,amount,56
1996-01-16,MISSING_VALUE,WARN,amount,56
1996-01-17,MISSING_VALUE,WARN,amount,56
1996-01-18,MISSING_VALUE,WARN,amount,56
1996-01-19,MISSING_VALUE,WARN,amount,56
1996-01-19,VWAP_OUT_OF_RANGE,ERROR,amount,1
1996-01-22,MISSING_VALUE,WARN,amount,56
1996-01-23,MISSING_VALUE,WARN,amount,57
1996-01-24,MISSING_VALUE,WARN,amount,57
1996-01-25,MISSING_VALUE,WARN,amount,57
1996-01-26,MISSING_VALUE,WARN,amount,57
1996-01-29,MISSING_VALUE,WARN,amount,57
1996-01-29,VWAP_OUT_OF_RANGE,ERROR,amount,1
1996-01-30,MISSING_VALUE,WARN,amount,57
1996-01-31,MISSING_VALUE,WARN,amount,57
1996-02-01,MISSING_VALUE,WARN,amount,57
1996-02-02,MISSING_VALUE,WARN,amount,57
1996-02-02,VWAP_OUT_OF_RANGE,ERROR,amount,1
1996-02-05,MISSING_VALUE,WARN,amount,57
1996-02-06,MISSING_VALUE,WARN,amount,57
1996-02-06,VWAP_OUT_OF_RANGE,ERROR,amount,1
1996-02-07,MISSING_VALUE,WARN,amount,57
1996-02-07,VWAP_OUT_OF_RANGE,ERROR,amount,1
1996-02-08,MISSING_VALUE,WARN,amount,57
1996-02-08,VWAP_OUT_OF_RANGE,ERROR,amount,1
1996-02-09,MISSING_VALUE,WARN,amount,57
1996-02-09,VWAP_OUT_OF_RANGE,ERROR,amount,2
1996-02-12,MISSING_VALUE,WARN,amount,57
1996-02-12,VWAP_OUT_OF_RANGE,ERROR,amount,1
1996-02-13,MISSING_VALUE,WARN,amount,57
1996-02-13,VWAP_OUT_OF_RANGE,ERROR,amount,1
1996-02-14,MISSING_VALUE,WARN,amount,57
1996-02-15,MISSING_VALUE,WARN,amount,57
1996-02-16,MISSING_VALUE,WARN,amount,57
1996-03-04,MISSING_VALUE,WARN,amount,57
1996-03-05,MISSING_VALUE,WARN,amount,57
1996-03-06,MISSING_VALUE,WARN,amount,57
1996-03-07,MISSING_VALUE,WARN,amount,57
1996-03-08,MISSING_VALUE,WARN,amount,57
1996-03-11,MISSING_VALUE,WARN,amount,57
1996-03-12,MISSING_VALUE,WARN,amount,57
1996-03-13,MISSING_VALUE,WARN,amount,57
1996-03-14,MISSING_VALUE,WARN,amount,57
1996-03-15,MISSING_VALUE,WARN,amount,57
1996-03-18,MISSING_VALUE,WARN,amount,58
1996-03-19,MISSING_VALUE,WARN,amount,58
1996-03-20,MISSING_VALUE,WARN,amount,59
1996-03-21,MISSING_VALUE,WARN,amount,59
1996-03-22,MISSING_VALUE,WARN,amount,59
1996-03-25,MISSING_VALUE,WARN,amount,60
1996-03-26,MISSING_VALUE,WARN,amount,60
1996-03-27,MISSING_VALUE,WARN,amount,60
1996-03-28,MISSING_VALUE,WARN,amount,60
1996-03-28,VWAP_OUT_OF_RANGE,ERROR,amount,1
1996-03-29,MISSING_VALUE,WARN,amount,60
1996-04-01,MISSING_VALUE,WARN,amount,60
1996-04-02,MISSING_VALUE,WARN,amount,60
1996-04-03,MISSING_VALUE,WARN,amount,60
1996-04-04,MISSING_VALUE,WARN,amount,60
1996-04-05,MISSING_VALUE,WARN,amount,60
1996-04-08,MISSING_VALUE,WARN,amount,60
1996-04-09,MISSING_VALUE,WARN,amount,60
1996-04-10,MISSING_VALUE,WARN,amount,60
1996-04-11,MISSING_VALUE,WARN,amount,60
1996-04-12,MISSING_VALUE,WARN,amount,60
1996-04-15,MISSING_VALUE,WARN,amount,60
1996-04-16,MISSING_VALUE,WARN,amount,60
1996-04-17,MISSING_VALUE,WARN,amount,60
1996-04-18,MISSING_VALUE,WARN,amount,61
1996-04-19,MISSING_VALUE,WARN,amount,61
1996-04-22,MISSING_VALUE,WARN,amount,61
1996-04-23,MISSING_VALUE,WARN,amount,61
1996-04-24,MISSING_VALUE,WARN,amount,61
1996-04-25,MISSING_VALUE,WARN,amount,62
1996-04-26,MISSING_VALUE,WARN,amount,63
1996-04-29,MISSING_VALUE,WARN,amount,63
1996-04-30,MISSING_VALUE,WARN,amount,64
1996-05-02,MISSING_VALUE,WARN,amount,64
1996-05-03,MISSING_VALUE,WARN,amount,65
1996-05-06,MISSING_VALUE,WARN,amount,65
1996-05-07,MISSING_VALUE,WARN,amount,65
1996-05-08,MISSING_VALUE,WARN,amount,65
1996-05-09,MISSING_VALUE,WARN,amount,65
1996-05-10,ADJ_FACTOR_CA_MISMATCH,WARN,fq_factor,1
1996-05-10,MISSING_VALUE,WARN,amount,65
1996-05-13,ADJ_FACTOR_CA_MISMATCH,WARN,fq_factor,2
1996-05-13,MISSING_VALUE,WARN,amount,65
1996-05-13,VWAP_OUT_OF_RANGE,ERROR,amount,1
1996-05-14,MISSING_VALUE,WARN,amount,65
1996-05-15,MISSING_VALUE,WARN,amount,65
1996-05-16,MISSING_VALUE,WARN,amount,66
1996-05-17,MISSING_VALUE,WARN,amount,66
1996-05-20,ADJ_FACTOR_CA_MISMATCH,WARN,fq_factor,1
1996-05-20,MISSING_VALUE,WARN,amount,66
1996-05-21,ADJ_FACTOR_CA_MISMATCH,WARN,fq_factor,1
1996-05-21,MISSING_VALUE,WARN,amount,66
1996-05-22,MISSING_VALUE,WARN,amount,66
1996-05-23,ADJ_FACTOR_CA_MISMATCH,WARN,fq_factor,2
1996-05-23,MISSING_VALUE,WARN,amount,66
1996-05-24,MISSING_VALUE,WARN,amount,67
1996-05-27,MISSING_VALUE,WARN,amount,66
1996-05-28,MISSING_VALUE,WARN,amount,68
1996-05-29,MISSING_VALUE,WARN,amount,67
1996-05-30,ADJ_FACTOR_CA_MISMATCH,WARN,fq_factor,2
1996-05-30,MISSING_VALUE,WARN,amount,67
1996-05-31,ADJ_FACTOR_CA_MISMATCH,WARN,fq_factor,1
1996-05-31,MISSING_VALUE,WARN,amount,68
1996-06-03,ADJ_FACTOR_CA_MISMATCH,WARN,fq_factor,4
1996-06-03,MISSING_VALUE,WARN,amount,67
1996-06-04,MISSING_VALUE,WARN,amount,67
1996-06-05,MISSING_VALUE,WARN,amount,67
1996-06-06,ADJ_FACTOR_CA_MISMATCH,WARN,fq_factor,1
1996-06-06,MISSING_VALUE,WARN,amount,67
1996-06-07,MISSING_VALUE,WARN,amount,67
1996-06-10,ADJ_FACTOR_CA_MISMATCH,WARN,fq_factor,3
1996-06-10,MISSING_VALUE,WARN,amount,67
1996-06-11,ADJ_FACTOR_CA_MISMATCH,WARN,fq_factor,1
1996-06-11,MISSING_VALUE,WARN,amount,67
1996-06-12,MISSING_VALUE,WARN,amount,67
1996-06-13,MISSING_VALUE,WARN,amount,67
1996-06-14,ADJ_FACTOR_CA_MISMATCH,WARN,fq_factor,1
1996-06-14,MISSING_VALUE,WARN,amount,67
1996-06-17,ADJ_FACTOR_CA_MISMATCH,WARN,fq_factor,2
1996-06-17,MISSING_VALUE,WARN,amount,67
1996-06-18,ADJ_FACTOR_CA_MISMATCH,WARN,fq_factor,1
1996-06-18,MISSING_VALUE,WARN,amount,68
1996-06-19,ADJ_FACTOR_CA_MISMATCH,WARN,fq_factor,4
1996-06-19,MISSING_VALUE,WARN,amount,68
1996-06-20,MISSING_VALUE,WARN,amount,69
1996-06-21,MISSING_VALUE,WARN,amount,69
1996-06-24,ADJ_FACTOR_CA_MISMATCH,WARN,fq_factor,6
1996-06-24,MISSING_VALUE,WARN,amount,69
1996-06-25,ADJ_FACTOR_CA_MISMATCH,WARN,fq_factor,2
1996-06-25,MISSING_VALUE,WARN,amount,69
1996-06-26,ADJ_FACTOR_CA_MISMATCH,WARN,fq_factor,1
1996-06-26,MISSING_VALUE,WARN,amount,69
1996-06-27,ADJ_FACTOR_CA_MISMATCH,WARN,fq_factor,1
1996-06-27,MISSING_VALUE,WARN,amount,69
1996-06-28,ADJ_FACTOR_CA_MISMATCH,WARN,fq_factor,2
1996-06-28,MISSING_VALUE,WARN,amount,70
1996-07-01,ADJ_FACTOR_CA_MISMATCH,WARN,fq_factor,1
1996-07-01,MISSING_VALUE,WARN,amount,70
1996-07-02,MISSING_VALUE,WARN,amount,70
1996-07-03,MISSING_VALUE,WARN,amount,70
1996-07-04,ADJ_FACTOR_CA_MISMATCH,WARN,fq_factor,1
1996-07-04,MISSING_VALUE,WARN,amount,70
1996-07-05,ADJ_FACTOR_CA_MISMATCH,WARN,fq_factor,2
1996-07-05,MISSING_VALUE,WARN,amount,70
1996-07-08,ADJ_FACTOR_CA_MISMATCH,WARN,fq_factor,1
1996-07-08,MISSING_VALUE,WARN,amount,70
1996-07-09,ADJ_FACTOR_CA_MISMATCH,WARN,fq_factor,1
1996-07-09,MISSING_VALUE,WARN,amount,70
1996-07-10,ADJ_FACTOR_CA_MISMATCH,WARN,fq_factor,4
1996-07-10,MISSING_VALUE,WARN,amount,70
1996-07-11,MISSING_VALUE,WARN,amount,70
1996-07-12,ADJ_FACTOR_CA_MISMATCH,WARN,fq_factor,4
1996-07-12,MISSING_VALUE,WARN,amount,70
1996-07-15,ADJ_FACTOR_CA_MISMATCH,WARN,fq_factor,2
1996-07-15,MISSING_VALUE,WARN,amount,71
1996-07-16,MISSING_VALUE,WARN,amount,72
1996-07-17,MISSING_VALUE,WARN,amount,72
1996-07-18,ADJ_FACTOR_CA_MISMATCH,WARN,fq_factor,1
1996-07-18,MISSING_VALUE,WARN,amount,72
1996-07-19,ADJ_FACTOR_CA_MISMATCH,WARN,fq_factor,3
1996-07-19,MISSING_VALUE,WARN,amount,73
1996-07-22,ADJ_FACTOR_CA_MISMATCH,WARN,fq_factor,1
1996-07-22,MISSING_VALUE,WARN,amount,73
1996-07-23,ADJ_FACTOR_CA_MISMATCH,WARN,fq_factor,1
1996-07-23,MISSING_VALUE,WARN,amount,73
1996-07-24,ADJ_FACTOR_CA_MISMATCH,WARN,fq_factor,1
1996-07-24,MISSING_VALUE,WARN,amount,73
1996-07-25,ADJ_FACTOR_CA_MISMATCH,WARN,fq_factor,2
1996-07-25,MISSING_VALUE,WARN,amount,73
1996-07-26,ADJ_FACTOR_CA_MISMATCH,WARN,fq_factor,1
1996-07-26,MISSING_VALUE,WARN,amount,73
1996-07-29,ADJ_FACTOR_CA_MISMATCH,WARN,fq_factor,1
1996-07-29,MISSING_VALUE,WARN,amount,73
1996-07-30,ADJ_FACTOR_CA_MISMATCH,WARN,fq_factor,3
1996-07-30,MISSING_VALUE,WARN,amount,73
1996-07-31,ADJ_FACTOR_CA_MISMATCH,WARN,fq_factor,1
1996-07-31,MISSING_VALUE,WARN,amount,73
1996-08-01,ADJ_FACTOR_CA_MISMATCH,WARN,fq_factor,2
1996-08-01,MISSING_VALUE,WARN,amount,73
1996-08-02,ADJ_FACTOR_CA_MISMATCH,WARN,fq_factor,1
1996-08-02,MISSING_VALUE,WARN,amount,73
1996-08-05,MISSING_VALUE,WARN,amount,73
1996-08-06,ADJ_FACTOR_CA_MISMATCH,WARN,fq_factor,4
1996-08-06,MISSING_VALUE,WARN,amount,73
1996-08-07,MISSING_VALUE,WARN,amount,73
1996-08-08,MISSING_VALUE,WARN,amount,73
1996-08-09,MISSING_VALUE,WARN,amount,73
1996-08-12,ADJ_FACTOR_CA_MISMATCH,WARN,fq_factor,1
1996-08-12,MISSING_VALUE,WARN,amount,73
1996-08-13,MISSING_VALUE,WARN,amount,73
1996-08-14,ADJ_FACTOR_CA_MISMATCH,WARN,fq_factor,1
1996-08-14,MISSING_VALUE,WARN,amount,73
1996-08-15,ADJ_FACTOR_CA_MISMATCH,WARN,fq_factor,1
1996-08-15,MISSING_VALUE,WARN,amount,73
1996-08-16,MISSING_VALUE,WARN,amount,73
1996-08-19,ADJ_FACTOR_CA_MISMATCH,WARN,fq_factor,1
1996-08-19,MISSING_VALUE,WARN,amount,74
1996-08-19,VWAP_OUT_OF_RANGE,ERROR,amount,1
1996-08-20,MISSING_VALUE,WARN,amount,74
1996-08-21,MISSING_VALUE,WARN,amount,74
1996-08-22,MISSING_VALUE,WARN,amount,74
1996-08-23,MISSING_VALUE,WARN,amount,74
1996-08-26,ADJ_FACTOR_CA_MISMATCH,WARN,fq_factor,2
1996-08-26,MISSING_VALUE,WARN,amount,74
1996-08-27,MISSING_VALUE,WARN,amount,74
1996-08-28,MISSING_VALUE,WARN,amount,74
1996-08-29,ADJ_FACTOR_CA_MISMATCH,WARN,fq_factor,2
1996-08-29,MISSING_VALUE,WARN,amount,74
1996-08-30,MISSING_VALUE,WARN,amount,74
1996-09-02,ADJ_FACTOR_CA_MISMATCH,WARN,fq_factor,1
1996-09-02,MISSING_VALUE,WARN,amount,74
1996-09-03,MISSING_VALUE,WARN,amount,74
1996-09-04,MISSING_VALUE,WARN,amount,74
1996-09-05,ADJ_FACTOR_CA_MISMATCH,WARN,fq_factor,1
1996-09-05,MISSING_VALUE,WARN,amount,74
1996-09-06,MISSING_VALUE,WARN,amount,74
1996-09-09,MISSING_VALUE,WARN,amount,74
1996-09-10,ADJ_FACTOR_CA_MISMATCH,WARN,fq_factor,1
1996-09-10,MISSING_VALUE,WARN,amount,74
1996-09-11,ADJ_FACTOR_CA_MISMATCH,WARN,fq_factor,1
1996-09-11,MISSING_VALUE,WARN,amount,74
1996-09-12,MISSING_VALUE,WARN,amount,74
1996-09-13,MISSING_VALUE,WARN,amount,74
1996-09-16,MISSING_VALUE,WARN,amount,75
1996-09-17,MISSING_VALUE,WARN,amount,75
1996-09-18,MISSING_VALUE,WARN,amount,75
1996-09-19,MISSING_VALUE,WARN,amount,75
1996-09-19,VWAP_OUT_OF_RANGE,ERROR,amount,1
1996-09-20,MISSING_VALUE,WARN,amount,75
1996-09-23,MISSING_VALUE,WARN,amount,75
1996-09-24,MISSING_VALUE,WARN,amount,75
1996-09-25,MISSING_VALUE,WARN,amount,77
1996-09-26,MISSING_VALUE,WARN,amount,77
1996-09-27,MISSING_VALUE,WARN,amount,77
1996-10-03,MISSING_VALUE,WARN,amount,77
1996-10-04,MISSING_VALUE,WARN,amount,78
1996-10-07,MISSING_VALUE,WARN,amount,78
1996-10-08,ADJ_FACTOR_CA_MISMATCH,WARN,fq_factor,1
1996-10-08,MISSING_VALUE,WARN,amount,79
1996-10-09,MISSING_VALUE,WARN,amount,79
1996-10-10,MISSING_VALUE,WARN,amount,79
1996-10-11,MISSING_VALUE,WARN,amount,79
1996-10-14,MISSING_VALUE,WARN,amount,79
1996-10-15,MISSING_VALUE,WARN,amount,80
1996-10-16,MISSING_VALUE,WARN,amount,80
1996-10-17,MISSING_VALUE,WARN,amount,80
1996-10-18,MISSING_VALUE,WARN,amount,80
1996-10-21,MISSING_VALUE,WARN,amount,80
1996-10-22,ADJ_FACTOR_CA_MISMATCH,WARN,fq_factor,1
1996-10-22,MISSING_VALUE,WARN,amount,80
1996-10-23,MISSING_VALUE,WARN,amount,80
1996-10-24,MISSING_VALUE,WARN,amount,80
1996-10-25,MISSING_VALUE,WARN,amount,81
1996-10-28,MISSING_VALUE,WARN,amount,82
1996-10-29,MISSING_VALUE,WARN,amount,82
1996-10-30,MISSING_VALUE,WARN,amount,82
1996-10-31,MISSING_VALUE,WARN,amount,82
1996-11-01,MISSING_VALUE,WARN,amount,82
1996-11-04,ADJ_FACTOR_CA_MISMATCH,WARN,fq_factor,1
1996-11-04,MISSING_VALUE,WARN,amount,83
1996-11-05,MISSING_VALUE,WARN,amount,84
1996-11-06,MISSING_VALUE,WARN,amount,84
1996-11-07,MISSING_VALUE,WARN,amount,85
1996-11-08,MISSING_VALUE,WARN,amount,86
1996-11-11,MISSING_VALUE,WARN,amount,86
1996-11-12,MISSING_VALUE,WARN,amount,87
1996-11-13,MISSING_VALUE,WARN,amount,87
1996-11-14,MISSING_VALUE,WARN,amount,87
1996-11-15,MISSING_VALUE,WARN,amount,88
1996-11-18,MISSING_VALUE,WARN,amount,88
1996-11-19,MISSING_VALUE,WARN,amount,88
1996-11-20,MISSING_VALUE,WARN,amount,88
1996-11-21,MISSING_VALUE,WARN,amount,88
1996-11-22,MISSING_VALUE,WARN,amount,88
1996-11-25,MISSING_VALUE,WARN,amount,88
1996-11-26,MISSING_VALUE,WARN,amount,89
1996-11-27,MISSING_VALUE,WARN,amount,89
1996-11-28,MISSING_VALUE,WARN,amount,89
1996-11-29,MISSING_VALUE,WARN,amount,89
1996-12-02,MISSING_VALUE,WARN,amount,89
1996-12-03,MISSING_VALUE,WARN,amount,89
1996-12-04,MISSING_VALUE,WARN,amount,89
1996-12-05,MISSING_VALUE,WARN,amount,90
1996-12-06,MISSING_VALUE,WARN,amount,90
1996-12-09,MISSING_VALUE,WARN,amount,91
1996-12-10,MISSING_VALUE,WARN,amount,92
1996-12-11,MISSING_VALUE,WARN,amount,92
1996-12-12,MISSING_VALUE,WARN,amount,92
1996-12-13,MISSING_VALUE,WARN,amount,92
1996-12-16,MISSING_VALUE,WARN,amount,93
1996-12-17,MISSING_VALUE,WARN,amount,93
1996-12-18,MISSING_VALUE,WARN,amount,96
1996-12-19,MISSING_VALUE,WARN,amount,96
1996-12-20,MISSING_VALUE,WARN,amount,96
1996-12-23,MISSING_VALUE,WARN,amount,96
1996-12-24,MISSING_VALUE,WARN,amount,96
1996-12-25,MISSING_VALUE,WARN,amount,96
1996-12-26,MISSING_VALUE,WARN,amount,97
1996-12-27,MISSING_VALUE,WARN,amount,98
1996-12-30,MISSING_VALUE,WARN,amount,99
1996-12-31,MISSING_VALUE,WARN,amount,100
1997-01-02,MISSING_VALUE,WARN,amount,100
1997-01-03,MISSING_VALUE,WARN,amount,100
1997-01-06,MISSING_VALUE,WARN,amount,100
1997-01-07,MISSING_VALUE,WARN,amount,100
1997-01-08,MISSING_VALUE,WARN,amount,100
1997-01-09,MISSING_VALUE,WARN,amount,100
1997-01-10,MISSING_VALUE,WARN,amount,100
1997-01-13,MISSING_VALUE,WARN,amount,100
1997-01-14,MISSING_VALUE,WARN,amount,100
1997-01-15,MISSING_VALUE,WARN,amount,100
1997-01-16,MISSING_VALUE,WARN,amount,100
1997-01-17,MISSING_VALUE,WARN,amount,100
1997-01-20,MISSING_VALUE,WARN,amount,100
1997-01-21,MISSING_VALUE,WARN,amount,100
1997-01-22,MISSING_VALUE,WARN,amount,100
1997-01-23,MISSING_VALUE,WARN,amount,100
1997-01-24,MISSING_VALUE,WARN,amount,101
1997-01-27,MISSING_VALUE,WARN,amount,101
1997-01-28,MISSING_VALUE,WARN,amount,102
1997-01-29,MISSING_VALUE,WARN,amount,102
1997-01-30,MISSING_VALUE,WARN,amount,102
1997-01-31,MISSING_VALUE,WARN,amount,102
1997-02-17,MISSING_VALUE,WARN,amount,102
1997-02-18,MISSING_VALUE,WARN,amount,102
1997-02-19,MISSING_VALUE,WARN,amount,102
1997-02-20,MISSING_VALUE,WARN,amount,102
1997-02-21,MISSING_VALUE,WARN,amount,103
1997-02-24,MISSING_VALUE,WARN,amount,103
1997-02-25,MISSING_VALUE,WARN,amount,103
1997-02-26,MISSING_VALUE,WARN,amount,104
1997-02-27,MISSING_VALUE,WARN,amount,104
1997-02-28,MISSING_VALUE,WARN,amount,104
1997-03-03,MISSING_VALUE,WARN,amount,104
1997-03-04,MISSING_VALUE,WARN,amount,104
1997-03-05,MISSING_VALUE,WARN,amount,104
1997-03-06,MISSING_VALUE,WARN,amount,104
1997-03-07,MISSING_VALUE,WARN,amount,104
1997-03-10,MISSING_VALUE,WARN,amount,105
1997-03-11,MISSING_VALUE,WARN,amount,105
1997-03-12,MISSING_VALUE,WARN,amount,105
1997-03-13,MISSING_VALUE,WARN,amount,105
1997-03-14,MISSING_VALUE,WARN,amount,105
1997-03-17,MISSING_VALUE,WARN,amount,105
1997-03-18,MISSING_VALUE,WARN,amount,105
1997-03-19,MISSING_VALUE,WARN,amount,105
1997-03-20,MISSING_VALUE,WARN,amount,105
1997-03-21,MISSING_VALUE,WARN,amount,105
1997-03-24,MISSING_VALUE,WARN,amount,105
1997-03-25,MISSING_VALUE,WARN,amount,105
1997-03-26,MISSING_VALUE,WARN,amount,105
1997-03-27,MISSING_VALUE,WARN,amount,105
1997-03-28,MISSING_VALUE,WARN,amount,106
1997-03-31,MISSING_VALUE,WARN,amount,106
1997-04-01,MISSING_VALUE,WARN,amount,106
1997-04-02,MISSING_VALUE,WARN,amount,106
1997-04-03,MISSING_VALUE,WARN,amount,106
1997-04-04,MISSING_VALUE,WARN,amount,106
1997-04-07,MISSING_VALUE,WARN,amount,106
1997-04-08,MISSING_VALUE,WARN,amount,106
1997-04-09,MISSING_VALUE,WARN,amount,106
1997-04-10,MISSING_VALUE,WARN,amount,106
1997-04-11,MISSING_VALUE,WARN,amount,106
1997-04-14,MISSING_VALUE,WARN,amount,106
1997-04-15,MISSING_VALUE,WARN,amount,106
1997-04-16,MISSING_VALUE,WARN,amount,107
1997-04-17,MISSING_VALUE,WARN,amount,107
1997-04-18,MISSING_VALUE,WARN,amount,107
1997-04-21,MISSING_VALUE,WARN,amount,107
1997-04-22,MISSING_VALUE,WARN,amount,107
1997-04-23,MISSING_VALUE,WARN,amount,108
1997-04-24,MISSING_VALUE,WARN,amount,107
1997-04-25,ADJ_FACTOR_CA_MISMATCH,WARN,fq_factor,1
1997-04-25,MISSING_VALUE,WARN,amount,107
1997-04-28,MISSING_VALUE,WARN,amount,107
1997-04-29,MISSING_VALUE,WARN,amount,107
1997-04-30,MISSING_VALUE,WARN,amount,108
1997-05-05,MISSING_VALUE,WARN,amount,108
1997-05-06,ADJ_FACTOR_CA_MISMATCH,WARN,fq_factor,3
1997-05-06,MISSING_VALUE,WARN,amount,108
1997-05-07,MISSING_VALUE,WARN,amount,108
1997-05-08,MISSING_VALUE,WARN,amount,108
1997-05-09,ADJ_FACTOR_CA_MISMATCH,WARN,fq_factor,1
1997-05-09,MISSING_VALUE,WARN,amount,108
1997-05-12,MISSING_VALUE,WARN,amount,108
1997-05-13,MISSING_VALUE,WARN,amount,108
1997-05-14,MISSING_VALUE,WARN,amount,108
1997-05-15,MISSING_VALUE,WARN,amount,108
1997-05-16,ADJ_FACTOR_CA_MISMATCH,WARN,fq_factor,1
1997-05-16,MISSING_VALUE,WARN,amount,108
1997-05-19,ADJ_FACTOR_CA_MISMATCH,WARN,fq_factor,1
1997-05-19,MISSING_VALUE,WARN,amount,108
1997-05-20,MISSING_VALUE,WARN,amount,109
1997-05-21,MISSING_VALUE,WARN,amount,109
1997-05-22,MISSING_VALUE,WARN,amount,110
1997-05-23,MISSING_VALUE,WARN,amount,111
1997-05-26,MISSING_VALUE,WARN,amount,113
1997-05-27,ADJ_FACTOR_CA_MISMATCH,WARN,fq_factor,2
1997-05-27,MISSING_VALUE,WARN,amount,112
1997-05-28,MISSING_VALUE,WARN,amount,114
1997-05-29,MISSING_VALUE,WARN,amount,112
1997-05-30,MISSING_VALUE,WARN,amount,113
1997-06-02,ADJ_FACTOR_CA_MISMATCH,WARN,fq_factor,1
1997-06-02,MISSING_VALUE,WARN,amount,113
1997-06-03,ADJ_FACTOR_CA_MISMATCH,WARN,fq_factor,2
1997-06-03,MISSING_VALUE,WARN,amount,113
1997-06-04,MISSING_VALUE,WARN,amount,115
1997-06-05,ADJ_FACTOR_CA_MISMATCH,WARN,fq_factor,1
1997-06-05,MISSING_VALUE,WARN,amount,114
1997-06-06,MISSING_VALUE,WARN,amount,117
1997-06-09,ADJ_FACTOR_CA_MISMATCH,WARN,fq_factor,3
1997-06-09,MISSING_VALUE,WARN,amount,117
1997-06-10,MISSING_VALUE,WARN,amount,117
1997-06-11,MISSING_VALUE,WARN,amount,117
1997-06-12,MISSING_VALUE,WARN,amount,118
1997-06-13,ADJ_FACTOR_CA_MISMATCH,WARN,fq_factor,1
1997-06-13,MISSING_VALUE,WARN,amount,118
1997-06-16,ADJ_FACTOR_CA_MISMATCH,WARN,fq_factor,4
1997-06-16,MISSING_VALUE,WARN,amount,119
1997-06-17,ADJ_FACTOR_CA_MISMATCH,WARN,fq_factor,1
1997-06-17,MISSING_VALUE,WARN,amount,119
1997-06-18,ADJ_FACTOR_CA_MISMATCH,WARN,fq_factor,2
1997-06-18,MISSING_VALUE,WARN,amount,119
1997-06-19,ADJ_FACTOR_CA_MISMATCH,WARN,fq_factor,2
1997-06-19,MISSING_VALUE,WARN,amount,119
1997-06-20,MISSING_VALUE,WARN,amount,119
1997-06-23,ADJ_FACTOR_CA_MISMATCH,WARN,fq_factor,6
1997-06-23,MISSING_VALUE,WARN,amount,120
1997-06-24,ADJ_FACTOR_CA_MISMATCH,WARN,fq_factor,3
1997-06-24,MISSING_VALUE,WARN,amount,120
1997-06-25,ADJ_FACTOR_CA_MISMATCH,WARN,fq_factor,2
1997-06-25,MISSING_VALUE,WARN,amount,120
1997-06-26,ADJ_FACTOR_CA_MISMATCH,WARN,fq_factor,1
1997-06-26,MISSING_VALUE,WARN,amount,123
1997-06-27,MISSING_VALUE,WARN,amount,124
1997-07-02,ADJ_FACTOR_CA_MISMATCH,WARN,fq_factor,3
1997-07-02,MISSING_VALUE,WARN,amount,124
1997-07-03,ADJ_FACTOR_CA_MISMATCH,WARN,fq_factor,2
1997-07-03,MISSING_VALUE,WARN,amount,124
1997-07-04,ADJ_FACTOR_CA_MISMATCH,WARN,fq_factor,2
1997-07-04,MISSING_VALUE,WARN,amount,127
1997-07-07,ADJ_FACTOR_CA_MISMATCH,WARN,fq_factor,3
1997-07-07,MISSING_VALUE,WARN,amount,127
1997-07-08,MISSING_VALUE,WARN,amount,127
1997-07-09,ADJ_FACTOR_CA_MISMATCH,WARN,fq_factor,2
1997-07-09,MISSING_VALUE,WARN,amount,127
1997-07-10,ADJ_FACTOR_CA_MISMATCH,WARN,fq_factor,1
1997-07-10,MISSING_VALUE,WARN,amount,127
1997-07-11,ADJ_FACTOR_CA_MISMATCH,WARN,fq_factor,2
1997-07-11,MISSING_VALUE,WARN,amount,127
1997-07-14,ADJ_FACTOR_CA_MISMATCH,WARN,fq_factor,5
1997-07-14,MISSING_VALUE,WARN,amount,127
1997-07-15,ADJ_FACTOR_CA_MISMATCH,WARN,fq_factor,5
1997-07-15,MISSING_VALUE,WARN,amount,127
1997-07-16,ADJ_FACTOR_CA_MISMATCH,WARN,fq_factor,1
1997-07-16,MISSING_VALUE,WARN,amount,127
1997-07-17,MISSING_VALUE,WARN,amount,127
1997-07-18,MISSING_VALUE,WARN,amount,127
1997-07-21,ADJ_FACTOR_CA_MISMATCH,WARN,fq_factor,2
1997-07-21,MISSING_VALUE,WARN,amount,127
1997-07-22,ADJ_FACTOR_CA_MISMATCH,WARN,fq_factor,2
1997-07-22,MISSING_VALUE,WARN,amount,127
1997-07-23,ADJ_FACTOR_CA_MISMATCH,WARN,fq_factor,1
1997-07-23,MISSING_VALUE,WARN,amount,127
1997-07-24,ADJ_FACTOR_CA_MISMATCH,WARN,fq_factor,1
1997-07-24,MISSING_VALUE,WARN,amount,127
1997-07-25,ADJ_FACTOR_CA_MISMATCH,WARN,fq_factor,3
1997-07-25,MISSING_VALUE,WARN,amount,127
1997-07-28,ADJ_FACTOR_CA_MISMATCH,WARN,fq_factor,6
1997-07-28,MISSING_VALUE,WARN,amount,127
1997-07-29,ADJ_FACTOR_CA_MISMATCH,WARN,fq_factor,1
1997-07-29,MISSING_VALUE,WARN,amount,127
1997-07-30,ADJ_FACTOR_CA_MISMATCH,WARN,fq_factor,1
1997-07-30,MISSING_VALUE,WARN,amount,127
1997-07-31,ADJ_FACTOR_CA_MISMATCH,WARN,fq_factor,2
1997-07-31,MISSING_VALUE,WARN,amount,127
1997-08-01,ADJ_FACTOR_CA_MISMATCH,WARN,fq_factor,1
1997-08-01,MISSING_VALUE,WARN,amount,127
1997-08-04,ADJ_FACTOR_CA_MISMATCH,WARN,fq_factor,1
1997-08-04,MISSING_VALUE,WARN,amount,127
1997-08-05,MISSING_VALUE,WARN,amount,127
1997-08-06,MISSING_VALUE,WARN,amount,127
1997-08-07,ADJ_FACTOR_CA_MISMATCH,WARN,fq_factor,1
1997-08-07,MISSING_VALUE,WARN,amount,127
1997-08-08,ADJ_FACTOR_CA_MISMATCH,WARN,fq_factor,1
1997-08-08,MISSING_VALUE,WARN,amount,127
1997-08-11,MISSING_VALUE,WARN,amount,127
1997-08-12,MISSING_VALUE,WARN,amount,127
1997-08-13,MISSING_VALUE,WARN,amount,127
1997-08-14,MISSING_VALUE,WARN,amount,127
1997-08-15,MISSING_VALUE,WARN,amount,127
1997-08-18,ADJ_FACTOR_CA_MISMATCH,WARN,fq_factor,1
1997-08-18,MISSING_VALUE,WARN,amount,127
1997-08-19,ADJ_FACTOR_CA_MISMATCH,WARN,fq_factor,2
1997-08-19,MISSING_VALUE,WARN,amount,127
1997-08-20,MISSING_VALUE,WARN,amount,127
1997-08-21,ADJ_FACTOR_CA_MISMATCH,WARN,fq_factor,1
1997-08-21,MISSING_VALUE,WARN,amount,127
1997-08-22,MISSING_VALUE,WARN,amount,127
1997-08-25,MISSING_VALUE,WARN,amount,127
1997-08-26,ADJ_FACTOR_CA_MISMATCH,WARN,fq_factor,1
1997-08-26,MISSING_VALUE,WARN,amount,127
1997-08-27,MISSING_VALUE,WARN,amount,127
1997-08-28,MISSING_VALUE,WARN,amount,128
1997-08-29,MISSING_VALUE,WARN,amount,128
1997-09-01,MISSING_VALUE,WARN,amount,128
1997-09-02,MISSING_VALUE,WARN,amount,128
1997-09-03,MISSING_VALUE,WARN,amount,128
1997-09-04,MISSING_VALUE,WARN,amount,128
1997-09-05,MISSING_VALUE,WARN,amount,128
1997-09-08,MISSING_VALUE,WARN,amount,128
1997-09-09,MISSING_VALUE,WARN,amount,128
1997-09-10,MISSING_VALUE,WARN,amount,128
1997-09-11,MISSING_VALUE,WARN,amount,128
1997-09-12,MISSING_VALUE,WARN,amount,128
1997-09-15,MISSING_VALUE,WARN,amount,129
1997-09-16,ADJ_FACTOR_CA_MISMATCH,WARN,fq_factor,1
1997-09-16,MISSING_VALUE,WARN,amount,129
1997-09-17,MISSING_VALUE,WARN,amount,129
1997-09-18,MISSING_VALUE,WARN,amount,129
1997-09-19,MISSING_VALUE,WARN,amount,129
1997-09-22,MISSING_VALUE,WARN,amount,129
1997-09-23,MISSING_VALUE,WARN,amount,129
1997-09-24,MISSING_VALUE,WARN,amount,129
1997-09-25,MISSING_VALUE,WARN,amount,129
1997-09-26,MISSING_VALUE,WARN,amount,129
1997-09-29,MISSING_VALUE,WARN,amount,130
1997-09-30,ADJ_FACTOR_CA_MISMATCH,WARN,fq_factor,1
1997-09-30,MISSING_VALUE,WARN,amount,130
1997-10-06,MISSING_VALUE,WARN,amount,130
1997-10-07,ADJ_FACTOR_CA_MISMATCH,WARN,fq_factor,3
1997-10-07,MISSING_VALUE,WARN,amount,130
1997-10-08,MISSING_VALUE,WARN,amount,130
1997-10-09,MISSING_VALUE,WARN,amount,130
1997-10-10,MISSING_VALUE,WARN,amount,130
1997-10-13,MISSING_VALUE,WARN,amount,130
1997-10-14,ADJ_FACTOR_CA_MISMATCH,WARN,fq_factor,1
1997-10-14,MISSING_VALUE,WARN,amount,130
1997-10-15,MISSING_VALUE,WARN,amount,130
1997-10-16,MISSING_VALUE,WARN,amount,130
1997-10-17,MISSING_VALUE,WARN,amount,130
1997-10-20,MISSING_VALUE,WARN,amount,131
1997-10-21,MISSING_VALUE,WARN,amount,130
1997-10-22,MISSING_VALUE,WARN,amount,130
1997-10-23,MISSING_VALUE,WARN,amount,130
1997-10-24,MISSING_VALUE,WARN,amount,130
1997-10-27,MISSING_VALUE,WARN,amount,130
1997-10-28,MISSING_VALUE,WARN,amount,130
1997-10-29,MISSING_VALUE,WARN,amount,130
1997-10-30,MISSING_VALUE,WARN,amount,130
1997-10-31,MISSING_VALUE,WARN,amount,130
1997-11-03,MISSING_VALUE,WARN,amount,131
1997-11-04,MISSING_VALUE,WARN,amount,131
1997-11-05,MISSING_VALUE,WARN,amount,131
1997-11-06,MISSING_VALUE,WARN,amount,131
1997-11-07,MISSING_VALUE,WARN,amount,131
1997-11-10,MISSING_VALUE,WARN,amount,131
1997-11-11,MISSING_VALUE,WARN,amount,131
1997-11-12,MISSING_VALUE,WARN,amount,131
1997-11-13,MISSING_VALUE,WARN,amount,131
1997-11-14,MISSING_VALUE,WARN,amount,131
1997-11-17,MISSING_VALUE,WARN,amount,131
1997-11-18,ADJ_FACTOR_CA_MISMATCH,WARN,fq_factor,1
1997-11-18,MISSING_VALUE,WARN,amount,131
1997-11-19,MISSING_VALUE,WARN,amount,131
1997-11-20,MISSING_VALUE,WARN,amount,131
1997-11-21,MISSING_VALUE,WARN,amount,131
1997-11-24,MISSING_VALUE,WARN,amount,131
1997-11-25,MISSING_VALUE,WARN,amount,131
1997-11-26,MISSING_VALUE,WARN,amount,131
1997-11-27,MISSING_VALUE,WARN,amount,132
1997-11-28,MISSING_VALUE,WARN,amount,132
1997-12-01,MISSING_VALUE,WARN,amount,132
1997-12-02,MISSING_VALUE,WARN,amount,132
1997-12-03,MISSING_VALUE,WARN,amount,132
1997-12-04,MISSING_VALUE,WARN,amount,132
1997-12-05,MISSING_VALUE,WARN,amount,132
1997-12-08,MISSING_VALUE,WARN,amount,132
1997-12-09,MISSING_VALUE,WARN,amount,132
1997-12-10,MISSING_VALUE,WARN,amount,132
1997-12-11,MISSING_VALUE,WARN,amount,132
1997-12-12,MISSING_VALUE,WARN,amount,132
1997-12-15,MISSING_VALUE,WARN,amount,132
1997-12-16,MISSING_VALUE,WARN,amount,132
1997-12-17,MISSING_VALUE,WARN,amount,132
1997-12-18,MISSING_VALUE,WARN,amount,132
1997-12-19,MISSING_VALUE,WARN,amount,132
1997-12-22,MISSING_VALUE,WARN,amount,132
1997-12-23,MISSING_VALUE,WARN,amount,132
1997-12-24,MISSING_VALUE,WARN,amount,132
1997-12-25,MISSING_VALUE,WARN,amount,132
1997-12-26,MISSING_VALUE,WARN,amount,132
1997-12-29,MISSING_VALUE,WARN,amount,132
1997-12-30,MISSING_VALUE,WARN,amount,132
1997-12-31,MISSING_VALUE,WARN,amount,132
1998-01-05,ADJ_FACTOR_CA_MISMATCH,WARN,fq_factor,1
1998-01-05,MISSING_VALUE,WARN,amount,132
1998-01-06,MISSING_VALUE,WARN,amount,132
1998-01-07,MISSING_VALUE,WARN,amount,132
1998-01-08,MISSING_VALUE,WARN,amount,132
1998-01-09,MISSING_VALUE,WARN,amount,132
1998-01-12,MISSING_VALUE,WARN,amount,132
1998-01-13,MISSING_VALUE,WARN,amount,132
1998-01-14,MISSING_VALUE,WARN,amount,132
1998-01-15,MISSING_VALUE,WARN,amount,132
1998-01-16,MISSING_VALUE,WARN,amount,132
1998-01-19,MISSING_VALUE,WARN,amount,132
1998-01-20,MISSING_VALUE,WARN,amount,132
1998-01-21,MISSING_VALUE,WARN,amount,132
1998-01-22,MISSING_VALUE,WARN,amount,133
1998-01-23,MISSING_VALUE,WARN,amount,133
1998-02-09,MISSING_VALUE,WARN,amount,133
1998-02-10,MISSING_VALUE,WARN,amount,133
1998-02-11,MISSING_VALUE,WARN,amount,133
1998-02-12,MISSING_VALUE,WARN,amount,133
1998-02-13,MISSING_VALUE,WARN,amount,133
1998-02-16,MISSING_VALUE,WARN,amount,133
1998-02-17,MISSING_VALUE,WARN,amount,133
1998-02-18,MISSING_VALUE,WARN,amount,133
1998-02-19,MISSING_VALUE,WARN,amount,133
1998-02-20,MISSING_VALUE,WARN,amount,133
1998-02-23,ADJ_FACTOR_CA_MISMATCH,WARN,fq_factor,1
1998-02-23,MISSING_VALUE,WARN,amount,133
1998-02-24,MISSING_VALUE,WARN,amount,133
1998-02-25,MISSING_VALUE,WARN,amount,134
1998-02-26,MISSING_VALUE,WARN,amount,134
1998-02-27,MISSING_VALUE,WARN,amount,134
1998-03-02,MISSING_VALUE,WARN,amount,134
1998-03-03,MISSING_VALUE,WARN,amount,134
1998-03-04,MISSING_VALUE,WARN,amount,134
1998-03-05,MISSING_VALUE,WARN,amount,134
1998-03-06,MISSING_VALUE,WARN,amount,134
1998-03-09,MISSING_VALUE,WARN,amount,134
1998-03-10,MISSING_VALUE,WARN,amount,134
1998-03-11,MISSING_VALUE,WARN,amount,134
1998-03-12,MISSING_VALUE,WARN,amount,134
1998-03-13,MISSING_VALUE,WARN,amount,134
1998-03-16,MISSING_VALUE,WARN,amount,134
1998-03-17,MISSING_VALUE,WARN,amount,134
1998-03-18,MISSING_VALUE,WARN,amount,134
1998-03-19,MISSING_VALUE,WARN,amount,134
1998-03-20,MISSING_VALUE,WARN,amount,134
1998-03-23,MISSING_VALUE,WARN,amount,134
1998-03-24,MISSING_VALUE,WARN,amount,134
1998-03-25,MISSING_VALUE,WARN,amount,134
1998-03-26,MISSING_VALUE,WARN,amount,134
1998-03-27,MISSING_VALUE,WARN,amount,134
1998-03-30,MISSING_VALUE,WARN,amount,134
1998-03-31,MISSING_VALUE,WARN,amount,134
1998-04-01,MISSING_VALUE,WARN,amount,134
1998-04-02,MISSING_VALUE,WARN,amount,134
1998-04-03,MISSING_VALUE,WARN,amount,134
1998-04-06,MISSING_VALUE,WARN,amount,134
1998-04-07,MISSING_VALUE,WARN,amount,134
1998-04-08,MISSING_VALUE,WARN,amount,135
1998-04-09,MISSING_VALUE,WARN,amount,135
1998-04-10,MISSING_VALUE,WARN,amount,135
1998-04-13,MISSING_VALUE,WARN,amount,135
1998-04-14,MISSING_VALUE,WARN,amount,135
1998-04-15,MISSING_VALUE,WARN,amount,135
1998-04-16,MISSING_VALUE,WARN,amount,136
1998-04-17,MISSING_VALUE,WARN,amount,136
1998-04-20,MISSING_VALUE,WARN,amount,137
1998-04-21,MISSING_VALUE,WARN,amount,137
1998-04-22,ADJ_FACTOR_CA_MISMATCH,WARN,fq_factor,1
1998-04-22,MISSING_VALUE,WARN,amount,137
1998-04-23,ADJ_FACTOR_CA_MISMATCH,WARN,fq_factor,1
1998-04-23,MISSING_VALUE,WARN,amount,137
1998-04-24,MISSING_VALUE,WARN,amount,137
1998-04-27,MISSING_VALUE,WARN,amount,137
1998-04-28,MISSING_VALUE,WARN,amount,137
1998-04-29,MISSING_VALUE,WARN,amount,137
1998-04-30,MISSING_VALUE,WARN,amount,137
1998-05-04,ADJ_FACTOR_CA_MISMATCH,WARN,fq_factor,1
1998-05-04,MISSING_VALUE,WARN,amount,137
1998-05-05,MISSING_VALUE,WARN,amount,137
1998-05-06,MISSING_VALUE,WARN,amount,138
1998-05-07,MISSING_VALUE,WARN,amount,137
1998-05-08,MISSING_VALUE,WARN,amount,139
1998-05-11,MISSING_VALUE,WARN,amount,137
1998-05-12,ADJ_FACTOR_CA_MISMATCH,WARN,fq_factor,1
1998-05-12,MISSING_VALUE,WARN,amount,138
1998-05-13,MISSING_VALUE,WARN,amount,138
1998-05-14,MISSING_VALUE,WARN,amount,138
1998-05-15,MISSING_VALUE,WARN,amount,138
1998-05-18,ADJ_FACTOR_CA_MISMATCH,WARN,fq_factor,1
1998-05-18,MISSING_VALUE,WARN,amount,138
1998-05-19,ADJ_FACTOR_CA_MISMATCH,WARN,fq_factor,1
1998-05-19,MISSING_VALUE,WARN,amount,138
1998-05-20,MISSING_VALUE,WARN,amount,138
1998-05-21,MISSING_VALUE,WARN,amount,138
1998-05-22,MISSING_VALUE,WARN,amount,138
1998-05-25,MISSING_VALUE,WARN,amount,139
1998-05-26,ADJ_FACTOR_CA_MISMATCH,WARN,fq_factor,1
1998-05-26,MISSING_VALUE,WARN,amount,139
1998-05-27,MISSING_VALUE,WARN,amount,139
1998-05-28,ADJ_FACTOR_CA_MISMATCH,WARN,fq_factor,2
1998-05-28,MISSING_VALUE,WARN,amount,139
1998-05-29,MISSING_VALUE,WARN,amount,140
1998-06-01,MISSING_VALUE,WARN,amount,140
1998-06-02,MISSING_VALUE,WARN,amount,140
1998-06-03,MISSING_VALUE,WARN,amount,140
1998-06-04,ADJ_FACTOR_CA_MISMATCH,WARN,fq_factor,1
1998-06-04,MISSING_VALUE,WARN,amount,140
1998-06-05,ADJ_FACTOR_CA_MISMATCH,WARN,fq_factor,1
1998-06-05,MISSING_VALUE,WARN,amount,140
1998-06-08,ADJ_FACTOR_CA_MISMATCH,WARN,fq_factor,2
1998-06-08,MISSING_VALUE,WARN,amount,140
1998-06-09,MISSING_VALUE,WARN,amount,141
1998-06-10,MISSING_VALUE,WARN,amount,141
1998-06-11,MISSING_VALUE,WARN,amount,141
1998-06-12,MISSING_VALUE,WARN,amount,141
1998-06-15,ADJ_FACTOR_CA_MISMATCH,WARN,fq_factor,1
1998-06-15,MISSING_VALUE,WARN,amount,141
1998-06-16,ADJ_FACTOR_CA_MISMATCH,WARN,fq_factor,2
1998-06-16,MISSING_VALUE,WARN,amount,141
1998-06-17,ADJ_FACTOR_CA_MISMATCH,WARN,fq_factor,3
1998-06-17,MISSING_VALUE,WARN,amount,141
1998-06-18,ADJ_FACTOR_CA_MISMATCH,WARN,fq_factor,5
1998-06-18,MISSING_VALUE,WARN,amount,141
1998-06-19,ADJ_FACTOR_CA_MISMATCH,WARN,fq_factor,4
1998-06-19,MISSING_VALUE,WARN,amount,141
1998-06-22,ADJ_FACTOR_CA_MISMATCH,WARN,fq_factor,7
1998-06-22,MISSING_VALUE,WARN,amount,141
1998-06-23,ADJ_FACTOR_CA_MISMATCH,WARN,fq_factor,6
1998-06-23,MISSING_VALUE,WARN,amount,141
1998-06-24,ADJ_FACTOR_CA_MISMATCH,WARN,fq_factor,1
1998-06-24,MISSING_VALUE,WARN,amount,141
1998-06-25,ADJ_FACTOR_CA_MISMATCH,WARN,fq_factor,3
1998-06-25,MISSING_VALUE,WARN,amount,141
1998-06-26,ADJ_FACTOR_CA_MISMATCH,WARN,fq_factor,3
1998-06-26,MISSING_VALUE,WARN,amount,141
1998-06-29,ADJ_FACTOR_CA_MISMATCH,WARN,fq_factor,4
1998-06-29,MISSING_VALUE,WARN,amount,141
1998-06-30,ADJ_FACTOR_CA_MISMATCH,WARN,fq_factor,5
1998-06-30,MISSING_VALUE,WARN,amount,141
1998-07-01,ADJ_FACTOR_CA_MISMATCH,WARN,fq_factor,3
1998-07-01,MISSING_VALUE,WARN,amount,141
1998-07-02,ADJ_FACTOR_CA_MISMATCH,WARN,fq_factor,1
1998-07-02,MISSING_VALUE,WARN,amount,141
1998-07-03,MISSING_VALUE,WARN,amount,141
1998-07-06,ADJ_FACTOR_CA_MISMATCH,WARN,fq_factor,5
1998-07-06,MISSING_VALUE,WARN,amount,141
1998-07-07,ADJ_FACTOR_CA_MISMATCH,WARN,fq_factor,1
1998-07-07,MISSING_VALUE,WARN,amount,141
1998-07-08,MISSING_VALUE,WARN,amount,141
1998-07-09,ADJ_FACTOR_CA_MISMATCH,WARN,fq_factor,2
1998-07-09,MISSING_VALUE,WARN,amount,141
1998-07-10,ADJ_FACTOR_CA_MISMATCH,WARN,fq_factor,1
1998-07-10,MISSING_VALUE,WARN,amount,141
1998-07-13,ADJ_FACTOR_CA_MISMATCH,WARN,fq_factor,1
1998-07-13,MISSING_VALUE,WARN,amount,141
1998-07-14,ADJ_FACTOR_CA_MISMATCH,WARN,fq_factor,3
1998-07-14,MISSING_VALUE,WARN,amount,141
1998-07-15,ADJ_FACTOR_CA_MISMATCH,WARN,fq_factor,3
1998-07-15,MISSING_VALUE,WARN,amount,141
1998-07-16,ADJ_FACTOR_CA_MISMATCH,WARN,fq_factor,2
1998-07-16,MISSING_VALUE,WARN,amount,141
1998-07-17,ADJ_FACTOR_CA_MISMATCH,WARN,fq_factor,1
1998-07-17,MISSING_VALUE,WARN,amount,141
1998-07-20,ADJ_FACTOR_CA_MISMATCH,WARN,fq_factor,3
1998-07-20,MISSING_VALUE,WARN,amount,141
1998-07-21,ADJ_FACTOR_CA_MISMATCH,WARN,fq_factor,1
1998-07-21,MISSING_VALUE,WARN,amount,141
1998-07-22,ADJ_FACTOR_CA_MISMATCH,WARN,fq_factor,2
1998-07-22,MISSING_VALUE,WARN,amount,141
1998-07-23,ADJ_FACTOR_CA_MISMATCH,WARN,fq_factor,1
1998-07-23,MISSING_VALUE,WARN,amount,141
1998-07-24,ADJ_FACTOR_CA_MISMATCH,WARN,fq_factor,1
1998-07-24,MISSING_VALUE,WARN,amount,141
1998-07-27,ADJ_FACTOR_CA_MISMATCH,WARN,fq_factor,3
1998-07-27,MISSING_VALUE,WARN,amount,141
1998-07-28,ADJ_FACTOR_CA_MISMATCH,WARN,fq_factor,6
1998-07-28,MISSING_VALUE,WARN,amount,141
1998-07-29,ADJ_FACTOR_CA_MISMATCH,WARN,fq_factor,2
1998-07-29,MISSING_VALUE,WARN,amount,141
1998-07-30,ADJ_FACTOR_CA_MISMATCH,WARN,fq_factor,1
1998-07-30,MISSING_VALUE,WARN,amount,141
1998-07-31,ADJ_FACTOR_CA_MISMATCH,WARN,fq_factor,1
1998-07-31,MISSING_VALUE,WARN,amount,141
1998-08-03,ADJ_FACTOR_CA_MISMATCH,WARN,fq_factor,3
1998-08-03,MISSING_VALUE,WARN,amount,141
1998-08-04,ADJ_FACTOR_CA_MISMATCH,WARN,fq_factor,1
1998-08-04,MISSING_VALUE,WARN,amount,141
1998-08-05,MISSING_VALUE,WARN,amount,141
1998-08-06,ADJ_FACTOR_CA_MISMATCH,WARN,fq_factor,1
1998-08-06,MISSING_VALUE,WARN,amount,141
1998-08-07,ADJ_FACTOR_CA_MISMATCH,WARN,fq_factor,1
1998-08-07,MISSING_VALUE,WARN,amount,141
1998-08-10,ADJ_FACTOR_CA_MISMATCH,WARN,fq_factor,2
1998-08-10,MISSING_VALUE,WARN,amount,141
1998-08-11,ADJ_FACTOR_CA_MISMATCH,WARN,fq_factor,1
1998-08-11,MISSING_VALUE,WARN,amount,141
1998-08-12,ADJ_FACTOR_CA_MISMATCH,WARN,fq_factor,3
1998-08-12,MISSING_VALUE,WARN,amount,141
1998-08-13,MISSING_VALUE,WARN,amount,141
1998-08-14,ADJ_FACTOR_CA_MISMATCH,WARN,fq_factor,2
1998-08-14,MISSING_VALUE,WARN,amount,141
1998-08-17,MISSING_VALUE,WARN,amount,141
1998-08-18,ADJ_FACTOR_CA_MISMATCH,WARN,fq_factor,2
1998-08-18,MISSING_VALUE,WARN,amount,141
1998-08-19,ADJ_FACTOR_CA_MISMATCH,WARN,fq_factor,2
1998-08-19,MISSING_VALUE,WARN,amount,141
1998-08-20,ADJ_FACTOR_CA_MISMATCH,WARN,fq_factor,1
1998-08-20,MISSING_VALUE,WARN,amount,141
1998-08-21,MISSING_VALUE,WARN,amount,141
1998-08-24,ADJ_FACTOR_CA_MISMATCH,WARN,fq_factor,2
1998-08-24,MISSING_VALUE,WARN,amount,141
1998-08-25,ADJ_FACTOR_CA_MISMATCH,WARN,fq_factor,1
1998-08-25,MISSING_VALUE,WARN,amount,142
1998-08-26,ADJ_FACTOR_CA_MISMATCH,WARN,fq_factor,2
1998-08-26,MISSING_VALUE,WARN,amount,142
1998-08-27,ADJ_FACTOR_CA_MISMATCH,WARN,fq_factor,2
1998-08-27,MISSING_VALUE,WARN,amount,142
1998-08-28,ADJ_FACTOR_CA_MISMATCH,WARN,fq_factor,1
1998-08-28,MISSING_VALUE,WARN,amount,142
1998-08-31,MISSING_VALUE,WARN,amount,142
1998-09-01,ADJ_FACTOR_CA_MISMATCH,WARN,fq_factor,2
1998-09-01,MISSING_VALUE,WARN,amount,142
1998-09-02,MISSING_VALUE,WARN,amount,142
1998-09-03,MISSING_VALUE,WARN,amount,142
1998-09-04,MISSING_VALUE,WARN,amount,142
1998-09-07,MISSING_VALUE,WARN,amount,142
1998-09-08,ADJ_FACTOR_CA_MISMATCH,WARN,fq_factor,1
1998-09-08,MISSING_VALUE,WARN,amount,142
1998-09-09,ADJ_FACTOR_CA_MISMATCH,WARN,fq_factor,1
1998-09-09,MISSING_VALUE,WARN,amount,142
1998-09-10,MISSING_VALUE,WARN,amount,142
1998-09-11,MISSING_VALUE,WARN,amount,142
1998-09-14,MISSING_VALUE,WARN,amount,142
1998-09-15,MISSING_VALUE,WARN,amount,142
1998-09-16,MISSING_VALUE,WARN,amount,142
1998-09-17,MISSING_VALUE,WARN,amount,142
1998-09-18,MISSING_VALUE,WARN,amount,142
1998-09-21,MISSING_VALUE,WARN,amount,142
1998-09-22,MISSING_VALUE,WARN,amount,142
1998-09-23,MISSING_VALUE,WARN,amount,142
1998-09-24,MISSING_VALUE,WARN,amount,142
1998-09-25,MISSING_VALUE,WARN,amount,142
1998-09-28,MISSING_VALUE,WARN,amount,143
1998-09-29,MISSING_VALUE,WARN,amount,143
1998-09-30,MISSING_VALUE,WARN,amount,143
1998-10-05,MISSING_VALUE,WARN,amount,143
1998-10-06,MISSING_VALUE,WARN,amount,143
1998-10-07,MISSING_VALUE,WARN,amount,143
1998-10-08,MISSING_VALUE,WARN,amount,143
1998-10-09,MISSING_VALUE,WARN,amount,143
1998-10-12,MISSING_VALUE,WARN,amount,143
1998-10-13,MISSING_VALUE,WARN,amount,143
1998-10-14,ADJ_FACTOR_CA_MISMATCH,WARN,fq_factor,1
1998-10-14,MISSING_VALUE,WARN,amount,143
1998-10-15,ADJ_FACTOR_CA_MISMATCH,WARN,fq_factor,1
1998-10-15,MISSING_VALUE,WARN,amount,143
1998-10-16,MISSING_VALUE,WARN,amount,145
1998-10-19,MISSING_VALUE,WARN,amount,145
1998-10-20,MISSING_VALUE,WARN,amount,144
1998-10-21,MISSING_VALUE,WARN,amount,144
1998-10-22,MISSING_VALUE,WARN,amount,144
1998-10-23,ADJ_FACTOR_CA_MISMATCH,WARN,fq_factor,1
1998-10-23,MISSING_VALUE,WARN,amount,144
1998-10-26,ADJ_FACTOR_CA_MISMATCH,WARN,fq_factor,1
1998-10-26,MISSING_VALUE,WARN,amount,144
1998-10-27,MISSING_VALUE,WARN,amount,144
1998-10-28,MISSING_VALUE,WARN,amount,145
1998-10-29,ADJ_FACTOR_CA_MISMATCH,WARN,fq_factor,2
1998-10-29,MISSING_VALUE,WARN,amount,145
1998-10-30,MISSING_VALUE,WARN,amount,145
1998-11-02,MISSING_VALUE,WARN,amount,145
1998-11-03,MISSING_VALUE,WARN,amount,145
1998-11-04,MISSING_VALUE,WARN,amount,145
1998-11-05,ADJ_FACTOR_CA_MISMATCH,WARN,fq_factor,1
1998-11-05,MISSING_VALUE,WARN,amount,145
1998-11-06,MISSING_VALUE,WARN,amount,145
1998-11-09,MISSING_VALUE,WARN,amount,145
1998-11-10,MISSING_VALUE,WARN,amount,145
1998-11-11,MISSING_VALUE,WARN,amount,145
1998-11-12,MISSING_VALUE,WARN,amount,145
1998-11-13,ADJ_FACTOR_CA_MISMATCH,WARN,fq_factor,2
1998-11-13,MISSING_VALUE,WARN,amount,145
1998-11-16,MISSING_VALUE,WARN,amount,145
1998-11-17,MISSING_VALUE,WARN,amount,145
1998-11-18,MISSING_VALUE,WARN,amount,145
1998-11-19,MISSING_VALUE,WARN,amount,145
1998-11-20,ADJ_FACTOR_CA_MISMATCH,WARN,fq_factor,1
1998-11-20,MISSING_VALUE,WARN,amount,145
1998-11-23,ADJ_FACTOR_CA_MISMATCH,WARN,fq_factor,1
1998-11-23,MISSING_VALUE,WARN,amount,145
1998-11-24,MISSING_VALUE,WARN,amount,145
1998-11-25,MISSING_VALUE,WARN,amount,145
1998-11-26,MISSING_VALUE,WARN,amount,145
1998-11-27,MISSING_VALUE,WARN,amount,145
1998-11-30,MISSING_VALUE,WARN,amount,145
1998-12-01,MISSING_VALUE,WARN,amount,145
1998-12-02,ADJ_FACTOR_CA_MISMATCH,WARN,fq_factor,1
1998-12-02,MISSING_VALUE,WARN,amount,145
1998-12-03,MISSING_VALUE,WARN,amount,145
1998-12-04,MISSING_VALUE,WARN,amount,145
1998-12-07,MISSING_VALUE,WARN,amount,145
1998-12-08,MISSING_VALUE,WARN,amount,145
1998-12-09,ADJ_FACTOR_CA_MISMATCH,WARN,fq_factor,1
1998-12-09,MISSING_VALUE,WARN,amount,145
1998-12-10,MISSING_VALUE,WARN,amount,145
1998-12-11,MISSING_VALUE,WARN,amount,145
1998-12-14,MISSING_VALUE,WARN,amount,145
1998-12-15,MISSING_VALUE,WARN,amount,145
1998-12-16,MISSING_VALUE,WARN,amount,146
1998-12-17,MISSING_VALUE,WARN,amount,145
1998-12-18,MISSING_VALUE,WARN,amount,145
1998-12-21,MISSING_VALUE,WARN,amount,145
1998-12-22,MISSING_VALUE,WARN,amount,145
1998-12-23,MISSING_VALUE,WARN,amount,145
1998-12-24,MISSING_VALUE,WARN,amount,145
1998-12-25,MISSING_VALUE,WARN,amount,145
1998-12-28,MISSING_VALUE,WARN,amount,145
1998-12-29,ADJ_FACTOR_CA_MISMATCH,WARN,fq_factor,1
1998-12-29,MISSING_VALUE,WARN,amount,145
1998-12-30,MISSING_VALUE,WARN,amount,145
1998-12-31,MISSING_VALUE,WARN,amount,145
1999-01-04,ADJ_FACTOR_CA_MISMATCH,WARN,fq_factor,1
1999-01-04,MISSING_VALUE,WARN,amount,145
1999-01-05,MISSING_VALUE,WARN,amount,145
1999-01-06,MISSING_VALUE,WARN,amount,145
1999-01-07,MISSING_VALUE,WARN,amount,145
1999-01-08,MISSING_VALUE,WARN,amount,145
1999-01-11,MISSING_VALUE,WARN,amount,145
1999-01-12,MISSING_VALUE,WARN,amount,145
1999-01-13,MISSING_VALUE,WARN,amount,145
1999-01-14,MISSING_VALUE,WARN,amount,145
1999-01-15,MISSING_VALUE,WARN,amount,145
1999-01-18,MISSING_VALUE,WARN,amount,145
1999-01-19,MISSING_VALUE,WARN,amount,145
1999-01-20,MISSING_VALUE,WARN,amount,145
1999-01-21,ADJ_FACTOR_CA_MISMATCH,WARN,fq_factor,1
1999-01-21,MISSING_VALUE,WARN,amount,145
1999-01-22,MISSING_VALUE,WARN,amount,145
1999-01-25,MISSING_VALUE,WARN,amount,145
1999-01-26,MISSING_VALUE,WARN,amount,145
1999-01-27,MISSING_VALUE,WARN,amount,145
1999-01-28,ADJ_FACTOR_CA_MISMATCH,WARN,fq_factor,1
1999-01-28,MISSING_VALUE,WARN,amount,145
1999-01-29,MISSING_VALUE,WARN,amount,145
1999-02-01,MISSING_VALUE,WARN,amount,145
1999-02-02,MISSING_VALUE,WARN,amount,145
1999-02-03,MISSING_VALUE,WARN,amount,145
1999-02-04,MISSING_VALUE,WARN,amount,145
1999-02-05,MISSING_VALUE,WARN,amount,145
1999-02-08,MISSING_VALUE,WARN,amount,145
1999-02-09,MISSING_VALUE,WARN,amount,145
1999-03-01,MISSING_VALUE,WARN,amount,145
1999-03-02,MISSING_VALUE,WARN,amount,145
1999-03-03,MISSING_VALUE,WARN,amount,145
1999-03-04,MISSING_VALUE,WARN,amount,145
1999-03-05,MISSING_VALUE,WARN,amount,145
1999-03-08,MISSING_VALUE,WARN,amount,145
1999-03-09,MISSING_VALUE,WARN,amount,145
1999-03-10,MISSING_VALUE,WARN,amount,145
1999-03-11,MISSING_VALUE,WARN,amount,145
1999-03-12,MISSING_VALUE,WARN,amount,145
1999-03-15,MISSING_VALUE,WARN,amount,145
1999-03-16,MISSING_VALUE,WARN,amount,145
1999-03-17,MISSING_VALUE,WARN,amount,145
1999-03-18,MISSING_VALUE,WARN,amount,145
1999-03-19,MISSING_VALUE,WARN,amount,145
1999-03-22,MISSING_VALUE,WARN,amount,145
1999-03-23,MISSING_VALUE,WARN,amount,145
1999-03-24,MISSING_VALUE,WARN,amount,145
1999-03-25,MISSING_VALUE,WARN,amount,146
1999-03-26,MISSING_VALUE,WARN,amount,146
1999-03-29,MISSING_VALUE,WARN,amount,146
1999-03-30,MISSING_VALUE,WARN,amount,146
1999-03-31,MISSING_VALUE,WARN,amount,146
1999-04-01,MISSING_VALUE,WARN,amount,147
1999-04-02,MISSING_VALUE,WARN,amount,147
1999-04-05,MISSING_VALUE,WARN,amount,147
1999-04-06,MISSING_VALUE,WARN,amount,147
1999-04-07,MISSING_VALUE,WARN,amount,147
1999-04-08,MISSING_VALUE,WARN,amount,148
1999-04-09,MISSING_VALUE,WARN,amount,148
1999-04-12,MISSING_VALUE,WARN,amount,148
1999-04-13,ADJ_FACTOR_CA_MISMATCH,WARN,fq_factor,1
1999-04-13,MISSING_VALUE,WARN,amount,148
1999-04-14,MISSING_VALUE,WARN,amount,148
1999-04-15,MISSING_VALUE,WARN,amount,148
1999-04-16,MISSING_VALUE,WARN,amount,148
1999-04-19,MISSING_VALUE,WARN,amount,148
1999-04-20,MISSING_VALUE,WARN,amount,148
1999-04-21,MISSING_VALUE,WARN,amount,148
1999-04-22,MISSING_VALUE,WARN,amount,148
1999-04-23,MISSING_VALUE,WARN,amount,148
1999-04-26,MISSING_VALUE,WARN,amount,149
1999-04-27,ADJ_FACTOR_CA_MISMATCH,WARN,fq_factor,1
1999-04-27,MISSING_VALUE,WARN,amount,149
1999-04-28,ADJ_FACTOR_CA_MISMATCH,WARN,fq_factor,1
1999-04-28,MISSING_VALUE,WARN,amount,149
1999-04-29,MISSING_VALUE,WARN,amount,149
1999-04-30,MISSING_VALUE,WARN,amount,149
1999-05-04,MISSING_VALUE,WARN,amount,148
1999-05-05,MISSING_VALUE,WARN,amount,148
1999-05-06,MISSING_VALUE,WARN,amount,148
1999-05-07,ADJ_FACTOR_CA_MISMATCH,WARN,fq_factor,1
1999-05-07,MISSING_VALUE,WARN,amount,148
1999-05-10,ADJ_FACTOR_CA_MISMATCH,WARN,fq_factor,2
1999-05-10,MISSING_VALUE,WARN,amount,148
1999-05-11,MISSING_VALUE,WARN,amount,148
1999-05-12,ADJ_FACTOR_CA_MISMATCH,WARN,fq_factor,1
1999-05-12,MISSING_VALUE,WARN,amount,148
1999-05-13,ADJ_FACTOR_CA_MISMATCH,WARN,fq_factor,3
1999-05-13,MISSING_VALUE,WARN,amount,148
1999-05-14,MISSING_VALUE,WARN,amount,148
1999-05-17,MISSING_VALUE,WARN,amount,148
1999-05-18,ADJ_FACTOR_CA_MISMATCH,WARN,fq_factor,2
1999-05-18,MISSING_VALUE,WARN,amount,148
1999-05-19,ADJ_FACTOR_CA_MISMATCH,WARN,fq_factor,1
1999-05-19,MISSING_VALUE,WARN,amount,148
1999-05-20,ADJ_FACTOR_CA_MISMATCH,WARN,fq_factor,1
1999-05-20,MISSING_VALUE,WARN,amount,148
1999-05-21,MISSING_VALUE,WARN,amount,148
1999-05-24,MISSING_VALUE,WARN,amount,148
1999-05-25,ADJ_FACTOR_CA_MISMATCH,WARN,fq_factor,1
1999-05-25,MISSING_VALUE,WARN,amount,148
1999-05-26,MISSING_VALUE,WARN,amount,148
1999-05-27,MISSING_VALUE,WARN,amount,148
1999-05-28,MISSING_VALUE,WARN,amount,149
1999-05-31,ADJ_FACTOR_CA_MISMATCH,WARN,fq_factor,2
1999-05-31,MISSING_VALUE,WARN,amount,148
1999-06-01,ADJ_FACTOR_CA_MISMATCH,WARN,fq_factor,1
1999-06-01,MISSING_VALUE,WARN,amount,148
1999-06-02,MISSING_VALUE,WARN,amount,148
1999-06-03,ADJ_FACTOR_CA_MISMATCH,WARN,fq_factor,1
1999-06-03,MISSING_VALUE,WARN,amount,148
1999-06-04,ADJ_FACTOR_CA_MISMATCH,WARN,fq_factor,4
1999-06-04,MISSING_VALUE,WARN,amount,148
1999-06-07,MISSING_VALUE,WARN,amount,148
1999-06-08,ADJ_FACTOR_CA_MISMATCH,WARN,fq_factor,4
1999-06-08,MISSING_VALUE,WARN,amount,148
1999-06-09,ADJ_FACTOR_CA_MISMATCH,WARN,fq_factor,1
1999-06-09,MISSING_VALUE,WARN,amount,149
1999-06-10,ADJ_FACTOR_CA_MISMATCH,WARN,fq_factor,3
1999-06-10,MISSING_VALUE,WARN,amount,149
1999-06-11,ADJ_FACTOR_CA_MISMATCH,WARN,fq_factor,1
1999-06-11,MISSING_VALUE,WARN,amount,149
1999-06-14,ADJ_FACTOR_CA_MISMATCH,WARN,fq_factor,2
1999-06-14,MISSING_VALUE,WARN,amount,149
1999-06-15,ADJ_FACTOR_CA_MISMATCH,WARN,fq_factor,1
1999-06-15,MISSING_VALUE,WARN,amount,149
1999-06-16,ADJ_FACTOR_CA_MISMATCH,WARN,fq_factor,6
1999-06-16,MISSING_VALUE,WARN,amount,149
1999-06-17,ADJ_FACTOR_CA_MISMATCH,WARN,fq_factor,4
1999-06-17,MISSING_VALUE,WARN,amount,149
1999-06-18,ADJ_FACTOR_CA_MISMATCH,WARN,fq_factor,6
1999-06-18,MISSING_VALUE,WARN,amount,150
1999-06-21,ADJ_FACTOR_CA_MISMATCH,WARN,fq_factor,6
1999-06-21,MISSING_VALUE,WARN,amount,149
1999-06-22,ADJ_FACTOR_CA_MISMATCH,WARN,fq_factor,3
1999-06-22,MISSING_VALUE,WARN,amount,149
1999-06-23,ADJ_FACTOR_CA_MISMATCH,WARN,fq_factor,4
1999-06-23,MISSING_VALUE,WARN,amount,149
1999-06-24,MISSING_VALUE,WARN,amount,149
1999-06-25,ADJ_FACTOR_CA_MISMATCH,WARN,fq_factor,6
1999-06-25,MISSING_VALUE,WARN,amount,150
1999-06-28,ADJ_FACTOR_CA_MISMATCH,WARN,fq_factor,1
1999-06-28,MISSING_VALUE,WARN,amount,150
1999-06-29,ADJ_FACTOR_CA_MISMATCH,WARN,fq_factor,5
1999-06-29,MISSING_VALUE,WARN,amount,150
1999-06-30,ADJ_FACTOR_CA_MISMATCH,WARN,fq_factor,1
1999-06-30,MISSING_VALUE,WARN,amount,151
1999-07-01,ADJ_FACTOR_CA_MISMATCH,WARN,fq_factor,1
1999-07-01,MISSING_VALUE,WARN,amount,152
1999-07-02,ADJ_FACTOR_CA_MISMATCH,WARN,fq_factor,1
1999-07-02,MISSING_VALUE,WARN,amount,151
1999-07-05,MISSING_VALUE,WARN,amount,151
1999-07-06,ADJ_FACTOR_CA_MISMATCH,WARN,fq_factor,6
1999-07-06,MISSING_VALUE,WARN,amount,151
1999-07-07,MISSING_VALUE,WARN,amount,152
1999-07-08,ADJ_FACTOR_CA_MISMATCH,WARN,fq_factor,5
1999-07-08,MISSING_VALUE,WARN,amount,152
1999-07-09,ADJ_FACTOR_CA_MISMATCH,WARN,fq_factor,4
1999-07-09,MISSING_VALUE,WARN,amount,152
1999-07-12,ADJ_FACTOR_CA_MISMATCH,WARN,fq_factor,6
1999-07-12,MISSING_VALUE,WARN,amount,151
1999-07-13,ADJ_FACTOR_CA_MISMATCH,WARN,fq_factor,4
1999-07-13,MISSING_VALUE,WARN,amount,151
1999-07-14,ADJ_FACTOR_CA_MISMATCH,WARN,fq_factor,2
1999-07-14,MISSING_VALUE,WARN,amount,151
1999-07-15,ADJ_FACTOR_CA_MISMATCH,WARN,fq_factor,2
1999-07-15,MISSING_VALUE,WARN,amount,151
1999-07-16,ADJ_FACTOR_CA_MISMATCH,WARN,fq_factor,4
1999-07-16,MISSING_VALUE,WARN,amount,152
1999-07-19,ADJ_FACTOR_CA_MISMATCH,WARN,fq_factor,6
1999-07-19,MISSING_VALUE,WARN,amount,151
1999-07-20,ADJ_FACTOR_CA_MISMATCH,WARN,fq_factor,3
1999-07-20,MISSING_VALUE,WARN,amount,152
1999-07-21,ADJ_FACTOR_CA_MISMATCH,WARN,fq_factor,3
1999-07-21,MISSING_VALUE,WARN,amount,152
1999-07-22,ADJ_FACTOR_CA_MISMATCH,WARN,fq_factor,3
1999-07-22,MISSING_VALUE,WARN,amount,152
1999-07-23,ADJ_FACTOR_CA_MISMATCH,WARN,fq_factor,3
1999-07-23,MISSING_VALUE,WARN,amount,152
1999-07-26,ADJ_FACTOR_CA_MISMATCH,WARN,fq_factor,1
1999-07-26,MISSING_VALUE,WARN,amount,152
1999-07-27,ADJ_FACTOR_CA_MISMATCH,WARN,fq_factor,3
1999-07-27,MISSING_VALUE,WARN,amount,152
1999-07-28,ADJ_FACTOR_CA_MISMATCH,WARN,fq_factor,3
1999-07-28,MISSING_VALUE,WARN,amount,152
1999-07-29,ADJ_FACTOR_CA_MISMATCH,WARN,fq_factor,1
1999-07-29,MISSING_VALUE,WARN,amount,152
1999-07-30,ADJ_FACTOR_CA_MISMATCH,WARN,fq_factor,1
1999-07-30,MISSING_VALUE,WARN,amount,152
1999-08-02,MISSING_VALUE,WARN,amount,152
1999-08-03,MISSING_VALUE,WARN,amount,153
1999-08-04,MISSING_VALUE,WARN,amount,153
1999-08-05,MISSING_VALUE,WARN,amount,153
1999-08-06,ADJ_FACTOR_CA_MISMATCH,WARN,fq_factor,1
1999-08-06,MISSING_VALUE,WARN,amount,153
1999-08-09,ADJ_FACTOR_CA_MISMATCH,WARN,fq_factor,3
1999-08-09,MISSING_VALUE,WARN,amount,153
1999-08-10,ADJ_FACTOR_CA_MISMATCH,WARN,fq_factor,2
1999-08-10,MISSING_VALUE,WARN,amount,154
1999-08-11,MISSING_VALUE,WARN,amount,154
1999-08-12,MISSING_VALUE,WARN,amount,154
1999-08-13,ADJ_FACTOR_CA_MISMATCH,WARN,fq_factor,1
1999-08-13,MISSING_VALUE,WARN,amount,154
1999-08-16,ADJ_FACTOR_CA_MISMATCH,WARN,fq_factor,1
1999-08-16,MISSING_VALUE,WARN,amount,154
1999-08-17,ADJ_FACTOR_CA_MISMATCH,WARN,fq_factor,2
1999-08-17,MISSING_VALUE,WARN,amount,154
1999-08-18,MISSING_VALUE,WARN,amount,154
1999-08-19,ADJ_FACTOR_CA_MISMATCH,WARN,fq_factor,2
1999-08-19,MISSING_VALUE,WARN,amount,154
1999-08-20,MISSING_VALUE,WARN,amount,154
1999-08-23,ADJ_FACTOR_CA_MISMATCH,WARN,fq_factor,1
1999-08-23,MISSING_VALUE,WARN,amount,154
1999-08-24,ADJ_FACTOR_CA_MISMATCH,WARN,fq_factor,1
1999-08-24,MISSING_VALUE,WARN,amount,154
1999-08-25,ADJ_FACTOR_CA_MISMATCH,WARN,fq_factor,1
1999-08-25,MISSING_VALUE,WARN,amount,154
1999-08-26,ADJ_FACTOR_CA_MISMATCH,WARN,fq_factor,5
1999-08-26,MISSING_VALUE,WARN,amount,154
1999-08-27,ADJ_FACTOR_CA_MISMATCH,WARN,fq_factor,1
1999-08-27,MISSING_VALUE,WARN,amount,154
1999-08-30,ADJ_FACTOR_CA_MISMATCH,WARN,fq_factor,4
1999-08-30,MISSING_VALUE,WARN,amount,154
1999-08-31,ADJ_FACTOR_CA_MISMATCH,WARN,fq_factor,2
1999-08-31,MISSING_VALUE,WARN,amount,155
1999-09-01,MISSING_VALUE,WARN,amount,155
1999-09-02,MISSING_VALUE,WARN,amount,155
1999-09-03,MISSING_VALUE,WARN,amount,155
1999-09-06,MISSING_VALUE,WARN,amount,155
1999-09-07,MISSING_VALUE,WARN,amount,155
1999-09-08,MISSING_VALUE,WARN,amount,155
1999-09-09,MISSING_VALUE,WARN,amount,155
1999-09-10,MISSING_VALUE,WARN,amount,155
1999-09-13,ADJ_FACTOR_CA_MISMATCH,WARN,fq_factor,2
1999-09-13,MISSING_VALUE,WARN,amount,155
1999-09-14,MISSING_VALUE,WARN,amount,155
1999-09-15,MISSING_VALUE,WARN,amount,155
1999-09-16,ADJ_FACTOR_CA_MISMATCH,WARN,fq_factor,1
1999-09-16,MISSING_VALUE,WARN,amount,155
1999-09-17,MISSING_VALUE,WARN,amount,155
1999-09-20,MISSING_VALUE,WARN,amount,155
1999-09-21,MISSING_VALUE,WARN,amount,155
1999-09-22,MISSING_VALUE,WARN,amount,155
1999-09-23,MISSING_VALUE,WARN,amount,157
1999-09-24,MISSING_VALUE,WARN,amount,157
1999-09-27,MISSING_VALUE,WARN,amount,159
1999-09-28,MISSING_VALUE,WARN,amount,159
1999-09-29,ADJ_FACTOR_CA_MISMATCH,WARN,fq_factor,2
1999-09-29,MISSING_VALUE,WARN,amount,159
1999-09-30,MISSING_VALUE,WARN,amount,159
1999-10-08,MISSING_VALUE,WARN,amount,159
1999-10-11,MISSING_VALUE,WARN,amount,159
1999-10-12,MISSING_VALUE,WARN,amount,159
1999-10-13,MISSING_VALUE,WARN,amount,159
1999-10-14,MISSING_VALUE,WARN,amount,159
1999-10-15,ADJ_FACTOR_CA_MISMATCH,WARN,fq_factor,1
1999-10-15,MISSING_VALUE,WARN,amount,159
1999-10-18,ADJ_FACTOR_CA_MISMATCH,WARN,fq_factor,1
1999-10-18,MISSING_VALUE,WARN,amount,159
1999-10-19,MISSING_VALUE,WARN,amount,159
1999-10-20,MISSING_VALUE,WARN,amount,159
1999-10-21,ADJ_FACTOR_CA_MISMATCH,WARN,fq_factor,1
1999-10-21,MISSING_VALUE,WARN,amount,159
1999-10-22,MISSING_VALUE,WARN,amount,159
1999-10-25,MISSING_VALUE,WARN,amount,159
1999-10-26,MISSING_VALUE,WARN,amount,159
1999-10-27,MISSING_VALUE,WARN,amount,159
1999-10-28,MISSING_VALUE,WARN,amount,159
1999-10-29,MISSING_VALUE,WARN,amount,159
1999-11-01,MISSING_VALUE,WARN,amount,159
1999-11-02,MISSING_VALUE,WARN,amount,159
1999-11-03,MISSING_VALUE,WARN,amount,159
1999-11-04,MISSING_VALUE,WARN,amount,159
1999-11-05,MISSING_VALUE,WARN,amount,159
1999-11-08,MISSING_VALUE,WARN,amount,159
1999-11-09,MISSING_VALUE,WARN,amount,159
1999-11-10,ADJ_FACTOR_CA_MISMATCH,WARN,fq_factor,1
1999-11-10,MISSING_VALUE,WARN,amount,160
1999-11-11,MISSING_VALUE,WARN,amount,160
1999-11-12,MISSING_VALUE,WARN,amount,160
1999-11-15,MISSING_VALUE,WARN,amount,160
1999-11-16,MISSING_VALUE,WARN,amount,160
1999-11-17,MISSING_VALUE,WARN,amount,160
1999-11-18,MISSING_VALUE,WARN,amount,160
1999-11-19,ADJ_FACTOR_CA_MISMATCH,WARN,fq_factor,1
1999-11-19,MISSING_VALUE,WARN,amount,160
1999-11-22,MISSING_VALUE,WARN,amount,160
1999-11-23,MISSING_VALUE,WARN,amount,160
1999-11-24,MISSING_VALUE,WARN,amount,160
1999-11-25,MISSING_VALUE,WARN,amount,160
1999-11-26,MISSING_VALUE,WARN,amount,160
1999-11-29,MISSING_VALUE,WARN,amount,161
1999-11-30,MISSING_VALUE,WARN,amount,160
1999-12-01,MISSING_VALUE,WARN,amount,160
1999-12-02,MISSING_VALUE,WARN,amount,160
1999-12-03,MISSING_VALUE,WARN,amount,160
1999-12-06,MISSING_VALUE,WARN,amount,160
1999-12-07,MISSING_VALUE,WARN,amount,160
1999-12-08,MISSING_VALUE,WARN,amount,160
1999-12-09,MISSING_VALUE,WARN,amount,161
1999-12-10,MISSING_VALUE,WARN,amount,161
1999-12-13,MISSING_VALUE,WARN,amount,161
1999-12-14,MISSING_VALUE,WARN,amount,161
1999-12-15,MISSING_VALUE,WARN,amount,161
1999-12-16,MISSING_VALUE,WARN,amount,161
1999-12-17,MISSING_VALUE,WARN,amount,161
1999-12-21,MISSING_VALUE,WARN,amount,161
1999-12-22,ADJ_FACTOR_CA_MISMATCH,WARN,fq_factor,1
1999-12-22,MISSING_VALUE,WARN,amount,161
1999-12-23,MISSING_VALUE,WARN,amount,161
1999-12-24,MISSING_VALUE,WARN,amount,161
1999-12-27,MISSING_VALUE,WARN,amount,161
1999-12-28,MISSING_VALUE,WARN,amount,161
1999-12-29,MISSING_VALUE,WARN,amount,161
1999-12-30,MISSING_VALUE,WARN,amount,161
2000-01-04,MISSING_VALUE,WARN,amount,161
2000-01-05,MISSING_VALUE,WARN,amount,161
2000-01-06,MISSING_VALUE,WARN,amount,161
2000-01-07,MISSING_VALUE,WARN,amount,161
2000-01-10,MISSING_VALUE,WARN,amount,161
2000-01-11,MISSING_VALUE,WARN,amount,161
2000-01-12,MISSING_VALUE,WARN,amount,161
2000-01-13,MISSING_VALUE,WARN,amount,161
2000-01-14,MISSING_VALUE,WARN,amount,161
2000-01-17,MISSING_VALUE,WARN,amount,161
2000-01-18,MISSING_VALUE,WARN,amount,161
2000-01-19,MISSING_VALUE,WARN,amount,161
2000-01-20,MISSING_VALUE,WARN,amount,161
2000-01-21,MISSING_VALUE,WARN,amount,161
2000-01-24,MISSING_VALUE,WARN,amount,161
2000-01-25,MISSING_VALUE,WARN,amount,161
2000-01-26,MISSING_VALUE,WARN,amount,161
2000-01-27,MISSING_VALUE,WARN,amount,162
2000-01-28,MISSING_VALUE,WARN,amount,162
2000-02-14,MISSING_VALUE,WARN,amount,162
2000-02-15,MISSING_VALUE,WARN,amount,162
2000-02-15,VWAP_OUT_OF_RANGE,ERROR,amount,1
2000-02-16,MISSING_VALUE,WARN,amount,162
2000-02-16,VWAP_OUT_OF_RANGE,ERROR,amount,1
2000-02-17,MISSING_VALUE,WARN,amount,162
2000-02-18,MISSING_VALUE,WARN,amount,162
2000-02-21,MISSING_VALUE,WARN,amount,162
2000-02-22,MISSING_VALUE,WARN,amount,162
2000-02-23,MISSING_VALUE,WARN,amount,162
2000-02-24,MISSING_VALUE,WARN,amount,162
2000-02-25,MISSING_VALUE,WARN,amount,162
2000-02-28,MISSING_VALUE,WARN,amount,162
2000-02-29,MISSING_VALUE,WARN,amount,162
2000-03-01,MISSING_VALUE,WARN,amount,163
2000-03-02,MISSING_VALUE,WARN,amount,163
2000-03-03,MISSING_VALUE,WARN,amount,163
2000-03-06,MISSING_VALUE,WARN,amount,163
2000-03-07,MISSING_VALUE,WARN,amount,163
2000-03-08,MISSING_VALUE,WARN,amount,163
2000-03-09,MISSING_VALUE,WARN,amount,163
2000-03-10,MISSING_VALUE,WARN,amount,163
2000-03-13,MISSING_VALUE,WARN,amount,163
2000-03-14,MISSING_VALUE,WARN,amount,163
2000-03-15,MISSING_VALUE,WARN,amount,163
2000-03-16,MISSING_VALUE,WARN,amount,163
2000-03-17,MISSING_VALUE,WARN,amount,163
2000-03-20,MISSING_VALUE,WARN,amount,163
2000-03-21,MISSING_VALUE,WARN,amount,163
2000-03-22,MISSING_VALUE,WARN,amount,163
2000-03-23,MISSING_VALUE,WARN,amount,163
2000-03-24,MISSING_VALUE,WARN,amount,163
2000-03-27,MISSING_VALUE,WARN,amount,163
2000-03-28,ADJ_FACTOR_CA_MISMATCH,WARN,fq_factor,1
2000-03-28,MISSING_VALUE,WARN,amount,163
2000-03-29,MISSING_VALUE,WARN,amount,163
2000-03-30,MISSING_VALUE,WARN,amount,163
2000-03-31,MISSING_VALUE,WARN,amount,163
2000-04-03,MISSING_VALUE,WARN,amount,163
2000-04-04,MISSING_VALUE,WARN,amount,163
2000-04-05,MISSING_VALUE,WARN,amount,163
2000-04-06,MISSING_VALUE,WARN,amount,163
2000-04-07,MISSING_VALUE,WARN,amount,163
2000-04-10,ADJ_FACTOR_CA_MISMATCH,WARN,fq_factor,1
2000-04-10,MISSING_VALUE,WARN,amount,163
2000-04-11,ADJ_FACTOR_CA_MISMATCH,WARN,fq_factor,1
2000-04-11,MISSING_VALUE,WARN,amount,163
2000-04-12,ADJ_FACTOR_CA_MISMATCH,WARN,fq_factor,1
2000-04-12,MISSING_VALUE,WARN,amount,163
2000-04-13,MISSING_VALUE,WARN,amount,163
2000-04-14,MISSING_VALUE,WARN,amount,163
2000-04-17,ADJ_FACTOR_CA_MISMATCH,WARN,fq_factor,1
2000-04-17,MISSING_VALUE,WARN,amount,163
2000-04-18,ADJ_FACTOR_CA_MISMATCH,WARN,fq_factor,1
2000-04-18,MISSING_VALUE,WARN,amount,163
2000-04-19,ADJ_FACTOR_CA_MISMATCH,WARN,fq_factor,2
2000-04-19,MISSING_VALUE,WARN,amount,163
2000-04-20,ADJ_FACTOR_CA_MISMATCH,WARN,fq_factor,1
2000-04-20,MISSING_VALUE,WARN,amount,163
2000-04-21,ADJ_FACTOR_CA_MISMATCH,WARN,fq_factor,2
2000-04-21,MISSING_VALUE,WARN,amount,163
2000-04-24,MISSING_VALUE,WARN,amount,163
2000-04-25,MISSING_VALUE,WARN,amount,164
2000-04-26,ADJ_FACTOR_CA_MISMATCH,WARN,fq_factor,2
2000-04-26,MISSING_VALUE,WARN,amount,163
2000-04-27,ADJ_FACTOR_CA_MISMATCH,WARN,fq_factor,1
2000-04-27,MISSING_VALUE,WARN,amount,164
2000-04-28,MISSING_VALUE,WARN,amount,164
2000-05-08,ADJ_FACTOR_CA_MISMATCH,WARN,fq_factor,1
2000-05-08,MISSING_VALUE,WARN,amount,165
2000-05-09,MISSING_VALUE,WARN,amount,164
2000-05-10,ADJ_FACTOR_CA_MISMATCH,WARN,fq_factor,1
2000-05-10,MISSING_VALUE,WARN,amount,164
2000-05-11,ADJ_FACTOR_CA_MISMATCH,WARN,fq_factor,2
2000-05-11,MISSING_VALUE,WARN,amount,164
2000-05-12,ADJ_FACTOR_CA_MISMATCH,WARN,fq_factor,1
2000-05-12,MISSING_VALUE,WARN,amount,165
2000-05-15,ADJ_FACTOR_CA_MISMATCH,WARN,fq_factor,2
2000-05-15,MISSING_VALUE,WARN,amount,164
2000-05-16,ADJ_FACTOR_CA_MISMATCH,WARN,fq_factor,1
2000-05-16,MISSING_VALUE,WARN,amount,164
2000-05-17,ADJ_FACTOR_CA_MISMATCH,WARN,fq_factor,3
2000-05-17,MISSING_VALUE,WARN,amount,164
2000-05-18,ADJ_FACTOR_CA_MISMATCH,WARN,fq_factor,1
2000-05-18,MISSING_VALUE,WARN,amount,164
2000-05-19,ADJ_FACTOR_CA_MISMATCH,WARN,fq_factor,1
2000-05-19,MISSING_VALUE,WARN,amount,164
2000-05-22,ADJ_FACTOR_CA_MISMATCH,WARN,fq_factor,2
2000-05-22,MISSING_VALUE,WARN,amount,164
2000-05-23,ADJ_FACTOR_CA_MISMATCH,WARN,fq_factor,3
2000-05-23,MISSING_VALUE,WARN,amount,164
2000-05-24,ADJ_FACTOR_CA_MISMATCH,WARN,fq_factor,1
2000-05-24,MISSING_VALUE,WARN,amount,164
2000-05-25,ADJ_FACTOR_CA_MISMATCH,WARN,fq_factor,3
2000-05-25,MISSING_VALUE,WARN,amount,165
2000-05-26,ADJ_FACTOR_CA_MISMATCH,WARN,fq_factor,2
2000-05-26,MISSING_VALUE,WARN,amount,164
2000-05-29,MISSING_VALUE,WARN,amount,164
2000-05-30,ADJ_FACTOR_CA_MISMATCH,WARN,fq_factor,4
2000-05-30,MISSING_VALUE,WARN,amount,165
2000-05-31,ADJ_FACTOR_CA_MISMATCH,WARN,fq_factor,4
2000-05-31,MISSING_VALUE,WARN,amount,164
2000-06-01,MISSING_VALUE,WARN,amount,165
2000-06-02,MISSING_VALUE,WARN,amount,165
2000-06-05,MISSING_VALUE,WARN,amount,165
2000-06-06,ADJ_FACTOR_CA_MISMATCH,WARN,fq_factor,5
2000-06-06,MISSING_VALUE,WARN,amount,165
2000-06-07,ADJ_FACTOR_CA_MISMATCH,WARN,fq_factor,2
2000-06-07,MISSING_VALUE,WARN,amount,165
2000-06-08,ADJ_FACTOR_CA_MISMATCH,WARN,fq_factor,4
2000-06-08,MISSING_VALUE,WARN,amount,165
2000-06-09,ADJ_FACTOR_CA_MISMATCH,WARN,fq_factor,3
2000-06-09,MISSING_VALUE,WARN,amount,165
2000-06-12,ADJ_FACTOR_CA_MISMATCH,WARN,fq_factor,1
2000-06-12,MISSING_VALUE,WARN,amount,165
2000-06-13,ADJ_FACTOR_CA_MISMATCH,WARN,fq_factor,8
2000-06-13,MISSING_VALUE,WARN,amount,165
2000-06-14,ADJ_FACTOR_CA_MISMATCH,WARN,fq_factor,2
2000-06-14,MISSING_VALUE,WARN,amount,165
2000-06-15,ADJ_FACTOR_CA_MISMATCH,WARN,fq_factor,1
2000-06-15,MISSING_VALUE,WARN,amount,165
2000-06-16,ADJ_FACTOR_CA_MISMATCH,WARN,fq_factor,5
2000-06-16,MISSING_VALUE,WARN,amount,167
2000-06-19,ADJ_FACTOR_CA_MISMATCH,WARN,fq_factor,2
2000-06-19,MISSING_VALUE,WARN,amount,166
2000-06-20,ADJ_FACTOR_CA_MISMATCH,WARN,fq_factor,3
2000-06-20,MISSING_VALUE,WARN,amount,166
2000-06-21,ADJ_FACTOR_CA_MISMATCH,WARN,fq_factor,1
2000-06-21,MISSING_VALUE,WARN,amount,166
2000-06-22,ADJ_FACTOR_CA_MISMATCH,WARN,fq_factor,3
2000-06-22,MISSING_VALUE,WARN,amount,166
2000-06-23,ADJ_FACTOR_CA_MISMATCH,WARN,fq_factor,6
2000-06-23,MISSING_VALUE,WARN,amount,166
2000-06-26,ADJ_FACTOR_CA_MISMATCH,WARN,fq_factor,8
2000-06-26,MISSING_VALUE,WARN,amount,166
2000-06-27,ADJ_FACTOR_CA_MISMATCH,WARN,fq_factor,2
2000-06-27,MISSING_VALUE,WARN,amount,166
2000-06-28,ADJ_FACTOR_CA_MISMATCH,WARN,fq_factor,2
2000-06-28,MISSING_VALUE,WARN,amount,167
2000-06-29,ADJ_FACTOR_CA_MISMATCH,WARN,fq_factor,8
2000-06-29,MISSING_VALUE,WARN,amount,167
2000-06-30,ADJ_FACTOR_CA_MISMATCH,WARN,fq_factor,3
2000-06-30,MISSING_VALUE,WARN,amount,168
2000-07-03,ADJ_FACTOR_CA_MISMATCH,WARN,fq_factor,1
2000-07-03,MISSING_VALUE,WARN,amount,167
2000-07-04,ADJ_FACTOR_CA_MISMATCH,WARN,fq_factor,2
2000-07-04,MISSING_VALUE,WARN,amount,167
2000-07-05,MISSING_VALUE,WARN,amount,167
2000-07-06,ADJ_FACTOR_CA_MISMATCH,WARN,fq_factor,5
2000-07-06,MISSING_VALUE,WARN,amount,169
2000-07-07,ADJ_FACTOR_CA_MISMATCH,WARN,fq_factor,2
2000-07-07,MISSING_VALUE,WARN,amount,169
2000-07-10,ADJ_FACTOR_CA_MISMATCH,WARN,fq_factor,1
2000-07-10,MISSING_VALUE,WARN,amount,169
2000-07-11,ADJ_FACTOR_CA_MISMATCH,WARN,fq_factor,5
2000-07-11,MISSING_VALUE,WARN,amount,169
2000-07-12,ADJ_FACTOR_CA_MISMATCH,WARN,fq_factor,2
2000-07-12,MISSING_VALUE,WARN,amount,169
2000-07-13,ADJ_FACTOR_CA_MISMATCH,WARN,fq_factor,6
2000-07-13,MISSING_VALUE,WARN,amount,169
2000-07-14,ADJ_FACTOR_CA_MISMATCH,WARN,fq_factor,7
2000-07-14,MISSING_VALUE,WARN,amount,169
2000-07-17,ADJ_FACTOR_CA_MISMATCH,WARN,fq_factor,4
2000-07-17,MISSING_VALUE,WARN,amount,169
2000-07-18,ADJ_FACTOR_CA_MISMATCH,WARN,fq_factor,3
2000-07-18,MISSING_VALUE,WARN,amount,170
2000-07-19,ADJ_FACTOR_CA_MISMATCH,WARN,fq_factor,1
2000-07-19,MISSING_VALUE,WARN,amount,171
2000-07-20,ADJ_FACTOR_CA_MISMATCH,WARN,fq_factor,4
2000-07-20,MISSING_VALUE,WARN,amount,171
2000-07-21,ADJ_FACTOR_CA_MISMATCH,WARN,fq_factor,6
2000-07-21,MISSING_VALUE,WARN,amount,171
2000-07-24,ADJ_FACTOR_CA_MISMATCH,WARN,fq_factor,4
2000-07-24,MISSING_VALUE,WARN,amount,171
2000-07-25,ADJ_FACTOR_CA_MISMATCH,WARN,fq_factor,3
2000-07-25,MISSING_VALUE,WARN,amount,173
2000-07-26,MISSING_VALUE,WARN,amount,173
2000-07-27,MISSING_VALUE,WARN,amount,173
2000-07-28,ADJ_FACTOR_CA_MISMATCH,WARN,fq_factor,2
2000-07-28,MISSING_VALUE,WARN,amount,173
2000-07-31,ADJ_FACTOR_CA_MISMATCH,WARN,fq_factor,3
2000-07-31,MISSING_VALUE,WARN,amount,174
2000-08-01,ADJ_FACTOR_CA_MISMATCH,WARN,fq_factor,1
2000-08-01,MISSING_VALUE,WARN,amount,174
2000-08-02,MISSING_VALUE,WARN,amount,174
2000-08-03,ADJ_FACTOR_CA_MISMATCH,WARN,fq_factor,1
2000-08-03,MISSING_VALUE,WARN,amount,174
2000-08-04,ADJ_FACTOR_CA_MISMATCH,WARN,fq_factor,1
2000-08-04,MISSING_VALUE,WARN,amount,174
2000-08-07,ADJ_FACTOR_CA_MISMATCH,WARN,fq_factor,1
2000-08-07,MISSING_VALUE,WARN,amount,175
2000-08-08,MISSING_VALUE,WARN,amount,175
2000-08-09,ADJ_FACTOR_CA_MISMATCH,WARN,fq_factor,2
2000-08-09,MISSING_VALUE,WARN,amount,175
2000-08-10,ADJ_FACTOR_CA_MISMATCH,WARN,fq_factor,1
2000-08-10,MISSING_VALUE,WARN,amount,176
2000-08-11,ADJ_FACTOR_CA_MISMATCH,WARN,fq_factor,2
2000-08-11,MISSING_VALUE,WARN,amount,176
2000-08-14,MISSING_VALUE,WARN,amount,176
2000-08-15,ADJ_FACTOR_CA_MISMATCH,WARN,fq_factor,1
2000-08-15,MISSING_VALUE,WARN,amount,176
2000-08-16,MISSING_VALUE,WARN,amount,176
2000-08-17,ADJ_FACTOR_CA_MISMATCH,WARN,fq_factor,1
2000-08-17,MISSING_VALUE,WARN,amount,176
2000-08-18,MISSING_VALUE,WARN,amount,176
2000-08-21,ADJ_FACTOR_CA_MISMATCH,WARN,fq_factor,4
2000-08-21,MISSING_VALUE,WARN,amount,177
2000-08-22,MISSING_VALUE,WARN,amount,177
2000-08-23,ADJ_FACTOR_CA_MISMATCH,WARN,fq_factor,2
2000-08-23,MISSING_VALUE,WARN,amount,176
2000-08-24,ADJ_FACTOR_CA_MISMATCH,WARN,fq_factor,4
2000-08-24,MISSING_VALUE,WARN,amount,176
2000-08-25,ADJ_FACTOR_CA_MISMATCH,WARN,fq_factor,1
2000-08-25,MISSING_VALUE,WARN,amount,176
2000-08-28,MISSING_VALUE,WARN,amount,176
2000-08-29,ADJ_FACTOR_CA_MISMATCH,WARN,fq_factor,1
2000-08-29,MISSING_VALUE,WARN,amount,176
2000-08-30,MISSING_VALUE,WARN,amount,176
2000-08-31,MISSING_VALUE,WARN,amount,176
2000-09-01,ADJ_FACTOR_CA_MISMATCH,WARN,fq_factor,1
2000-09-01,MISSING_VALUE,WARN,amount,176
2000-09-04,MISSING_VALUE,WARN,amount,176
2000-09-05,MISSING_VALUE,WARN,amount,176
2000-09-06,MISSING_VALUE,WARN,amount,176
2000-09-07,ADJ_FACTOR_CA_MISMATCH,WARN,fq_factor,1
2000-09-07,MISSING_VALUE,WARN,amount,176
2000-09-08,MISSING_VALUE,WARN,amount,176
2000-09-11,MISSING_VALUE,WARN,amount,176
2000-09-12,MISSING_VALUE,WARN,amount,177
2000-09-13,MISSING_VALUE,WARN,amount,176
2000-09-14,MISSING_VALUE,WARN,amount,176
2000-09-15,MISSING_VALUE,WARN,amount,176
2000-09-18,MISSING_VALUE,WARN,amount,176
2000-09-19,ADJ_FACTOR_CA_MISMATCH,WARN,fq_factor,1
2000-09-19,MISSING_VALUE,WARN,amount,176
2000-09-20,MISSING_VALUE,WARN,amount,177
2000-09-21,MISSING_VALUE,WARN,amount,176
2000-09-22,MISSING_VALUE,WARN,amount,176
2000-09-25,MISSING_VALUE,WARN,amount,176
2000-09-26,MISSING_VALUE,WARN,amount,176
2000-09-27,MISSING_VALUE,WARN,amount,176
2000-09-28,MISSING_VALUE,WARN,amount,176
2000-09-29,MISSING_VALUE,WARN,amount,176
2000-10-09,MISSING_VALUE,WARN,amount,177
2000-10-10,MISSING_VALUE,WARN,amount,176
2000-10-11,MISSING_VALUE,WARN,amount,176
2000-10-12,MISSING_VALUE,WARN,amount,176
2000-10-13,MISSING_VALUE,WARN,amount,176
2000-10-16,MISSING_VALUE,WARN,amount,176
2000-10-17,MISSING_VALUE,WARN,amount,176
2000-10-18,MISSING_VALUE,WARN,amount,176
2000-10-19,MISSING_VALUE,WARN,amount,176
2000-10-20,MISSING_VALUE,WARN,amount,176
2000-10-23,ADJ_FACTOR_CA_MISMATCH,WARN,fq_factor,1
2000-10-23,MISSING_VALUE,WARN,amount,177
2000-10-24,MISSING_VALUE,WARN,amount,176
2000-10-25,MISSING_VALUE,WARN,amount,176
2000-10-26,MISSING_VALUE,WARN,amount,176
2000-10-27,MISSING_VALUE,WARN,amount,176
2000-10-30,MISSING_VALUE,WARN,amount,176
2000-10-31,MISSING_VALUE,WARN,amount,176
2000-11-01,MISSING_VALUE,WARN,amount,176
2000-11-02,MISSING_VALUE,WARN,amount,176
2000-11-03,MISSING_VALUE,WARN,amount,176
2000-11-06,MISSING_VALUE,WARN,amount,177
2000-11-07,ADJ_FACTOR_CA_MISMATCH,WARN,fq_factor,1
2000-11-07,MISSING_VALUE,WARN,amount,177
2000-11-08,MISSING_VALUE,WARN,amount,177
2000-11-09,MISSING_VALUE,WARN,amount,177
2000-11-10,ADJ_FACTOR_CA_MISMATCH,WARN,fq_factor,2
2000-11-10,MISSING_VALUE,WARN,amount,177
2000-11-13,MISSING_VALUE,WARN,amount,177
2000-11-14,ADJ_FACTOR_CA_MISMATCH,WARN,fq_factor,1
2000-11-14,MISSING_VALUE,WARN,amount,177
2000-11-15,MISSING_VALUE,WARN,amount,177
2000-11-16,MISSING_VALUE,WARN,amount,178
2000-11-17,MISSING_VALUE,WARN,amount,178
2000-11-20,MISSING_VALUE,WARN,amount,178
2000-11-21,MISSING_VALUE,WARN,amount,178
2000-11-22,MISSING_VALUE,WARN,amount,178
2000-11-23,MISSING_VALUE,WARN,amount,179
2000-11-24,MISSING_VALUE,WARN,amount,179
2000-11-27,MISSING_VALUE,WARN,amount,179
2000-11-28,MISSING_VALUE,WARN,amount,179
2000-11-29,MISSING_VALUE,WARN,amount,179
2000-11-30,MISSING_VALUE,WARN,amount,179
2000-12-01,MISSING_VALUE,WARN,amount,179
2000-12-04,MISSING_VALUE,WARN,amount,179
2000-12-05,MISSING_VALUE,WARN,amount,179
2000-12-06,MISSING_VALUE,WARN,amount,179
2000-12-07,MISSING_VALUE,WARN,amount,180
2000-12-08,MISSING_VALUE,WARN,amount,180
2000-12-11,MISSING_VALUE,WARN,amount,181
2000-12-12,MISSING_VALUE,WARN,amount,180
2000-12-13,MISSING_VALUE,WARN,amount,180
2000-12-14,MISSING_VALUE,WARN,amount,180
2000-12-15,MISSING_VALUE,WARN,amount,181
2000-12-18,MISSING_VALUE,WARN,amount,180
2000-12-19,MISSING_VALUE,WARN,amount,180
2000-12-20,MISSING_VALUE,WARN,amount,180
2000-12-21,MISSING_VALUE,WARN,amount,180
2000-12-22,MISSING_VALUE,WARN,amount,181
2000-12-25,MISSING_VALUE,WARN,amount,180
2000-12-26,MISSING_VALUE,WARN,amount,181
2000-12-27,MISSING_VALUE,WARN,amount,182
2000-12-28,MISSING_VALUE,WARN,amount,183
2000-12-29,MISSING_VALUE,WARN,amount,184
2001-01-02,MISSING_VALUE,WARN,amount,183
2001-01-03,MISSING_VALUE,WARN,amount,183
2001-01-04,MISSING_VALUE,WARN,amount,183
2001-01-05,MISSING_VALUE,WARN,amount,183
2001-01-08,MISSING_VALUE,WARN,amount,183
2001-01-09,MISSING_VALUE,WARN,amount,183
2001-01-10,MISSING_VALUE,WARN,amount,183
2001-01-11,MISSING_VALUE,WARN,amount,183
2001-01-12,MISSING_VALUE,WARN,amount,183
2001-01-15,MISSING_VALUE,WARN,amount,183
2001-01-16,MISSING_VALUE,WARN,amount,183
2001-01-17,MISSING_VALUE,WARN,amount,183
2001-01-18,MISSING_VALUE,WARN,amount,183
2001-01-19,MISSING_VALUE,WARN,amount,183
2001-02-05,MISSING_VALUE,WARN,amount,183
2001-02-06,MISSING_VALUE,WARN,amount,183
2001-02-07,MISSING_VALUE,WARN,amount,183
2001-02-08,MISSING_VALUE,WARN,amount,183
2001-02-09,MISSING_VALUE,WARN,amount,183
2001-02-12,MISSING_VALUE,WARN,amount,184
2001-02-13,MISSING_VALUE,WARN,amount,184
2001-02-14,MISSING_VALUE,WARN,amount,184
2001-02-15,MISSING_VALUE,WARN,amount,184
2001-02-16,MISSING_VALUE,WARN,amount,184
2001-02-19,MISSING_VALUE,WARN,amount,185
2001-02-20,MISSING_VALUE,WARN,amount,184
2001-02-21,MISSING_VALUE,WARN,amount,184
2001-02-22,MISSING_VALUE,WARN,amount,184
2001-02-23,MISSING_VALUE,WARN,amount,184
2001-02-26,MISSING_VALUE,WARN,amount,184
2001-02-27,MISSING_VALUE,WARN,amount,184
2001-02-28,MISSING_VALUE,WARN,amount,185
2001-03-01,MISSING_VALUE,WARN,amount,184
2001-03-02,MISSING_VALUE,WARN,amount,184
2001-03-05,MISSING_VALUE,WARN,amount,184
2001-03-06,MISSING_VALUE,WARN,amount,185
2001-03-07,MISSING_VALUE,WARN,amount,184
2001-03-08,MISSING_VALUE,WARN,amount,184
2001-03-09,MISSING_VALUE,WARN,amount,184
2001-03-12,MISSING_VALUE,WARN,amount,185
2001-03-13,MISSING_VALUE,WARN,amount,184
2001-03-14,MISSING_VALUE,WARN,amount,184
2001-03-15,MISSING_VALUE,WARN,amount,184
2001-03-16,MISSING_VALUE,WARN,amount,184
2001-03-19,MISSING_VALUE,WARN,amount,185
2001-03-20,MISSING_VALUE,WARN,amount,185
2001-03-21,MISSING_VALUE,WARN,amount,185
2001-03-22,MISSING_VALUE,WARN,amount,185
2001-03-23,MISSING_VALUE,WARN,amount,185
2001-03-26,MISSING_VALUE,WARN,amount,185
2001-03-27,ADJ_FACTOR_CA_MISMATCH,WARN,fq_factor,1
2001-03-27,MISSING_VALUE,WARN,amount,185
2001-03-28,MISSING_VALUE,WARN,amount,186
2001-03-29,MISSING_VALUE,WARN,amount,186
2001-03-30,MISSING_VALUE,WARN,amount,186
2001-04-02,MISSING_VALUE,WARN,amount,187
2001-04-03,MISSING_VALUE,WARN,amount,186
2001-04-04,MISSING_VALUE,WARN,amount,186
2001-04-05,ADJ_FACTOR_CA_MISMATCH,WARN,fq_factor,1
2001-04-05,MISSING_VALUE,WARN,amount,186
2001-04-06,ADJ_FACTOR_CA_MISMATCH,WARN,fq_factor,1
2001-04-06,MISSING_VALUE,WARN,amount,186
2001-04-09,MISSING_VALUE,WARN,amount,186
2001-04-10,ADJ_FACTOR_CA_MISMATCH,WARN,fq_factor,1
2001-04-10,MISSING_VALUE,WARN,amount,187
2001-04-11,ADJ_FACTOR_CA_MISMATCH,WARN,fq_factor,3
2001-04-11,MISSING_VALUE,WARN,amount,186
2001-04-12,MISSING_VALUE,WARN,amount,186
2001-04-13,ADJ_FACTOR_CA_MISMATCH,WARN,fq_factor,2
2001-04-13,MISSING_VALUE,WARN,amount,186
2001-04-16,MISSING_VALUE,WARN,amount,186
2001-04-17,ADJ_FACTOR_CA_MISMATCH,WARN,fq_factor,1
2001-04-17,MISSING_VALUE,WARN,amount,186
2001-04-18,ADJ_FACTOR_CA_MISMATCH,WARN,fq_factor,1
2001-04-18,MISSING_VALUE,WARN,amount,186
2001-04-19,ADJ_FACTOR_CA_MISMATCH,WARN,fq_factor,2
2001-04-19,MISSING_VALUE,WARN,amount,186
2001-04-20,ADJ_FACTOR_CA_MISMATCH,WARN,fq_factor,1
2001-04-20,MISSING_VALUE,WARN,amount,187
2001-04-23,ADJ_FACTOR_CA_MISMATCH,WARN,fq_factor,1
2001-04-23,MISSING_VALUE,WARN,amount,185
2001-04-24,ADJ_FACTOR_CA_MISMATCH,WARN,fq_factor,5
2001-04-24,MISSING_VALUE,WARN,amount,185
2001-04-25,ADJ_FACTOR_CA_MISMATCH,WARN,fq_factor,1
2001-04-25,MISSING_VALUE,WARN,amount,185
2001-04-26,ADJ_FACTOR_CA_MISMATCH,WARN,fq_factor,3
2001-04-26,MISSING_VALUE,WARN,amount,185
2001-04-27,ADJ_FACTOR_CA_MISMATCH,WARN,fq_factor,2
2001-04-27,MISSING_VALUE,WARN,amount,185
2001-04-30,ADJ_FACTOR_CA_MISMATCH,WARN,fq_factor,1
2001-04-30,MISSING_VALUE,WARN,amount,185
2001-05-08,ADJ_FACTOR_CA_MISMATCH,WARN,fq_factor,2
2001-05-08,MISSING_VALUE,WARN,amount,185
2001-05-09,ADJ_FACTOR_CA_MISMATCH,WARN,fq_factor,2
2001-05-09,MISSING_VALUE,WARN,amount,186
2001-05-10,ADJ_FACTOR_CA_MISMATCH,WARN,fq_factor,5
2001-05-10,MISSING_VALUE,WARN,amount,185
2001-05-11,ADJ_FACTOR_CA_MISMATCH,WARN,fq_factor,4
2001-05-11,MISSING_VALUE,WARN,amount,185
2001-05-14,ADJ_FACTOR_CA_MISMATCH,WARN,fq_factor,2
2001-05-14,MISSING_VALUE,WARN,amount,185
2001-05-15,ADJ_FACTOR_CA_MISMATCH,WARN,fq_factor,1
2001-05-15,MISSING_VALUE,WARN,amount,185
2001-05-16,ADJ_FACTOR_CA_MISMATCH,WARN,fq_factor,10
2001-05-16,MISSING_VALUE,WARN,amount,185
2001-05-17,ADJ_FACTOR_CA_MISMATCH,WARN,fq_factor,7
2001-05-17,MISSING_VALUE,WARN,amount,185
2001-05-18,ADJ_FACTOR_CA_MISMATCH,WARN,fq_factor,10
2001-05-18,MISSING_VALUE,WARN,amount,186
2001-05-21,ADJ_FACTOR_CA_MISMATCH,WARN,fq_factor,7
2001-05-21,MISSING_VALUE,WARN,amount,185
2001-05-22,ADJ_FACTOR_CA_MISMATCH,WARN,fq_factor,11
2001-05-22,MISSING_VALUE,WARN,amount,185
2001-05-23,ADJ_FACTOR_CA_MISMATCH,WARN,fq_factor,5
2001-05-23,MISSING_VALUE,WARN,amount,185
2001-05-24,ADJ_FACTOR_CA_MISMATCH,WARN,fq_factor,6
2001-05-24,MISSING_VALUE,WARN,amount,186
2001-05-25,ADJ_FACTOR_CA_MISMATCH,WARN,fq_factor,6
2001-05-25,MISSING_VALUE,WARN,amount,186
2001-05-28,ADJ_FACTOR_CA_MISMATCH,WARN,fq_factor,2
2001-05-28,MISSING_VALUE,WARN,amount,186
2001-05-29,ADJ_FACTOR_CA_MISMATCH,WARN,fq_factor,10
2001-05-29,MISSING_VALUE,WARN,amount,186
2001-05-30,ADJ_FACTOR_CA_MISMATCH,WARN,fq_factor,11
2001-05-30,MISSING_VALUE,WARN,amount,187
2001-05-31,ADJ_FACTOR_CA_MISMATCH,WARN,fq_factor,9
2001-05-31,MISSING_VALUE,WARN,amount,186
2001-06-01,ADJ_FACTOR_CA_MISMATCH,WARN,fq_factor,7
2001-06-01,MISSING_VALUE,WARN,amount,186
2001-06-04,ADJ_FACTOR_CA_MISMATCH,WARN,fq_factor,2
2001-06-04,MISSING_VALUE,WARN,amount,186
2001-06-05,ADJ_FACTOR_CA_MISMATCH,WARN,fq_factor,4
2001-06-05,MISSING_VALUE,WARN,amount,186
2001-06-06,ADJ_FACTOR_CA_MISMATCH,WARN,fq_factor,7
2001-06-06,MISSING_VALUE,WARN,amount,186
2001-06-07,ADJ_FACTOR_CA_MISMATCH,WARN,fq_factor,7
2001-06-07,MISSING_VALUE,WARN,amount,186
2001-06-08,ADJ_FACTOR_CA_MISMATCH,WARN,fq_factor,13
2001-06-08,MISSING_VALUE,WARN,amount,186
2001-06-11,ADJ_FACTOR_CA_MISMATCH,WARN,fq_factor,7
2001-06-11,MISSING_VALUE,WARN,amount,187
2001-06-12,ADJ_FACTOR_CA_MISMATCH,WARN,fq_factor,12
2001-06-12,MISSING_VALUE,WARN,amount,186
2001-06-13,ADJ_FACTOR_CA_MISMATCH,WARN,fq_factor,9
2001-06-13,MISSING_VALUE,WARN,amount,186
2001-06-14,ADJ_FACTOR_CA_MISMATCH,WARN,fq_factor,11
2001-06-14,MISSING_VALUE,WARN,amount,186
2001-06-15,ADJ_FACTOR_CA_MISMATCH,WARN,fq_factor,8
2001-06-15,MISSING_VALUE,WARN,amount,185
2001-06-18,ADJ_FACTOR_CA_MISMATCH,WARN,fq_factor,8
2001-06-18,MISSING_VALUE,WARN,amount,185
2001-06-19,ADJ_FACTOR_CA_MISMATCH,WARN,fq_factor,19
2001-06-19,MISSING_VALUE,WARN,amount,185
2001-06-20,ADJ_FACTOR_CA_MISMATCH,WARN,fq_factor,7
2001-06-20,MISSING_VALUE,WARN,amount,185
2001-06-21,ADJ_FACTOR_CA_MISMATCH,WARN,fq_factor,9
2001-06-21,MISSING_VALUE,WARN,amount,185
2001-06-22,ADJ_FACTOR_CA_MISMATCH,WARN,fq_factor,15
2001-06-22,MISSING_VALUE,WARN,amount,185
2001-06-25,ADJ_FACTOR_CA_MISMATCH,WARN,fq_factor,9
2001-06-25,MISSING_VALUE,WARN,amount,186
2001-06-26,ADJ_FACTOR_CA_MISMATCH,WARN,fq_factor,12
2001-06-26,MISSING_VALUE,WARN,amount,186
2001-06-27,ADJ_FACTOR_CA_MISMATCH,WARN,fq_factor,7
2001-06-27,MISSING_VALUE,WARN,amount,186
2001-06-28,ADJ_FACTOR_CA_MISMATCH,WARN,fq_factor,6
2001-06-28,MISSING_VALUE,WARN,amount,187
2001-06-29,ADJ_FACTOR_CA_MISMATCH,WARN,fq_factor,14
2001-06-29,MISSING_VALUE,WARN,amount,186
2001-07-02,ADJ_FACTOR_CA_MISMATCH,WARN,fq_factor,5
2001-07-02,MISSING_VALUE,WARN,amount,186
2001-07-03,ADJ_FACTOR_CA_MISMATCH,WARN,fq_factor,12
2001-07-03,MISSING_VALUE,WARN,amount,186
2001-07-04,ADJ_FACTOR_CA_MISMATCH,WARN,fq_factor,6
2001-07-04,MISSING_VALUE,WARN,amount,186
2001-07-05,ADJ_FACTOR_CA_MISMATCH,WARN,fq_factor,4
2001-07-05,MISSING_VALUE,WARN,amount,186
2001-07-06,ADJ_FACTOR_CA_MISMATCH,WARN,fq_factor,6
2001-07-06,MISSING_VALUE,WARN,amount,186
2001-07-09,ADJ_FACTOR_CA_MISMATCH,WARN,fq_factor,3
2001-07-09,MISSING_VALUE,WARN,amount,186
2001-07-10,ADJ_FACTOR_CA_MISMATCH,WARN,fq_factor,6
2001-07-10,MISSING_VALUE,WARN,amount,186
2001-07-11,ADJ_FACTOR_CA_MISMATCH,WARN,fq_factor,8
2001-07-11,MISSING_VALUE,WARN,amount,186
2001-07-12,ADJ_FACTOR_CA_MISMATCH,WARN,fq_factor,6
2001-07-12,MISSING_VALUE,WARN,amount,186
2001-07-13,ADJ_FACTOR_CA_MISMATCH,WARN,fq_factor,5
2001-07-13,MISSING_VALUE,WARN,amount,186
2001-07-16,ADJ_FACTOR_CA_MISMATCH,WARN,fq_factor,1
2001-07-16,MISSING_VALUE,WARN,amount,186
2001-07-17,ADJ_FACTOR_CA_MISMATCH,WARN,fq_factor,5
2001-07-17,MISSING_VALUE,WARN,amount,186
2001-07-18,ADJ_FACTOR_CA_MISMATCH,WARN,fq_factor,5
2001-07-18,MISSING_VALUE,WARN,amount,186
2001-07-19,ADJ_FACTOR_CA_MISMATCH,WARN,fq_factor,5
2001-07-19,MISSING_VALUE,WARN,amount,186
2001-07-20,ADJ_FACTOR_CA_MISMATCH,WARN,fq_factor,2
2001-07-20,MISSING_VALUE,WARN,amount,186
2001-07-20,VWAP_OUT_OF_RANGE,ERROR,amount,1
2001-07-23,ADJ_FACTOR_CA_MISMATCH,WARN,fq_factor,3
2001-07-23,MISSING_VALUE,WARN,amount,187
2001-07-24,ADJ_FACTOR_CA_MISMATCH,WARN,fq_factor,3
2001-07-24,MISSING_VALUE,WARN,amount,187
2001-07-25,ADJ_FACTOR_CA_MISMATCH,WARN,fq_factor,3
2001-07-25,MISSING_VALUE,WARN,amount,187
2001-07-26,ADJ_FACTOR_CA_MISMATCH,WARN,fq_factor,1
2001-07-26,MISSING_VALUE,WARN,amount,187
2001-07-27,ADJ_FACTOR_CA_MISMATCH,WARN,fq_factor,5
2001-07-27,MISSING_VALUE,WARN,amount,187
2001-07-27,VWAP_OUT_OF_RANGE,ERROR,amount,1
2001-07-30,MISSING_VALUE,WARN,amount,187
2001-07-31,ADJ_FACTOR_CA_MISMATCH,WARN,fq_factor,6
2001-07-31,MISSING_VALUE,WARN,amount,187
2001-08-01,ADJ_FACTOR_CA_MISMATCH,WARN,fq_factor,1
2001-08-01,MISSING_VALUE,WARN,amount,187
2001-08-02,MISSING_VALUE,WARN,amount,187
2001-08-03,ADJ_FACTOR_CA_MISMATCH,WARN,fq_factor,5
2001-08-03,MISSING_VALUE,WARN,amount,187
2001-08-06,MISSING_VALUE,WARN,amount,187
2001-08-07,ADJ_FACTOR_CA_MISMATCH,WARN,fq_factor,1
2001-08-07,MISSING_VALUE,WARN,amount,187
2001-08-08,ADJ_FACTOR_CA_MISMATCH,WARN,fq_factor,3
2001-08-08,MISSING_VALUE,WARN,amount,187
2001-08-09,ADJ_FACTOR_CA_MISMATCH,WARN,fq_factor,1
2001-08-09,MISSING_VALUE,WARN,amount,187
2001-08-10,ADJ_FACTOR_CA_MISMATCH,WARN,fq_factor,1
2001-08-10,MISSING_VALUE,WARN,amount,187
2001-08-13,ADJ_FACTOR_CA_MISMATCH,WARN,fq_factor,2
2001-08-13,MISSING_VALUE,WARN,amount,187
2001-08-14,ADJ_FACTOR_CA_MISMATCH,WARN,fq_factor,3
2001-08-14,MISSING_VALUE,WARN,amount,187
2001-08-15,MISSING_VALUE,WARN,amount,187
2001-08-16,ADJ_FACTOR_CA_MISMATCH,WARN,fq_factor,2
2001-08-16,MISSING_VALUE,WARN,amount,187
2001-08-17,ADJ_FACTOR_CA_MISMATCH,WARN,fq_factor,2
2001-08-17,MISSING_VALUE,WARN,amount,187
2001-08-20,ADJ_FACTOR_CA_MISMATCH,WARN,fq_factor,3
2001-08-20,MISSING_VALUE,WARN,amount,188
2001-08-21,ADJ_FACTOR_CA_MISMATCH,WARN,fq_factor,3
2001-08-21,MISSING_VALUE,WARN,amount,187
2001-08-22,ADJ_FACTOR_CA_MISMATCH,WARN,fq_factor,2
2001-08-22,MISSING_VALUE,WARN,amount,187
2001-08-23,ADJ_FACTOR_CA_MISMATCH,WARN,fq_factor,3
2001-08-23,MISSING_VALUE,WARN,amount,187
2001-08-24,ADJ_FACTOR_CA_MISMATCH,WARN,fq_factor,2
2001-08-24,MISSING_VALUE,WARN,amount,187
2001-08-27,ADJ_FACTOR_CA_MISMATCH,WARN,fq_factor,1
2001-08-27,MISSING_VALUE,WARN,amount,187
2001-08-28,ADJ_FACTOR_CA_MISMATCH,WARN,fq_factor,1
2001-08-28,MISSING_VALUE,WARN,amount,187
2001-08-29,ADJ_FACTOR_CA_MISMATCH,WARN,fq_factor,1
2001-08-29,MISSING_VALUE,WARN,amount,187
2001-08-30,MISSING_VALUE,WARN,amount,187
2001-08-30,VWAP_OUT_OF_RANGE,ERROR,amount,1
2001-08-31,MISSING_VALUE,WARN,amount,188
2001-09-03,MISSING_VALUE,WARN,amount,187
2001-09-04,MISSING_VALUE,WARN,amount,187
2001-09-05,MISSING_VALUE,WARN,amount,187
2001-09-06,MISSING_VALUE,WARN,amount,187
2001-09-07,MISSING_VALUE,WARN,amount,187
2001-09-10,MISSING_VALUE,WARN,amount,187
2001-09-11,ADJ_FACTOR_CA_MISMATCH,WARN,fq_factor,1
2001-09-11,MISSING_VALUE,WARN,amount,187
2001-09-12,MISSING_VALUE,WARN,amount,187
2001-09-13,ADJ_FACTOR_CA_MISMATCH,WARN,fq_factor,1
2001-09-13,MISSING_VALUE,WARN,amount,187
2001-09-14,MISSING_VALUE,WARN,amount,187
2001-09-17,MISSING_VALUE,WARN,amount,187
2001-09-18,ADJ_FACTOR_CA_MISMATCH,WARN,fq_factor,1
2001-09-18,MISSING_VALUE,WARN,amount,187
2001-09-19,MISSING_VALUE,WARN,amount,187
2001-09-20,ADJ_FACTOR_CA_MISMATCH,WARN,fq_factor,1
2001-09-20,MISSING_VALUE,WARN,amount,187
2001-09-21,ADJ_FACTOR_CA_MISMATCH,WARN,fq_factor,1
2001-09-21,MISSING_VALUE,WARN,amount,188
2001-09-24,MISSING_VALUE,WARN,amount,187
2001-09-25,MISSING_VALUE,WARN,amount,187
2001-09-26,MISSING_VALUE,WARN,amount,187
2001-09-27,MISSING_VALUE,WARN,amount,187
2001-09-28,MISSING_VALUE,WARN,amount,187
2001-10-08,MISSING_VALUE,WARN,amount,187
2001-10-09,MISSING_VALUE,WARN,amount,187
2001-10-10,MISSING_VALUE,WARN,amount,187
2001-10-11,MISSING_VALUE,WARN,amount,187
2001-10-12,MISSING_VALUE,WARN,amount,187
2001-10-15,MISSING_VALUE,WARN,amount,187
2001-10-16,MISSING_VALUE,WARN,amount,187
2001-10-17,ADJ_FACTOR_CA_MISMATCH,WARN,fq_factor,2
2001-10-17,MISSING_VALUE,WARN,amount,187
2001-10-18,MISSING_VALUE,WARN,amount,187
2001-10-19,MISSING_VALUE,WARN,amount,187
2001-10-22,MISSING_VALUE,WARN,amount,186
2001-10-23,ADJ_FACTOR_CA_MISMATCH,WARN,fq_factor,3
2001-10-23,MISSING_VALUE,WARN,amount,186
2001-10-24,MISSING_VALUE,WARN,amount,186
2001-10-25,ADJ_FACTOR_CA_MISMATCH,WARN,fq_factor,2
2001-10-25,MISSING_VALUE,WARN,amount,186
2001-10-26,ADJ_FACTOR_CA_MISMATCH,WARN,fq_factor,2
2001-10-26,MISSING_VALUE,WARN,amount,186
2001-10-29,MISSING_VALUE,WARN,amount,186
2001-10-30,ADJ_FACTOR_CA_MISMATCH,WARN,fq_factor,1
2001-10-30,MISSING_VALUE,WARN,amount,187
2001-10-31,ADJ_FACTOR_CA_MISMATCH,WARN,fq_factor,1
2001-10-31,MISSING_VALUE,WARN,amount,186
2001-11-01,MISSING_VALUE,WARN,amount,186
2001-11-02,ADJ_FACTOR_CA_MISMATCH,WARN,fq_factor,1
2001-11-02,MISSING_VALUE,WARN,amount,186
2001-11-05,ADJ_FACTOR_CA_MISMATCH,WARN,fq_factor,1
2001-11-05,MISSING_VALUE,WARN,amount,186
2001-11-06,MISSING_VALUE,WARN,amount,186
2001-11-07,MISSING_VALUE,WARN,amount,186
2001-11-08,ADJ_FACTOR_CA_MISMATCH,WARN,fq_factor,1
2001-11-08,MISSING_VALUE,WARN,amount,186
2001-11-09,MISSING_VALUE,WARN,amount,186
2001-11-12,MISSING_VALUE,WARN,amount,186
2001-11-13,ADJ_FACTOR_CA_MISMATCH,WARN,fq_factor,1
2001-11-13,MISSING_VALUE,WARN,amount,186
2001-11-14,ADJ_FACTOR_CA_MISMATCH,WARN,fq_factor,1
2001-11-14,MISSING_VALUE,WARN,amount,186
2001-11-15,ADJ_FACTOR_CA_MISMATCH,WARN,fq_factor,1
2001-11-15,MISSING_VALUE,WARN,amount,186
2001-11-16,ADJ_FACTOR_CA_MISMATCH,WARN,fq_factor,2
2001-11-16,MISSING_VALUE,WARN,amount,186
2001-11-19,MISSING_VALUE,WARN,amount,186
2001-11-20,ADJ_FACTOR_CA_MISMATCH,WARN,fq_factor,2
2001-11-20,MISSING_VALUE,WARN,amount,186
2001-11-21,ADJ_FACTOR_CA_MISMATCH,WARN,fq_factor,1
2001-11-21,MISSING_VALUE,WARN,amount,186
2001-11-22,MISSING_VALUE,WARN,amount,187
2001-11-23,MISSING_VALUE,WARN,amount,186
2001-11-26,MISSING_VALUE,WARN,amount,187
2001-11-27,MISSING_VALUE,WARN,amount,187
2001-11-28,MISSING_VALUE,WARN,amount,186
2001-11-29,MISSING_VALUE,WARN,amount,186
2001-11-30,MISSING_VALUE,WARN,amount,186
2001-12-03,MISSING_VALUE,WARN,amount,186
2001-12-04,MISSING_VALUE,WARN,amount,186
2001-12-05,MISSING_VALUE,WARN,amount,186
2001-12-06,MISSING_VALUE,WARN,amount,186
2001-12-07,ADJ_FACTOR_CA_MISMATCH,WARN,fq_factor,1
2001-12-07,MISSING_VALUE,WARN,amount,186
2001-12-10,MISSING_VALUE,WARN,amount,186
2001-12-11,ADJ_FACTOR_CA_MISMATCH,WARN,fq_factor,1
2001-12-11,MISSING_VALUE,WARN,amount,186
2001-12-12,MISSING_VALUE,WARN,amount,186
2001-12-13,ADJ_FACTOR_CA_MISMATCH,WARN,fq_factor,1
2001-12-13,MISSING_VALUE,WARN,amount,186
2001-12-14,MISSING_VALUE,WARN,amount,187
2001-12-17,ADJ_FACTOR_CA_MISMATCH,WARN,fq_factor,1
2001-12-17,MISSING_VALUE,WARN,amount,187
2001-12-17,VWAP_OUT_OF_RANGE,ERROR,amount,1
2001-12-18,MISSING_VALUE,WARN,amount,186
2001-12-19,MISSING_VALUE,WARN,amount,186
2001-12-19,VWAP_OUT_OF_RANGE,ERROR,amount,1
2001-12-20,MISSING_VALUE,WARN,amount,186
2001-12-21,ADJ_FACTOR_CA_MISMATCH,WARN,fq_factor,1
2001-12-21,MISSING_VALUE,WARN,amount,186
2001-12-24,MISSING_VALUE,WARN,amount,186
2001-12-25,MISSING_VALUE,WARN,amount,186
2001-12-26,ADJ_FACTOR_CA_MISMATCH,WARN,fq_factor,1
2001-12-26,MISSING_VALUE,WARN,amount,186
2001-12-27,ADJ_FACTOR_CA_MISMATCH,WARN,fq_factor,1
2001-12-27,MISSING_VALUE,WARN,amount,186
2001-12-28,MISSING_VALUE,WARN,amount,187
2001-12-31,MISSING_VALUE,WARN,amount,186
2002-01-04,MISSING_VALUE,WARN,amount,186
2002-01-07,MISSING_VALUE,WARN,amount,186
2002-01-08,MISSING_VALUE,WARN,amount,186
2002-01-09,MISSING_VALUE,WARN,amount,186
2002-01-10,MISSING_VALUE,WARN,amount,186
2002-01-11,MISSING_VALUE,WARN,amount,186
2002-01-14,MISSING_VALUE,WARN,amount,186
2002-01-15,MISSING_VALUE,WARN,amount,186
2002-01-16,MISSING_VALUE,WARN,amount,186
2002-01-17,MISSING_VALUE,WARN,amount,186
2002-01-18,MISSING_VALUE,WARN,amount,186
2002-01-21,MISSING_VALUE,WARN,amount,186
2002-01-22,MISSING_VALUE,WARN,amount,187
2002-01-23,MISSING_VALUE,WARN,amount,186
2002-01-24,MISSING_VALUE,WARN,amount,186
2002-01-25,MISSING_VALUE,WARN,amount,186
2002-01-28,MISSING_VALUE,WARN,amount,186
2002-01-29,MISSING_VALUE,WARN,amount,186
2002-01-30,MISSING_VALUE,WARN,amount,186
2002-01-31,MISSING_VALUE,WARN,amount,187
2002-02-01,ADJ_FACTOR_CA_MISMATCH,WARN,fq_factor,1
2002-02-01,MISSING_VALUE,WARN,amount,187
2002-02-04,MISSING_VALUE,WARN,amount,187
2002-02-05,ADJ_FACTOR_CA_MISMATCH,WARN,fq_factor,1
2002-02-05,MISSING_VALUE,WARN,amount,187
2002-02-06,MISSING_VALUE,WARN,amount,187
2002-02-07,MISSING_VALUE,WARN,amount,187
2002-02-08,MISSING_VALUE,WARN,amount,187
2002-02-25,MISSING_VALUE,WARN,amount,187
2002-02-26,MISSING_VALUE,WARN,amount,187
2002-02-27,MISSING_VALUE,WARN,amount,187
2002-02-28,MISSING_VALUE,WARN,amount,187
2002-03-01,MISSING_VALUE,WARN,amount,187
2002-03-04,MISSING_VALUE,WARN,amount,187
2002-03-05,MISSING_VALUE,WARN,amount,187
2002-03-06,MISSING_VALUE,WARN,amount,187
2002-03-07,MISSING_VALUE,WARN,amount,187
2002-03-08,MISSING_VALUE,WARN,amount,187
2002-03-11,MISSING_VALUE,WARN,amount,188
2002-03-12,MISSING_VALUE,WARN,amount,187
2002-03-13,MISSING_VALUE,WARN,amount,187
2002-03-14,MISSING_VALUE,WARN,amount,187
2002-03-15,MISSING_VALUE,WARN,amount,187
2002-03-18,ADJ_FACTOR_CA_MISMATCH,WARN,fq_factor,2
2002-03-18,MISSING_VALUE,WARN,amount,187
2002-03-19,MISSING_VALUE,WARN,amount,187
2002-03-20,MISSING_VALUE,WARN,amount,187
2002-03-21,MISSING_VALUE,WARN,amount,187
2002-03-22,MISSING_VALUE,WARN,amount,187
2002-03-25,MISSING_VALUE,WARN,amount,187
2002-03-26,ADJ_FACTOR_CA_MISMATCH,WARN,fq_factor,1
2002-03-26,MISSING_VALUE,WARN,amount,187
2002-03-27,MISSING_VALUE,WARN,amount,187
2002-03-28,MISSING_VALUE,WARN,amount,187
2002-03-29,MISSING_VALUE,WARN,amount,187
2002-04-01,MISSING_VALUE,WARN,amount,187
2002-04-02,MISSING_VALUE,WARN,amount,187
2002-04-03,ADJ_FACTOR_CA_MISMATCH,WARN,fq_factor,1
2002-04-03,MISSING_VALUE,WARN,amount,187
2002-04-04,MISSING_VALUE,WARN,amount,187
2002-04-05,MISSING_VALUE,WARN,amount,187
2002-04-08,ADJ_FACTOR_CA_MISMATCH,WARN,fq_factor,1
2002-04-08,MISSING_VALUE,WARN,amount,187
2002-04-09,MISSING_VALUE,WARN,amount,187
2002-04-10,MISSING_VALUE,WARN,amount,187
2002-04-11,ADJ_FACTOR_CA_MISMATCH,WARN,fq_factor,1
2002-04-11,MISSING_VALUE,WARN,amount,187
2002-04-12,ADJ_FACTOR_CA_MISMATCH,WARN,fq_factor,1
2002-04-12,MISSING_VALUE,WARN,amount,187
2002-04-15,ADJ_FACTOR_CA_MISMATCH,WARN,fq_factor,3
2002-04-15,MISSING_VALUE,WARN,amount,187
2002-04-16,ADJ_FACTOR_CA_MISMATCH,WARN,fq_factor,1
2002-04-16,MISSING_VALUE,WARN,amount,187
2002-04-17,MISSING_VALUE,WARN,amount,187
2002-04-18,MISSING_VALUE,WARN,amount,187
2002-04-19,ADJ_FACTOR_CA_MISMATCH,WARN,fq_factor,2
2002-04-19,MISSING_VALUE,WARN,amount,188
2002-04-19,VWAP_OUT_OF_RANGE,ERROR,amount,1
2002-04-22,ADJ_FACTOR_CA_MISMATCH,WARN,fq_factor,1
2002-04-22,MISSING_VALUE,WARN,amount,187
2002-04-23,ADJ_FACTOR_CA_MISMATCH,WARN,fq_factor,1
2002-04-23,MISSING_VALUE,WARN,amount,187
2002-04-24,ADJ_FACTOR_CA_MISMATCH,WARN,fq_factor,2
2002-04-24,MISSING_VALUE,WARN,amount,188
2002-04-25,MISSING_VALUE,WARN,amount,187
2002-04-26,ADJ_FACTOR_CA_MISMATCH,WARN,fq_factor,2
2002-04-26,MISSING_VALUE,WARN,amount,187
2002-04-29,ADJ_FACTOR_CA_MISMATCH,WARN,fq_factor,1
2002-04-29,MISSING_VALUE,WARN,amount,188
2002-04-30,ADJ_FACTOR_CA_MISMATCH,WARN,fq_factor,4
2002-04-30,MISSING_VALUE,WARN,amount,187
2002-05-08,MISSING_VALUE,WARN,amount,187
2002-05-09,ADJ_FACTOR_CA_MISMATCH,WARN,fq_factor,2
2002-05-09,MISSING_VALUE,WARN,amount,187
2002-05-10,ADJ_FACTOR_CA_MISMATCH,WARN,fq_factor,1
2002-05-10,MISSING_VALUE,WARN,amount,187
2002-05-13,ADJ_FACTOR_CA_MISMATCH,WARN,fq_factor,7
2002-05-13,MISSING_VALUE,WARN,amount,187
2002-05-14,ADJ_FACTOR_CA_MISMATCH,WARN,fq_factor,1
2002-05-14,MISSING_VALUE,WARN,amount,187
2002-05-15,ADJ_FACTOR_CA_MISMATCH,WARN,fq_factor,2
2002-05-15,MISSING_VALUE,WARN,amount,187
2002-05-16,ADJ_FACTOR_CA_MISMATCH,WARN,fq_factor,2
2002-05-16,MISSING_VALUE,WARN,amount,188
2002-05-17,ADJ_FACTOR_CA_MISMATCH,WARN,fq_factor,3
2002-05-17,MISSING_VALUE,WARN,amount,187
2002-05-20,ADJ_FACTOR_CA_MISMATCH,WARN,fq_factor,3
2002-05-20,MISSING_VALUE,WARN,amount,187
2002-05-21,ADJ_FACTOR_CA_MISMATCH,WARN,fq_factor,4
2002-05-21,MISSING_VALUE,WARN,amount,187
2002-05-22,ADJ_FACTOR_CA_MISMATCH,WARN,fq_factor,9
2002-05-22,MISSING_VALUE,WARN,amount,187
2002-05-23,ADJ_FACTOR_CA_MISMATCH,WARN,fq_factor,8
2002-05-23,MISSING_VALUE,WARN,amount,187
2002-05-24,ADJ_FACTOR_CA_MISMATCH,WARN,fq_factor,7
2002-05-24,MISSING_VALUE,WARN,amount,187
2002-05-27,ADJ_FACTOR_CA_MISMATCH,WARN,fq_factor,8
2002-05-27,MISSING_VALUE,WARN,amount,187
2002-05-28,ADJ_FACTOR_CA_MISMATCH,WARN,fq_factor,4
2002-05-28,MISSING_VALUE,WARN,amount,187
2002-05-29,ADJ_FACTOR_CA_MISMATCH,WARN,fq_factor,5
2002-05-29,MISSING_VALUE,WARN,amount,187
2002-05-30,ADJ_FACTOR_CA_MISMATCH,WARN,fq_factor,5
2002-05-30,MISSING_VALUE,WARN,amount,186
2002-05-31,ADJ_FACTOR_CA_MISMATCH,WARN,fq_factor,10
2002-05-31,MISSING_VALUE,WARN,amount,186
2002-06-03,ADJ_FACTOR_CA_MISMATCH,WARN,fq_factor,1
2002-06-03,MISSING_VALUE,WARN,amount,186
2002-06-04,ADJ_FACTOR_CA_MISMATCH,WARN,fq_factor,5
2002-06-04,MISSING_VALUE,WARN,amount,186
2002-06-05,MISSING_VALUE,WARN,amount,186
2002-06-06,ADJ_FACTOR_CA_MISMATCH,WARN,fq_factor,14
2002-06-06,MISSING_VALUE,WARN,amount,186
2002-06-07,ADJ_FACTOR_CA_MISMATCH,WARN,fq_factor,6
2002-06-07,MISSING_VALUE,WARN,amount,186
2002-06-10,ADJ_FACTOR_CA_MISMATCH,WARN,fq_factor,4
2002-06-10,MISSING_VALUE,WARN,amount,186
2002-06-11,ADJ_FACTOR_CA_MISMATCH,WARN,fq_factor,8
2002-06-11,MISSING_VALUE,WARN,amount,186
2002-06-12,ADJ_FACTOR_CA_MISMATCH,WARN,fq_factor,3
2002-06-12,MISSING_VALUE,WARN,amount,186
2002-06-13,ADJ_FACTOR_CA_MISMATCH,WARN,fq_factor,9
2002-06-13,MISSING_VALUE,WARN,amount,187
2002-06-14,ADJ_FACTOR_CA_MISMATCH,WARN,fq_factor,12
2002-06-14,MISSING_VALUE,WARN,amount,186
2002-06-17,ADJ_FACTOR_CA_MISMATCH,WARN,fq_factor,12
2002-06-17,MISSING_VALUE,WARN,amount,186
2002-06-18,ADJ_FACTOR_CA_MISMATCH,WARN,fq_factor,8
2002-06-18,MISSING_VALUE,WARN,amount,186
2002-06-19,ADJ_FACTOR_CA_MISMATCH,WARN,fq_factor,14
2002-06-19,MISSING_VALUE,WARN,amount,186
2002-06-20,ADJ_FACTOR_CA_MISMATCH,WARN,fq_factor,14
2002-06-20,MISSING_VALUE,WARN,amount,186
2002-06-21,ADJ_FACTOR_CA_MISMATCH,WARN,fq_factor,13
2002-06-21,MISSING_VALUE,WARN,amount,186
2002-06-24,ADJ_FACTOR_CA_MISMATCH,WARN,fq_factor,12
2002-06-24,MISSING_VALUE,WARN,amount,186
2002-06-25,ADJ_FACTOR_CA_MISMATCH,WARN,fq_factor,15
2002-06-25,MISSING_VALUE,WARN,amount,187
2002-06-26,ADJ_FACTOR_CA_MISMATCH,WARN,fq_factor,13
2002-06-26,MISSING_VALUE,WARN,amount,186
2002-06-27,ADJ_FACTOR_CA_MISMATCH,WARN,fq_factor,10
2002-06-27,MISSING_VALUE,WARN,amount,186
2002-06-28,ADJ_FACTOR_CA_MISMATCH,WARN,fq_factor,6
2002-06-28,MISSING_VALUE,WARN,amount,187
2002-07-01,ADJ_FACTOR_CA_MISMATCH,WARN,fq_factor,9
2002-07-01,MISSING_VALUE,WARN,amount,190
2002-07-02,ADJ_FACTOR_CA_MISMATCH,WARN,fq_factor,6
2002-07-02,MISSING_VALUE,WARN,amount,186
2002-07-03,ADJ_FACTOR_CA_MISMATCH,WARN,fq_factor,6
2002-07-03,MISSING_VALUE,WARN,amount,186
2002-07-04,ADJ_FACTOR_CA_MISMATCH,WARN,fq_factor,4
2002-07-04,MISSING_VALUE,WARN,amount,186
2002-07-05,ADJ_FACTOR_CA_MISMATCH,WARN,fq_factor,9
2002-07-05,MISSING_VALUE,WARN,amount,186
2002-07-08,ADJ_FACTOR_CA_MISMATCH,WARN,fq_factor,8
2002-07-08,MISSING_VALUE,WARN,amount,186
2002-07-09,ADJ_FACTOR_CA_MISMATCH,WARN,fq_factor,5
2002-07-09,MISSING_VALUE,WARN,amount,186
2002-07-10,ADJ_FACTOR_CA_MISMATCH,WARN,fq_factor,3
2002-07-10,MISSING_VALUE,WARN,amount,186
2002-07-11,ADJ_FACTOR_CA_MISMATCH,WARN,fq_factor,4
2002-07-11,MISSING_VALUE,WARN,amount,186
2002-07-12,ADJ_FACTOR_CA_MISMATCH,WARN,fq_factor,12
2002-07-12,MISSING_VALUE,WARN,amount,186
2002-07-15,ADJ_FACTOR_CA_MISMATCH,WARN,fq_factor,10
2002-07-15,MISSING_VALUE,WARN,amount,186
2002-07-16,ADJ_FACTOR_CA_MISMATCH,WARN,fq_factor,8
2002-07-16,MISSING_VALUE,WARN,amount,186
2002-07-17,ADJ_FACTOR_CA_MISMATCH,WARN,fq_factor,6
2002-07-17,MISSING_VALUE,WARN,amount,186
2002-07-18,ADJ_FACTOR_CA_MISMATCH,WARN,fq_factor,5
2002-07-18,MISSING_VALUE,WARN,amount,186
2002-07-19,ADJ_FACTOR_CA_MISMATCH,WARN,fq_factor,15
2002-07-19,MISSING_VALUE,WARN,amount,187
2002-07-22,ADJ_FACTOR_CA_MISMATCH,WARN,fq_factor,9
2002-07-22,MISSING_VALUE,WARN,amount,186
2002-07-23,ADJ_FACTOR_CA_MISMATCH,WARN,fq_factor,9
2002-07-23,MISSING_VALUE,WARN,amount,187
2002-07-24,ADJ_FACTOR_CA_MISMATCH,WARN,fq_factor,6
2002-07-24,MISSING_VALUE,WARN,amount,187
2002-07-25,ADJ_FACTOR_CA_MISMATCH,WARN,fq_factor,7
2002-07-25,MISSING_VALUE,WARN,amount,187
2002-07-26,ADJ_FACTOR_CA_MISMATCH,WARN,fq_factor,3
2002-07-26,MISSING_VALUE,WARN,amount,187
2002-07-29,ADJ_FACTOR_CA_MISMATCH,WARN,fq_factor,3
2002-07-29,MISSING_VALUE,WARN,amount,187
2002-07-30,ADJ_FACTOR_CA_MISMATCH,WARN,fq_factor,3
2002-07-30,MISSING_VALUE,WARN,amount,187
2002-07-31,ADJ_FACTOR_CA_MISMATCH,WARN,fq_factor,2
2002-07-31,MISSING_VALUE,WARN,amount,187
2002-08-01,ADJ_FACTOR_CA_MISMATCH,WARN,fq_factor,3
2002-08-01,MISSING_VALUE,WARN,amount,187
2002-08-02,ADJ_FACTOR_CA_MISMATCH,WARN,fq_factor,1
2002-08-02,MISSING_VALUE,WARN,amount,187
2002-08-05,MISSING_VALUE,WARN,amount,187
2002-08-06,ADJ_FACTOR_CA_MISMATCH,WARN,fq_factor,3
2002-08-06,MISSING_VALUE,WARN,amount,187
2002-08-07,ADJ_FACTOR_CA_MISMATCH,WARN,fq_factor,2
2002-08-07,MISSING_VALUE,WARN,amount,187
2002-08-08,ADJ_FACTOR_CA_MISMATCH,WARN,fq_factor,1
2002-08-08,MISSING_VALUE,WARN,amount,187
2002-08-09,ADJ_FACTOR_CA_MISMATCH,WARN,fq_factor,2
2002-08-09,MISSING_VALUE,WARN,amount,187
2002-08-12,ADJ_FACTOR_CA_MISMATCH,WARN,fq_factor,5
2002-08-12,MISSING_VALUE,WARN,amount,187
2002-08-13,ADJ_FACTOR_CA_MISMATCH,WARN,fq_factor,3
2002-08-13,MISSING_VALUE,WARN,amount,187
2002-08-14,ADJ_FACTOR_CA_MISMATCH,WARN,fq_factor,2
2002-08-14,MISSING_VALUE,WARN,amount,187
2002-08-15,ADJ_FACTOR_CA_MISMATCH,WARN,fq_factor,1
2002-08-15,MISSING_VALUE,WARN,amount,187
2002-08-16,ADJ_FACTOR_CA_MISMATCH,WARN,fq_factor,3
2002-08-16,MISSING_VALUE,WARN,amount,187
2002-08-19,ADJ_FACTOR_CA_MISMATCH,WARN,fq_factor,4
2002-08-19,MISSING_VALUE,WARN,amount,187
2002-08-20,ADJ_FACTOR_CA_MISMATCH,WARN,fq_factor,4
2002-08-20,MISSING_VALUE,WARN,amount,186
2002-08-21,MISSING_VALUE,WARN,amount,186
2002-08-22,ADJ_FACTOR_CA_MISMATCH,WARN,fq_factor,8
2002-08-22,MISSING_VALUE,WARN,amount,187
2002-08-23,ADJ_FACTOR_CA_MISMATCH,WARN,fq_factor,2
2002-08-23,MISSING_VALUE,WARN,amount,187
2002-08-26,ADJ_FACTOR_CA_MISMATCH,WARN,fq_factor,3
2002-08-26,MISSING_VALUE,WARN,amount,187
2002-08-27,ADJ_FACTOR_CA_MISMATCH,WARN,fq_factor,2
2002-08-27,MISSING_VALUE,WARN,amount,187
2002-08-28,ADJ_FACTOR_CA_MISMATCH,WARN,fq_factor,1
2002-08-28,MISSING_VALUE,WARN,amount,187
2002-08-29,ADJ_FACTOR_CA_MISMATCH,WARN,fq_factor,5
2002-08-29,MISSING_VALUE,WARN,amount,187
2002-08-30,MISSING_VALUE,WARN,amount,187
2002-09-02,MISSING_VALUE,WARN,amount,187
2002-09-03,MISSING_VALUE,WARN,amount,187
2002-09-04,MISSING_VALUE,WARN,amount,187
2002-09-05,ADJ_FACTOR_CA_MISMATCH,WARN,fq_factor,2
2002-09-05,MISSING_VALUE,WARN,amount,186
2002-09-06,ADJ_FACTOR_CA_MISMATCH,WARN,fq_factor,1
2002-09-06,MISSING_VALUE,WARN,amount,187
2002-09-09,MISSING_VALUE,WARN,amount,187
2002-09-10,MISSING_VALUE,WARN,amount,187
2002-09-11,ADJ_FACTOR_CA_MISMATCH,WARN,fq_factor,1
2002-09-11,MISSING_VALUE,WARN,amount,187
2002-09-12,MISSING_VALUE,WARN,amount,187
2002-09-13,MISSING_VALUE,WARN,amount,186
2002-09-16,ADJ_FACTOR_CA_MISMATCH,WARN,fq_factor,1
2002-09-16,MISSING_VALUE,WARN,amount,185
2002-09-17,ADJ_FACTOR_CA_MISMATCH,WARN,fq_factor,1
2002-09-17,MISSING_VALUE,WARN,amount,185
2002-09-18,MISSING_VALUE,WARN,amount,185
2002-09-19,MISSING_VALUE,WARN,amount,185
2002-09-20,MISSING_VALUE,WARN,amount,185
2002-09-23,ADJ_FACTOR_CA_MISMATCH,WARN,fq_factor,1
2002-09-23,MISSING_VALUE,WARN,amount,184
2002-09-24,MISSING_VALUE,WARN,amount,184
2002-09-25,MISSING_VALUE,WARN,amount,185
2002-09-26,MISSING_VALUE,WARN,amount,184
2002-09-27,MISSING_VALUE,WARN,amount,184
2002-10-08,MISSING_VALUE,WARN,amount,185
2002-10-09,MISSING_VALUE,WARN,amount,184
2002-10-10,MISSING_VALUE,WARN,amount,184
2002-10-11,MISSING_VALUE,WARN,amount,185
2002-10-14,MISSING_VALUE,WARN,amount,185
2002-10-15,MISSING_VALUE,WARN,amount,185
2002-10-16,MISSING_VALUE,WARN,amount,185
2002-10-17,MISSING_VALUE,WARN,amount,185
2002-10-18,ADJ_FACTOR_CA_MISMATCH,WARN,fq_factor,1
2002-10-18,MISSING_VALUE,WARN,amount,185
2002-10-21,MISSING_VALUE,WARN,amount,185
2002-10-22,MISSING_VALUE,WARN,amount,185
2002-10-23,MISSING_VALUE,WARN,amount,185
2002-10-24,ADJ_FACTOR_CA_MISMATCH,WARN,fq_factor,1
2002-10-24,MISSING_VALUE,WARN,amount,185
2002-10-25,MISSING_VALUE,WARN,amount,185
2002-10-28,ADJ_FACTOR_CA_MISMATCH,WARN,fq_factor,1
2002-10-28,MISSING_VALUE,WARN,amount,186
2002-10-29,ADJ_FACTOR_CA_MISMATCH,WARN,fq_factor,1
2002-10-29,MISSING_VALUE,WARN,amount,185
2002-10-30,MISSING_VALUE,WARN,amount,185
2002-10-31,MISSING_VALUE,WARN,amount,186
2002-11-01,MISSING_VALUE,WARN,amount,186
2002-11-04,MISSING_VALUE,WARN,amount,186
2002-11-05,MISSING_VALUE,WARN,amount,186
2002-11-06,MISSING_VALUE,WARN,amount,186
2002-11-07,MISSING_VALUE,WARN,amount,186
2002-11-08,MISSING_VALUE,WARN,amount,186
2002-11-11,MISSING_VALUE,WARN,amount,186
2002-11-12,ADJ_FACTOR_CA_MISMATCH,WARN,fq_factor,1
2002-11-12,MISSING_VALUE,WARN,amount,186
2002-11-13,MISSING_VALUE,WARN,amount,186
2002-11-14,MISSING_VALUE,WARN,amount,186
2002-11-15,MISSING_VALUE,WARN,amount,186
2002-11-18,MISSING_VALUE,WARN,amount,186
2002-11-19,MISSING_VALUE,WARN,amount,186
2002-11-20,MISSING_VALUE,WARN,amount,186
2002-11-21,MISSING_VALUE,WARN,amount,186
2002-11-22,MISSING_VALUE,WARN,amount,186
2002-11-25,MISSING_VALUE,WARN,amount,186
2002-11-26,MISSING_VALUE,WARN,amount,186
2002-11-27,MISSING_VALUE,WARN,amount,186
2002-11-28,ADJ_FACTOR_CA_MISMATCH,WARN,fq_factor,1
2002-11-28,MISSING_VALUE,WARN,amount,187
2002-11-29,ADJ_FACTOR_CA_MISMATCH,WARN,fq_factor,1
2002-11-29,MISSING_VALUE,WARN,amount,187
2002-12-02,MISSING_VALUE,WARN,amount,186
2002-12-03,MISSING_VALUE,WARN,amount,186
2002-12-04,MISSING_VALUE,WARN,amount,186
2002-12-05,MISSING_VALUE,WARN,amount,186
2002-12-06,MISSING_VALUE,WARN,amount,187
2002-12-09,MISSING_VALUE,WARN,amount,186
2002-12-10,MISSING_VALUE,WARN,amount,186
2002-12-11,MISSING_VALUE,WARN,amount,186
2002-12-12,MISSING_VALUE,WARN,amount,186
2002-12-13,MISSING_VALUE,WARN,amount,186
2002-12-16,MISSING_VALUE,WARN,amount,186
2002-12-17,MISSING_VALUE,WARN,amount,186
2002-12-18,MISSING_VALUE,WARN,amount,186
2002-12-19,MISSING_VALUE,WARN,amount,186
2002-12-20,ADJ_FACTOR_CA_MISMATCH,WARN,fq_factor,1
2002-12-20,MISSING_VALUE,WARN,amount,186
2002-12-23,MISSING_VALUE,WARN,amount,186
2002-12-24,MISSING_VALUE,WARN,amount,186
2002-12-25,MISSING_VALUE,WARN,amount,186
2002-12-26,MISSING_VALUE,WARN,amount,186
2002-12-27,MISSING_VALUE,WARN,amount,186
2002-12-30,MISSING_VALUE,WARN,amount,189
2002-12-31,MISSING_VALUE,WARN,amount,186
2003-01-02,MISSING_VALUE,WARN,amount,186
2003-01-03,MISSING_VALUE,WARN,amount,186
2003-01-06,MISSING_VALUE,WARN,amount,186
2003-01-07,MISSING_VALUE,WARN,amount,186
2003-01-08,MISSING_VALUE,WARN,amount,186
2003-01-09,MISSING_VALUE,WARN,amount,186
2003-01-10,MISSING_VALUE,WARN,amount,186
2003-01-13,MISSING_VALUE,WARN,amount,186
2003-01-14,MISSING_VALUE,WARN,amount,186
2003-01-15,MISSING_VALUE,WARN,amount,186
2003-01-16,MISSING_VALUE,WARN,amount,186
2003-01-17,MISSING_VALUE,WARN,amount,186
2003-01-20,MISSING_VALUE,WARN,amount,186
2003-01-21,MISSING_VALUE,WARN,amount,186
2003-01-22,MISSING_VALUE,WARN,amount,186
2003-01-23,MISSING_VALUE,WARN,amount,186
2003-01-24,MISSING_VALUE,WARN,amount,186
2003-01-27,MISSING_VALUE,WARN,amount,186
2003-01-28,MISSING_VALUE,WARN,amount,186
2003-01-29,MISSING_VALUE,WARN,amount,186
2003-02-10,MISSING_VALUE,WARN,amount,186
2003-02-11,MISSING_VALUE,WARN,amount,186
2003-02-12,MISSING_VALUE,WARN,amount,186
2003-02-13,MISSING_VALUE,WARN,amount,186
2003-02-14,MISSING_VALUE,WARN,amount,186
2003-02-17,MISSING_VALUE,WARN,amount,186
2003-02-18,MISSING_VALUE,WARN,amount,186
2003-02-19,MISSING_VALUE,WARN,amount,186
2003-02-20,MISSING_VALUE,WARN,amount,186
2003-02-21,MISSING_VALUE,WARN,amount,186
2003-02-24,MISSING_VALUE,WARN,amount,186
2003-02-25,MISSING_VALUE,WARN,amount,186
2003-02-26,MISSING_VALUE,WARN,amount,186
2003-02-27,MISSING_VALUE,WARN,amount,186
2003-02-28,MISSING_VALUE,WARN,amount,186
2003-03-03,MISSING_VALUE,WARN,amount,186
2003-03-04,MISSING_VALUE,WARN,amount,186
2003-03-05,MISSING_VALUE,WARN,amount,186
2003-03-06,MISSING_VALUE,WARN,amount,186
2003-03-07,MISSING_VALUE,WARN,amount,186
2003-03-10,ADJ_FACTOR_CA_MISMATCH,WARN,fq_factor,1
2003-03-10,MISSING_VALUE,WARN,amount,186
2003-03-11,MISSING_VALUE,WARN,amount,186
2003-03-12,MISSING_VALUE,WARN,amount,186
2003-03-13,MISSING_VALUE,WARN,amount,186
2003-03-14,ADJ_FACTOR_CA_MISMATCH,WARN,fq_factor,1
2003-03-14,MISSING_VALUE,WARN,amount,186
2003-03-17,ADJ_FACTOR_CA_MISMATCH,WARN,fq_factor,1
2003-03-17,MISSING_VALUE,WARN,amount,186
2003-03-18,MISSING_VALUE,WARN,amount,186
2003-03-19,MISSING_VALUE,WARN,amount,186
2003-03-20,MISSING_VALUE,WARN,amount,186
2003-03-21,MISSING_VALUE,WARN,amount,186
2003-03-24,MISSING_VALUE,WARN,amount,186
2003-03-25,ADJ_FACTOR_CA_MISMATCH,WARN,fq_factor,1
2003-03-25,MISSING_VALUE,WARN,amount,186
2003-03-26,ADJ_FACTOR_CA_MISMATCH,WARN,fq_factor,2
2003-03-26,MISSING_VALUE,WARN,amount,186
2003-03-27,MISSING_VALUE,WARN,amount,186
2003-03-28,ADJ_FACTOR_CA_MISMATCH,WARN,fq_factor,1
2003-03-28,MISSING_VALUE,WARN,amount,186
2003-03-31,ADJ_FACTOR_CA_MISMATCH,WARN,fq_factor,1
2003-03-31,MISSING_VALUE,WARN,amount,186
2003-04-01,ADJ_FACTOR_CA_MISMATCH,WARN,fq_factor,1
2003-04-01,MISSING_VALUE,WARN,amount,186
2003-04-02,ADJ_FACTOR_CA_MISMATCH,WARN,fq_factor,1
2003-04-02,MISSING_VALUE,WARN,amount,186
2003-04-03,MISSING_VALUE,WARN,amount,186
2003-04-04,MISSING_VALUE,WARN,amount,186
2003-04-07,ADJ_FACTOR_CA_MISMATCH,WARN,fq_factor,1
2003-04-07,MISSING_VALUE,WARN,amount,186
2003-04-08,ADJ_FACTOR_CA_MISMATCH,WARN,fq_factor,2
2003-04-08,MISSING_VALUE,WARN,amount,186
2003-04-09,MISSING_VALUE,WARN,amount,186
2003-04-10,ADJ_FACTOR_CA_MISMATCH,WARN,fq_factor,1
2003-04-10,MISSING_VALUE,WARN,amount,186
2003-04-11,MISSING_VALUE,WARN,amount,186
2003-04-14,ADJ_FACTOR_CA_MISMATCH,WARN,fq_factor,1
2003-04-14,MISSING_VALUE,WARN,amount,186
2003-04-15,MISSING_VALUE,WARN,amount,186
2003-04-16,ADJ_FACTOR_CA_MISMATCH,WARN,fq_factor,4
2003-04-16,MISSING_VALUE,WARN,amount,186
2003-04-17,ADJ_FACTOR_CA_MISMATCH,WARN,fq_factor,2
2003-04-17,MISSING_VALUE,WARN,amount,186
2003-04-18,ADJ_FACTOR_CA_MISMATCH,WARN,fq_factor,1
2003-04-18,MISSING_VALUE,WARN,amount,186
2003-04-21,ADJ_FACTOR_CA_MISMATCH,WARN,fq_factor,1
2003-04-21,MISSING_VALUE,WARN,amount,186
2003-04-22,ADJ_FACTOR_CA_MISMATCH,WARN,fq_factor,2
2003-04-22,MISSING_VALUE,WARN,amount,187
2003-04-23,ADJ_FACTOR_CA_MISMATCH,WARN,fq_factor,1
2003-04-23,MISSING_VALUE,WARN,amount,186
2003-04-24,ADJ_FACTOR_CA_MISMATCH,WARN,fq_factor,2
2003-04-24,MISSING_VALUE,WARN,amount,186
2003-04-25,ADJ_FACTOR_CA_MISMATCH,WARN,fq_factor,2
2003-04-25,MISSING_VALUE,WARN,amount,187
2003-04-28,ADJ_FACTOR_CA_MISMATCH,WARN,fq_factor,2
2003-04-28,MISSING_VALUE,WARN,amount,186
2003-04-29,ADJ_FACTOR_CA_MISMATCH,WARN,fq_factor,3
2003-04-29,MISSING_VALUE,WARN,amount,186
2003-04-30,ADJ_FACTOR_CA_MISMATCH,WARN,fq_factor,1
2003-04-30,MISSING_VALUE,WARN,amount,186
2003-05-12,MISSING_VALUE,WARN,amount,187
2003-05-13,ADJ_FACTOR_CA_MISMATCH,WARN,fq_factor,1
2003-05-13,MISSING_VALUE,WARN,amount,186
2003-05-13,VWAP_OUT_OF_RANGE,ERROR,amount,1
2003-05-14,ADJ_FACTOR_CA_MISMATCH,WARN,fq_factor,1
2003-05-14,MISSING_VALUE,WARN,amount,186
2003-05-15,ADJ_FACTOR_CA_MISMATCH,WARN,fq_factor,1
2003-05-15,MISSING_VALUE,WARN,amount,186
2003-05-16,ADJ_FACTOR_CA_MISMATCH,WARN,fq_factor,2
2003-05-16,MISSING_VALUE,WARN,amount,187
2003-05-19,ADJ_FACTOR_CA_MISMATCH,WARN,fq_factor,2
2003-05-19,MISSING_VALUE,WARN,amount,186
2003-05-20,ADJ_FACTOR_CA_MISMATCH,WARN,fq_factor,4
2003-05-20,MISSING_VALUE,WARN,amount,186
2003-05-21,ADJ_FACTOR_CA_MISMATCH,WARN,fq_factor,7
2003-05-21,MISSING_VALUE,WARN,amount,186
2003-05-22,ADJ_FACTOR_CA_MISMATCH,WARN,fq_factor,5
2003-05-22,MISSING_VALUE,WARN,amount,186
2003-05-23,ADJ_FACTOR_CA_MISMATCH,WARN,fq_factor,10
2003-05-23,MISSING_VALUE,WARN,amount,185
2003-05-26,ADJ_FACTOR_CA_MISMATCH,WARN,fq_factor,1
2003-05-26,MISSING_VALUE,WARN,amount,185
2003-05-27,ADJ_FACTOR_CA_MISMATCH,WARN,fq_factor,5
2003-05-27,MISSING_VALUE,WARN,amount,185
2003-05-28,ADJ_FACTOR_CA_MISMATCH,WARN,fq_factor,4
2003-05-28,MISSING_VALUE,WARN,amount,185
2003-05-29,ADJ_FACTOR_CA_MISMATCH,WARN,fq_factor,13
2003-05-29,MISSING_VALUE,WARN,amount,185
2003-05-30,ADJ_FACTOR_CA_MISMATCH,WARN,fq_factor,13
2003-05-30,MISSING_VALUE,WARN,amount,185
2003-06-02,ADJ_FACTOR_CA_MISMATCH,WARN,fq_factor,5
2003-06-02,MISSING_VALUE,WARN,amount,185
2003-06-03,ADJ_FACTOR_CA_MISMATCH,WARN,fq_factor,8
2003-06-03,MISSING_VALUE,WARN,amount,185
2003-06-04,ADJ_FACTOR_CA_MISMATCH,WARN,fq_factor,2
2003-06-04,MISSING_VALUE,WARN,amount,185
2003-06-05,ADJ_FACTOR_CA_MISMATCH,WARN,fq_factor,4
2003-06-05,MISSING_VALUE,WARN,amount,185
2003-06-06,ADJ_FACTOR_CA_MISMATCH,WARN,fq_factor,8
2003-06-06,MISSING_VALUE,WARN,amount,185
2003-06-09,ADJ_FACTOR_CA_MISMATCH,WARN,fq_factor,9
2003-06-09,MISSING_VALUE,WARN,amount,185
2003-06-10,ADJ_FACTOR_CA_MISMATCH,WARN,fq_factor,9
2003-06-10,MISSING_VALUE,WARN,amount,185
2003-06-11,ADJ_FACTOR_CA_MISMATCH,WARN,fq_factor,9
2003-06-11,MISSING_VALUE,WARN,amount,185
2003-06-12,ADJ_FACTOR_CA_MISMATCH,WARN,fq_factor,14
2003-06-12,MISSING_VALUE,WARN,amount,185
2003-06-13,ADJ_FACTOR_CA_MISMATCH,WARN,fq_factor,13
2003-06-13,MISSING_VALUE,WARN,amount,185
2003-06-16,ADJ_FACTOR_CA_MISMATCH,WARN,fq_factor,6
2003-06-16,MISSING_VALUE,WARN,amount,185
2003-06-17,ADJ_FACTOR_CA_MISMATCH,WARN,fq_factor,12
2003-06-17,MISSING_VALUE,WARN,amount,185
2003-06-18,ADJ_FACTOR_CA_MISMATCH,WARN,fq_factor,12
2003-06-18,MISSING_VALUE,WARN,amount,185
2003-06-19,ADJ_FACTOR_CA_MISMATCH,WARN,fq_factor,11
2003-06-19,MISSING_VALUE,WARN,amount,185
2003-06-20,ADJ_FACTOR_CA_MISMATCH,WARN,fq_factor,11
2003-06-20,MISSING_VALUE,WARN,amount,185
2003-06-23,ADJ_FACTOR_CA_MISMATCH,WARN,fq_factor,13
2003-06-23,MISSING_VALUE,WARN,amount,185
2003-06-24,ADJ_FACTOR_CA_MISMATCH,WARN,fq_factor,9
2003-06-24,MISSING_VALUE,WARN,amount,185
2003-06-25,ADJ_FACTOR_CA_MISMATCH,WARN,fq_factor,4
2003-06-25,MISSING_VALUE,WARN,amount,185
2003-06-26,ADJ_FACTOR_CA_MISMATCH,WARN,fq_factor,6
2003-06-26,MISSING_VALUE,WARN,amount,185
2003-06-27,ADJ_FACTOR_CA_MISMATCH,WARN,fq_factor,7
2003-06-27,MISSING_VALUE,WARN,amount,186
2003-06-30,ADJ_FACTOR_CA_MISMATCH,WARN,fq_factor,5
2003-06-30,MISSING_VALUE,WARN,amount,188
2003-07-01,ADJ_FACTOR_CA_MISMATCH,WARN,fq_factor,6
2003-07-01,MISSING_VALUE,WARN,amount,185
2003-07-02,ADJ_FACTOR_CA_MISMATCH,WARN,fq_factor,2
2003-07-02,MISSING_VALUE,WARN,amount,185
2003-07-03,ADJ_FACTOR_CA_MISMATCH,WARN,fq_factor,7
2003-07-03,MISSING_VALUE,WARN,amount,185
2003-07-04,ADJ_FACTOR_CA_MISMATCH,WARN,fq_factor,7
2003-07-04,MISSING_VALUE,WARN,amount,185
2003-07-07,ADJ_FACTOR_CA_MISMATCH,WARN,fq_factor,2
2003-07-07,MISSING_VALUE,WARN,amount,185
2003-07-08,ADJ_FACTOR_CA_MISMATCH,WARN,fq_factor,7
2003-07-08,MISSING_VALUE,WARN,amount,185
2003-07-09,ADJ_FACTOR_CA_MISMATCH,WARN,fq_factor,11
2003-07-09,MISSING_VALUE,WARN,amount,185
2003-07-10,ADJ_FACTOR_CA_MISMATCH,WARN,fq_factor,8
2003-07-10,MISSING_VALUE,WARN,amount,185
2003-07-11,ADJ_FACTOR_CA_MISMATCH,WARN,fq_factor,7
2003-07-11,MISSING_VALUE,WARN,amount,185
2003-07-14,ADJ_FACTOR_CA_MISMATCH,WARN,fq_factor,6
2003-07-14,MISSING_VALUE,WARN,amount,185
2003-07-15,ADJ_FACTOR_CA_MISMATCH,WARN,fq_factor,6
2003-07-15,MISSING_VALUE,WARN,amount,185
2003-07-16,ADJ_FACTOR_CA_MISMATCH,WARN,fq_factor,8
2003-07-16,MISSING_VALUE,WARN,amount,185
2003-07-17,ADJ_FACTOR_CA_MISMATCH,WARN,fq_factor,5
2003-07-17,MISSING_VALUE,WARN,amount,185
2003-07-18,ADJ_FACTOR_CA_MISMATCH,WARN,fq_factor,7
2003-07-18,MISSING_VALUE,WARN,amount,185
2003-07-21,ADJ_FACTOR_CA_MISMATCH,WARN,fq_factor,7
2003-07-21,MISSING_VALUE,WARN,amount,185
2003-07-22,ADJ_FACTOR_CA_MISMATCH,WARN,fq_factor,6
2003-07-22,MISSING_VALUE,WARN,amount,185
2003-07-23,ADJ_FACTOR_CA_MISMATCH,WARN,fq_factor,4
2003-07-23,MISSING_VALUE,WARN,amount,185
2003-07-24,ADJ_FACTOR_CA_MISMATCH,WARN,fq_factor,5
2003-07-24,MISSING_VALUE,WARN,amount,185
2003-07-25,ADJ_FACTOR_CA_MISMATCH,WARN,fq_factor,3
2003-07-25,MISSING_VALUE,WARN,amount,185
2003-07-28,ADJ_FACTOR_CA_MISMATCH,WARN,fq_factor,5
2003-07-28,MISSING_VALUE,WARN,amount,185
2003-07-29,ADJ_FACTOR_CA_MISMATCH,WARN,fq_factor,5
2003-07-29,MISSING_VALUE,WARN,amount,185
2003-07-30,ADJ_FACTOR_CA_MISMATCH,WARN,fq_factor,2
2003-07-30,MISSING_VALUE,WARN,amount,185
2003-07-31,ADJ_FACTOR_CA_MISMATCH,WARN,fq_factor,2
2003-07-31,MISSING_VALUE,WARN,amount,185
2003-08-01,ADJ_FACTOR_CA_MISMATCH,WARN,fq_factor,2
2003-08-01,MISSING_VALUE,WARN,amount,185
2003-08-04,ADJ_FACTOR_CA_MISMATCH,WARN,fq_factor,1
2003-08-04,MISSING_VALUE,WARN,amount,186
2003-08-05,MISSING_VALUE,WARN,amount,185
2003-08-06,ADJ_FACTOR_CA_MISMATCH,WARN,fq_factor,2
2003-08-06,MISSING_VALUE,WARN,amount,185
2003-08-07,ADJ_FACTOR_CA_MISMATCH,WARN,fq_factor,2
2003-08-07,MISSING_VALUE,WARN,amount,186
2003-08-08,ADJ_FACTOR_CA_MISMATCH,WARN,fq_factor,3
2003-08-08,MISSING_VALUE,WARN,amount,186
2003-08-11,ADJ_FACTOR_CA_MISMATCH,WARN,fq_factor,5
2003-08-11,MISSING_VALUE,WARN,amount,186
2003-08-12,ADJ_FACTOR_CA_MISMATCH,WARN,fq_factor,1
2003-08-12,MISSING_VALUE,WARN,amount,186
2003-08-13,MISSING_VALUE,WARN,amount,186
2003-08-14,ADJ_FACTOR_CA_MISMATCH,WARN,fq_factor,2
2003-08-14,MISSING_VALUE,WARN,amount,186
2003-08-15,ADJ_FACTOR_CA_MISMATCH,WARN,fq_factor,5
2003-08-15,MISSING_VALUE,WARN,amount,186
2003-08-18,ADJ_FACTOR_CA_MISMATCH,WARN,fq_factor,7
2003-08-18,MISSING_VALUE,WARN,amount,186
2003-08-19,ADJ_FACTOR_CA_MISMATCH,WARN,fq_factor,3
2003-08-19,MISSING_VALUE,WARN,amount,186
2003-08-20,ADJ_FACTOR_CA_MISMATCH,WARN,fq_factor,4
2003-08-20,MISSING_VALUE,WARN,amount,186
2003-08-21,ADJ_FACTOR_CA_MISMATCH,WARN,fq_factor,2
2003-08-21,MISSING_VALUE,WARN,amount,186
2003-08-22,ADJ_FACTOR_CA_MISMATCH,WARN,fq_factor,4
2003-08-22,MISSING_VALUE,WARN,amount,186
2003-08-25,MISSING_VALUE,WARN,amount,186
2003-08-26,ADJ_FACTOR_CA_MISMATCH,WARN,fq_factor,2
2003-08-26,MISSING_VALUE,WARN,amount,186
2003-08-27,MISSING_VALUE,WARN,amount,186
2003-08-28,ADJ_FACTOR_CA_MISMATCH,WARN,fq_factor,2
2003-08-28,MISSING_VALUE,WARN,amount,186
2003-08-29,ADJ_FACTOR_CA_MISMATCH,WARN,fq_factor,1
2003-08-29,MISSING_VALUE,WARN,amount,186
2003-09-01,ADJ_FACTOR_CA_MISMATCH,WARN,fq_factor,1
2003-09-01,MISSING_VALUE,WARN,amount,186
2003-09-02,MISSING_VALUE,WARN,amount,186
2003-09-03,MISSING_VALUE,WARN,amount,187
2003-09-04,ADJ_FACTOR_CA_MISMATCH,WARN,fq_factor,1
2003-09-04,MISSING_VALUE,WARN,amount,187
2003-09-05,ADJ_FACTOR_CA_MISMATCH,WARN,fq_factor,1
2003-09-05,MISSING_VALUE,WARN,amount,188
2003-09-08,MISSING_VALUE,WARN,amount,188
2003-09-09,MISSING_VALUE,WARN,amount,188
2003-09-10,MISSING_VALUE,WARN,amount,188
2003-09-11,ADJ_FACTOR_CA_MISMATCH,WARN,fq_factor,1
2003-09-11,MISSING_VALUE,WARN,amount,188
2003-09-12,MISSING_VALUE,WARN,amount,188
2003-09-15,MISSING_VALUE,WARN,amount,188
2003-09-16,MISSING_VALUE,WARN,amount,188
2003-09-17,MISSING_VALUE,WARN,amount,188
2003-09-18,MISSING_VALUE,WARN,amount,188
2003-09-19,ADJ_FACTOR_CA_MISMATCH,WARN,fq_factor,2
2003-09-19,MISSING_VALUE,WARN,amount,187
2003-09-22,ADJ_FACTOR_CA_MISMATCH,WARN,fq_factor,1
2003-09-22,MISSING_VALUE,WARN,amount,186
2003-09-23,MISSING_VALUE,WARN,amount,186
2003-09-24,MISSING_VALUE,WARN,amount,187
2003-09-25,ADJ_FACTOR_CA_MISMATCH,WARN,fq_factor,2
2003-09-25,MISSING_VALUE,WARN,amount,189
2003-09-26,MISSING_VALUE,WARN,amount,188
2003-09-29,ADJ_FACTOR_CA_MISMATCH,WARN,fq_factor,1
2003-09-29,MISSING_VALUE,WARN,amount,188
2003-09-30,MISSING_VALUE,WARN,amount,187
2003-10-08,MISSING_VALUE,WARN,amount,187
2003-10-09,MISSING_VALUE,WARN,amount,187
2003-10-10,MISSING_VALUE,WARN,amount,187
2003-10-13,MISSING_VALUE,WARN,amount,187
2003-10-14,MISSING_VALUE,WARN,amount,187
2003-10-15,MISSING_VALUE,WARN,amount,188
2003-10-16,ADJ_FACTOR_CA_MISMATCH,WARN,fq_factor,2
2003-10-16,MISSING_VALUE,WARN,amount,187
2003-10-17,ADJ_FACTOR_CA_MISMATCH,WARN,fq_factor,1
2003-10-17,MISSING_VALUE,WARN,amount,187
2003-10-20,ADJ_FACTOR_CA_MISMATCH,WARN,fq_factor,1
2003-10-20,MISSING_VALUE,WARN,amount,187
2003-10-21,MISSING_VALUE,WARN,amount,187
2003-10-22,ADJ_FACTOR_CA_MISMATCH,WARN,fq_factor,1
2003-10-22,MISSING_VALUE,WARN,amount,187
2003-10-23,MISSING_VALUE,WARN,amount,187
2003-10-24,ADJ_FACTOR_CA_MISMATCH,WARN,fq_factor,1
2003-10-24,MISSING_VALUE,WARN,amount,187
2003-10-27,MISSING_VALUE,WARN,amount,187
2003-10-28,MISSING_VALUE,WARN,amount,188
2003-10-29,MISSING_VALUE,WARN,amount,187
2003-10-30,MISSING_VALUE,WARN,amount,188
2003-10-31,MISSING_VALUE,WARN,amount,187
2003-11-03,MISSING_VALUE,WARN,amount,187
2003-11-04,ADJ_FACTOR_CA_MISMATCH,WARN,fq_factor,1
2003-11-04,MISSING_VALUE,WARN,amount,187
2003-11-05,MISSING_VALUE,WARN,amount,187
2003-11-06,MISSING_VALUE,WARN,amount,187
2003-11-07,ADJ_FACTOR_CA_MISMATCH,WARN,fq_factor,1
2003-11-07,MISSING_VALUE,WARN,amount,187
2003-11-10,MISSING_VALUE,WARN,amount,187
2003-11-11,MISSING_VALUE,WARN,amount,187
2003-11-12,MISSING_VALUE,WARN,amount,187
2003-11-13,MISSING_VALUE,WARN,amount,187
2003-11-14,MISSING_VALUE,WARN,amount,187
2003-11-17,ADJ_FACTOR_CA_MISMATCH,WARN,fq_factor,1
2003-11-17,MISSING_VALUE,WARN,amount,187
2003-11-18,ADJ_FACTOR_CA_MISMATCH,WARN,fq_factor,1
2003-11-18,MISSING_VALUE,WARN,amount,187
2003-11-19,MISSING_VALUE,WARN,amount,187
2003-11-20,MISSING_VALUE,WARN,amount,187
2003-11-21,MISSING_VALUE,WARN,amount,187
2003-11-24,MISSING_VALUE,WARN,amount,187
2003-11-25,MISSING_VALUE,WARN,amount,187
2003-11-26,MISSING_VALUE,WARN,amount,187
2003-11-27,MISSING_VALUE,WARN,amount,187
2003-11-28,MISSING_VALUE,WARN,amount,187
2003-12-01,MISSING_VALUE,WARN,amount,187
2003-12-02,MISSING_VALUE,WARN,amount,187
2003-12-03,MISSING_VALUE,WARN,amount,187
2003-12-04,MISSING_VALUE,WARN,amount,187
2003-12-05,MISSING_VALUE,WARN,amount,187
2003-12-08,MISSING_VALUE,WARN,amount,187
2003-12-09,ADJ_FACTOR_CA_MISMATCH,WARN,fq_factor,1
2003-12-09,MISSING_VALUE,WARN,amount,187
2003-12-10,MISSING_VALUE,WARN,amount,187
2003-12-11,ADJ_FACTOR_CA_MISMATCH,WARN,fq_factor,1
2003-12-11,MISSING_VALUE,WARN,amount,187
2003-12-12,MISSING_VALUE,WARN,amount,187
2003-12-15,MISSING_VALUE,WARN,amount,187
2003-12-16,MISSING_VALUE,WARN,amount,187
2003-12-17,MISSING_VALUE,WARN,amount,187
2003-12-18,MISSING_VALUE,WARN,amount,187
2003-12-19,MISSING_VALUE,WARN,amount,187
2003-12-22,MISSING_VALUE,WARN,amount,187
2003-12-23,ADJ_FACTOR_CA_MISMATCH,WARN,fq_factor,1
2003-12-23,MISSING_VALUE,WARN,amount,187
2003-12-24,ADJ_FACTOR_CA_MISMATCH,WARN,fq_factor,1
2003-12-24,MISSING_VALUE,WARN,amount,187
2003-12-25,MISSING_VALUE,WARN,amount,187
2003-12-26,MISSING_VALUE,WARN,amount,187
2003-12-29,MISSING_VALUE,WARN,amount,187
2003-12-30,MISSING_VALUE,WARN,amount,187
2003-12-31,MISSING_VALUE,WARN,amount,187
2004-01-02,MISSING_VALUE,WARN,amount,187
2004-01-05,MISSING_VALUE,WARN,amount,187
2004-01-06,MISSING_VALUE,WARN,amount,187
2004-01-07,MISSING_VALUE,WARN,amount,187
2004-01-08,MISSING_VALUE,WARN,amount,187
2004-01-09,MISSING_VALUE,WARN,amount,187
2004-01-12,MISSING_VALUE,WARN,amount,187
2004-01-13,ADJ_FACTOR_CA_MISMATCH,WARN,fq_factor,1
2004-01-13,MISSING_VALUE,WARN,amount,186
2004-01-14,MISSING_VALUE,WARN,amount,186
2004-01-15,MISSING_VALUE,WARN,amount,186
2004-01-16,MISSING_VALUE,WARN,amount,186
2004-01-29,MISSING_VALUE,WARN,amount,186
2004-01-30,MISSING_VALUE,WARN,amount,186
2004-02-02,MISSING_VALUE,WARN,amount,186
2004-02-03,MISSING_VALUE,WARN,amount,186
2004-02-04,MISSING_VALUE,WARN,amount,186
2004-02-05,MISSING_VALUE,WARN,amount,186
2004-02-06,MISSING_VALUE,WARN,amount,186
2004-02-09,MISSING_VALUE,WARN,amount,186
2004-02-10,MISSING_VALUE,WARN,amount,186
2004-02-11,MISSING_VALUE,WARN,amount,186
2004-02-12,MISSING_VALUE,WARN,amount,186
2004-02-13,MISSING_VALUE,WARN,amount,186
2004-02-16,MISSING_VALUE,WARN,amount,186
2004-02-17,MISSING_VALUE,WARN,amount,186
2004-02-18,MISSING_VALUE,WARN,amount,187
2004-02-19,MISSING_VALUE,WARN,amount,187
2004-02-20,MISSING_VALUE,WARN,amount,187
2004-02-23,MISSING_VALUE,WARN,amount,187
2004-02-24,MISSING_VALUE,WARN,amount,187
2004-02-25,MISSING_VALUE,WARN,amount,187
2004-02-26,MISSING_VALUE,WARN,amount,187
2004-02-27,MISSING_VALUE,WARN,amount,187
2004-03-01,MISSING_VALUE,WARN,amount,187
2004-03-02,MISSING_VALUE,WARN,amount,187
2004-03-03,MISSING_VALUE,WARN,amount,187
2004-03-04,MISSING_VALUE,WARN,amount,187
2004-03-05,MISSING_VALUE,WARN,amount,187
2004-03-08,MISSING_VALUE,WARN,amount,187
2004-03-09,MISSING_VALUE,WARN,amount,187
2004-03-10,MISSING_VALUE,WARN,amount,187
2004-03-11,MISSING_VALUE,WARN,amount,187
2004-03-12,MISSING_VALUE,WARN,amount,187
2004-03-15,MISSING_VALUE,WARN,amount,187
2004-03-16,MISSING_VALUE,WARN,amount,187
2004-03-17,MISSING_VALUE,WARN,amount,187
2004-03-18,ADJ_FACTOR_CA_MISMATCH,WARN,fq_factor,1
2004-03-18,MISSING_VALUE,WARN,amount,187
2004-03-19,ADJ_FACTOR_CA_MISMATCH,WARN,fq_factor,1
2004-03-19,MISSING_VALUE,WARN,amount,187
2004-03-22,MISSING_VALUE,WARN,amount,186
2004-03-23,ADJ_FACTOR_CA_MISMATCH,WARN,fq_factor,1
2004-03-23,MISSING_VALUE,WARN,amount,186
2004-03-24,ADJ_FACTOR_CA_MISMATCH,WARN,fq_factor,1
2004-03-24,MISSING_VALUE,WARN,amount,186
2004-03-25,ADJ_FACTOR_CA_MISMATCH,WARN,fq_factor,1
2004-03-25,MISSING_VALUE,WARN,amount,186
2004-03-26,MISSING_VALUE,WARN,amount,186
2004-03-29,MISSING_VALUE,WARN,amount,186
2004-03-30,ADJ_FACTOR_CA_MISMATCH,WARN,fq_factor,2
2004-03-30,MISSING_VALUE,WARN,amount,186
2004-03-31,MISSING_VALUE,WARN,amount,186
2004-04-01,ADJ_FACTOR_CA_MISMATCH,WARN,fq_factor,1
2004-04-01,MISSING_VALUE,WARN,amount,186
2004-04-02,MISSING_VALUE,WARN,amount,186
2004-04-05,MISSING_VALUE,WARN,amount,186
2004-04-06,MISSING_VALUE,WARN,amount,186
2004-04-07,MISSING_VALUE,WARN,amount,186
2004-04-08,ADJ_FACTOR_CA_MISMATCH,WARN,fq_factor,1
2004-04-08,MISSING_VALUE,WARN,amount,186
2004-04-09,ADJ_FACTOR_CA_MISMATCH,WARN,fq_factor,2
2004-04-09,MISSING_VALUE,WARN,amount,186
2004-04-12,ADJ_FACTOR_CA_MISMATCH,WARN,fq_factor,4
2004-04-12,MISSING_VALUE,WARN,amount,187
2004-04-13,ADJ_FACTOR_CA_MISMATCH,WARN,fq_factor,1
2004-04-13,MISSING_VALUE,WARN,amount,186
2004-04-14,ADJ_FACTOR_CA_MISMATCH,WARN,fq_factor,1
2004-04-14,MISSING_VALUE,WARN,amount,186
2004-04-15,MISSING_VALUE,WARN,amount,186
2004-04-16,ADJ_FACTOR_CA_MISMATCH,WARN,fq_factor,1
2004-04-16,MISSING_VALUE,WARN,amount,187
2004-04-19,ADJ_FACTOR_CA_MISMATCH,WARN,fq_factor,4
2004-04-19,MISSING_VALUE,WARN,amount,187
2004-04-20,ADJ_FACTOR_CA_MISMATCH,WARN,fq_factor,3
2004-04-20,MISSING_VALUE,WARN,amount,187
2004-04-21,ADJ_FACTOR_CA_MISMATCH,WARN,fq_factor,2
2004-04-21,MISSING_VALUE,WARN,amount,187
2004-04-22,MISSING_VALUE,WARN,amount,187
2004-04-23,ADJ_FACTOR_CA_MISMATCH,WARN,fq_factor,2
2004-04-23,MISSING_VALUE,WARN,amount,187
2004-04-26,ADJ_FACTOR_CA_MISMATCH,WARN,fq_factor,1
2004-04-26,MISSING_VALUE,WARN,amount,187
2004-04-27,ADJ_FACTOR_CA_MISMATCH,WARN,fq_factor,3
2004-04-27,MISSING_VALUE,WARN,amount,187
2004-04-28,MISSING_VALUE,WARN,amount,187
2004-04-29,ADJ_FACTOR_CA_MISMATCH,WARN,fq_factor,4
2004-04-29,MISSING_VALUE,WARN,amount,187
2004-04-30,ADJ_FACTOR_CA_MISMATCH,WARN,fq_factor,3
2004-04-30,MISSING_VALUE,WARN,amount,187
2004-05-10,ADJ_FACTOR_CA_MISMATCH,WARN,fq_factor,1
2004-05-10,MISSING_VALUE,WARN,amount,187
2004-05-11,ADJ_FACTOR_CA_MISMATCH,WARN,fq_factor,1
2004-05-11,MISSING_VALUE,WARN,amount,187
2004-05-12,ADJ_FACTOR_CA_MISMATCH,WARN,fq_factor,3
2004-05-12,MISSING_VALUE,WARN,amount,187
2004-05-13,ADJ_FACTOR_CA_MISMATCH,WARN,fq_factor,3
2004-05-13,MISSING_VALUE,WARN,amount,187
2004-05-14,ADJ_FACTOR_CA_MISMATCH,WARN,fq_factor,2
2004-05-14,MISSING_VALUE,WARN,amount,187
2004-05-17,ADJ_FACTOR_CA_MISMATCH,WARN,fq_factor,4
2004-05-17,MISSING_VALUE,WARN,amount,187
2004-05-18,ADJ_FACTOR_CA_MISMATCH,WARN,fq_factor,3
2004-05-18,MISSING_VALUE,WARN,amount,187
2004-05-19,ADJ_FACTOR_CA_MISMATCH,WARN,fq_factor,7
2004-05-19,MISSING_VALUE,WARN,amount,187
2004-05-20,ADJ_FACTOR_CA_MISMATCH,WARN,fq_factor,8
2004-05-20,MISSING_VALUE,WARN,amount,187
2004-05-21,ADJ_FACTOR_CA_MISMATCH,WARN,fq_factor,5
2004-05-21,MISSING_VALUE,WARN,amount,188
2004-05-24,ADJ_FACTOR_CA_MISMATCH,WARN,fq_factor,14
2004-05-24,MISSING_VALUE,WARN,amount,188
2004-05-25,ADJ_FACTOR_CA_MISMATCH,WARN,fq_factor,11
2004-05-25,MISSING_VALUE,WARN,amount,187
2004-05-26,ADJ_FACTOR_CA_MISMATCH,WARN,fq_factor,3
2004-05-26,MISSING_VALUE,WARN,amount,187
2004-05-27,ADJ_FACTOR_CA_MISMATCH,WARN,fq_factor,7
2004-05-27,MISSING_VALUE,WARN,amount,187
2004-05-28,ADJ_FACTOR_CA_MISMATCH,WARN,fq_factor,5
2004-05-28,MISSING_VALUE,WARN,amount,187
2004-05-31,ADJ_FACTOR_CA_MISMATCH,WARN,fq_factor,6
2004-05-31,MISSING_VALUE,WARN,amount,187
2004-06-01,ADJ_FACTOR_CA_MISMATCH,WARN,fq_factor,5
2004-06-01,MISSING_VALUE,WARN,amount,187
2004-06-02,ADJ_FACTOR_CA_MISMATCH,WARN,fq_factor,5
2004-06-02,MISSING_VALUE,WARN,amount,187
2004-06-03,ADJ_FACTOR_CA_MISMATCH,WARN,fq_factor,3
2004-06-03,MISSING_VALUE,WARN,amount,187
2004-06-04,ADJ_FACTOR_CA_MISMATCH,WARN,fq_factor,10
2004-06-04,MISSING_VALUE,WARN,amount,187
2004-06-07,ADJ_FACTOR_CA_MISMATCH,WARN,fq_factor,2
2004-06-07,MISSING_VALUE,WARN,amount,187
2004-06-08,ADJ_FACTOR_CA_MISMATCH,WARN,fq_factor,3
2004-06-08,MISSING_VALUE,WARN,amount,187
2004-06-09,ADJ_FACTOR_CA_MISMATCH,WARN,fq_factor,7
2004-06-09,MISSING_VALUE,WARN,amount,187
2004-06-10,ADJ_FACTOR_CA_MISMATCH,WARN,fq_factor,7
2004-06-10,MISSING_VALUE,WARN,amount,187
2004-06-11,ADJ_FACTOR_CA_MISMATCH,WARN,fq_factor,15
2004-06-11,MISSING_VALUE,WARN,amount,187
2004-06-14,ADJ_FACTOR_CA_MISMATCH,WARN,fq_factor,10
2004-06-14,MISSING_VALUE,WARN,amount,188
2004-06-15,ADJ_FACTOR_CA_MISMATCH,WARN,fq_factor,4
2004-06-15,MISSING_VALUE,WARN,amount,188
2004-06-16,ADJ_FACTOR_CA_MISMATCH,WARN,fq_factor,7
2004-06-16,MISSING_VALUE,WARN,amount,188
2004-06-17,ADJ_FACTOR_CA_MISMATCH,WARN,fq_factor,6
2004-06-17,MISSING_VALUE,WARN,amount,189
2004-06-18,ADJ_FACTOR_CA_MISMATCH,WARN,fq_factor,7
2004-06-18,MISSING_VALUE,WARN,amount,188
2004-06-21,ADJ_FACTOR_CA_MISMATCH,WARN,fq_factor,15
2004-06-21,MISSING_VALUE,WARN,amount,188
2004-06-22,ADJ_FACTOR_CA_MISMATCH,WARN,fq_factor,7
2004-06-22,MISSING_VALUE,WARN,amount,188
2004-06-23,ADJ_FACTOR_CA_MISMATCH,WARN,fq_factor,4
2004-06-23,MISSING_VALUE,WARN,amount,189
2004-06-24,ADJ_FACTOR_CA_MISMATCH,WARN,fq_factor,8
2004-06-24,MISSING_VALUE,WARN,amount,188
2004-06-25,ADJ_FACTOR_CA_MISMATCH,WARN,fq_factor,5
2004-06-25,MISSING_VALUE,WARN,amount,189
2004-06-28,ADJ_FACTOR_CA_MISMATCH,WARN,fq_factor,1
2004-06-28,MISSING_VALUE,WARN,amount,189
2004-06-29,ADJ_FACTOR_CA_MISMATCH,WARN,fq_factor,1
2004-06-29,MISSING_VALUE,WARN,amount,189
2004-06-30,ADJ_FACTOR_CA_MISMATCH,WARN,fq_factor,7
2004-06-30,MISSING_VALUE,WARN,amount,190
2004-07-01,ADJ_FACTOR_CA_MISMATCH,WARN,fq_factor,6
2004-07-01,MISSING_VALUE,WARN,amount,189
2004-07-02,ADJ_FACTOR_CA_MISMATCH,WARN,fq_factor,4
2004-07-02,MISSING_VALUE,WARN,amount,189
2004-07-05,ADJ_FACTOR_CA_MISMATCH,WARN,fq_factor,6
2004-07-05,MISSING_VALUE,WARN,amount,190
2004-07-06,ADJ_FACTOR_CA_MISMATCH,WARN,fq_factor,8
2004-07-06,MISSING_VALUE,WARN,amount,190
2004-07-07,ADJ_FACTOR_CA_MISMATCH,WARN,fq_factor,5
2004-07-07,MISSING_VALUE,WARN,amount,190
2004-07-08,ADJ_FACTOR_CA_MISMATCH,WARN,fq_factor,9
2004-07-08,MISSING_VALUE,WARN,amount,190
2004-07-09,ADJ_FACTOR_CA_MISMATCH,WARN,fq_factor,12
2004-07-09,MISSING_VALUE,WARN,amount,190
2004-07-12,ADJ_FACTOR_CA_MISMATCH,WARN,fq_factor,5
2004-07-12,MISSING_VALUE,WARN,amount,190
2004-07-13,ADJ_FACTOR_CA_MISMATCH,WARN,fq_factor,5
2004-07-13,MISSING_VALUE,WARN,amount,191
2004-07-14,ADJ_FACTOR_CA_MISMATCH,WARN,fq_factor,7
2004-07-14,MISSING_VALUE,WARN,amount,191
2004-07-15,ADJ_FACTOR_CA_MISMATCH,WARN,fq_factor,6
2004-07-15,MISSING_VALUE,WARN,amount,191
2004-07-16,ADJ_FACTOR_CA_MISMATCH,WARN,fq_factor,6
2004-07-16,MISSING_VALUE,WARN,amount,191
2004-07-19,ADJ_FACTOR_CA_MISMATCH,WARN,fq_factor,7
2004-07-19,MISSING_VALUE,WARN,amount,191
2004-07-20,ADJ_FACTOR_CA_MISMATCH,WARN,fq_factor,5
2004-07-20,MISSING_VALUE,WARN,amount,191
2004-07-21,ADJ_FACTOR_CA_MISMATCH,WARN,fq_factor,3
2004-07-21,MISSING_VALUE,WARN,amount,191
2004-07-22,ADJ_FACTOR_CA_MISMATCH,WARN,fq_factor,6
2004-07-22,MISSING_VALUE,WARN,amount,191
2004-07-23,ADJ_FACTOR_CA_MISMATCH,WARN,fq_factor,4
2004-07-23,MISSING_VALUE,WARN,amount,191
2004-07-26,ADJ_FACTOR_CA_MISMATCH,WARN,fq_factor,4
2004-07-26,MISSING_VALUE,WARN,amount,191
2004-07-27,ADJ_FACTOR_CA_MISMATCH,WARN,fq_factor,2
2004-07-27,MISSING_VALUE,WARN,amount,191
2004-07-28,ADJ_FACTOR_CA_MISMATCH,WARN,fq_factor,1
2004-07-28,MISSING_VALUE,WARN,amount,191
2004-07-29,ADJ_FACTOR_CA_MISMATCH,WARN,fq_factor,7
2004-07-29,MISSING_VALUE,WARN,amount,191
2004-07-30,ADJ_FACTOR_CA_MISMATCH,WARN,fq_factor,2
2004-07-30,MISSING_VALUE,WARN,amount,191
2004-08-02,ADJ_FACTOR_CA_MISMATCH,WARN,fq_factor,1
2004-08-02,MISSING_VALUE,WARN,amount,191
2004-08-03,ADJ_FACTOR_CA_MISMATCH,WARN,fq_factor,3
2004-08-03,MISSING_VALUE,WARN,amount,191
2004-08-04,ADJ_FACTOR_CA_MISMATCH,WARN,fq_factor,1
2004-08-04,MISSING_VALUE,WARN,amount,191
2004-08-05,MISSING_VALUE,WARN,amount,191
2004-08-06,ADJ_FACTOR_CA_MISMATCH,WARN,fq_factor,3
2004-08-06,MISSING_VALUE,WARN,amount,191
2004-08-09,ADJ_FACTOR_CA_MISMATCH,WARN,fq_factor,1
2004-08-09,MISSING_VALUE,WARN,amount,191
2004-08-10,ADJ_FACTOR_CA_MISMATCH,WARN,fq_factor,2
2004-08-10,MISSING_VALUE,WARN,amount,191
2004-08-11,ADJ_FACTOR_CA_MISMATCH,WARN,fq_factor,1
2004-08-11,MISSING_VALUE,WARN,amount,191
2004-08-12,ADJ_FACTOR_CA_MISMATCH,WARN,fq_factor,3
2004-08-12,MISSING_VALUE,WARN,amount,191
2004-08-13,ADJ_FACTOR_CA_MISMATCH,WARN,fq_factor,1
2004-08-13,MISSING_VALUE,WARN,amount,191
2004-08-16,ADJ_FACTOR_CA_MISMATCH,WARN,fq_factor,4
2004-08-16,MISSING_VALUE,WARN,amount,191
2004-08-17,ADJ_FACTOR_CA_MISMATCH,WARN,fq_factor,1
2004-08-17,MISSING_VALUE,WARN,amount,191
2004-08-18,ADJ_FACTOR_CA_MISMATCH,WARN,fq_factor,1
2004-08-18,MISSING_VALUE,WARN,amount,191
2004-08-19,ADJ_FACTOR_CA_MISMATCH,WARN,fq_factor,1
2004-08-19,ADJ_NEGATIVE,ERROR,adj_factor,1
2004-08-19,MISSING_VALUE,WARN,amount,191
2004-08-20,ADJ_FACTOR_CA_MISMATCH,WARN,fq_factor,4
2004-08-20,ADJ_NEGATIVE,ERROR,adj_factor,1
2004-08-20,MISSING_VALUE,WARN,amount,191
2004-08-23,ADJ_FACTOR_CA_MISMATCH,WARN,fq_factor,2
2004-08-23,ADJ_NEGATIVE,ERROR,adj_factor,1
2004-08-23,MISSING_VALUE,WARN,amount,191
2004-08-24,ADJ_FACTOR_CA_MISMATCH,WARN,fq_factor,1
2004-08-24,MISSING_VALUE,WARN,amount,192
2004-08-25,MISSING_VALUE,WARN,amount,192
2004-08-26,ADJ_FACTOR_CA_MISMATCH,WARN,fq_factor,2
2004-08-26,MISSING_VALUE,WARN,amount,192
2004-08-27,MISSING_VALUE,WARN,amount,192
2004-08-30,MISSING_VALUE,WARN,amount,192
2004-08-31,MISSING_VALUE,WARN,amount,192
2004-09-01,MISSING_VALUE,WARN,amount,192
2004-09-02,ADJ_FACTOR_CA_MISMATCH,WARN,fq_factor,1
2004-09-02,MISSING_VALUE,WARN,amount,192
2004-09-03,MISSING_VALUE,WARN,amount,192
2004-09-06,MISSING_VALUE,WARN,amount,192
2004-09-07,MISSING_VALUE,WARN,amount,192
2004-09-08,MISSING_VALUE,WARN,amount,192
2004-09-09,MISSING_VALUE,WARN,amount,192
2004-09-10,MISSING_VALUE,WARN,amount,192
2004-09-13,ADJ_NEGATIVE,ERROR,adj_factor,2
2004-09-13,MISSING_VALUE,WARN,amount,191
2004-09-14,MISSING_VALUE,WARN,amount,191
2004-09-15,MISSING_VALUE,WARN,amount,189
2004-09-16,MISSING_VALUE,WARN,amount,189
2004-09-17,MISSING_VALUE,WARN,amount,189
2004-09-20,MISSING_VALUE,WARN,amount,189
2004-09-21,ADJ_FACTOR_CA_MISMATCH,WARN,fq_factor,1
2004-09-21,MISSING_VALUE,WARN,amount,188
2004-09-22,MISSING_VALUE,WARN,amount,188
2004-09-23,MISSING_VALUE,WARN,amount,188
2004-09-24,MISSING_VALUE,WARN,amount,186
2004-09-27,MISSING_VALUE,WARN,amount,185
2004-09-28,MISSING_VALUE,WARN,amount,185
2004-09-29,MISSING_VALUE,WARN,amount,185
2004-09-30,MISSING_VALUE,WARN,amount,185
2004-10-08,MISSING_VALUE,WARN,amount,185
2004-10-11,MISSING_VALUE,WARN,amount,185
2004-10-12,MISSING_VALUE,WARN,amount,185
2004-10-13,MISSING_VALUE,WARN,amount,185
2004-10-14,MISSING_VALUE,WARN,amount,185
2004-10-15,ADJ_NEGATIVE,ERROR,adj_factor,2
2004-10-15,MISSING_VALUE,WARN,amount,185
2004-10-18,ADJ_NEGATIVE,ERROR,adj_factor,2
2004-10-18,MISSING_VALUE,WARN,amount,185
2004-10-19,ADJ_NEGATIVE,ERROR,adj_factor,1
2004-10-19,MISSING_VALUE,WARN,amount,185
2004-10-20,ADJ_NEGATIVE,ERROR,adj_factor,3
2004-10-20,MISSING_VALUE,WARN,amount,185
2004-10-21,ADJ_FACTOR_CA_MISMATCH,WARN,fq_factor,2
2004-10-21,ADJ_NEGATIVE,ERROR,adj_factor,5
2004-10-21,MISSING_VALUE,WARN,amount,185
2004-10-22,ADJ_FACTOR_CA_MISMATCH,WARN,fq_factor,1
2004-10-22,ADJ_NEGATIVE,ERROR,adj_factor,5
2004-10-22,MISSING_VALUE,WARN,amount,185
2004-10-25,ADJ_FACTOR_CA_MISMATCH,WARN,fq_factor,1
2004-10-25,ADJ_NEGATIVE,ERROR,adj_factor,6
2004-10-25,MISSING_VALUE,WARN,amount,185
2004-10-26,ADJ_NEGATIVE,ERROR,adj_factor,6
2004-10-26,MISSING_VALUE,WARN,amount,185
2004-10-27,ADJ_NEGATIVE,ERROR,adj_factor,5
2004-10-27,MISSING_VALUE,WARN,amount,185
2004-10-28,ADJ_NEGATIVE,ERROR,adj_factor,5
2004-10-28,MISSING_VALUE,WARN,amount,185
2004-10-29,ADJ_NEGATIVE,ERROR,adj_factor,5
2004-10-29,MISSING_VALUE,WARN,amount,185
2004-11-01,ADJ_NEGATIVE,ERROR,adj_factor,5
2004-11-01,MISSING_VALUE,WARN,amount,185
2004-11-02,ADJ_FACTOR_CA_MISMATCH,WARN,fq_factor,1
2004-11-02,ADJ_NEGATIVE,ERROR,adj_factor,5
2004-11-02,MISSING_VALUE,WARN,amount,185
2004-11-03,ADJ_FACTOR_CA_MISMATCH,WARN,fq_factor,1
2004-11-03,ADJ_NEGATIVE,ERROR,adj_factor,5
2004-11-03,MISSING_VALUE,WARN,amount,185
2004-11-04,ADJ_NEGATIVE,ERROR,adj_factor,5
2004-11-04,MISSING_VALUE,WARN,amount,186
2004-11-05,ADJ_NEGATIVE,ERROR,adj_factor,5
2004-11-05,MISSING_VALUE,WARN,amount,185
2004-11-08,ADJ_NEGATIVE,ERROR,adj_factor,5
2004-11-08,MISSING_VALUE,WARN,amount,185
2004-11-09,ADJ_NEGATIVE,ERROR,adj_factor,5
2004-11-09,MISSING_VALUE,WARN,amount,185
2004-11-10,ADJ_NEGATIVE,ERROR,adj_factor,3
2004-11-10,MISSING_VALUE,WARN,amount,185
2004-11-11,ADJ_FACTOR_CA_MISMATCH,WARN,fq_factor,1
2004-11-11,ADJ_NEGATIVE,ERROR,adj_factor,3
2004-11-11,MISSING_VALUE,WARN,amount,185
2004-11-12,ADJ_NEGATIVE,ERROR,adj_factor,3
2004-11-12,MISSING_VALUE,WARN,amount,185
2004-11-15,ADJ_NEGATIVE,ERROR,adj_factor,3
2004-11-15,MISSING_VALUE,WARN,amount,185
2004-11-16,ADJ_NEGATIVE,ERROR,adj_factor,3
2004-11-16,MISSING_VALUE,WARN,amount,185
2004-11-17,ADJ_NEGATIVE,ERROR,adj_factor,4
2004-11-17,MISSING_VALUE,WARN,amount,185
2004-11-18,ADJ_FACTOR_CA_MISMATCH,WARN,fq_factor,1
2004-11-18,ADJ_NEGATIVE,ERROR,adj_factor,3
2004-11-18,MISSING_VALUE,WARN,amount,184
2004-11-19,ADJ_FACTOR_CA_MISMATCH,WARN,fq_factor,1
2004-11-19,ADJ_NEGATIVE,ERROR,adj_factor,3
2004-11-19,MISSING_VALUE,WARN,amount,184
2004-11-22,ADJ_NEGATIVE,ERROR,adj_factor,2
2004-11-22,MISSING_VALUE,WARN,amount,184
2004-11-23,ADJ_NEGATIVE,ERROR,adj_factor,1
2004-11-23,MISSING_VALUE,WARN,amount,184
2004-11-24,ADJ_NEGATIVE,ERROR,adj_factor,3
2004-11-24,MISSING_VALUE,WARN,amount,184
2004-11-25,ADJ_NEGATIVE,ERROR,adj_factor,2
2004-11-25,MISSING_VALUE,WARN,amount,184
2004-11-26,ADJ_NEGATIVE,ERROR,adj_factor,2
2004-11-26,MISSING_VALUE,WARN,amount,184
2004-11-29,ADJ_NEGATIVE,ERROR,adj_factor,4
2004-11-29,MISSING_VALUE,WARN,amount,184
2004-11-30,ADJ_NEGATIVE,ERROR,adj_factor,3
2004-11-30,MISSING_VALUE,WARN,amount,184
2004-12-01,ADJ_NEGATIVE,ERROR,adj_factor,4
2004-12-01,MISSING_VALUE,WARN,amount,184
2004-12-02,ADJ_NEGATIVE,ERROR,adj_factor,2
2004-12-02,MISSING_VALUE,WARN,amount,184
2004-12-03,ADJ_NEGATIVE,ERROR,adj_factor,2
2004-12-03,MISSING_VALUE,WARN,amount,184
2004-12-03,VWAP_OUT_OF_RANGE,ERROR,amount,1
2004-12-06,ADJ_NEGATIVE,ERROR,adj_factor,2
2004-12-06,MISSING_VALUE,WARN,amount,184
2004-12-07,ADJ_NEGATIVE,ERROR,adj_factor,2
2004-12-07,MISSING_VALUE,WARN,amount,184
2004-12-08,ADJ_NEGATIVE,ERROR,adj_factor,1
2004-12-08,MISSING_VALUE,WARN,amount,184
2004-12-09,ADJ_FACTOR_CA_MISMATCH,WARN,fq_factor,1
2004-12-09,ADJ_NEGATIVE,ERROR,adj_factor,1
2004-12-09,MISSING_VALUE,WARN,amount,184
2004-12-10,ADJ_NEGATIVE,ERROR,adj_factor,2
2004-12-10,MISSING_VALUE,WARN,amount,184
2004-12-13,ADJ_NEGATIVE,ERROR,adj_factor,3
2004-12-13,MISSING_VALUE,WARN,amount,185
2004-12-14,ADJ_NEGATIVE,ERROR,adj_factor,3
2004-12-14,MISSING_VALUE,WARN,amount,185
2004-12-15,ADJ_NEGATIVE,ERROR,adj_factor,3
2004-12-15,MISSING_VALUE,WARN,amount,184
2004-12-16,ADJ_NEGATIVE,ERROR,adj_factor,4
2004-12-16,MISSING_VALUE,WARN,amount,184
2004-12-17,ADJ_NEGATIVE,ERROR,adj_factor,4
2004-12-17,MISSING_VALUE,WARN,amount,184
2004-12-20,ADJ_NEGATIVE,ERROR,adj_factor,4
2004-12-20,MISSING_VALUE,WARN,amount,185
2004-12-21,ADJ_NEGATIVE,ERROR,adj_factor,4
2004-12-21,MISSING_VALUE,WARN,amount,184
2004-12-22,ADJ_NEGATIVE,ERROR,adj_factor,4
2004-12-22,MISSING_VALUE,WARN,amount,184
2004-12-23,ADJ_NEGATIVE,ERROR,adj_factor,3
2004-12-23,MISSING_VALUE,WARN,amount,184
2004-12-24,ADJ_NEGATIVE,ERROR,adj_factor,4
2004-12-24,MISSING_VALUE,WARN,amount,184
2004-12-27,ADJ_NEGATIVE,ERROR,adj_factor,4
2004-12-27,MISSING_VALUE,WARN,amount,184
2004-12-28,ADJ_NEGATIVE,ERROR,adj_factor,4
2004-12-28,MISSING_VALUE,WARN,amount,184
2004-12-29,ADJ_NEGATIVE,ERROR,adj_factor,4
2004-12-29,MISSING_VALUE,WARN,amount,184
2004-12-30,ADJ_NEGATIVE,ERROR,adj_factor,4
2004-12-30,MISSING_VALUE,WARN,amount,184
2004-12-31,ADJ_NEGATIVE,ERROR,adj_factor,5
2004-12-31,MISSING_VALUE,WARN,amount,184
2005-01-04,ADJ_NEGATIVE,ERROR,adj_factor,6
2005-01-04,MISSING_VALUE,WARN,amount,184
2005-01-05,ADJ_NEGATIVE,ERROR,adj_factor,5
2005-01-05,MISSING_VALUE,WARN,amount,184
2005-01-06,ADJ_NEGATIVE,ERROR,adj_factor,6
2005-01-06,MISSING_VALUE,WARN,amount,184
2005-01-07,ADJ_NEGATIVE,ERROR,adj_factor,5
2005-01-07,MISSING_VALUE,WARN,amount,184
2005-01-10,ADJ_NEGATIVE,ERROR,adj_factor,5
2005-01-10,MISSING_VALUE,WARN,amount,184
2005-01-11,ADJ_NEGATIVE,ERROR,adj_factor,5
2005-01-11,MISSING_VALUE,WARN,amount,184
2005-01-12,ADJ_NEGATIVE,ERROR,adj_factor,5
2005-01-12,MISSING_VALUE,WARN,amount,184
2005-01-13,ADJ_NEGATIVE,ERROR,adj_factor,5
2005-01-13,MISSING_VALUE,WARN,amount,184
2005-01-14,ADJ_NEGATIVE,ERROR,adj_factor,5
2005-01-14,MISSING_VALUE,WARN,amount,184
2005-01-17,ADJ_NEGATIVE,ERROR,adj_factor,6
2005-01-17,MISSING_VALUE,WARN,amount,184
2005-01-18,ADJ_NEGATIVE,ERROR,adj_factor,5
2005-01-18,MISSING_VALUE,WARN,amount,184
2005-01-19,ADJ_NEGATIVE,ERROR,adj_factor,5
2005-01-19,MISSING_VALUE,WARN,amount,184
2005-01-20,ADJ_NEGATIVE,ERROR,adj_factor,6
2005-01-20,MISSING_VALUE,WARN,amount,184
2005-01-21,ADJ_NEGATIVE,ERROR,adj_factor,5
2005-01-21,MISSING_VALUE,WARN,amount,184
2005-01-24,ADJ_NEGATIVE,ERROR,adj_factor,5
2005-01-24,MISSING_VALUE,WARN,amount,184
2005-01-25,ADJ_NEGATIVE,ERROR,adj_factor,5
2005-01-25,MISSING_VALUE,WARN,amount,184
2005-01-26,ADJ_NEGATIVE,ERROR,adj_factor,5
2005-01-26,MISSING_VALUE,WARN,amount,184
2005-01-27,ADJ_NEGATIVE,ERROR,adj_factor,5
2005-01-27,MISSING_VALUE,WARN,amount,184
2005-01-28,ADJ_NEGATIVE,ERROR,adj_factor,5
2005-01-28,MISSING_VALUE,WARN,amount,184
2005-01-31,ADJ_NEGATIVE,ERROR,adj_factor,7
2005-01-31,MISSING_VALUE,WARN,amount,185
2005-02-01,ADJ_NEGATIVE,ERROR,adj_factor,11
2005-02-01,MISSING_VALUE,WARN,amount,184
2005-02-02,ADJ_NEGATIVE,ERROR,adj_factor,6
2005-02-02,MISSING_VALUE,WARN,amount,184
2005-02-03,ADJ_NEGATIVE,ERROR,adj_factor,8
2005-02-03,MISSING_VALUE,WARN,amount,184
2005-02-04,ADJ_NEGATIVE,ERROR,adj_factor,7
2005-02-04,MISSING_VALUE,WARN,amount,184
2005-02-16,ADJ_NEGATIVE,ERROR,adj_factor,6
2005-02-16,MISSING_VALUE,WARN,amount,184
2005-02-17,ADJ_NEGATIVE,ERROR,adj_factor,6
2005-02-17,MISSING_VALUE,WARN,amount,184
2005-02-18,ADJ_NEGATIVE,ERROR,adj_factor,6
2005-02-18,MISSING_VALUE,WARN,amount,184
2005-02-21,ADJ_NEGATIVE,ERROR,adj_factor,6
2005-02-21,MISSING_VALUE,WARN,amount,184
2005-02-22,ADJ_NEGATIVE,ERROR,adj_factor,6
2005-02-22,MISSING_VALUE,WARN,amount,184
2005-02-23,ADJ_NEGATIVE,ERROR,adj_factor,6
2005-02-23,MISSING_VALUE,WARN,amount,184
2005-02-24,ADJ_NEGATIVE,ERROR,adj_factor,6
2005-02-24,MISSING_VALUE,WARN,amount,184
2005-02-25,ADJ_NEGATIVE,ERROR,adj_factor,6
2005-02-25,MISSING_VALUE,WARN,amount,184
2005-02-28,ADJ_NEGATIVE,ERROR,adj_factor,5
2005-02-28,MISSING_VALUE,WARN,amount,184
2005-03-01,ADJ_NEGATIVE,ERROR,adj_factor,6
2005-03-01,MISSING_VALUE,WARN,amount,184
2005-03-02,ADJ_NEGATIVE,ERROR,adj_factor,6
2005-03-02,MISSING_VALUE,WARN,amount,184
2005-03-03,ADJ_NEGATIVE,ERROR,adj_factor,6
2005-03-03,MISSING_VALUE,WARN,amount,184
2005-03-04,ADJ_NEGATIVE,ERROR,adj_factor,6
2005-03-04,MISSING_VALUE,WARN,amount,184
2005-03-07,ADJ_NEGATIVE,ERROR,adj_factor,6
2005-03-07,MISSING_VALUE,WARN,amount,184
2005-03-08,ADJ_NEGATIVE,ERROR,adj_factor,6
2005-03-08,MISSING_VALUE,WARN,amount,184
2005-03-09,ADJ_NEGATIVE,ERROR,adj_factor,6
2005-03-09,MISSING_VALUE,WARN,amount,184
2005-03-10,ADJ_NEGATIVE,ERROR,adj_factor,6
2005-03-10,MISSING_VALUE,WARN,amount,184
2005-03-11,ADJ_NEGATIVE,ERROR,adj_factor,6
2005-03-11,MISSING_VALUE,WARN,amount,184
2005-03-14,ADJ_NEGATIVE,ERROR,adj_factor,6
2005-03-14,MISSING_VALUE,WARN,amount,184
2005-03-15,ADJ_NEGATIVE,ERROR,adj_factor,7
2005-03-15,MISSING_VALUE,WARN,amount,184
2005-03-16,ADJ_NEGATIVE,ERROR,adj_factor,7
2005-03-16,MISSING_VALUE,WARN,amount,184
2005-03-17,ADJ_NEGATIVE,ERROR,adj_factor,9
2005-03-17,MISSING_VALUE,WARN,amount,184
2005-03-18,ADJ_NEGATIVE,ERROR,adj_factor,11
2005-03-18,MISSING_VALUE,WARN,amount,184
2005-03-21,ADJ_FACTOR_CA_MISMATCH,WARN,fq_factor,1
2005-03-21,ADJ_NEGATIVE,ERROR,adj_factor,8
2005-03-21,MISSING_VALUE,WARN,amount,184
2005-03-22,ADJ_NEGATIVE,ERROR,adj_factor,11
2005-03-22,MISSING_VALUE,WARN,amount,185
2005-03-23,ADJ_NEGATIVE,ERROR,adj_factor,12
2005-03-23,MISSING_VALUE,WARN,amount,184
2005-03-24,ADJ_FACTOR_CA_MISMATCH,WARN,fq_factor,1
2005-03-24,ADJ_NEGATIVE,ERROR,adj_factor,12
2005-03-24,MISSING_VALUE,WARN,amount,184
2005-03-25,ADJ_FACTOR_CA_MISMATCH,WARN,fq_factor,1
2005-03-25,ADJ_NEGATIVE,ERROR,adj_factor,12
2005-03-25,MISSING_VALUE,WARN,amount,183
2005-03-28,ADJ_NEGATIVE,ERROR,adj_factor,13
2005-03-28,MISSING_VALUE,WARN,amount,183
2005-03-29,ADJ_NEGATIVE,ERROR,adj_factor,13
2005-03-29,MISSING_VALUE,WARN,amount,183
2005-03-30,ADJ_NEGATIVE,ERROR,adj_factor,15
2005-03-30,MISSING_VALUE,WARN,amount,183
2005-03-31,ADJ_FACTOR_CA_MISMATCH,WARN,fq_factor,1
2005-03-31,ADJ_NEGATIVE,ERROR,adj_factor,13
2005-03-31,MISSING_VALUE,WARN,amount,183
2005-04-01,ADJ_NEGATIVE,ERROR,adj_factor,11
2005-04-01,MISSING_VALUE,WARN,amount,183
2005-04-04,ADJ_FACTOR_CA_MISMATCH,WARN,fq_factor,2
2005-04-04,ADJ_NEGATIVE,ERROR,adj_factor,13
2005-04-04,MISSING_VALUE,WARN,amount,183
2005-04-05,ADJ_NEGATIVE,ERROR,adj_factor,14
2005-04-05,MISSING_VALUE,WARN,amount,183
2005-04-06,ADJ_NEGATIVE,ERROR,adj_factor,14
2005-04-06,MISSING_VALUE,WARN,amount,183
2005-04-07,ADJ_FACTOR_CA_MISMATCH,WARN,fq_factor,1
2005-04-07,ADJ_NEGATIVE,ERROR,adj_factor,12
2005-04-07,MISSING_VALUE,WARN,amount,183
2005-04-08,ADJ_FACTOR_CA_MISMATCH,WARN,fq_factor,1
2005-04-08,ADJ_NEGATIVE,ERROR,adj_factor,13
2005-04-08,MISSING_VALUE,WARN,amount,183
2005-04-11,ADJ_NEGATIVE,ERROR,adj_factor,12
2005-04-11,MISSING_VALUE,WARN,amount,183
2005-04-12,ADJ_FACTOR_CA_MISMATCH,WARN,fq_factor,3
2005-04-12,ADJ_NEGATIVE,ERROR,adj_factor,13
2005-04-12,MISSING_VALUE,WARN,amount,183
2005-04-13,ADJ_FACTOR_CA_MISMATCH,WARN,fq_factor,1
2005-04-13,ADJ_NEGATIVE,ERROR,adj_factor,13
2005-04-13,MISSING_VALUE,WARN,amount,183
2005-04-14,ADJ_FACTOR_CA_MISMATCH,WARN,fq_factor,1
2005-04-14,ADJ_NEGATIVE,ERROR,adj_factor,13
2005-04-14,MISSING_VALUE,WARN,amount,183
2005-04-15,ADJ_NEGATIVE,ERROR,adj_factor,17
2005-04-15,MISSING_VALUE,WARN,amount,183
2005-04-18,ADJ_FACTOR_CA_MISMATCH,WARN,fq_factor,2
2005-04-18,ADJ_NEGATIVE,ERROR,adj_factor,17
2005-04-18,MISSING_VALUE,WARN,amount,183
2005-04-19,ADJ_FACTOR_CA_MISMATCH,WARN,fq_factor,4
2005-04-19,ADJ_NEGATIVE,ERROR,adj_factor,15
2005-04-19,MISSING_VALUE,WARN,amount,183
2005-04-20,ADJ_FACTOR_CA_MISMATCH,WARN,fq_factor,4
2005-04-20,ADJ_NEGATIVE,ERROR,adj_factor,18
2005-04-20,MISSING_VALUE,WARN,amount,183
2005-04-21,ADJ_FACTOR_CA_MISMATCH,WARN,fq_factor,4
2005-04-21,ADJ_NEGATIVE,ERROR,adj_factor,20
2005-04-21,MISSING_VALUE,WARN,amount,183
2005-04-22,ADJ_FACTOR_CA_MISMATCH,WARN,fq_factor,4
2005-04-22,ADJ_NEGATIVE,ERROR,adj_factor,19
2005-04-22,MISSING_VALUE,WARN,amount,183
2005-04-25,ADJ_FACTOR_CA_MISMATCH,WARN,fq_factor,2
2005-04-25,ADJ_NEGATIVE,ERROR,adj_factor,25
2005-04-25,MISSING_VALUE,WARN,amount,183
2005-04-26,ADJ_FACTOR_CA_MISMATCH,WARN,fq_factor,5
2005-04-26,ADJ_NEGATIVE,ERROR,adj_factor,20
2005-04-26,MISSING_VALUE,WARN,amount,183
2005-04-27,ADJ_NEGATIVE,ERROR,adj_factor,25
2005-04-27,MISSING_VALUE,WARN,amount,183
2005-04-28,ADJ_FACTOR_CA_MISMATCH,WARN,fq_factor,5
2005-04-28,ADJ_NEGATIVE,ERROR,adj_factor,23
2005-04-28,MISSING_VALUE,WARN,amount,183
2005-04-29,ADJ_FACTOR_CA_MISMATCH,WARN,fq_factor,3
2005-04-29,ADJ_NEGATIVE,ERROR,adj_factor,25
2005-04-29,MISSING_VALUE,WARN,amount,183
2005-05-09,ADJ_FACTOR_CA_MISMATCH,WARN,fq_factor,1
2005-05-09,ADJ_NEGATIVE,ERROR,adj_factor,28
2005-05-09,MISSING_VALUE,WARN,amount,184
2005-05-10,ADJ_FACTOR_CA_MISMATCH,WARN,fq_factor,1
2005-05-10,ADJ_NEGATIVE,ERROR,adj_factor,30
2005-05-10,MISSING_VALUE,WARN,amount,184
2005-05-11,ADJ_FACTOR_CA_MISMATCH,WARN,fq_factor,1
2005-05-11,ADJ_NEGATIVE,ERROR,adj_factor,33
2005-05-11,MISSING_VALUE,WARN,amount,184
2005-05-12,ADJ_FACTOR_CA_MISMATCH,WARN,fq_factor,5
2005-05-12,ADJ_NEGATIVE,ERROR,adj_factor,31
2005-05-12,MISSING_VALUE,WARN,amount,184
2005-05-13,ADJ_FACTOR_CA_MISMATCH,WARN,fq_factor,3
2005-05-13,ADJ_NEGATIVE,ERROR,adj_factor,29
2005-05-13,MISSING_VALUE,WARN,amount,184
2005-05-16,ADJ_FACTOR_CA_MISMATCH,WARN,fq_factor,2
2005-05-16,ADJ_NEGATIVE,ERROR,adj_factor,27
2005-05-16,MISSING_VALUE,WARN,amount,184
2005-05-17,ADJ_FACTOR_CA_MISMATCH,WARN,fq_factor,5
2005-05-17,ADJ_NEGATIVE,ERROR,adj_factor,25
2005-05-17,MISSING_VALUE,WARN,amount,184
2005-05-18,ADJ_FACTOR_CA_MISMATCH,WARN,fq_factor,5
2005-05-18,ADJ_NEGATIVE,ERROR,adj_factor,24
2005-05-18,MISSING_VALUE,WARN,amount,184
2005-05-19,ADJ_FACTOR_CA_MISMATCH,WARN,fq_factor,11
2005-05-19,ADJ_NEGATIVE,ERROR,adj_factor,25
2005-05-19,MISSING_VALUE,WARN,amount,184
2005-05-20,ADJ_FACTOR_CA_MISMATCH,WARN,fq_factor,4
2005-05-20,ADJ_NEGATIVE,ERROR,adj_factor,25
2005-05-20,MISSING_VALUE,WARN,amount,185
2005-05-23,ADJ_FACTOR_CA_MISMATCH,WARN,fq_factor,12
2005-05-23,ADJ_NEGATIVE,ERROR,adj_factor,26
2005-05-23,MISSING_VALUE,WARN,amount,184
2005-05-24,ADJ_FACTOR_CA_MISMATCH,WARN,fq_factor,12
2005-05-24,ADJ_NEGATIVE,ERROR,adj_factor,27
2005-05-24,MISSING_VALUE,WARN,amount,184
2005-05-25,ADJ_FACTOR_CA_MISMATCH,WARN,fq_factor,7
2005-05-25,ADJ_NEGATIVE,ERROR,adj_factor,27
2005-05-25,MISSING_VALUE,WARN,amount,184
2005-05-26,ADJ_FACTOR_CA_MISMATCH,WARN,fq_factor,7
2005-05-26,ADJ_NEGATIVE,ERROR,adj_factor,25
2005-05-26,MISSING_VALUE,WARN,amount,184
2005-05-27,ADJ_FACTOR_CA_MISMATCH,WARN,fq_factor,9
2005-05-27,ADJ_NEGATIVE,ERROR,adj_factor,28
2005-05-27,MISSING_VALUE,WARN,amount,184
2005-05-30,ADJ_FACTOR_CA_MISMATCH,WARN,fq_factor,6
2005-05-30,ADJ_NEGATIVE,ERROR,adj_factor,26
2005-05-30,MISSING_VALUE,WARN,amount,185
2005-05-31,ADJ_FACTOR_CA_MISMATCH,WARN,fq_factor,10
2005-05-31,ADJ_NEGATIVE,ERROR,adj_factor,24
2005-05-31,MISSING_VALUE,WARN,amount,184
2005-06-01,ADJ_FACTOR_CA_MISMATCH,WARN,fq_factor,7
2005-06-01,ADJ_NEGATIVE,ERROR,adj_factor,26
2005-06-01,MISSING_VALUE,WARN,amount,184
2005-06-02,ADJ_FACTOR_CA_MISMATCH,WARN,fq_factor,4
2005-06-02,ADJ_NEGATIVE,ERROR,adj_factor,26
2005-06-02,MISSING_VALUE,WARN,amount,184
2005-06-03,ADJ_FACTOR_CA_MISMATCH,WARN,fq_factor,9
2005-06-03,ADJ_NEGATIVE,ERROR,adj_factor,25
2005-06-03,MISSING_VALUE,WARN,amount,184
2005-06-06,ADJ_FACTOR_CA_MISMATCH,WARN,fq_factor,6
2005-06-06,ADJ_NEGATIVE,ERROR,adj_factor,26
2005-06-06,MISSING_VALUE,WARN,amount,184
2005-06-07,ADJ_FACTOR_CA_MISMATCH,WARN,fq_factor,4
2005-06-07,ADJ_NEGATIVE,ERROR,adj_factor,26
2005-06-07,MISSING_VALUE,WARN,amount,184
2005-06-08,ADJ_FACTOR_CA_MISMATCH,WARN,fq_factor,1
2005-06-08,ADJ_NEGATIVE,ERROR,adj_factor,20
2005-06-08,MISSING_VALUE,WARN,amount,185
2005-06-09,ADJ_FACTOR_CA_MISMATCH,WARN,fq_factor,12
2005-06-09,ADJ_NEGATIVE,ERROR,adj_factor,20
2005-06-09,MISSING_VALUE,WARN,amount,184
2005-06-10,ADJ_FACTOR_CA_MISMATCH,WARN,fq_factor,9
2005-06-10,ADJ_NEGATIVE,ERROR,adj_factor,20
2005-06-10,MISSING_VALUE,WARN,amount,184
2005-06-13,ADJ_FACTOR_CA_MISMATCH,WARN,fq_factor,7
2005-06-13,ADJ_NEGATIVE,ERROR,adj_factor,18
2005-06-13,MISSING_VALUE,WARN,amount,184
2005-06-14,ADJ_FACTOR_CA_MISMATCH,WARN,fq_factor,3
2005-06-14,ADJ_NEGATIVE,ERROR,adj_factor,20
2005-06-14,MISSING_VALUE,WARN,amount,184
2005-06-15,ADJ_FACTOR_CA_MISMATCH,WARN,fq_factor,3
2005-06-15,ADJ_NEGATIVE,ERROR,adj_factor,25
2005-06-15,MISSING_VALUE,WARN,amount,184
2005-06-16,ADJ_FACTOR_CA_MISMATCH,WARN,fq_factor,15
2005-06-16,ADJ_NEGATIVE,ERROR,adj_factor,22
2005-06-16,MISSING_VALUE,WARN,amount,186
2005-06-17,ADJ_FACTOR_CA_MISMATCH,WARN,fq_factor,16
2005-06-17,ADJ_NEGATIVE,ERROR,adj_factor,26
2005-06-17,MISSING_VALUE,WARN,amount,184
2005-06-20,ADJ_FACTOR_CA_MISMATCH,WARN,fq_factor,4
2005-06-20,ADJ_NEGATIVE,ERROR,adj_factor,23
2005-06-20,MISSING_VALUE,WARN,amount,184
2005-06-21,ADJ_FACTOR_CA_MISMATCH,WARN,fq_factor,10
2005-06-21,ADJ_NEGATIVE,ERROR,adj_factor,25
2005-06-21,MISSING_VALUE,WARN,amount,184
2005-06-22,ADJ_FACTOR_CA_MISMATCH,WARN,fq_factor,15
2005-06-22,ADJ_NEGATIVE,ERROR,adj_factor,23
2005-06-22,MISSING_VALUE,WARN,amount,184
2005-06-23,ADJ_FACTOR_CA_MISMATCH,WARN,fq_factor,21
2005-06-23,ADJ_NEGATIVE,ERROR,adj_factor,26
2005-06-23,MISSING_VALUE,WARN,amount,184
2005-06-24,ADJ_FACTOR_CA_MISMATCH,WARN,fq_factor,16
2005-06-24,ADJ_NEGATIVE,ERROR,adj_factor,25
2005-06-24,MISSING_VALUE,WARN,amount,184
2005-06-27,ADJ_FACTOR_CA_MISMATCH,WARN,fq_factor,9
2005-06-27,ADJ_NEGATIVE,ERROR,adj_factor,22
2005-06-27,MISSING_VALUE,WARN,amount,185
2005-06-28,ADJ_FACTOR_CA_MISMATCH,WARN,fq_factor,11
2005-06-28,ADJ_NEGATIVE,ERROR,adj_factor,20
2005-06-28,MISSING_VALUE,WARN,amount,185
2005-06-29,ADJ_FACTOR_CA_MISMATCH,WARN,fq_factor,8
2005-06-29,ADJ_NEGATIVE,ERROR,adj_factor,24
2005-06-29,MISSING_VALUE,WARN,amount,184
2005-06-30,ADJ_FACTOR_CA_MISMATCH,WARN,fq_factor,8
2005-06-30,ADJ_NEGATIVE,ERROR,adj_factor,26
2005-06-30,MISSING_VALUE,WARN,amount,185
2005-07-01,ADJ_FACTOR_CA_MISMATCH,WARN,fq_factor,1
2005-07-01,ADJ_NEGATIVE,ERROR,adj_factor,36
2005-07-01,MISSING_VALUE,WARN,amount,184
2005-07-04,ADJ_FACTOR_CA_MISMATCH,WARN,fq_factor,6
2005-07-04,ADJ_NEGATIVE,ERROR,adj_factor,35
2005-07-04,MISSING_VALUE,WARN,amount,183
2005-07-05,ADJ_FACTOR_CA_MISMATCH,WARN,fq_factor,8
2005-07-05,ADJ_NEGATIVE,ERROR,adj_factor,37
2005-07-05,MISSING_VALUE,WARN,amount,183
2005-07-06,ADJ_FACTOR_CA_MISMATCH,WARN,fq_factor,9
2005-07-06,ADJ_NEGATIVE,ERROR,adj_factor,36
2005-07-06,MISSING_VALUE,WARN,amount,183
2005-07-07,ADJ_FACTOR_CA_MISMATCH,WARN,fq_factor,6
2005-07-07,ADJ_NEGATIVE,ERROR,adj_factor,37
2005-07-07,MISSING_VALUE,WARN,amount,183
2005-07-08,ADJ_FACTOR_CA_MISMATCH,WARN,fq_factor,11
2005-07-08,ADJ_NEGATIVE,ERROR,adj_factor,42
2005-07-08,MISSING_VALUE,WARN,amount,183
2005-07-11,ADJ_FACTOR_CA_MISMATCH,WARN,fq_factor,8
2005-07-11,ADJ_NEGATIVE,ERROR,adj_factor,42
2005-07-11,MISSING_VALUE,WARN,amount,183
2005-07-12,ADJ_FACTOR_CA_MISMATCH,WARN,fq_factor,9
2005-07-12,ADJ_NEGATIVE,ERROR,adj_factor,37
2005-07-12,MISSING_VALUE,WARN,amount,183
2005-07-13,ADJ_FACTOR_CA_MISMATCH,WARN,fq_factor,7
2005-07-13,ADJ_NEGATIVE,ERROR,adj_factor,39
2005-07-13,MISSING_VALUE,WARN,amount,183
2005-07-14,ADJ_FACTOR_CA_MISMATCH,WARN,fq_factor,6
2005-07-14,ADJ_NEGATIVE,ERROR,adj_factor,38
2005-07-14,MISSING_VALUE,WARN,amount,183
2005-07-15,ADJ_FACTOR_CA_MISMATCH,WARN,fq_factor,16
2005-07-15,ADJ_NEGATIVE,ERROR,adj_factor,43
2005-07-15,MISSING_VALUE,WARN,amount,183
2005-07-18,ADJ_FACTOR_CA_MISMATCH,WARN,fq_factor,12
2005-07-18,ADJ_NEGATIVE,ERROR,adj_factor,44
2005-07-18,MISSING_VALUE,WARN,amount,183
2005-07-19,ADJ_FACTOR_CA_MISMATCH,WARN,fq_factor,8
2005-07-19,ADJ_NEGATIVE,ERROR,adj_factor,44
2005-07-19,MISSING_VALUE,WARN,amount,183
2005-07-20,ADJ_FACTOR_CA_MISMATCH,WARN,fq_factor,5
2005-07-20,ADJ_NEGATIVE,ERROR,adj_factor,44
2005-07-20,MISSING_VALUE,WARN,amount,183
2005-07-21,ADJ_FACTOR_CA_MISMATCH,WARN,fq_factor,6
2005-07-21,ADJ_NEGATIVE,ERROR,adj_factor,44
2005-07-21,MISSING_VALUE,WARN,amount,183
2005-07-22,ADJ_FACTOR_CA_MISMATCH,WARN,fq_factor,8
2005-07-22,ADJ_NEGATIVE,ERROR,adj_factor,42
2005-07-22,MISSING_VALUE,WARN,amount,183
2005-07-25,ADJ_FACTOR_CA_MISMATCH,WARN,fq_factor,3
2005-07-25,ADJ_NEGATIVE,ERROR,adj_factor,42
2005-07-25,MISSING_VALUE,WARN,amount,183
2005-07-26,ADJ_FACTOR_CA_MISMATCH,WARN,fq_factor,1
2005-07-26,ADJ_NEGATIVE,ERROR,adj_factor,41
2005-07-26,MISSING_VALUE,WARN,amount,183
2005-07-27,ADJ_FACTOR_CA_MISMATCH,WARN,fq_factor,4
2005-07-27,ADJ_NEGATIVE,ERROR,adj_factor,38
2005-07-27,MISSING_VALUE,WARN,amount,183
2005-07-28,ADJ_FACTOR_CA_MISMATCH,WARN,fq_factor,4
2005-07-28,ADJ_NEGATIVE,ERROR,adj_factor,36
2005-07-28,MISSING_VALUE,WARN,amount,183
2005-07-29,ADJ_FACTOR_CA_MISMATCH,WARN,fq_factor,8
2005-07-29,ADJ_NEGATIVE,ERROR,adj_factor,36
2005-07-29,MISSING_VALUE,WARN,amount,183
2005-08-01,ADJ_FACTOR_CA_MISMATCH,WARN,fq_factor,3
2005-08-01,ADJ_NEGATIVE,ERROR,adj_factor,37
2005-08-01,MISSING_VALUE,WARN,amount,183
2005-08-02,ADJ_FACTOR_CA_MISMATCH,WARN,fq_factor,2
2005-08-02,ADJ_NEGATIVE,ERROR,adj_factor,32
2005-08-02,MISSING_VALUE,WARN,amount,183
2005-08-03,ADJ_FACTOR_CA_MISMATCH,WARN,fq_factor,3
2005-08-03,ADJ_NEGATIVE,ERROR,adj_factor,32
2005-08-03,MISSING_VALUE,WARN,amount,183
2005-08-04,ADJ_FACTOR_CA_MISMATCH,WARN,fq_factor,3
2005-08-04,ADJ_NEGATIVE,ERROR,adj_factor,31
2005-08-04,MISSING_VALUE,WARN,amount,183
2005-08-05,ADJ_FACTOR_CA_MISMATCH,WARN,fq_factor,1
2005-08-05,ADJ_NEGATIVE,ERROR,adj_factor,31
2005-08-05,MISSING_VALUE,WARN,amount,182
2005-08-08,ADJ_FACTOR_CA_MISMATCH,WARN,fq_factor,2
2005-08-08,ADJ_NEGATIVE,ERROR,adj_factor,30
2005-08-08,MISSING_VALUE,WARN,amount,183
2005-08-09,ADJ_FACTOR_CA_MISMATCH,WARN,fq_factor,3
2005-08-09,ADJ_NEGATIVE,ERROR,adj_factor,26
2005-08-09,MISSING_VALUE,WARN,amount,182
2005-08-10,ADJ_FACTOR_CA_MISMATCH,WARN,fq_factor,3
2005-08-10,ADJ_NEGATIVE,ERROR,adj_factor,22
2005-08-10,MISSING_VALUE,WARN,amount,182
2005-08-11,ADJ_FACTOR_CA_MISMATCH,WARN,fq_factor,4
2005-08-11,ADJ_NEGATIVE,ERROR,adj_factor,23
2005-08-11,MISSING_VALUE,WARN,amount,182
2005-08-12,ADJ_FACTOR_CA_MISMATCH,WARN,fq_factor,1
2005-08-12,ADJ_NEGATIVE,ERROR,adj_factor,28
2005-08-12,MISSING_VALUE,WARN,amount,182
2005-08-15,ADJ_FACTOR_CA_MISMATCH,WARN,fq_factor,4
2005-08-15,ADJ_NEGATIVE,ERROR,adj_factor,23
2005-08-15,MISSING_VALUE,WARN,amount,182
2005-08-16,ADJ_FACTOR_CA_MISMATCH,WARN,fq_factor,1
2005-08-16,ADJ_NEGATIVE,ERROR,adj_factor,21
2005-08-16,MISSING_VALUE,WARN,amount,182
2005-08-17,ADJ_FACTOR_CA_MISMATCH,WARN,fq_factor,4
2005-08-17,ADJ_NEGATIVE,ERROR,adj_factor,18
2005-08-17,MISSING_VALUE,WARN,amount,182
2005-08-18,ADJ_FACTOR_CA_MISMATCH,WARN,fq_factor,2
2005-08-18,ADJ_NEGATIVE,ERROR,adj_factor,23
2005-08-18,MISSING_VALUE,WARN,amount,182
2005-08-19,ADJ_FACTOR_CA_MISMATCH,WARN,fq_factor,7
2005-08-19,ADJ_NEGATIVE,ERROR,adj_factor,22
2005-08-19,MISSING_VALUE,WARN,amount,182
2005-08-22,ADJ_FACTOR_CA_MISMATCH,WARN,fq_factor,4
2005-08-22,ADJ_NEGATIVE,ERROR,adj_factor,20
2005-08-22,MISSING_VALUE,WARN,amount,182
2005-08-23,ADJ_FACTOR_CA_MISMATCH,WARN,fq_factor,1
2005-08-23,ADJ_NEGATIVE,ERROR,adj_factor,22
2005-08-23,MISSING_VALUE,WARN,amount,182
2005-08-24,ADJ_FACTOR_CA_MISMATCH,WARN,fq_factor,3
2005-08-24,ADJ_NEGATIVE,ERROR,adj_factor,22
2005-08-24,MISSING_VALUE,WARN,amount,182
2005-08-25,ADJ_FACTOR_CA_MISMATCH,WARN,fq_factor,1
2005-08-25,ADJ_NEGATIVE,ERROR,adj_factor,19
2005-08-25,MISSING_VALUE,WARN,amount,182
2005-08-26,ADJ_FACTOR_CA_MISMATCH,WARN,fq_factor,2
2005-08-26,ADJ_NEGATIVE,ERROR,adj_factor,16
2005-08-26,MISSING_VALUE,WARN,amount,183
2005-08-29,ADJ_FACTOR_CA_MISMATCH,WARN,fq_factor,1
2005-08-29,ADJ_NEGATIVE,ERROR,adj_factor,18
2005-08-29,MISSING_VALUE,WARN,amount,182
2005-08-30,ADJ_FACTOR_CA_MISMATCH,WARN,fq_factor,1
2005-08-30,ADJ_NEGATIVE,ERROR,adj_factor,19
2005-08-30,MISSING_VALUE,WARN,amount,182
2005-08-31,ADJ_FACTOR_CA_MISMATCH,WARN,fq_factor,1
2005-08-31,ADJ_NEGATIVE,ERROR,adj_factor,17
2005-08-31,MISSING_VALUE,WARN,amount,182
2005-09-01,ADJ_NEGATIVE,ERROR,adj_factor,15
2005-09-01,MISSING_VALUE,WARN,amount,182
2005-09-02,ADJ_NEGATIVE,ERROR,adj_factor,15
2005-09-02,MISSING_VALUE,WARN,amount,182
2005-09-05,ADJ_NEGATIVE,ERROR,adj_factor,13
2005-09-05,MISSING_VALUE,WARN,amount,182
2005-09-06,ADJ_NEGATIVE,ERROR,adj_factor,13
2005-09-06,MISSING_VALUE,WARN,amount,182
2005-09-07,ADJ_NEGATIVE,ERROR,adj_factor,13
2005-09-07,MISSING_VALUE,WARN,amount,182
2005-09-08,ADJ_NEGATIVE,ERROR,adj_factor,13
2005-09-08,MISSING_VALUE,WARN,amount,182
2005-09-09,ADJ_NEGATIVE,ERROR,adj_factor,13
2005-09-09,MISSING_VALUE,WARN,amount,183
2005-09-12,ADJ_NEGATIVE,ERROR,adj_factor,12
2005-09-12,MISSING_VALUE,WARN,amount,182
2005-09-13,ADJ_NEGATIVE,ERROR,adj_factor,12
2005-09-13,MISSING_VALUE,WARN,amount,182
2005-09-14,ADJ_NEGATIVE,ERROR,adj_factor,12
2005-09-14,MISSING_VALUE,WARN,amount,182
2005-09-15,ADJ_NEGATIVE,ERROR,adj_factor,12
2005-09-15,MISSING_VALUE,WARN,amount,182
2005-09-16,ADJ_NEGATIVE,ERROR,adj_factor,12
2005-09-16,MISSING_VALUE,WARN,amount,181
2005-09-19,ADJ_FACTOR_CA_MISMATCH,WARN,fq_factor,1
2005-09-19,ADJ_NEGATIVE,ERROR,adj_factor,12
2005-09-19,MISSING_VALUE,WARN,amount,181
2005-09-20,ADJ_NEGATIVE,ERROR,adj_factor,12
2005-09-20,MISSING_VALUE,WARN,amount,180
2005-09-21,ADJ_FACTOR_CA_MISMATCH,WARN,fq_factor,1
2005-09-21,ADJ_NEGATIVE,ERROR,adj_factor,12
2005-09-21,MISSING_VALUE,WARN,amount,176
2005-09-22,ADJ_NEGATIVE,ERROR,adj_factor,13
2005-09-22,MISSING_VALUE,WARN,amount,175
2005-09-23,ADJ_FACTOR_CA_MISMATCH,WARN,fq_factor,1
2005-09-23,ADJ_NEGATIVE,ERROR,adj_factor,17
2005-09-23,MISSING_VALUE,WARN,amount,175
2005-09-26,ADJ_NEGATIVE,ERROR,adj_factor,17
2005-09-26,MISSING_VALUE,WARN,amount,175
2005-09-27,ADJ_NEGATIVE,ERROR,adj_factor,23
2005-09-27,MISSING_VALUE,WARN,amount,176
2005-09-28,ADJ_NEGATIVE,ERROR,adj_factor,23
2005-09-28,MISSING_VALUE,WARN,amount,175
2005-09-29,ADJ_NEGATIVE,ERROR,adj_factor,18
2005-09-29,MISSING_VALUE,WARN,amount,175
2005-09-30,ADJ_NEGATIVE,ERROR,adj_factor,21
2005-09-30,MISSING_VALUE,WARN,amount,175
2005-10-10,ADJ_FACTOR_CA_MISMATCH,WARN,fq_factor,1
2005-10-10,ADJ_NEGATIVE,ERROR,adj_factor,23
2005-10-10,MISSING_VALUE,WARN,amount,175
2005-10-11,ADJ_NEGATIVE,ERROR,adj_factor,20
2005-10-11,MISSING_VALUE,WARN,amount,175
2005-10-12,ADJ_NEGATIVE,ERROR,adj_factor,20
2005-10-12,MISSING_VALUE,WARN,amount,175
2005-10-13,ADJ_NEGATIVE,ERROR,adj_factor,19
2005-10-13,MISSING_VALUE,WARN,amount,175
2005-10-14,ADJ_NEGATIVE,ERROR,adj_factor,21
2005-10-14,MISSING_VALUE,WARN,amount,175
2005-10-17,ADJ_FACTOR_CA_MISMATCH,WARN,fq_factor,1
2005-10-17,ADJ_NEGATIVE,ERROR,adj_factor,17
2005-10-17,MISSING_VALUE,WARN,amount,176
2005-10-18,ADJ_NEGATIVE,ERROR,adj_factor,16
2005-10-18,MISSING_VALUE,WARN,amount,175
2005-10-19,ADJ_FACTOR_CA_MISMATCH,WARN,fq_factor,1
2005-10-19,ADJ_NEGATIVE,ERROR,adj_factor,16
2005-10-19,MISSING_VALUE,WARN,amount,175
2005-10-20,ADJ_NEGATIVE,ERROR,adj_factor,19
2005-10-20,MISSING_VALUE,WARN,amount,175
2005-10-21,ADJ_NEGATIVE,ERROR,adj_factor,18
2005-10-21,MISSING_VALUE,WARN,amount,175
2005-10-24,ADJ_NEGATIVE,ERROR,adj_factor,18
2005-10-24,MISSING_VALUE,WARN,amount,175
2005-10-25,ADJ_NEGATIVE,ERROR,adj_factor,22
2005-10-25,MISSING_VALUE,WARN,amount,175
2005-10-26,ADJ_NEGATIVE,ERROR,adj_factor,23
2005-10-26,MISSING_VALUE,WARN,amount,175
2005-10-27,ADJ_NEGATIVE,ERROR,adj_factor,23
2005-10-27,MISSING_VALUE,WARN,amount,175
2005-10-28,ADJ_NEGATIVE,ERROR,adj_factor,27
2005-10-28,MISSING_VALUE,WARN,amount,175
2005-10-31,ADJ_NEGATIVE,ERROR,adj_factor,25
2005-10-31,MISSING_VALUE,WARN,amount,176
2005-11-01,ADJ_NEGATIVE,ERROR,adj_factor,28
2005-11-01,MISSING_VALUE,WARN,amount,175
2005-11-02,ADJ_FACTOR_CA_MISMATCH,WARN,fq_factor,1
2005-11-02,ADJ_NEGATIVE,ERROR,adj_factor,25
2005-11-02,MISSING_VALUE,WARN,amount,175
2005-11-03,ADJ_NEGATIVE,ERROR,adj_factor,23
2005-11-03,MISSING_VALUE,WARN,amount,175
2005-11-04,ADJ_FACTOR_CA_MISMATCH,WARN,fq_factor,1
2005-11-04,ADJ_NEGATIVE,ERROR,adj_factor,22
2005-11-04,MISSING_VALUE,WARN,amount,175
2005-11-07,ADJ_NEGATIVE,ERROR,adj_factor,21
2005-11-07,MISSING_VALUE,WARN,amount,176
2005-11-08,ADJ_NEGATIVE,ERROR,adj_factor,20
2005-11-08,MISSING_VALUE,WARN,amount,176
2005-11-09,ADJ_NEGATIVE,ERROR,adj_factor,21
2005-11-09,MISSING_VALUE,WARN,amount,176
2005-11-10,ADJ_NEGATIVE,ERROR,adj_factor,24
2005-11-10,MISSING_VALUE,WARN,amount,176
2005-11-11,ADJ_NEGATIVE,ERROR,adj_factor,25
2005-11-11,MISSING_VALUE,WARN,amount,177
2005-11-14,ADJ_FACTOR_CA_MISMATCH,WARN,fq_factor,1
2005-11-14,ADJ_NEGATIVE,ERROR,adj_factor,23
2005-11-14,MISSING_VALUE,WARN,amount,176
2005-11-15,ADJ_NEGATIVE,ERROR,adj_factor,22
2005-11-15,MISSING_VALUE,WARN,amount,176
2005-11-16,ADJ_NEGATIVE,ERROR,adj_factor,21
2005-11-16,MISSING_VALUE,WARN,amount,176
2005-11-17,ADJ_NEGATIVE,ERROR,adj_factor,20
2005-11-17,MISSING_VALUE,WARN,amount,175
2005-11-18,ADJ_NEGATIVE,ERROR,adj_factor,19
2005-11-18,MISSING_VALUE,WARN,amount,175
2005-11-21,ADJ_NEGATIVE,ERROR,adj_factor,18
2005-11-21,MISSING_VALUE,WARN,amount,175
2005-11-22,ADJ_NEGATIVE,ERROR,adj_factor,18
2005-11-22,MISSING_VALUE,WARN,amount,175
2005-11-23,ADJ_NEGATIVE,ERROR,adj_factor,20
2005-11-23,MISSING_VALUE,WARN,amount,175
2005-11-24,ADJ_NEGATIVE,ERROR,adj_factor,19
2005-11-24,MISSING_VALUE,WARN,amount,175
2005-11-25,ADJ_NEGATIVE,ERROR,adj_factor,19
2005-11-25,MISSING_VALUE,WARN,amount,175
2005-11-28,ADJ_FACTOR_CA_MISMATCH,WARN,fq_factor,1
2005-11-28,ADJ_NEGATIVE,ERROR,adj_factor,21
2005-11-28,MISSING_VALUE,WARN,amount,175
2005-11-29,ADJ_NEGATIVE,ERROR,adj_factor,23
2005-11-29,MISSING_VALUE,WARN,amount,175
2005-11-30,ADJ_NEGATIVE,ERROR,adj_factor,24
2005-11-30,MISSING_VALUE,WARN,amount,175
2005-12-01,ADJ_NEGATIVE,ERROR,adj_factor,25
2005-12-01,MISSING_VALUE,WARN,amount,175
2005-12-02,ADJ_NEGATIVE,ERROR,adj_factor,27
2005-12-02,MISSING_VALUE,WARN,amount,176
2005-12-05,ADJ_NEGATIVE,ERROR,adj_factor,31
2005-12-05,MISSING_VALUE,WARN,amount,176
2005-12-06,ADJ_NEGATIVE,ERROR,adj_factor,29
2005-12-06,MISSING_VALUE,WARN,amount,176
2005-12-07,ADJ_NEGATIVE,ERROR,adj_factor,28
2005-12-07,MISSING_VALUE,WARN,amount,176
2005-12-08,ADJ_NEGATIVE,ERROR,adj_factor,30
2005-12-08,MISSING_VALUE,WARN,amount,176
2005-12-09,ADJ_NEGATIVE,ERROR,adj_factor,27
2005-12-09,MISSING_VALUE,WARN,amount,176
2005-12-12,ADJ_NEGATIVE,ERROR,adj_factor,27
2005-12-12,MISSING_VALUE,WARN,amount,176
2005-12-13,ADJ_NEGATIVE,ERROR,adj_factor,27
2005-12-13,MISSING_VALUE,WARN,amount,176
2005-12-14,ADJ_NEGATIVE,ERROR,adj_factor,27
2005-12-14,MISSING_VALUE,WARN,amount,176
2005-12-15,ADJ_NEGATIVE,ERROR,adj_factor,28
2005-12-15,MISSING_VALUE,WARN,amount,176
2005-12-16,ADJ_NEGATIVE,ERROR,adj_factor,28
2005-12-16,MISSING_VALUE,WARN,amount,176
2005-12-19,ADJ_FACTOR_CA_MISMATCH,WARN,fq_factor,1
2005-12-19,ADJ_NEGATIVE,ERROR,adj_factor,26
2005-12-19,MISSING_VALUE,WARN,amount,176
2005-12-20,ADJ_NEGATIVE,ERROR,adj_factor,26
2005-12-20,MISSING_VALUE,WARN,amount,176
2005-12-21,ADJ_NEGATIVE,ERROR,adj_factor,27
2005-12-21,MISSING_VALUE,WARN,amount,176
2005-12-22,ADJ_NEGATIVE,ERROR,adj_factor,27
2005-12-22,MISSING_VALUE,WARN,amount,176
2005-12-23,ADJ_NEGATIVE,ERROR,adj_factor,24
2005-12-23,MISSING_VALUE,WARN,amount,176
2005-12-26,ADJ_NEGATIVE,ERROR,adj_factor,25
2005-12-26,MISSING_VALUE,WARN,amount,176
2005-12-27,ADJ_NEGATIVE,ERROR,adj_factor,24
2005-12-27,MISSING_VALUE,WARN,amount,176
2005-12-28,ADJ_NEGATIVE,ERROR,adj_factor,24
2005-12-28,MISSING_VALUE,WARN,amount,176
2005-12-29,ADJ_NEGATIVE,ERROR,adj_factor,23
2005-12-29,MISSING_VALUE,WARN,amount,175
2005-12-30,ADJ_NEGATIVE,ERROR,adj_factor,21
2005-12-30,MISSING_VALUE,WARN,amount,175
2006-01-04,ADJ_NEGATIVE,ERROR,adj_factor,21
2006-01-04,MISSING_VALUE,WARN,amount,172
2006-01-05,ADJ_NEGATIVE,ERROR,adj_factor,25
2006-01-05,MISSING_VALUE,WARN,amount,172
2006-01-06,ADJ_NEGATIVE,ERROR,adj_factor,21
2006-01-06,MISSING_VALUE,WARN,amount,172
2006-01-09,ADJ_NEGATIVE,ERROR,adj_factor,22
2006-01-09,MISSING_VALUE,WARN,amount,172
2006-01-10,ADJ_NEGATIVE,ERROR,adj_factor,21
2006-01-10,MISSING_VALUE,WARN,amount,173
2006-01-11,ADJ_NEGATIVE,ERROR,adj_factor,21
2006-01-11,MISSING_VALUE,WARN,amount,173
2006-01-12,ADJ_NEGATIVE,ERROR,adj_factor,19
2006-01-12,MISSING_VALUE,WARN,amount,173
2006-01-13,ADJ_NEGATIVE,ERROR,adj_factor,20
2006-01-13,MISSING_VALUE,WARN,amount,173
2006-01-16,ADJ_NEGATIVE,ERROR,adj_factor,22
2006-01-16,MISSING_VALUE,WARN,amount,173
2006-01-17,ADJ_NEGATIVE,ERROR,adj_factor,22
2006-01-17,MISSING_VALUE,WARN,amount,173
2006-01-18,ADJ_NEGATIVE,ERROR,adj_factor,18
2006-01-18,MISSING_VALUE,WARN,amount,173
2006-01-19,ADJ_NEGATIVE,ERROR,adj_factor,18
2006-01-19,MISSING_VALUE,WARN,amount,173
2006-01-20,ADJ_NEGATIVE,ERROR,adj_factor,19
2006-01-20,MISSING_VALUE,WARN,amount,173
2006-01-23,ADJ_NEGATIVE,ERROR,adj_factor,21
2006-01-23,MISSING_VALUE,WARN,amount,174
2006-01-24,ADJ_NEGATIVE,ERROR,adj_factor,23
2006-01-24,MISSING_VALUE,WARN,amount,173
2006-01-25,ADJ_NEGATIVE,ERROR,adj_factor,23
2006-01-25,MISSING_VALUE,WARN,amount,173
2006-02-06,ADJ_NEGATIVE,ERROR,adj_factor,22
2006-02-06,MISSING_VALUE,WARN,amount,173
2006-02-07,ADJ_NEGATIVE,ERROR,adj_factor,19
2006-02-07,MISSING_VALUE,WARN,amount,172
2006-02-08,ADJ_NEGATIVE,ERROR,adj_factor,19
2006-02-08,MISSING_VALUE,WARN,amount,172
2006-02-09,ADJ_NEGATIVE,ERROR,adj_factor,18
2006-02-09,MISSING_VALUE,WARN,amount,172
2006-02-10,ADJ_NEGATIVE,ERROR,adj_factor,18
2006-02-10,MISSING_VALUE,WARN,amount,172
2006-02-13,ADJ_NEGATIVE,ERROR,adj_factor,18
2006-02-13,MISSING_VALUE,WARN,amount,172
2006-02-14,ADJ_FACTOR_CA_MISMATCH,WARN,fq_factor,1
2006-02-14,ADJ_NEGATIVE,ERROR,adj_factor,18
2006-02-14,MISSING_VALUE,WARN,amount,172
2006-02-15,ADJ_NEGATIVE,ERROR,adj_factor,18
2006-02-15,MISSING_VALUE,WARN,amount,172
2006-02-16,ADJ_NEGATIVE,ERROR,adj_factor,18
2006-02-16,MISSING_VALUE,WARN,amount,172
2006-02-17,ADJ_NEGATIVE,ERROR,adj_factor,19
2006-02-17,MISSING_VALUE,WARN,amount,172
2006-02-20,ADJ_NEGATIVE,ERROR,adj_factor,17
2006-02-20,MISSING_VALUE,WARN,amount,171
2006-02-21,ADJ_NEGATIVE,ERROR,adj_factor,16
2006-02-21,MISSING_VALUE,WARN,amount,171
2006-02-22,ADJ_NEGATIVE,ERROR,adj_factor,16
2006-02-22,MISSING_VALUE,WARN,amount,171
2006-02-23,ADJ_NEGATIVE,ERROR,adj_factor,16
2006-02-23,MISSING_VALUE,WARN,amount,171
2006-02-24,ADJ_NEGATIVE,ERROR,adj_factor,17
2006-02-24,MISSING_VALUE,WARN,amount,171
2006-02-27,ADJ_NEGATIVE,ERROR,adj_factor,17
2006-02-27,MISSING_VALUE,WARN,amount,171
2006-02-28,ADJ_NEGATIVE,ERROR,adj_factor,16
2006-02-28,MISSING_VALUE,WARN,amount,171
2006-03-01,ADJ_NEGATIVE,ERROR,adj_factor,17
2006-03-01,MISSING_VALUE,WARN,amount,171
2006-03-02,ADJ_FACTOR_CA_MISMATCH,WARN,fq_factor,2
2006-03-02,ADJ_NEGATIVE,ERROR,adj_factor,18
2006-03-02,MISSING_VALUE,WARN,amount,171
2006-03-03,ADJ_NEGATIVE,ERROR,adj_factor,17
2006-03-03,MISSING_VALUE,WARN,amount,171
2006-03-06,ADJ_NEGATIVE,ERROR,adj_factor,19
2006-03-06,MISSING_VALUE,WARN,amount,171
2006-03-07,ADJ_NEGATIVE,ERROR,adj_factor,23
2006-03-07,MISSING_VALUE,WARN,amount,171
2006-03-08,ADJ_NEGATIVE,ERROR,adj_factor,23
2006-03-08,MISSING_VALUE,WARN,amount,171
2006-03-09,ADJ_NEGATIVE,ERROR,adj_factor,22
2006-03-09,MISSING_VALUE,WARN,amount,171
2006-03-10,ADJ_NEGATIVE,ERROR,adj_factor,23
2006-03-10,MISSING_VALUE,WARN,amount,171
2006-03-13,ADJ_NEGATIVE,ERROR,adj_factor,23
2006-03-13,MISSING_VALUE,WARN,amount,171
2006-03-14,ADJ_FACTOR_CA_MISMATCH,WARN,fq_factor,1
2006-03-14,ADJ_NEGATIVE,ERROR,adj_factor,23
2006-03-14,MISSING_VALUE,WARN,amount,171
2006-03-15,ADJ_NEGATIVE,ERROR,adj_factor,22
2006-03-15,MISSING_VALUE,WARN,amount,171
2006-03-16,ADJ_NEGATIVE,ERROR,adj_factor,23
2006-03-16,MISSING_VALUE,WARN,amount,171
2006-03-17,ADJ_NEGATIVE,ERROR,adj_factor,25
2006-03-17,MISSING_VALUE,WARN,amount,171
2006-03-20,ADJ_NEGATIVE,ERROR,adj_factor,22
2006-03-20,MISSING_VALUE,WARN,amount,171
2006-03-21,ADJ_FACTOR_CA_MISMATCH,WARN,fq_factor,1
2006-03-21,ADJ_NEGATIVE,ERROR,adj_factor,23
2006-03-21,MISSING_VALUE,WARN,amount,171
2006-03-22,ADJ_NEGATIVE,ERROR,adj_factor,23
2006-03-22,MISSING_VALUE,WARN,amount,171
2006-03-23,ADJ_NEGATIVE,ERROR,adj_factor,22
2006-03-23,MISSING_VALUE,WARN,amount,170
2006-03-24,ADJ_FACTOR_CA_MISMATCH,WARN,fq_factor,1
2006-03-24,ADJ_NEGATIVE,ERROR,adj_factor,22
2006-03-24,MISSING_VALUE,WARN,amount,170
2006-03-27,ADJ_NEGATIVE,ERROR,adj_factor,21
2006-03-27,MISSING_VALUE,WARN,amount,171
2006-03-28,ADJ_NEGATIVE,ERROR,adj_factor,20
2006-03-28,MISSING_VALUE,WARN,amount,171
2006-03-29,ADJ_NEGATIVE,ERROR,adj_factor,19
2006-03-29,MISSING_VALUE,WARN,amount,171
2006-03-30,ADJ_FACTOR_CA_MISMATCH,WARN,fq_factor,1
2006-03-30,ADJ_NEGATIVE,ERROR,adj_factor,21
2006-03-30,MISSING_VALUE,WARN,amount,171
2006-03-31,ADJ_NEGATIVE,ERROR,adj_factor,21
2006-03-31,MISSING_VALUE,WARN,amount,172
2006-04-03,ADJ_NEGATIVE,ERROR,adj_factor,21
2006-04-03,MISSING_VALUE,WARN,amount,171
2006-04-04,ADJ_NEGATIVE,ERROR,adj_factor,21
2006-04-04,MISSING_VALUE,WARN,amount,171
2006-04-05,ADJ_FACTOR_CA_MISMATCH,WARN,fq_factor,3
2006-04-05,ADJ_NEGATIVE,ERROR,adj_factor,19
2006-04-05,MISSING_VALUE,WARN,amount,171
2006-04-06,ADJ_FACTOR_CA_MISMATCH,WARN,fq_factor,1
2006-04-06,ADJ_NEGATIVE,ERROR,adj_factor,19
2006-04-06,MISSING_VALUE,WARN,amount,170
2006-04-07,ADJ_FACTOR_CA_MISMATCH,WARN,fq_factor,2
2006-04-07,ADJ_NEGATIVE,ERROR,adj_factor,20
2006-04-07,MISSING_VALUE,WARN,amount,170
2006-04-10,ADJ_NEGATIVE,ERROR,adj_factor,17
2006-04-10,MISSING_VALUE,WARN,amount,171
2006-04-11,ADJ_FACTOR_CA_MISMATCH,WARN,fq_factor,2
2006-04-11,ADJ_NEGATIVE,ERROR,adj_factor,17
2006-04-11,MISSING_VALUE,WARN,amount,171
2006-04-12,ADJ_FACTOR_CA_MISMATCH,WARN,fq_factor,2
2006-04-12,ADJ_NEGATIVE,ERROR,adj_factor,17
2006-04-12,MISSING_VALUE,WARN,amount,171
2006-04-13,ADJ_FACTOR_CA_MISMATCH,WARN,fq_factor,2
2006-04-13,ADJ_NEGATIVE,ERROR,adj_factor,18
2006-04-13,MISSING_VALUE,WARN,amount,171
2006-04-14,ADJ_NEGATIVE,ERROR,adj_factor,19
2006-04-14,MISSING_VALUE,WARN,amount,172
2006-04-17,ADJ_NEGATIVE,ERROR,adj_factor,19
2006-04-17,MISSING_VALUE,WARN,amount,172
2006-04-18,ADJ_FACTOR_CA_MISMATCH,WARN,fq_factor,2
2006-04-18,ADJ_NEGATIVE,ERROR,adj_factor,21
2006-04-18,MISSING_VALUE,WARN,amount,172
2006-04-19,ADJ_FACTOR_CA_MISMATCH,WARN,fq_factor,3
2006-04-19,ADJ_NEGATIVE,ERROR,adj_factor,21
2006-04-19,MISSING_VALUE,WARN,amount,172
2006-04-20,ADJ_NEGATIVE,ERROR,adj_factor,22
2006-04-20,MISSING_VALUE,WARN,amount,172
2006-04-21,ADJ_FACTOR_CA_MISMATCH,WARN,fq_factor,3
2006-04-21,ADJ_NEGATIVE,ERROR,adj_factor,22
2006-04-21,MISSING_VALUE,WARN,amount,168
2006-04-24,ADJ_FACTOR_CA_MISMATCH,WARN,fq_factor,4
2006-04-24,ADJ_NEGATIVE,ERROR,adj_factor,24
2006-04-24,MISSING_VALUE,WARN,amount,167
2006-04-25,ADJ_FACTOR_CA_MISMATCH,WARN,fq_factor,4
2006-04-25,ADJ_NEGATIVE,ERROR,adj_factor,25
2006-04-25,MISSING_VALUE,WARN,amount,167
2006-04-26,ADJ_FACTOR_CA_MISMATCH,WARN,fq_factor,2
2006-04-26,ADJ_NEGATIVE,ERROR,adj_factor,22
2006-04-26,MISSING_VALUE,WARN,amount,168
2006-04-27,ADJ_FACTOR_CA_MISMATCH,WARN,fq_factor,4
2006-04-27,ADJ_NEGATIVE,ERROR,adj_factor,22
2006-04-27,MISSING_VALUE,WARN,amount,168
2006-04-28,ADJ_FACTOR_CA_MISMATCH,WARN,fq_factor,6
2006-04-28,ADJ_NEGATIVE,ERROR,adj_factor,19
2006-04-28,MISSING_VALUE,WARN,amount,168
2006-05-08,ADJ_FACTOR_CA_MISMATCH,WARN,fq_factor,1
2006-05-08,ADJ_NEGATIVE,ERROR,adj_factor,15
2006-05-08,MISSING_VALUE,WARN,amount,168
2006-05-09,ADJ_NEGATIVE,ERROR,adj_factor,15
2006-05-09,MISSING_VALUE,WARN,amount,168
2006-05-10,ADJ_FACTOR_CA_MISMATCH,WARN,fq_factor,2
2006-05-10,ADJ_NEGATIVE,ERROR,adj_factor,16
2006-05-10,MISSING_VALUE,WARN,amount,168
2006-05-11,ADJ_FACTOR_CA_MISMATCH,WARN,fq_factor,3
2006-05-11,ADJ_NEGATIVE,ERROR,adj_factor,16
2006-05-11,MISSING_VALUE,WARN,amount,168
2006-05-12,ADJ_NEGATIVE,ERROR,adj_factor,16
2006-05-12,MISSING_VALUE,WARN,amount,168
2006-05-15,ADJ_FACTOR_CA_MISMATCH,WARN,fq_factor,6
2006-05-15,ADJ_NEGATIVE,ERROR,adj_factor,11
2006-05-15,MISSING_VALUE,WARN,amount,169
2006-05-16,ADJ_FACTOR_CA_MISMATCH,WARN,fq_factor,2
2006-05-16,ADJ_NEGATIVE,ERROR,adj_factor,15
2006-05-16,MISSING_VALUE,WARN,amount,168
2006-05-17,ADJ_FACTOR_CA_MISMATCH,WARN,fq_factor,6
2006-05-17,ADJ_NEGATIVE,ERROR,adj_factor,13
2006-05-17,MISSING_VALUE,WARN,amount,168
2006-05-18,ADJ_FACTOR_CA_MISMATCH,WARN,fq_factor,5
2006-05-18,ADJ_NEGATIVE,ERROR,adj_factor,11
2006-05-18,MISSING_VALUE,WARN,amount,168
2006-05-19,ADJ_FACTOR_CA_MISMATCH,WARN,fq_factor,6
2006-05-19,ADJ_NEGATIVE,ERROR,adj_factor,11
2006-05-19,MISSING_VALUE,WARN,amount,168
2006-05-19,VWAP_OUT_OF_RANGE,ERROR,amount,1
2006-05-22,ADJ_FACTOR_CA_MISMATCH,WARN,fq_factor,12
2006-05-22,ADJ_NEGATIVE,ERROR,adj_factor,10
2006-05-22,MISSING_VALUE,WARN,amount,168
2006-05-23,ADJ_FACTOR_CA_MISMATCH,WARN,fq_factor,4
2006-05-23,ADJ_NEGATIVE,ERROR,adj_factor,10
2006-05-23,MISSING_VALUE,WARN,amount,168
2006-05-24,ADJ_FACTOR_CA_MISMATCH,WARN,fq_factor,4
2006-05-24,ADJ_NEGATIVE,ERROR,adj_factor,10
2006-05-24,MISSING_VALUE,WARN,amount,168
2006-05-25,ADJ_FACTOR_CA_MISMATCH,WARN,fq_factor,8
2006-05-25,ADJ_NEGATIVE,ERROR,adj_factor,10
2006-05-25,MISSING_VALUE,WARN,amount,169
2006-05-26,ADJ_FACTOR_CA_MISMATCH,WARN,fq_factor,1
2006-05-26,ADJ_NEGATIVE,ERROR,adj_factor,8
2006-05-26,MISSING_VALUE,WARN,amount,169
2006-05-29,ADJ_FACTOR_CA_MISMATCH,WARN,fq_factor,7
2006-05-29,ADJ_NEGATIVE,ERROR,adj_factor,7
2006-05-29,MISSING_VALUE,WARN,amount,169
2006-05-30,ADJ_FACTOR_CA_MISMATCH,WARN,fq_factor,5
2006-05-30,ADJ_NEGATIVE,ERROR,adj_factor,5
2006-05-30,MISSING_VALUE,WARN,amount,168
2006-05-31,ADJ_FACTOR_CA_MISMATCH,WARN,fq_factor,8
2006-05-31,ADJ_NEGATIVE,ERROR,adj_factor,7
2006-05-31,MISSING_VALUE,WARN,amount,168
2006-05-31,VWAP_OUT_OF_RANGE,ERROR,amount,1
2006-06-01,ADJ_FACTOR_CA_MISMATCH,WARN,fq_factor,8
2006-06-01,ADJ_NEGATIVE,ERROR,adj_factor,6
2006-06-01,MISSING_VALUE,WARN,amount,168
2006-06-02,ADJ_FACTOR_CA_MISMATCH,WARN,fq_factor,4
2006-06-02,ADJ_NEGATIVE,ERROR,adj_factor,5
2006-06-02,MISSING_VALUE,WARN,amount,167
2006-06-05,ADJ_FACTOR_CA_MISMATCH,WARN,fq_factor,3
2006-06-05,ADJ_NEGATIVE,ERROR,adj_factor,5
2006-06-05,MISSING_VALUE,WARN,amount,167
2006-06-06,ADJ_FACTOR_CA_MISMATCH,WARN,fq_factor,9
2006-06-06,ADJ_NEGATIVE,ERROR,adj_factor,5
2006-06-06,MISSING_VALUE,WARN,amount,167
2006-06-07,ADJ_FACTOR_CA_MISMATCH,WARN,fq_factor,6
2006-06-07,ADJ_NEGATIVE,ERROR,adj_factor,5
2006-06-07,MISSING_VALUE,WARN,amount,167
2006-06-08,ADJ_FACTOR_CA_MISMATCH,WARN,fq_factor,6
2006-06-08,ADJ_NEGATIVE,ERROR,adj_factor,6
2006-06-08,MISSING_VALUE,WARN,amount,167
2006-06-09,ADJ_FACTOR_CA_MISMATCH,WARN,fq_factor,7
2006-06-09,ADJ_NEGATIVE,ERROR,adj_factor,7
2006-06-09,MISSING_VALUE,WARN,amount,168
2006-06-12,ADJ_FACTOR_CA_MISMATCH,WARN,fq_factor,11
2006-06-12,ADJ_NEGATIVE,ERROR,adj_factor,8
2006-06-12,MISSING_VALUE,WARN,amount,168
2006-06-13,ADJ_FACTOR_CA_MISMATCH,WARN,fq_factor,5
2006-06-13,ADJ_NEGATIVE,ERROR,adj_factor,8
2006-06-13,MISSING_VALUE,WARN,amount,168
2006-06-14,ADJ_FACTOR_CA_MISMATCH,WARN,fq_factor,4
2006-06-14,ADJ_NEGATIVE,ERROR,adj_factor,8
2006-06-14,MISSING_VALUE,WARN,amount,168
2006-06-15,ADJ_FACTOR_CA_MISMATCH,WARN,fq_factor,9
2006-06-15,ADJ_NEGATIVE,ERROR,adj_factor,8
2006-06-15,MISSING_VALUE,WARN,amount,168
2006-06-16,ADJ_FACTOR_CA_MISMATCH,WARN,fq_factor,16
2006-06-16,ADJ_NEGATIVE,ERROR,adj_factor,7
2006-06-16,MISSING_VALUE,WARN,amount,168
2006-06-19,ADJ_FACTOR_CA_MISMATCH,WARN,fq_factor,10
2006-06-19,ADJ_NEGATIVE,ERROR,adj_factor,6
2006-06-19,MISSING_VALUE,WARN,amount,168
2006-06-20,ADJ_FACTOR_CA_MISMATCH,WARN,fq_factor,6
2006-06-20,ADJ_NEGATIVE,ERROR,adj_factor,6
2006-06-20,MISSING_VALUE,WARN,amount,168
2006-06-21,ADJ_FACTOR_CA_MISMATCH,WARN,fq_factor,3
2006-06-21,ADJ_NEGATIVE,ERROR,adj_factor,6
2006-06-21,MISSING_VALUE,WARN,amount,168
2006-06-22,ADJ_FACTOR_CA_MISMATCH,WARN,fq_factor,10
2006-06-22,ADJ_NEGATIVE,ERROR,adj_factor,6
2006-06-22,MISSING_VALUE,WARN,amount,168
2006-06-23,ADJ_FACTOR_CA_MISMATCH,WARN,fq_factor,12
2006-06-23,ADJ_NEGATIVE,ERROR,adj_factor,6
2006-06-23,MISSING_VALUE,WARN,amount,168
2006-06-26,ADJ_FACTOR_CA_MISMATCH,WARN,fq_factor,12
2006-06-26,ADJ_NEGATIVE,ERROR,adj_factor,6
2006-06-26,MISSING_VALUE,WARN,amount,168
2006-06-27,ADJ_FACTOR_CA_MISMATCH,WARN,fq_factor,7
2006-06-27,ADJ_NEGATIVE,ERROR,adj_factor,5
2006-06-27,MISSING_VALUE,WARN,amount,168
2006-06-28,ADJ_FACTOR_CA_MISMATCH,WARN,fq_factor,6
2006-06-28,ADJ_NEGATIVE,ERROR,adj_factor,6
2006-06-28,MISSING_VALUE,WARN,amount,167
2006-06-29,ADJ_FACTOR_CA_MISMATCH,WARN,fq_factor,12
2006-06-29,ADJ_NEGATIVE,ERROR,adj_factor,6
2006-06-29,MISSING_VALUE,WARN,amount,168
2006-06-30,ADJ_FACTOR_CA_MISMATCH,WARN,fq_factor,8
2006-06-30,ADJ_NEGATIVE,ERROR,adj_factor,5
2006-06-30,MISSING_VALUE,WARN,amount,165
2006-07-03,ADJ_FACTOR_CA_MISMATCH,WARN,fq_factor,5
2006-07-03,ADJ_NEGATIVE,ERROR,adj_factor,6
2006-07-03,MISSING_VALUE,WARN,amount,167
2006-07-04,ADJ_FACTOR_CA_MISMATCH,WARN,fq_factor,4
2006-07-04,ADJ_NEGATIVE,ERROR,adj_factor,6
2006-07-04,MISSING_VALUE,WARN,amount,166
2006-07-05,ADJ_FACTOR_CA_MISMATCH,WARN,fq_factor,3
2006-07-05,ADJ_NEGATIVE,ERROR,adj_factor,7
2006-07-05,MISSING_VALUE,WARN,amount,166
2006-07-06,ADJ_FACTOR_CA_MISMATCH,WARN,fq_factor,4
2006-07-06,ADJ_NEGATIVE,ERROR,adj_factor,6
2006-07-06,MISSING_VALUE,WARN,amount,166
2006-07-07,ADJ_FACTOR_CA_MISMATCH,WARN,fq_factor,7
2006-07-07,ADJ_NEGATIVE,ERROR,adj_factor,6
2006-07-07,MISSING_VALUE,WARN,amount,166
2006-07-10,ADJ_FACTOR_CA_MISMATCH,WARN,fq_factor,8
2006-07-10,ADJ_NEGATIVE,ERROR,adj_factor,6
2006-07-10,MISSING_VALUE,WARN,amount,166
2006-07-11,ADJ_FACTOR_CA_MISMATCH,WARN,fq_factor,10
2006-07-11,ADJ_NEGATIVE,ERROR,adj_factor,5
2006-07-11,MISSING_VALUE,WARN,amount,166
2006-07-12,ADJ_FACTOR_CA_MISMATCH,WARN,fq_factor,6
2006-07-12,ADJ_NEGATIVE,ERROR,adj_factor,6
2006-07-12,MISSING_VALUE,WARN,amount,166
2006-07-13,ADJ_FACTOR_CA_MISMATCH,WARN,fq_factor,7
2006-07-13,ADJ_NEGATIVE,ERROR,adj_factor,6
2006-07-13,MISSING_VALUE,WARN,amount,166
2006-07-13,VWAP_OUT_OF_RANGE,ERROR,amount,1
2006-07-14,ADJ_FACTOR_CA_MISMATCH,WARN,fq_factor,9
2006-07-14,ADJ_NEGATIVE,ERROR,adj_factor,6
2006-07-14,MISSING_VALUE,WARN,amount,165
2006-07-17,ADJ_FACTOR_CA_MISMATCH,WARN,fq_factor,12
2006-07-17,ADJ_NEGATIVE,ERROR,adj_factor,6
2006-07-17,MISSING_VALUE,WARN,amount,165
2006-07-18,ADJ_FACTOR_CA_MISMATCH,WARN,fq_factor,10
2006-07-18,ADJ_NEGATIVE,ERROR,adj_factor,6
2006-07-18,MISSING_VALUE,WARN,amount,165
2006-07-19,ADJ_FACTOR_CA_MISMATCH,WARN,fq_factor,7
2006-07-19,ADJ_NEGATIVE,ERROR,adj_factor,6
2006-07-19,MISSING_VALUE,WARN,amount,165
2006-07-20,ADJ_FACTOR_CA_MISMATCH,WARN,fq_factor,5
2006-07-20,ADJ_NEGATIVE,ERROR,adj_factor,6
2006-07-20,MISSING_VALUE,WARN,amount,165
2006-07-21,ADJ_FACTOR_CA_MISMATCH,WARN,fq_factor,7
2006-07-21,ADJ_NEGATIVE,ERROR,adj_factor,6
2006-07-21,MISSING_VALUE,WARN,amount,165
2006-07-24,ADJ_FACTOR_CA_MISMATCH,WARN,fq_factor,6
2006-07-24,ADJ_NEGATIVE,ERROR,adj_factor,6
2006-07-24,MISSING_VALUE,WARN,amount,166
2006-07-25,ADJ_FACTOR_CA_MISMATCH,WARN,fq_factor,3
2006-07-25,ADJ_NEGATIVE,ERROR,adj_factor,6
2006-07-25,MISSING_VALUE,WARN,amount,166
2006-07-26,ADJ_FACTOR_CA_MISMATCH,WARN,fq_factor,2
2006-07-26,ADJ_NEGATIVE,ERROR,adj_factor,6
2006-07-26,MISSING_VALUE,WARN,amount,166
2006-07-27,ADJ_FACTOR_CA_MISMATCH,WARN,fq_factor,1
2006-07-27,ADJ_NEGATIVE,ERROR,adj_factor,6
2006-07-27,MISSING_VALUE,WARN,amount,166
2006-07-28,ADJ_FACTOR_CA_MISMATCH,WARN,fq_factor,3
2006-07-28,ADJ_NEGATIVE,ERROR,adj_factor,5
2006-07-28,MISSING_VALUE,WARN,amount,166
2006-07-31,ADJ_FACTOR_CA_MISMATCH,WARN,fq_factor,4
2006-07-31,ADJ_NEGATIVE,ERROR,adj_factor,6
2006-07-31,MISSING_VALUE,WARN,amount,166
2006-08-01,ADJ_FACTOR_CA_MISMATCH,WARN,fq_factor,3
2006-08-01,ADJ_NEGATIVE,ERROR,adj_factor,6
2006-08-01,MISSING_VALUE,WARN,amount,166
2006-08-02,ADJ_FACTOR_CA_MISMATCH,WARN,fq_factor,2
2006-08-02,ADJ_NEGATIVE,ERROR,adj_factor,6
2006-08-02,MISSING_VALUE,WARN,amount,166
2006-08-03,ADJ_FACTOR_CA_MISMATCH,WARN,fq_factor,2
2006-08-03,ADJ_NEGATIVE,ERROR,adj_factor,6
2006-08-03,MISSING_VALUE,WARN,amount,166
2006-08-04,ADJ_FACTOR_CA_MISMATCH,WARN,fq_factor,1
2006-08-04,ADJ_NEGATIVE,ERROR,adj_factor,9
2006-08-04,MISSING_VALUE,WARN,amount,166
2006-08-07,ADJ_FACTOR_CA_MISMATCH,WARN,fq_factor,4
2006-08-07,ADJ_NEGATIVE,ERROR,adj_factor,9
2006-08-07,MISSING_VALUE,WARN,amount,166
2006-08-08,ADJ_NEGATIVE,ERROR,adj_factor,8
2006-08-08,MISSING_VALUE,WARN,amount,166
2006-08-09,ADJ_FACTOR_CA_MISMATCH,WARN,fq_factor,2
2006-08-09,ADJ_NEGATIVE,ERROR,adj_factor,7
2006-08-09,MISSING_VALUE,WARN,amount,166
2006-08-10,ADJ_FACTOR_CA_MISMATCH,WARN,fq_factor,4
2006-08-10,ADJ_NEGATIVE,ERROR,adj_factor,8
2006-08-10,MISSING_VALUE,WARN,amount,167
2006-08-11,ADJ_NEGATIVE,ERROR,adj_factor,8
2006-08-11,MISSING_VALUE,WARN,amount,166
2006-08-14,ADJ_FACTOR_CA_MISMATCH,WARN,fq_factor,5
2006-08-14,ADJ_NEGATIVE,ERROR,adj_factor,8
2006-08-14,MISSING_VALUE,WARN,amount,166
2006-08-15,ADJ_FACTOR_CA_MISMATCH,WARN,fq_factor,2
2006-08-15,ADJ_NEGATIVE,ERROR,adj_factor,8
2006-08-15,MISSING_VALUE,WARN,amount,166
2006-08-16,ADJ_NEGATIVE,ERROR,adj_factor,8
2006-08-16,MISSING_VALUE,WARN,amount,166
2006-08-17,ADJ_FACTOR_CA_MISMATCH,WARN,fq_factor,5
2006-08-17,ADJ_NEGATIVE,ERROR,adj_factor,8
2006-08-17,MISSING_VALUE,WARN,amount,166
2006-08-18,ADJ_FACTOR_CA_MISMATCH,WARN,fq_factor,3
2006-08-18,ADJ_NEGATIVE,ERROR,adj_factor,7
2006-08-18,MISSING_VALUE,WARN,amount,165
2006-08-21,ADJ_FACTOR_CA_MISMATCH,WARN,fq_factor,3
2006-08-21,ADJ_NEGATIVE,ERROR,adj_factor,7
2006-08-21,MISSING_VALUE,WARN,amount,165
2006-08-22,ADJ_FACTOR_CA_MISMATCH,WARN,fq_factor,2
2006-08-22,ADJ_NEGATIVE,ERROR,adj_factor,7
2006-08-22,MISSING_VALUE,WARN,amount,165
2006-08-23,ADJ_FACTOR_CA_MISMATCH,WARN,fq_factor,3
2006-08-23,ADJ_NEGATIVE,ERROR,adj_factor,7
2006-08-23,MISSING_VALUE,WARN,amount,165
2006-08-24,ADJ_FACTOR_CA_MISMATCH,WARN,fq_factor,3
2006-08-24,ADJ_NEGATIVE,ERROR,adj_factor,7
2006-08-24,MISSING_VALUE,WARN,amount,165
2006-08-25,ADJ_NEGATIVE,ERROR,adj_factor,6
2006-08-25,MISSING_VALUE,WARN,amount,165
2006-08-28,ADJ_NEGATIVE,ERROR,adj_factor,6
2006-08-28,MISSING_VALUE,WARN,amount,166
2006-08-29,ADJ_NEGATIVE,ERROR,adj_factor,6
2006-08-29,MISSING_VALUE,WARN,amount,166
2006-08-30,ADJ_NEGATIVE,ERROR,adj_factor,6
2006-08-30,MISSING_VALUE,WARN,amount,166
2006-08-31,ADJ_FACTOR_CA_MISMATCH,WARN,fq_factor,1
2006-08-31,ADJ_NEGATIVE,ERROR,adj_factor,6
2006-08-31,MISSING_VALUE,WARN,amount,166
2006-09-01,ADJ_NEGATIVE,ERROR,adj_factor,6
2006-09-01,MISSING_VALUE,WARN,amount,166
2006-09-04,ADJ_NEGATIVE,ERROR,adj_factor,5
2006-09-04,MISSING_VALUE,WARN,amount,166
2006-09-05,ADJ_FACTOR_CA_MISMATCH,WARN,fq_factor,1
2006-09-05,ADJ_NEGATIVE,ERROR,adj_factor,5
2006-09-05,MISSING_VALUE,WARN,amount,166
2006-09-06,ADJ_FACTOR_CA_MISMATCH,WARN,fq_factor,1
2006-09-06,ADJ_NEGATIVE,ERROR,adj_factor,5
2006-09-06,MISSING_VALUE,WARN,amount,166
2006-09-07,ADJ_NEGATIVE,ERROR,adj_factor,5
2006-09-07,MISSING_VALUE,WARN,amount,166
2006-09-08,ADJ_NEGATIVE,ERROR,adj_factor,5
2006-09-08,MISSING_VALUE,WARN,amount,166
2006-09-11,ADJ_NEGATIVE,ERROR,adj_factor,4
2006-09-11,MISSING_VALUE,WARN,amount,165
2006-09-12,ADJ_NEGATIVE,ERROR,adj_factor,4
2006-09-12,MISSING_VALUE,WARN,amount,166
2006-09-13,ADJ_NEGATIVE,ERROR,adj_factor,4
2006-09-13,MISSING_VALUE,WARN,amount,165
2006-09-14,ADJ_FACTOR_CA_MISMATCH,WARN,fq_factor,1
2006-09-14,ADJ_NEGATIVE,ERROR,adj_factor,3
2006-09-14,MISSING_VALUE,WARN,amount,165
2006-09-15,ADJ_NEGATIVE,ERROR,adj_factor,3
2006-09-15,MISSING_VALUE,WARN,amount,165
2006-09-18,ADJ_NEGATIVE,ERROR,adj_factor,4
2006-09-18,MISSING_VALUE,WARN,amount,165
2006-09-19,ADJ_NEGATIVE,ERROR,adj_factor,4
2006-09-19,MISSING_VALUE,WARN,amount,165
2006-09-20,ADJ_NEGATIVE,ERROR,adj_factor,4
2006-09-20,MISSING_VALUE,WARN,amount,165
2006-09-21,ADJ_FACTOR_CA_MISMATCH,WARN,fq_factor,1
2006-09-21,ADJ_NEGATIVE,ERROR,adj_factor,4
2006-09-21,MISSING_VALUE,WARN,amount,165
2006-09-22,ADJ_NEGATIVE,ERROR,adj_factor,4
2006-09-22,MISSING_VALUE,WARN,amount,165
2006-09-25,ADJ_FACTOR_CA_MISMATCH,WARN,fq_factor,1
2006-09-25,ADJ_NEGATIVE,ERROR,adj_factor,4
2006-09-25,MISSING_VALUE,WARN,amount,166
2006-09-26,ADJ_NEGATIVE,ERROR,adj_factor,4
2006-09-26,MISSING_VALUE,WARN,amount,166
2006-09-27,ADJ_NEGATIVE,ERROR,adj_factor,4
2006-09-27,MISSING_VALUE,WARN,amount,166
2006-09-28,ADJ_FACTOR_CA_MISMATCH,WARN,fq_factor,1
2006-09-28,ADJ_NEGATIVE,ERROR,adj_factor,4
2006-09-28,MISSING_VALUE,WARN,amount,166
2006-09-29,ADJ_NEGATIVE,ERROR,adj_factor,4
2006-09-29,MISSING_VALUE,WARN,amount,166
2006-10-09,ADJ_FACTOR_CA_MISMATCH,WARN,fq_factor,1
2006-10-09,ADJ_NEGATIVE,ERROR,adj_factor,4
2006-10-09,MISSING_VALUE,WARN,amount,167
2006-10-10,ADJ_NEGATIVE,ERROR,adj_factor,4
2006-10-10,MISSING_VALUE,WARN,amount,167
2006-10-11,ADJ_NEGATIVE,ERROR,adj_factor,4
2006-10-11,MISSING_VALUE,WARN,amount,167
2006-10-12,ADJ_NEGATIVE,ERROR,adj_factor,4
2006-10-12,MISSING_VALUE,WARN,amount,169
2006-10-13,ADJ_NEGATIVE,ERROR,adj_factor,4
2006-10-13,MISSING_VALUE,WARN,amount,169
2006-10-16,ADJ_NEGATIVE,ERROR,adj_factor,4
2006-10-16,MISSING_VALUE,WARN,amount,169
2006-10-17,ADJ_FACTOR_CA_MISMATCH,WARN,fq_factor,1
2006-10-17,ADJ_NEGATIVE,ERROR,adj_factor,4
2006-10-17,MISSING_VALUE,WARN,amount,169
2006-10-18,ADJ_NEGATIVE,ERROR,adj_factor,4
2006-10-18,MISSING_VALUE,WARN,amount,169
2006-10-19,ADJ_NEGATIVE,ERROR,adj_factor,4
2006-10-19,MISSING_VALUE,WARN,amount,169
2006-10-20,ADJ_NEGATIVE,ERROR,adj_factor,4
2006-10-20,MISSING_VALUE,WARN,amount,169
2006-10-23,ADJ_NEGATIVE,ERROR,adj_factor,4
2006-10-23,MISSING_VALUE,WARN,amount,169
2006-10-24,ADJ_NEGATIVE,ERROR,adj_factor,4
2006-10-24,MISSING_VALUE,WARN,amount,169
2006-10-25,ADJ_FACTOR_CA_MISMATCH,WARN,fq_factor,1
2006-10-25,ADJ_NEGATIVE,ERROR,adj_factor,4
2006-10-25,MISSING_VALUE,WARN,amount,169
2006-10-26,ADJ_NEGATIVE,ERROR,adj_factor,5
2006-10-26,MISSING_VALUE,WARN,amount,169
2006-10-27,ADJ_NEGATIVE,ERROR,adj_factor,7
2006-10-27,MISSING_VALUE,WARN,amount,169
2006-10-30,ADJ_NEGATIVE,ERROR,adj_factor,5
2006-10-30,MISSING_VALUE,WARN,amount,169
2006-10-31,ADJ_NEGATIVE,ERROR,adj_factor,5
2006-10-31,MISSING_VALUE,WARN,amount,169
2006-11-01,ADJ_NEGATIVE,ERROR,adj_factor,5
2006-11-01,MISSING_VALUE,WARN,amount,169
2006-11-02,ADJ_NEGATIVE,ERROR,adj_factor,5
2006-11-02,MISSING_VALUE,WARN,amount,168
2006-11-03,ADJ_NEGATIVE,ERROR,adj_factor,5
2006-11-03,MISSING_VALUE,WARN,amount,168
2006-11-06,ADJ_NEGATIVE,ERROR,adj_factor,5
2006-11-06,MISSING_VALUE,WARN,amount,168
2006-11-07,ADJ_NEGATIVE,ERROR,adj_factor,5
2006-11-07,MISSING_VALUE,WARN,amount,168
2006-11-08,ADJ_NEGATIVE,ERROR,adj_factor,5
2006-11-08,MISSING_VALUE,WARN,amount,168
2006-11-09,ADJ_FACTOR_CA_MISMATCH,WARN,fq_factor,1
2006-11-09,ADJ_NEGATIVE,ERROR,adj_factor,5
2006-11-09,MISSING_VALUE,WARN,amount,168
2006-11-10,ADJ_NEGATIVE,ERROR,adj_factor,4
2006-11-10,MISSING_VALUE,WARN,amount,169
2006-11-13,ADJ_NEGATIVE,ERROR,adj_factor,4
2006-11-13,MISSING_VALUE,WARN,amount,169
2006-11-14,ADJ_NEGATIVE,ERROR,adj_factor,5
2006-11-14,MISSING_VALUE,WARN,amount,169
2006-11-15,ADJ_NEGATIVE,ERROR,adj_factor,5
2006-11-15,MISSING_VALUE,WARN,amount,169
2006-11-16,ADJ_FACTOR_CA_MISMATCH,WARN,fq_factor,1
2006-11-16,ADJ_NEGATIVE,ERROR,adj_factor,5
2006-11-16,MISSING_VALUE,WARN,amount,169
2006-11-17,ADJ_NEGATIVE,ERROR,adj_factor,5
2006-11-17,MISSING_VALUE,WARN,amount,168
2006-11-20,ADJ_NEGATIVE,ERROR,adj_factor,5
2006-11-20,MISSING_VALUE,WARN,amount,168
2006-11-21,ADJ_NEGATIVE,ERROR,adj_factor,5
2006-11-21,MISSING_VALUE,WARN,amount,168
2006-11-22,ADJ_NEGATIVE,ERROR,adj_factor,5
2006-11-22,MISSING_VALUE,WARN,amount,168
2006-11-23,ADJ_NEGATIVE,ERROR,adj_factor,5
2006-11-23,MISSING_VALUE,WARN,amount,168
2006-11-24,ADJ_NEGATIVE,ERROR,adj_factor,5
2006-11-24,MISSING_VALUE,WARN,amount,168
2006-11-27,ADJ_NEGATIVE,ERROR,adj_factor,6
2006-11-27,MISSING_VALUE,WARN,amount,168
2006-11-28,ADJ_NEGATIVE,ERROR,adj_factor,6
2006-11-28,MISSING_VALUE,WARN,amount,168
2006-11-29,ADJ_NEGATIVE,ERROR,adj_factor,6
2006-11-29,MISSING_VALUE,WARN,amount,168
2006-11-30,ADJ_NEGATIVE,ERROR,adj_factor,6
2006-11-30,MISSING_VALUE,WARN,amount,168
2006-12-01,ADJ_FACTOR_CA_MISMATCH,WARN,fq_factor,1
2006-12-01,ADJ_NEGATIVE,ERROR,adj_factor,6
2006-12-01,MISSING_VALUE,WARN,amount,168
2006-12-04,ADJ_NEGATIVE,ERROR,adj_factor,6
2006-12-04,MISSING_VALUE,WARN,amount,168
2006-12-05,ADJ_NEGATIVE,ERROR,adj_factor,6
2006-12-05,MISSING_VALUE,WARN,amount,168
2006-12-06,ADJ_NEGATIVE,ERROR,adj_factor,6
2006-12-06,MISSING_VALUE,WARN,amount,168
2006-12-07,ADJ_FACTOR_CA_MISMATCH,WARN,fq_factor,1
2006-12-07,ADJ_NEGATIVE,ERROR,adj_factor,6
2006-12-07,MISSING_VALUE,WARN,amount,168
2006-12-08,ADJ_NEGATIVE,ERROR,adj_factor,6
2006-12-08,MISSING_VALUE,WARN,amount,169
2006-12-11,ADJ_NEGATIVE,ERROR,adj_factor,6
2006-12-11,MISSING_VALUE,WARN,amount,168
2006-12-12,ADJ_NEGATIVE,ERROR,adj_factor,6
2006-12-12,MISSING_VALUE,WARN,amount,168
2006-12-13,ADJ_NEGATIVE,ERROR,adj_factor,6
2006-12-13,MISSING_VALUE,WARN,amount,168
2006-12-14,ADJ_NEGATIVE,ERROR,adj_factor,6
2006-12-14,MISSING_VALUE,WARN,amount,168
2006-12-15,ADJ_NEGATIVE,ERROR,adj_factor,6
2006-12-15,MISSING_VALUE,WARN,amount,168
2006-12-18,ADJ_FACTOR_CA_MISMATCH,WARN,fq_factor,1
2006-12-18,ADJ_NEGATIVE,ERROR,adj_factor,6
2006-12-18,MISSING_VALUE,WARN,amount,169
2006-12-19,ADJ_NEGATIVE,ERROR,adj_factor,6
2006-12-19,MISSING_VALUE,WARN,amount,169
2006-12-20,ADJ_NEGATIVE,ERROR,adj_factor,7
2006-12-20,MISSING_VALUE,WARN,amount,168
2006-12-21,ADJ_NEGATIVE,ERROR,adj_factor,7
2006-12-21,MISSING_VALUE,WARN,amount,168
2006-12-22,ADJ_FACTOR_CA_MISMATCH,WARN,fq_factor,1
2006-12-22,ADJ_NEGATIVE,ERROR,adj_factor,5
2006-12-22,MISSING_VALUE,WARN,amount,168
2006-12-25,ADJ_NEGATIVE,ERROR,adj_factor,5
2006-12-25,MISSING_VALUE,WARN,amount,168
2006-12-26,ADJ_FACTOR_CA_MISMATCH,WARN,fq_factor,1
2006-12-26,ADJ_NEGATIVE,ERROR,adj_factor,5
2006-12-26,MISSING_VALUE,WARN,amount,168
2006-12-27,ADJ_NEGATIVE,ERROR,adj_factor,7
2006-12-27,MISSING_VALUE,WARN,amount,168
2006-12-28,ADJ_NEGATIVE,ERROR,adj_factor,6
2006-12-28,MISSING_VALUE,WARN,amount,168
2006-12-29,ADJ_NEGATIVE,ERROR,adj_factor,8
2006-12-29,MISSING_VALUE,WARN,amount,168
2007-01-04,ADJ_NEGATIVE,ERROR,adj_factor,5
2007-01-04,MISSING_VALUE,WARN,amount,169
2007-01-05,ADJ_NEGATIVE,ERROR,adj_factor,7
2007-01-05,MISSING_VALUE,WARN,amount,169
2007-01-08,ADJ_NEGATIVE,ERROR,adj_factor,6
2007-01-08,MISSING_VALUE,WARN,amount,169
2007-01-09,ADJ_NEGATIVE,ERROR,adj_factor,5
2007-01-09,MISSING_VALUE,WARN,amount,169
2007-01-10,ADJ_NEGATIVE,ERROR,adj_factor,5
2007-01-10,MISSING_VALUE,WARN,amount,169
2007-01-11,ADJ_NEGATIVE,ERROR,adj_factor,4
2007-01-11,MISSING_VALUE,WARN,amount,169
2007-01-12,ADJ_NEGATIVE,ERROR,adj_factor,5
2007-01-12,MISSING_VALUE,WARN,amount,169
2007-01-15,ADJ_NEGATIVE,ERROR,adj_factor,5
2007-01-15,MISSING_VALUE,WARN,amount,169
2007-01-16,ADJ_NEGATIVE,ERROR,adj_factor,5
2007-01-16,MISSING_VALUE,WARN,amount,168
2007-01-17,ADJ_NEGATIVE,ERROR,adj_factor,5
2007-01-17,MISSING_VALUE,WARN,amount,168
2007-01-18,ADJ_NEGATIVE,ERROR,adj_factor,5
2007-01-18,MISSING_VALUE,WARN,amount,168
2007-01-19,ADJ_NEGATIVE,ERROR,adj_factor,5
2007-01-19,MISSING_VALUE,WARN,amount,168
2007-01-22,ADJ_NEGATIVE,ERROR,adj_factor,5
2007-01-22,MISSING_VALUE,WARN,amount,168
2007-01-23,ADJ_NEGATIVE,ERROR,adj_factor,5
2007-01-23,MISSING_VALUE,WARN,amount,168
2007-01-24,ADJ_NEGATIVE,ERROR,adj_factor,5
2007-01-24,MISSING_VALUE,WARN,amount,168
2007-01-25,ADJ_NEGATIVE,ERROR,adj_factor,5
2007-01-25,MISSING_VALUE,WARN,amount,168
2007-01-26,ADJ_NEGATIVE,ERROR,adj_factor,5
2007-01-26,MISSING_VALUE,WARN,amount,169
2007-01-29,ADJ_NEGATIVE,ERROR,adj_factor,5
2007-01-29,MISSING_VALUE,WARN,amount,168
2007-01-30,ADJ_NEGATIVE,ERROR,adj_factor,5
2007-01-30,MISSING_VALUE,WARN,amount,168
2007-01-31,ADJ_NEGATIVE,ERROR,adj_factor,5
2007-01-31,MISSING_VALUE,WARN,amount,168
2007-02-01,ADJ_NEGATIVE,ERROR,adj_factor,5
2007-02-01,MISSING_VALUE,WARN,amount,168
2007-02-02,ADJ_NEGATIVE,ERROR,adj_factor,5
2007-02-02,MISSING_VALUE,WARN,amount,168
2007-02-05,ADJ_NEGATIVE,ERROR,adj_factor,5
2007-02-05,MISSING_VALUE,WARN,amount,168
2007-02-06,ADJ_NEGATIVE,ERROR,adj_factor,6
2007-02-06,MISSING_VALUE,WARN,amount,168
2007-02-07,ADJ_NEGATIVE,ERROR,adj_factor,3
2007-02-07,MISSING_VALUE,WARN,amount,168
2007-02-08,ADJ_NEGATIVE,ERROR,adj_factor,2
2007-02-08,MISSING_VALUE,WARN,amount,169
2007-02-09,ADJ_NEGATIVE,ERROR,adj_factor,2
2007-02-09,MISSING_VALUE,WARN,amount,169
2007-02-12,ADJ_NEGATIVE,ERROR,adj_factor,2
2007-02-12,MISSING_VALUE,WARN,amount,169
2007-02-13,ADJ_NEGATIVE,ERROR,adj_factor,2
2007-02-13,MISSING_VALUE,WARN,amount,169
2007-02-14,ADJ_NEGATIVE,ERROR,adj_factor,2
2007-02-14,MISSING_VALUE,WARN,amount,169
2007-02-15,ADJ_FACTOR_CA_MISMATCH,WARN,fq_factor,1
2007-02-15,ADJ_NEGATIVE,ERROR,adj_factor,2
2007-02-15,MISSING_VALUE,WARN,amount,169
2007-02-16,ADJ_NEGATIVE,ERROR,adj_factor,2
2007-02-16,MISSING_VALUE,WARN,amount,169
2007-02-26,ADJ_NEGATIVE,ERROR,adj_factor,2
2007-02-26,MISSING_VALUE,WARN,amount,169
2007-02-27,ADJ_NEGATIVE,ERROR,adj_factor,2
2007-02-27,MISSING_VALUE,WARN,amount,169
2007-02-28,ADJ_NEGATIVE,ERROR,adj_factor,2
2007-02-28,MISSING_VALUE,WARN,amount,169
2007-03-01,ADJ_NEGATIVE,ERROR,adj_factor,2
2007-03-01,MISSING_VALUE,WARN,amount,169
2007-03-02,ADJ_NEGATIVE,ERROR,adj_factor,2
2007-03-02,MISSING_VALUE,WARN,amount,170
2007-03-05,ADJ_NEGATIVE,ERROR,adj_factor,2
2007-03-05,MISSING_VALUE,WARN,amount,170
2007-03-06,ADJ_NEGATIVE,ERROR,adj_factor,2
2007-03-06,MISSING_VALUE,WARN,amount,170
2007-03-07,ADJ_NEGATIVE,ERROR,adj_factor,2
2007-03-07,MISSING_VALUE,WARN,amount,170
2007-03-08,ADJ_NEGATIVE,ERROR,adj_factor,2
2007-03-08,MISSING_VALUE,WARN,amount,169
2007-03-09,ADJ_FACTOR_CA_MISMATCH,WARN,fq_factor,1
2007-03-09,ADJ_NEGATIVE,ERROR,adj_factor,2
2007-03-09,MISSING_VALUE,WARN,amount,169
2007-03-12,ADJ_NEGATIVE,ERROR,adj_factor,2
2007-03-12,MISSING_VALUE,WARN,amount,169
2007-03-13,ADJ_NEGATIVE,ERROR,adj_factor,2
2007-03-13,MISSING_VALUE,WARN,amount,169
2007-03-14,ADJ_NEGATIVE,ERROR,adj_factor,2
2007-03-14,MISSING_VALUE,WARN,amount,169
2007-03-15,ADJ_NEGATIVE,ERROR,adj_factor,2
2007-03-15,MISSING_VALUE,WARN,amount,169
2007-03-16,ADJ_FACTOR_CA_MISMATCH,WARN,fq_factor,1
2007-03-16,ADJ_NEGATIVE,ERROR,adj_factor,1
2007-03-16,MISSING_VALUE,WARN,amount,170
2007-03-19,ADJ_FACTOR_CA_MISMATCH,WARN,fq_factor,1
2007-03-19,ADJ_NEGATIVE,ERROR,adj_factor,1
2007-03-19,MISSING_VALUE,WARN,amount,171
2007-03-20,ADJ_FACTOR_CA_MISMATCH,WARN,fq_factor,1
2007-03-20,ADJ_NEGATIVE,ERROR,adj_factor,1
2007-03-20,MISSING_VALUE,WARN,amount,170
2007-03-21,ADJ_NEGATIVE,ERROR,adj_factor,1
2007-03-21,MISSING_VALUE,WARN,amount,170
2007-03-22,ADJ_NEGATIVE,ERROR,adj_factor,1
2007-03-22,MISSING_VALUE,WARN,amount,170
2007-03-23,ADJ_FACTOR_CA_MISMATCH,WARN,fq_factor,3
2007-03-23,MISSING_VALUE,WARN,amount,170
2007-03-26,ADJ_FACTOR_CA_MISMATCH,WARN,fq_factor,1
2007-03-26,ADJ_NEGATIVE,ERROR,adj_factor,1
2007-03-26,MISSING_VALUE,WARN,amount,170
2007-03-27,ADJ_FACTOR_CA_MISMATCH,WARN,fq_factor,1
2007-03-27,ADJ_NEGATIVE,ERROR,adj_factor,1
2007-03-27,MISSING_VALUE,WARN,amount,170
2007-03-28,ADJ_NEGATIVE,ERROR,adj_factor,1
2007-03-28,MISSING_VALUE,WARN,amount,169
2007-03-29,ADJ_NEGATIVE,ERROR,adj_factor,1
2007-03-29,MISSING_VALUE,WARN,amount,169
2007-03-30,ADJ_NEGATIVE,ERROR,adj_factor,1
2007-03-30,MISSING_VALUE,WARN,amount,169
2007-04-02,ADJ_FACTOR_CA_MISMATCH,WARN,fq_factor,1
2007-04-02,ADJ_NEGATIVE,ERROR,adj_factor,1
2007-04-02,MISSING_VALUE,WARN,amount,169
2007-04-03,ADJ_NEGATIVE,ERROR,adj_factor,1
2007-04-03,MISSING_VALUE,WARN,amount,169
2007-04-04,ADJ_NEGATIVE,ERROR,adj_factor,1
2007-04-04,MISSING_VALUE,WARN,amount,169
2007-04-05,ADJ_FACTOR_CA_MISMATCH,WARN,fq_factor,2
2007-04-05,ADJ_NEGATIVE,ERROR,adj_factor,1
2007-04-05,MISSING_VALUE,WARN,amount,168
2007-04-06,ADJ_FACTOR_CA_MISMATCH,WARN,fq_factor,1
2007-04-06,ADJ_NEGATIVE,ERROR,adj_factor,1
2007-04-06,MISSING_VALUE,WARN,amount,168
2007-04-09,ADJ_NEGATIVE,ERROR,adj_factor,1
2007-04-09,MISSING_VALUE,WARN,amount,168
2007-04-10,ADJ_NEGATIVE,ERROR,adj_factor,1
2007-04-10,MISSING_VALUE,WARN,amount,168
2007-04-11,ADJ_FACTOR_CA_MISMATCH,WARN,fq_factor,1
2007-04-11,ADJ_NEGATIVE,ERROR,adj_factor,1
2007-04-11,MISSING_VALUE,WARN,amount,168
2007-04-12,ADJ_FACTOR_CA_MISMATCH,WARN,fq_factor,4
2007-04-12,ADJ_NEGATIVE,ERROR,adj_factor,2
2007-04-12,MISSING_VALUE,WARN,amount,168
2007-04-13,ADJ_NEGATIVE,ERROR,adj_factor,2
2007-04-13,MISSING_VALUE,WARN,amount,168
2007-04-16,ADJ_FACTOR_CA_MISMATCH,WARN,fq_factor,3
2007-04-16,ADJ_NEGATIVE,ERROR,adj_factor,1
2007-04-16,MISSING_VALUE,WARN,amount,168
2007-04-17,ADJ_FACTOR_CA_MISMATCH,WARN,fq_factor,3
2007-04-17,ADJ_NEGATIVE,ERROR,adj_factor,1
2007-04-17,MISSING_VALUE,WARN,amount,168
2007-04-18,ADJ_FACTOR_CA_MISMATCH,WARN,fq_factor,2
2007-04-18,MISSING_VALUE,WARN,amount,168
2007-04-19,MISSING_VALUE,WARN,amount,168
2007-04-20,ADJ_FACTOR_CA_MISMATCH,WARN,fq_factor,3
2007-04-20,MISSING_VALUE,WARN,amount,168
2007-04-23,ADJ_FACTOR_CA_MISMATCH,WARN,fq_factor,3
2007-04-23,MISSING_VALUE,WARN,amount,169
2007-04-24,ADJ_FACTOR_CA_MISMATCH,WARN,fq_factor,5
2007-04-24,MISSING_VALUE,WARN,amount,168
2007-04-25,ADJ_FACTOR_CA_MISMATCH,WARN,fq_factor,5
2007-04-25,MISSING_VALUE,WARN,amount,168
2007-04-26,ADJ_FACTOR_CA_MISMATCH,WARN,fq_factor,4
2007-04-26,MISSING_VALUE,WARN,amount,169
2007-04-27,ADJ_FACTOR_CA_MISMATCH,WARN,fq_factor,6
2007-04-27,MISSING_VALUE,WARN,amount,168
2007-04-30,ADJ_FACTOR_CA_MISMATCH,WARN,fq_factor,3
2007-04-30,MISSING_VALUE,WARN,amount,166
2007-05-08,MISSING_VALUE,WARN,amount,166
2007-05-09,ADJ_FACTOR_CA_MISMATCH,WARN,fq_factor,1
2007-05-09,MISSING_VALUE,WARN,amount,167
2007-05-10,ADJ_FACTOR_CA_MISMATCH,WARN,fq_factor,2
2007-05-10,MISSING_VALUE,WARN,amount,167
2007-05-11,ADJ_FACTOR_CA_MISMATCH,WARN,fq_factor,4
2007-05-11,MISSING_VALUE,WARN,amount,167
2007-05-14,ADJ_FACTOR_CA_MISMATCH,WARN,fq_factor,1
2007-05-14,MISSING_VALUE,WARN,amount,166
2007-05-15,MISSING_VALUE,WARN,amount,166
2007-05-16,ADJ_FACTOR_CA_MISMATCH,WARN,fq_factor,6
2007-05-16,MISSING_VALUE,WARN,amount,166
2007-05-17,ADJ_FACTOR_CA_MISMATCH,WARN,fq_factor,9
2007-05-17,MISSING_VALUE,WARN,amount,166
2007-05-18,ADJ_FACTOR_CA_MISMATCH,WARN,fq_factor,10
2007-05-18,MISSING_VALUE,WARN,amount,167
2007-05-21,ADJ_FACTOR_CA_MISMATCH,WARN,fq_factor,6
2007-05-21,MISSING_VALUE,WARN,amount,166
2007-05-21,VWAP_OUT_OF_RANGE,ERROR,amount,1
2007-05-22,ADJ_FACTOR_CA_MISMATCH,WARN,fq_factor,9
2007-05-22,MISSING_VALUE,WARN,amount,166
2007-05-22,VWAP_OUT_OF_RANGE,ERROR,amount,1
2007-05-23,ADJ_FACTOR_CA_MISMATCH,WARN,fq_factor,7
2007-05-23,MISSING_VALUE,WARN,amount,167
2007-05-23,VWAP_OUT_OF_RANGE,ERROR,amount,1
2007-05-24,ADJ_FACTOR_CA_MISMATCH,WARN,fq_factor,9
2007-05-24,MISSING_VALUE,WARN,amount,167
2007-05-24,VWAP_OUT_OF_RANGE,ERROR,amount,1
2007-05-25,ADJ_FACTOR_CA_MISMATCH,WARN,fq_factor,9
2007-05-25,MISSING_VALUE,WARN,amount,165
2007-05-28,ADJ_FACTOR_CA_MISMATCH,WARN,fq_factor,7
2007-05-28,MISSING_VALUE,WARN,amount,165
2007-05-29,ADJ_FACTOR_CA_MISMATCH,WARN,fq_factor,4
2007-05-29,MISSING_VALUE,WARN,amount,165
2007-05-30,ADJ_FACTOR_CA_MISMATCH,WARN,fq_factor,5
2007-05-30,MISSING_VALUE,WARN,amount,165
2007-05-31,ADJ_FACTOR_CA_MISMATCH,WARN,fq_factor,7
2007-05-31,MISSING_VALUE,WARN,amount,164
2007-06-01,ADJ_FACTOR_CA_MISMATCH,WARN,fq_factor,7
2007-06-01,MISSING_VALUE,WARN,amount,163
2007-06-04,ADJ_FACTOR_CA_MISMATCH,WARN,fq_factor,5
2007-06-04,MISSING_VALUE,WARN,amount,163
2007-06-05,ADJ_FACTOR_CA_MISMATCH,WARN,fq_factor,8
2007-06-05,MISSING_VALUE,WARN,amount,163
2007-06-06,ADJ_FACTOR_CA_MISMATCH,WARN,fq_factor,13
2007-06-06,MISSING_VALUE,WARN,amount,163
2007-06-07,ADJ_FACTOR_CA_MISMATCH,WARN,fq_factor,5
2007-06-07,MISSING_VALUE,WARN,amount,163
2007-06-08,ADJ_FACTOR_CA_MISMATCH,WARN,fq_factor,10
2007-06-08,MISSING_VALUE,WARN,amount,163
2007-06-11,ADJ_FACTOR_CA_MISMATCH,WARN,fq_factor,9
2007-06-11,MISSING_VALUE,WARN,amount,163
2007-06-12,ADJ_FACTOR_CA_MISMATCH,WARN,fq_factor,8
2007-06-12,MISSING_VALUE,WARN,amount,163
2007-06-13,ADJ_FACTOR_CA_MISMATCH,WARN,fq_factor,11
2007-06-13,MISSING_VALUE,WARN,amount,163
2007-06-14,ADJ_FACTOR_CA_MISMATCH,WARN,fq_factor,9
2007-06-14,MISSING_VALUE,WARN,amount,163
2007-06-15,ADJ_FACTOR_CA_MISMATCH,WARN,fq_factor,10
2007-06-15,MISSING_VALUE,WARN,amount,163
2007-06-18,ADJ_FACTOR_CA_MISMATCH,WARN,fq_factor,10
2007-06-18,MISSING_VALUE,WARN,amount,163
2007-06-19,ADJ_FACTOR_CA_MISMATCH,WARN,fq_factor,17
2007-06-19,MISSING_VALUE,WARN,amount,163
2007-06-20,ADJ_FACTOR_CA_MISMATCH,WARN,fq_factor,12
2007-06-20,MISSING_VALUE,WARN,amount,163
2007-06-21,ADJ_FACTOR_CA_MISMATCH,WARN,fq_factor,6
2007-06-21,MISSING_VALUE,WARN,amount,163
2007-06-22,ADJ_FACTOR_CA_MISMATCH,WARN,fq_factor,11
2007-06-22,MISSING_VALUE,WARN,amount,163
2007-06-25,ADJ_FACTOR_CA_MISMATCH,WARN,fq_factor,15
2007-06-25,MISSING_VALUE,WARN,amount,164
2007-06-26,ADJ_FACTOR_CA_MISMATCH,WARN,fq_factor,12
2007-06-26,MISSING_VALUE,WARN,amount,163
2007-06-27,ADJ_FACTOR_CA_MISMATCH,WARN,fq_factor,3
2007-06-27,MISSING_VALUE,WARN,amount,163
2007-06-28,ADJ_FACTOR_CA_MISMATCH,WARN,fq_factor,4
2007-06-28,MISSING_VALUE,WARN,amount,162
2007-06-29,ADJ_FACTOR_CA_MISMATCH,WARN,fq_factor,3
2007-06-29,MISSING_VALUE,WARN,amount,162
2007-07-02,ADJ_FACTOR_CA_MISMATCH,WARN,fq_factor,11
2007-07-02,MISSING_VALUE,WARN,amount,163
2007-07-03,ADJ_FACTOR_CA_MISMATCH,WARN,fq_factor,4
2007-07-03,MISSING_VALUE,WARN,amount,162
2007-07-04,ADJ_FACTOR_CA_MISMATCH,WARN,fq_factor,8
2007-07-04,MISSING_VALUE,WARN,amount,162
2007-07-05,ADJ_FACTOR_CA_MISMATCH,WARN,fq_factor,12
2007-07-05,MISSING_VALUE,WARN,amount,162
2007-07-06,ADJ_FACTOR_CA_MISMATCH,WARN,fq_factor,4
2007-07-06,MISSING_VALUE,WARN,amount,162
2007-07-09,ADJ_FACTOR_CA_MISMATCH,WARN,fq_factor,6
2007-07-09,MISSING_VALUE,WARN,amount,162
2007-07-10,ADJ_FACTOR_CA_MISMATCH,WARN,fq_factor,12
2007-07-10,MISSING_VALUE,WARN,amount,162
2007-07-11,ADJ_FACTOR_CA_MISMATCH,WARN,fq_factor,11
2007-07-11,MISSING_VALUE,WARN,amount,162
2007-07-12,ADJ_FACTOR_CA_MISMATCH,WARN,fq_factor,7
2007-07-12,MISSING_VALUE,WARN,amount,162
2007-07-13,ADJ_FACTOR_CA_MISMATCH,WARN,fq_factor,7
2007-07-13,MISSING_VALUE,WARN,amount,162
2007-07-16,ADJ_FACTOR_CA_MISMATCH,WARN,fq_factor,5
2007-07-16,MISSING_VALUE,WARN,amount,162
2007-07-17,ADJ_FACTOR_CA_MISMATCH,WARN,fq_factor,3
2007-07-17,MISSING_VALUE,WARN,amount,162
2007-07-18,ADJ_FACTOR_CA_MISMATCH,WARN,fq_factor,6
2007-07-18,MISSING_VALUE,WARN,amount,162
2007-07-19,ADJ_FACTOR_CA_MISMATCH,WARN,fq_factor,9
2007-07-19,MISSING_VALUE,WARN,amount,162
2007-07-20,ADJ_FACTOR_CA_MISMATCH,WARN,fq_factor,11
2007-07-20,MISSING_VALUE,WARN,amount,163
2007-07-23,ADJ_FACTOR_CA_MISMATCH,WARN,fq_factor,4
2007-07-23,MISSING_VALUE,WARN,amount,163
2007-07-24,ADJ_FACTOR_CA_MISMATCH,WARN,fq_factor,3
2007-07-24,MISSING_VALUE,WARN,amount,163
2007-07-25,ADJ_FACTOR_CA_MISMATCH,WARN,fq_factor,4
2007-07-25,MISSING_VALUE,WARN,amount,163
2007-07-26,ADJ_FACTOR_CA_MISMATCH,WARN,fq_factor,1
2007-07-26,MISSING_VALUE,WARN,amount,164
2007-07-27,ADJ_FACTOR_CA_MISMATCH,WARN,fq_factor,2
2007-07-27,MISSING_VALUE,WARN,amount,163
2007-07-30,MISSING_VALUE,WARN,amount,163
2007-07-31,ADJ_FACTOR_CA_MISMATCH,WARN,fq_factor,1
2007-07-31,MISSING_VALUE,WARN,amount,163
2007-08-01,ADJ_FACTOR_CA_MISMATCH,WARN,fq_factor,3
2007-08-01,MISSING_VALUE,WARN,amount,163
2007-08-02,ADJ_FACTOR_CA_MISMATCH,WARN,fq_factor,2
2007-08-02,MISSING_VALUE,WARN,amount,163
2007-08-03,ADJ_FACTOR_CA_MISMATCH,WARN,fq_factor,2
2007-08-03,MISSING_VALUE,WARN,amount,163
2007-08-06,ADJ_FACTOR_CA_MISMATCH,WARN,fq_factor,2
2007-08-06,MISSING_VALUE,WARN,amount,163
2007-08-07,ADJ_FACTOR_CA_MISMATCH,WARN,fq_factor,1
2007-08-07,MISSING_VALUE,WARN,amount,163
2007-08-08,ADJ_FACTOR_CA_MISMATCH,WARN,fq_factor,1
2007-08-08,MISSING_VALUE,WARN,amount,164
2007-08-09,ADJ_FACTOR_CA_MISMATCH,WARN,fq_factor,2
2007-08-09,MISSING_VALUE,WARN,amount,164
2007-08-10,ADJ_FACTOR_CA_MISMATCH,WARN,fq_factor,2
2007-08-10,MISSING_VALUE,WARN,amount,164
2007-08-13,ADJ_FACTOR_CA_MISMATCH,WARN,fq_factor,5
2007-08-13,MISSING_VALUE,WARN,amount,164
2007-08-14,ADJ_FACTOR_CA_MISMATCH,WARN,fq_factor,1
2007-08-14,MISSING_VALUE,WARN,amount,164
2007-08-15,ADJ_FACTOR_CA_MISMATCH,WARN,fq_factor,4
2007-08-15,MISSING_VALUE,WARN,amount,164
2007-08-16,ADJ_FACTOR_CA_MISMATCH,WARN,fq_factor,4
2007-08-16,MISSING_VALUE,WARN,amount,164
2007-08-17,MISSING_VALUE,WARN,amount,164
2007-08-20,ADJ_FACTOR_CA_MISMATCH,WARN,fq_factor,1
2007-08-20,MISSING_VALUE,WARN,amount,164
2007-08-21,ADJ_FACTOR_CA_MISMATCH,WARN,fq_factor,3
2007-08-21,MISSING_VALUE,WARN,amount,164
2007-08-22,ADJ_FACTOR_CA_MISMATCH,WARN,fq_factor,4
2007-08-22,MISSING_VALUE,WARN,amount,165
2007-08-23,ADJ_FACTOR_CA_MISMATCH,WARN,fq_factor,3
2007-08-23,MISSING_VALUE,WARN,amount,165
2007-08-24,ADJ_FACTOR_CA_MISMATCH,WARN,fq_factor,3
2007-08-24,MISSING_VALUE,WARN,amount,165
2007-08-27,ADJ_FACTOR_CA_MISMATCH,WARN,fq_factor,2
2007-08-27,MISSING_VALUE,WARN,amount,165
2007-08-28,ADJ_FACTOR_CA_MISMATCH,WARN,fq_factor,1
2007-08-28,MISSING_VALUE,WARN,amount,165
2007-08-29,ADJ_FACTOR_CA_MISMATCH,WARN,fq_factor,1
2007-08-29,MISSING_VALUE,WARN,amount,165
2007-08-30,ADJ_FACTOR_CA_MISMATCH,WARN,fq_factor,1
2007-08-30,MISSING_VALUE,WARN,amount,165
2007-08-31,MISSING_VALUE,WARN,amount,165
2007-09-03,ADJ_FACTOR_CA_MISMATCH,WARN,fq_factor,1
2007-09-03,MISSING_VALUE,WARN,amount,165
2007-09-04,MISSING_VALUE,WARN,amount,165
2007-09-05,MISSING_VALUE,WARN,amount,165
2007-09-06,MISSING_VALUE,WARN,amount,165
2007-09-07,MISSING_VALUE,WARN,amount,165
2007-09-10,MISSING_VALUE,WARN,amount,165
2007-09-11,ADJ_FACTOR_CA_MISMATCH,WARN,fq_factor,1
2007-09-11,MISSING_VALUE,WARN,amount,165
2007-09-12,MISSING_VALUE,WARN,amount,165
2007-09-13,MISSING_VALUE,WARN,amount,165
2007-09-14,MISSING_VALUE,WARN,amount,165
2007-09-17,MISSING_VALUE,WARN,amount,165
2007-09-18,MISSING_VALUE,WARN,amount,165
2007-09-19,ADJ_FACTOR_CA_MISMATCH,WARN,fq_factor,1
2007-09-19,MISSING_VALUE,WARN,amount,165
2007-09-20,ADJ_FACTOR_CA_MISMATCH,WARN,fq_factor,1
2007-09-20,MISSING_VALUE,WARN,amount,165
2007-09-21,MISSING_VALUE,WARN,amount,165
2007-09-24,MISSING_VALUE,WARN,amount,165
2007-09-25,MISSING_VALUE,WARN,amount,165
2007-09-26,MISSING_VALUE,WARN,amount,165
2007-09-27,MISSING_VALUE,WARN,amount,165
2007-09-28,MISSING_VALUE,WARN,amount,165
2007-10-08,MISSING_VALUE,WARN,amount,165
2007-10-09,MISSING_VALUE,WARN,amount,165
2007-10-10,MISSING_VALUE,WARN,amount,165
2007-10-11,MISSING_VALUE,WARN,amount,165
2007-10-12,MISSING_VALUE,WARN,amount,165
2007-10-15,MISSING_VALUE,WARN,amount,165
2007-10-16,MISSING_VALUE,WARN,amount,165
2007-10-17,MISSING_VALUE,WARN,amount,165
2007-10-18,MISSING_VALUE,WARN,amount,165
2007-10-19,MISSING_VALUE,WARN,amount,165
2007-10-22,MISSING_VALUE,WARN,amount,165
2007-10-23,MISSING_VALUE,WARN,amount,165
2007-10-24,ADJ_FACTOR_CA_MISMATCH,WARN,fq_factor,1
2007-10-24,MISSING_VALUE,WARN,amount,165
2007-10-25,MISSING_VALUE,WARN,amount,165
2007-10-26,MISSING_VALUE,WARN,amount,166
2007-10-29,MISSING_VALUE,WARN,amount,165
2007-10-30,MISSING_VALUE,WARN,amount,165
2007-10-31,MISSING_VALUE,WARN,amount,165
2007-11-01,MISSING_VALUE,WARN,amount,165
2007-11-02,MISSING_VALUE,WARN,amount,165
2007-11-05,MISSING_VALUE,WARN,amount,165
2007-11-06,MISSING_VALUE,WARN,amount,165
2007-11-07,MISSING_VALUE,WARN,amount,165
2007-11-08,MISSING_VALUE,WARN,amount,165
2007-11-09,MISSING_VALUE,WARN,amount,165
2007-11-12,MISSING_VALUE,WARN,amount,165
2007-11-13,ADJ_FACTOR_CA_MISMATCH,WARN,fq_factor,1
2007-11-13,MISSING_VALUE,WARN,amount,165
2007-11-14,MISSING_VALUE,WARN,amount,165
2007-11-15,MISSING_VALUE,WARN,amount,165
2007-11-16,MISSING_VALUE,WARN,amount,165
2007-11-19,MISSING_VALUE,WARN,amount,165
2007-11-20,MISSING_VALUE,WARN,amount,164
2007-11-21,MISSING_VALUE,WARN,amount,164
2007-11-22,MISSING_VALUE,WARN,amount,164
2007-11-23,MISSING_VALUE,WARN,amount,166
2007-11-26,MISSING_VALUE,WARN,amount,165
2007-11-27,MISSING_VALUE,WARN,amount,164
2007-11-28,MISSING_VALUE,WARN,amount,164
2007-11-29,MISSING_VALUE,WARN,amount,164
2007-11-30,MISSING_VALUE,WARN,amount,164
2007-12-03,MISSING_VALUE,WARN,amount,164
2007-12-04,MISSING_VALUE,WARN,amount,164
2007-12-05,MISSING_VALUE,WARN,amount,164
2007-12-06,MISSING_VALUE,WARN,amount,164
2007-12-07,MISSING_VALUE,WARN,amount,164
2007-12-10,MISSING_VALUE,WARN,amount,164
2007-12-11,MISSING_VALUE,WARN,amount,164
2007-12-12,MISSING_VALUE,WARN,amount,164
2007-12-13,MISSING_VALUE,WARN,amount,163
2007-12-14,MISSING_VALUE,WARN,amount,163
2007-12-17,MISSING_VALUE,WARN,amount,163
2007-12-18,MISSING_VALUE,WARN,amount,163
2007-12-19,MISSING_VALUE,WARN,amount,163
2007-12-20,MISSING_VALUE,WARN,amount,163
2007-12-21,MISSING_VALUE,WARN,amount,163
2007-12-24,MISSING_VALUE,WARN,amount,163
2007-12-25,MISSING_VALUE,WARN,amount,163
2007-12-26,MISSING_VALUE,WARN,amount,162
2007-12-27,MISSING_VALUE,WARN,amount,162
2007-12-28,MISSING_VALUE,WARN,amount,162
2008-01-02,MISSING_VALUE,WARN,amount,163
2008-01-03,MISSING_VALUE,WARN,amount,162
2008-01-04,MISSING_VALUE,WARN,amount,162
2008-01-07,MISSING_VALUE,WARN,amount,162
2008-01-08,MISSING_VALUE,WARN,amount,162
2008-01-09,MISSING_VALUE,WARN,amount,162
2008-01-10,MISSING_VALUE,WARN,amount,162
2008-01-11,MISSING_VALUE,WARN,amount,162
2008-01-14,MISSING_VALUE,WARN,amount,162
2008-01-15,MISSING_VALUE,WARN,amount,162
2008-01-16,MISSING_VALUE,WARN,amount,162
2008-01-17,MISSING_VALUE,WARN,amount,162
2008-01-18,MISSING_VALUE,WARN,amount,162
2008-01-21,MISSING_VALUE,WARN,amount,162
2008-01-22,MISSING_VALUE,WARN,amount,163
2008-01-23,MISSING_VALUE,WARN,amount,163
2008-01-24,MISSING_VALUE,WARN,amount,162
2008-01-25,MISSING_VALUE,WARN,amount,162
2008-01-28,MISSING_VALUE,WARN,amount,162
2008-01-29,MISSING_VALUE,WARN,amount,162
2008-01-30,MISSING_VALUE,WARN,amount,162
2008-01-31,MISSING_VALUE,WARN,amount,162
2008-02-01,MISSING_VALUE,WARN,amount,162
2008-02-04,MISSING_VALUE,WARN,amount,162
2008-02-05,MISSING_VALUE,WARN,amount,162
2008-02-13,MISSING_VALUE,WARN,amount,162
2008-02-14,MISSING_VALUE,WARN,amount,162
2008-02-15,MISSING_VALUE,WARN,amount,162
2008-02-18,MISSING_VALUE,WARN,amount,163
2008-02-19,MISSING_VALUE,WARN,amount,162
2008-02-20,MISSING_VALUE,WARN,amount,162
2008-02-21,MISSING_VALUE,WARN,amount,162
2008-02-22,MISSING_VALUE,WARN,amount,162
2008-02-25,MISSING_VALUE,WARN,amount,162
2008-02-26,MISSING_VALUE,WARN,amount,162
2008-02-27,MISSING_VALUE,WARN,amount,162
2008-02-28,MISSING_VALUE,WARN,amount,163
2008-02-29,MISSING_VALUE,WARN,amount,163
2008-03-03,MISSING_VALUE,WARN,amount,163
2008-03-04,ADJ_FACTOR_CA_MISMATCH,WARN,fq_factor,1
2008-03-04,MISSING_VALUE,WARN,amount,163
2008-03-05,ADJ_FACTOR_CA_MISMATCH,WARN,fq_factor,1
2008-03-05,MISSING_VALUE,WARN,amount,163
2008-03-06,MISSING_VALUE,WARN,amount,163
2008-03-07,MISSING_VALUE,WARN,amount,163
2008-03-10,MISSING_VALUE,WARN,amount,163
2008-03-11,MISSING_VALUE,WARN,amount,163
2008-03-12,MISSING_VALUE,WARN,amount,163
2008-03-13,MISSING_VALUE,WARN,amount,163
2008-03-14,MISSING_VALUE,WARN,amount,164
2008-03-17,MISSING_VALUE,WARN,amount,163
2008-03-18,MISSING_VALUE,WARN,amount,162
2008-03-19,ADJ_FACTOR_CA_MISMATCH,WARN,fq_factor,1
2008-03-19,MISSING_VALUE,WARN,amount,162
2008-03-20,MISSING_VALUE,WARN,amount,162
2008-03-21,MISSING_VALUE,WARN,amount,163
2008-03-24,MISSING_VALUE,WARN,amount,162
2008-03-25,ADJ_FACTOR_CA_MISMATCH,WARN,fq_factor,1
2008-03-25,MISSING_VALUE,WARN,amount,162
2008-03-26,ADJ_FACTOR_CA_MISMATCH,WARN,fq_factor,1
2008-03-26,MISSING_VALUE,WARN,amount,162
2008-03-27,MISSING_VALUE,WARN,amount,162
2008-03-28,ADJ_FACTOR_CA_MISMATCH,WARN,fq_factor,1
2008-03-28,MISSING_VALUE,WARN,amount,162
2008-03-31,MISSING_VALUE,WARN,amount,162
2008-04-01,ADJ_FACTOR_CA_MISMATCH,WARN,fq_factor,1
2008-04-01,MISSING_VALUE,WARN,amount,162
2008-04-02,MISSING_VALUE,WARN,amount,162
2008-04-03,ADJ_FACTOR_CA_MISMATCH,WARN,fq_factor,1
2008-04-03,MISSING_VALUE,WARN,amount,162
2008-04-07,ADJ_FACTOR_CA_MISMATCH,WARN,fq_factor,1
2008-04-07,MISSING_VALUE,WARN,amount,162
2008-04-08,MISSING_VALUE,WARN,amount,162
2008-04-09,ADJ_FACTOR_CA_MISMATCH,WARN,fq_factor,3
2008-04-09,MISSING_VALUE,WARN,amount,163
2008-04-10,ADJ_FACTOR_CA_MISMATCH,WARN,fq_factor,1
2008-04-10,MISSING_VALUE,WARN,amount,162
2008-04-11,ADJ_FACTOR_CA_MISMATCH,WARN,fq_factor,2
2008-04-11,MISSING_VALUE,WARN,amount,162
2008-04-14,ADJ_FACTOR_CA_MISMATCH,WARN,fq_factor,1
2008-04-14,MISSING_VALUE,WARN,amount,162
2008-04-15,ADJ_FACTOR_CA_MISMATCH,WARN,fq_factor,2
2008-04-15,MISSING_VALUE,WARN,amount,162
2008-04-16,ADJ_FACTOR_CA_MISMATCH,WARN,fq_factor,2
2008-04-16,MISSING_VALUE,WARN,amount,162
2008-04-17,ADJ_FACTOR_CA_MISMATCH,WARN,fq_factor,3
2008-04-17,MISSING_VALUE,WARN,amount,162
2008-04-18,ADJ_FACTOR_CA_MISMATCH,WARN,fq_factor,2
2008-04-18,MISSING_VALUE,WARN,amount,162
2008-04-21,ADJ_FACTOR_CA_MISMATCH,WARN,fq_factor,6
2008-04-21,MISSING_VALUE,WARN,amount,162
2008-04-22,ADJ_FACTOR_CA_MISMATCH,WARN,fq_factor,1
2008-04-22,MISSING_VALUE,WARN,amount,162
2008-04-23,ADJ_FACTOR_CA_MISMATCH,WARN,fq_factor,2
2008-04-23,MISSING_VALUE,WARN,amount,162
2008-04-24,ADJ_FACTOR_CA_MISMATCH,WARN,fq_factor,4
2008-04-24,MISSING_VALUE,WARN,amount,162
2008-04-25,ADJ_FACTOR_CA_MISMATCH,WARN,fq_factor,1
2008-04-25,MISSING_VALUE,WARN,amount,162
2008-04-28,ADJ_FACTOR_CA_MISMATCH,WARN,fq_factor,1
2008-04-28,MISSING_VALUE,WARN,amount,162
2008-04-29,ADJ_FACTOR_CA_MISMATCH,WARN,fq_factor,1
2008-04-29,MISSING_VALUE,WARN,amount,162
2008-04-30,ADJ_FACTOR_CA_MISMATCH,WARN,fq_factor,4
2008-04-30,MISSING_VALUE,WARN,amount,162
2008-05-05,ADJ_FACTOR_CA_MISMATCH,WARN,fq_factor,3
2008-05-05,MISSING_VALUE,WARN,amount,162
2008-05-06,ADJ_FACTOR_CA_MISMATCH,WARN,fq_factor,2
2008-05-06,MISSING_VALUE,WARN,amount,162
2008-05-07,ADJ_FACTOR_CA_MISMATCH,WARN,fq_factor,2
2008-05-07,MISSING_VALUE,WARN,amount,162
2008-05-08,ADJ_FACTOR_CA_MISMATCH,WARN,fq_factor,2
2008-05-08,MISSING_VALUE,WARN,amount,162
2008-05-09,ADJ_FACTOR_CA_MISMATCH,WARN,fq_factor,5
2008-05-09,MISSING_VALUE,WARN,amount,162
2008-05-12,ADJ_FACTOR_CA_MISMATCH,WARN,fq_factor,3
2008-05-12,MISSING_VALUE,WARN,amount,163
2008-05-13,ADJ_FACTOR_CA_MISMATCH,WARN,fq_factor,7
2008-05-13,MISSING_VALUE,WARN,amount,163
2008-05-14,ADJ_FACTOR_CA_MISMATCH,WARN,fq_factor,3
2008-05-14,MISSING_VALUE,WARN,amount,163
2008-05-15,ADJ_FACTOR_CA_MISMATCH,WARN,fq_factor,7
2008-05-15,MISSING_VALUE,WARN,amount,164
2008-05-16,ADJ_FACTOR_CA_MISMATCH,WARN,fq_factor,9
2008-05-16,MISSING_VALUE,WARN,amount,163
2008-05-19,ADJ_FACTOR_CA_MISMATCH,WARN,fq_factor,6
2008-05-19,MISSING_VALUE,WARN,amount,163
2008-05-20,ADJ_FACTOR_CA_MISMATCH,WARN,fq_factor,11
2008-05-20,MISSING_VALUE,WARN,amount,162
2008-05-21,ADJ_FACTOR_CA_MISMATCH,WARN,fq_factor,3
2008-05-21,MISSING_VALUE,WARN,amount,162
2008-05-22,ADJ_FACTOR_CA_MISMATCH,WARN,fq_factor,11
2008-05-22,MISSING_VALUE,WARN,amount,162
2008-05-23,ADJ_FACTOR_CA_MISMATCH,WARN,fq_factor,12
2008-05-23,MISSING_VALUE,WARN,amount,162
2008-05-26,ADJ_FACTOR_CA_MISMATCH,WARN,fq_factor,4
2008-05-26,MISSING_VALUE,WARN,amount,162
2008-05-27,ADJ_FACTOR_CA_MISMATCH,WARN,fq_factor,4
2008-05-27,MISSING_VALUE,WARN,amount,162
2008-05-28,ADJ_FACTOR_CA_MISMATCH,WARN,fq_factor,10
2008-05-28,MISSING_VALUE,WARN,amount,162
2008-05-29,ADJ_FACTOR_CA_MISMATCH,WARN,fq_factor,6
2008-05-29,MISSING_VALUE,WARN,amount,162
2008-05-30,ADJ_FACTOR_CA_MISMATCH,WARN,fq_factor,9
2008-05-30,MISSING_VALUE,WARN,amount,162
2008-06-02,ADJ_FACTOR_CA_MISMATCH,WARN,fq_factor,8
2008-06-02,MISSING_VALUE,WARN,amount,162
2008-06-03,ADJ_FACTOR_CA_MISMATCH,WARN,fq_factor,7
2008-06-03,MISSING_VALUE,WARN,amount,163
2008-06-04,ADJ_FACTOR_CA_MISMATCH,WARN,fq_factor,6
2008-06-04,MISSING_VALUE,WARN,amount,163
2008-06-05,ADJ_FACTOR_CA_MISMATCH,WARN,fq_factor,7
2008-06-05,MISSING_VALUE,WARN,amount,163
2008-06-06,ADJ_FACTOR_CA_MISMATCH,WARN,fq_factor,12
2008-06-06,MISSING_VALUE,WARN,amount,164
2008-06-10,ADJ_FACTOR_CA_MISMATCH,WARN,fq_factor,7
2008-06-10,MISSING_VALUE,WARN,amount,163
2008-06-11,ADJ_FACTOR_CA_MISMATCH,WARN,fq_factor,7
2008-06-11,MISSING_VALUE,WARN,amount,164
2008-06-12,ADJ_FACTOR_CA_MISMATCH,WARN,fq_factor,8
2008-06-12,MISSING_VALUE,WARN,amount,164
2008-06-13,ADJ_FACTOR_CA_MISMATCH,WARN,fq_factor,14
2008-06-13,MISSING_VALUE,WARN,amount,164
2008-06-16,ADJ_FACTOR_CA_MISMATCH,WARN,fq_factor,9
2008-06-16,MISSING_VALUE,WARN,amount,166
2008-06-17,ADJ_FACTOR_CA_MISMATCH,WARN,fq_factor,13
2008-06-17,MISSING_VALUE,WARN,amount,165
2008-06-18,ADJ_FACTOR_CA_MISMATCH,WARN,fq_factor,9
2008-06-18,MISSING_VALUE,WARN,amount,164
2008-06-19,ADJ_FACTOR_CA_MISMATCH,WARN,fq_factor,13
2008-06-19,MISSING_VALUE,WARN,amount,164
2008-06-20,ADJ_FACTOR_CA_MISMATCH,WARN,fq_factor,11
2008-06-20,MISSING_VALUE,WARN,amount,164
2008-06-23,ADJ_FACTOR_CA_MISMATCH,WARN,fq_factor,15
2008-06-23,MISSING_VALUE,WARN,amount,164
2008-06-24,ADJ_FACTOR_CA_MISMATCH,WARN,fq_factor,5
2008-06-24,MISSING_VALUE,WARN,amount,164
2008-06-25,ADJ_FACTOR_CA_MISMATCH,WARN,fq_factor,13
2008-06-25,MISSING_VALUE,WARN,amount,164
2008-06-26,ADJ_FACTOR_CA_MISMATCH,WARN,fq_factor,4
2008-06-26,MISSING_VALUE,WARN,amount,164
2008-06-27,ADJ_FACTOR_CA_MISMATCH,WARN,fq_factor,8
2008-06-27,MISSING_VALUE,WARN,amount,165
2008-06-30,ADJ_FACTOR_CA_MISMATCH,WARN,fq_factor,3
2008-06-30,MISSING_VALUE,WARN,amount,165
2008-07-01,ADJ_FACTOR_CA_MISMATCH,WARN,fq_factor,9
2008-07-01,MISSING_VALUE,WARN,amount,165
2008-07-02,ADJ_FACTOR_CA_MISMATCH,WARN,fq_factor,3
2008-07-02,MISSING_VALUE,WARN,amount,164
2008-07-03,ADJ_FACTOR_CA_MISMATCH,WARN,fq_factor,11
2008-07-03,MISSING_VALUE,WARN,amount,163
2008-07-04,ADJ_FACTOR_CA_MISMATCH,WARN,fq_factor,2
2008-07-04,MISSING_VALUE,WARN,amount,163
2008-07-07,ADJ_FACTOR_CA_MISMATCH,WARN,fq_factor,5
2008-07-07,MISSING_VALUE,WARN,amount,163
2008-07-08,ADJ_FACTOR_CA_MISMATCH,WARN,fq_factor,3
2008-07-08,MISSING_VALUE,WARN,amount,163
2008-07-09,ADJ_FACTOR_CA_MISMATCH,WARN,fq_factor,4
2008-07-09,MISSING_VALUE,WARN,amount,163
2008-07-10,ADJ_FACTOR_CA_MISMATCH,WARN,fq_factor,6
2008-07-10,MISSING_VALUE,WARN,amount,163
2008-07-11,ADJ_FACTOR_CA_MISMATCH,WARN,fq_factor,13
2008-07-11,MISSING_VALUE,WARN,amount,162
2008-07-14,ADJ_FACTOR_CA_MISMATCH,WARN,fq_factor,7
2008-07-14,MISSING_VALUE,WARN,amount,162
2008-07-15,ADJ_FACTOR_CA_MISMATCH,WARN,fq_factor,3
2008-07-15,MISSING_VALUE,WARN,amount,162
2008-07-16,ADJ_FACTOR_CA_MISMATCH,WARN,fq_factor,3
2008-07-16,MISSING_VALUE,WARN,amount,163
2008-07-17,ADJ_FACTOR_CA_MISMATCH,WARN,fq_factor,7
2008-07-17,MISSING_VALUE,WARN,amount,163
2008-07-18,ADJ_FACTOR_CA_MISMATCH,WARN,fq_factor,3
2008-07-18,MISSING_VALUE,WARN,amount,163
2008-07-21,ADJ_FACTOR_CA_MISMATCH,WARN,fq_factor,8
2008-07-21,MISSING_VALUE,WARN,amount,163
2008-07-22,ADJ_FACTOR_CA_MISMATCH,WARN,fq_factor,5
2008-07-22,MISSING_VALUE,WARN,amount,163
2008-07-23,ADJ_FACTOR_CA_MISMATCH,WARN,fq_factor,2
2008-07-23,MISSING_VALUE,WARN,amount,163
2008-07-24,ADJ_FACTOR_CA_MISMATCH,WARN,fq_factor,3
2008-07-24,MISSING_VALUE,WARN,amount,163
2008-07-25,ADJ_FACTOR_CA_MISMATCH,WARN,fq_factor,5
2008-07-25,MISSING_VALUE,WARN,amount,163
2008-07-28,ADJ_FACTOR_CA_MISMATCH,WARN,fq_factor,2
2008-07-28,MISSING_VALUE,WARN,amount,163
2008-07-29,MISSING_VALUE,WARN,amount,163
2008-07-30,ADJ_FACTOR_CA_MISMATCH,WARN,fq_factor,3
2008-07-30,MISSING_VALUE,WARN,amount,163
2008-07-31,ADJ_FACTOR_CA_MISMATCH,WARN,fq_factor,1
2008-07-31,MISSING_VALUE,WARN,amount,163
2008-08-01,ADJ_FACTOR_CA_MISMATCH,WARN,fq_factor,4
2008-08-01,MISSING_VALUE,WARN,amount,163
2008-08-04,ADJ_FACTOR_CA_MISMATCH,WARN,fq_factor,4
2008-08-04,MISSING_VALUE,WARN,amount,163
2008-08-05,ADJ_FACTOR_CA_MISMATCH,WARN,fq_factor,1
2008-08-05,MISSING_VALUE,WARN,amount,163
2008-08-06,MISSING_VALUE,WARN,amount,163
2008-08-07,ADJ_FACTOR_CA_MISMATCH,WARN,fq_factor,3
2008-08-07,MISSING_VALUE,WARN,amount,163
2008-08-08,ADJ_FACTOR_CA_MISMATCH,WARN,fq_factor,1
2008-08-08,MISSING_VALUE,WARN,amount,163
2008-08-11,ADJ_FACTOR_CA_MISMATCH,WARN,fq_factor,3
2008-08-11,MISSING_VALUE,WARN,amount,163
2008-08-12,ADJ_FACTOR_CA_MISMATCH,WARN,fq_factor,2
2008-08-12,MISSING_VALUE,WARN,amount,163
2008-08-13,MISSING_VALUE,WARN,amount,163
2008-08-14,ADJ_FACTOR_CA_MISMATCH,WARN,fq_factor,3
2008-08-14,MISSING_VALUE,WARN,amount,163
2008-08-15,ADJ_FACTOR_CA_MISMATCH,WARN,fq_factor,1
2008-08-15,MISSING_VALUE,WARN,amount,163
2008-08-18,MISSING_VALUE,WARN,amount,164
2008-08-19,ADJ_FACTOR_CA_MISMATCH,WARN,fq_factor,3
2008-08-19,MISSING_VALUE,WARN,amount,163
2008-08-20,ADJ_FACTOR_CA_MISMATCH,WARN,fq_factor,3
2008-08-20,MISSING_VALUE,WARN,amount,163
2008-08-21,ADJ_FACTOR_CA_MISMATCH,WARN,fq_factor,3
2008-08-21,MISSING_VALUE,WARN,amount,163
2008-08-22,ADJ_FACTOR_CA_MISMATCH,WARN,fq_factor,3
2008-08-22,MISSING_VALUE,WARN,amount,163
2008-08-25,ADJ_FACTOR_CA_MISMATCH,WARN,fq_factor,2
2008-08-25,MISSING_VALUE,WARN,amount,163
2008-08-26,ADJ_FACTOR_CA_MISMATCH,WARN,fq_factor,3
2008-08-26,MISSING_VALUE,WARN,amount,163
2008-08-27,ADJ_FACTOR_CA_MISMATCH,WARN,fq_factor,1
2008-08-27,MISSING_VALUE,WARN,amount,163
2008-08-28,MISSING_VALUE,WARN,amount,163
2008-08-29,MISSING_VALUE,WARN,amount,163
2008-09-01,MISSING_VALUE,WARN,amount,163
2008-09-02,ADJ_FACTOR_CA_MISMATCH,WARN,fq_factor,1
2008-09-02,MISSING_VALUE,WARN,amount,163
2008-09-03,MISSING_VALUE,WARN,amount,163
2008-09-04,MISSING_VALUE,WARN,amount,163
2008-09-05,MISSING_VALUE,WARN,amount,163
2008-09-08,MISSING_VALUE,WARN,amount,164
2008-09-09,MISSING_VALUE,WARN,amount,163
2008-09-10,MISSING_VALUE,WARN,amount,163
2008-09-11,ADJ_NEGATIVE,ERROR,adj_factor,3
2008-09-11,MISSING_VALUE,WARN,amount,164
2008-09-12,ADJ_FACTOR_CA_MISMATCH,WARN,fq_factor,1
2008-09-12,ADJ_NEGATIVE,ERROR,adj_factor,3
2008-09-12,MISSING_VALUE,WARN,amount,163
2008-09-16,ADJ_NEGATIVE,ERROR,adj_factor,3
2008-09-16,MISSING_VALUE,WARN,amount,163
2008-09-17,ADJ_NEGATIVE,ERROR,adj_factor,3
2008-09-17,MISSING_VALUE,WARN,amount,165
2008-09-18,ADJ_NEGATIVE,ERROR,adj_factor,2
2008-09-18,MISSING_VALUE,WARN,amount,163
2008-09-19,ADJ_FACTOR_CA_MISMATCH,WARN,fq_factor,1
2008-09-19,ADJ_NEGATIVE,ERROR,adj_factor,3
2008-09-19,MISSING_VALUE,WARN,amount,163
2008-09-22,ADJ_FACTOR_CA_MISMATCH,WARN,fq_factor,1
2008-09-22,ADJ_NEGATIVE,ERROR,adj_factor,2
2008-09-22,MISSING_VALUE,WARN,amount,163
2008-09-23,ADJ_NEGATIVE,ERROR,adj_factor,3
2008-09-23,MISSING_VALUE,WARN,amount,163
2008-09-24,ADJ_FACTOR_CA_MISMATCH,WARN,fq_factor,1
2008-09-24,ADJ_NEGATIVE,ERROR,adj_factor,3
2008-09-24,MISSING_VALUE,WARN,amount,163
2008-09-25,ADJ_FACTOR_CA_MISMATCH,WARN,fq_factor,2
2008-09-25,ADJ_NEGATIVE,ERROR,adj_factor,3
2008-09-25,MISSING_VALUE,WARN,amount,163
2008-09-26,ADJ_NEGATIVE,ERROR,adj_factor,2
2008-09-26,MISSING_VALUE,WARN,amount,163
2008-10-06,ADJ_FACTOR_CA_MISMATCH,WARN,fq_factor,1
2008-10-06,ADJ_NEGATIVE,ERROR,adj_factor,2
2008-10-06,MISSING_VALUE,WARN,amount,163
2008-10-07,ADJ_NEGATIVE,ERROR,adj_factor,2
2008-10-07,MISSING_VALUE,WARN,amount,163
2008-10-08,ADJ_FACTOR_CA_MISMATCH,WARN,fq_factor,1
2008-10-08,ADJ_NEGATIVE,ERROR,adj_factor,2
2008-10-08,MISSING_VALUE,WARN,amount,163
2008-10-09,ADJ_NEGATIVE,ERROR,adj_factor,3
2008-10-09,MISSING_VALUE,WARN,amount,163
2008-10-10,ADJ_NEGATIVE,ERROR,adj_factor,2
2008-10-10,MISSING_VALUE,WARN,amount,163
2008-10-13,ADJ_NEGATIVE,ERROR,adj_factor,2
2008-10-13,MISSING_VALUE,WARN,amount,163
2008-10-14,ADJ_NEGATIVE,ERROR,adj_factor,2
2008-10-14,MISSING_VALUE,WARN,amount,163
2008-10-15,ADJ_NEGATIVE,ERROR,adj_factor,2
2008-10-15,MISSING_VALUE,WARN,amount,163
2008-10-16,ADJ_NEGATIVE,ERROR,adj_factor,3
2008-10-16,MISSING_VALUE,WARN,amount,163
2008-10-17,ADJ_NEGATIVE,ERROR,adj_factor,3
2008-10-17,MISSING_VALUE,WARN,amount,164
2008-10-20,ADJ_NEGATIVE,ERROR,adj_factor,2
2008-10-20,MISSING_VALUE,WARN,amount,163
2008-10-21,ADJ_NEGATIVE,ERROR,adj_factor,2
2008-10-21,MISSING_VALUE,WARN,amount,163
2008-10-22,ADJ_NEGATIVE,ERROR,adj_factor,2
2008-10-22,MISSING_VALUE,WARN,amount,163
2008-10-23,ADJ_FACTOR_CA_MISMATCH,WARN,fq_factor,1
2008-10-23,ADJ_NEGATIVE,ERROR,adj_factor,2
2008-10-23,MISSING_VALUE,WARN,amount,163
2008-10-24,ADJ_NEGATIVE,ERROR,adj_factor,2
2008-10-24,MISSING_VALUE,WARN,amount,163
2008-10-27,ADJ_NEGATIVE,ERROR,adj_factor,5
2008-10-27,MISSING_VALUE,WARN,amount,163
2008-10-28,ADJ_NEGATIVE,ERROR,adj_factor,7
2008-10-28,MISSING_VALUE,WARN,amount,163
2008-10-29,ADJ_NEGATIVE,ERROR,adj_factor,6
2008-10-29,MISSING_VALUE,WARN,amount,163
2008-10-30,ADJ_NEGATIVE,ERROR,adj_factor,5
2008-10-30,MISSING_VALUE,WARN,amount,163
2008-10-31,ADJ_NEGATIVE,ERROR,adj_factor,7
2008-10-31,MISSING_VALUE,WARN,amount,163
2008-11-03,ADJ_NEGATIVE,ERROR,adj_factor,8
2008-11-03,MISSING_VALUE,WARN,amount,163
2008-11-04,ADJ_FACTOR_CA_MISMATCH,WARN,fq_factor,1
2008-11-04,ADJ_NEGATIVE,ERROR,adj_factor,11
2008-11-04,MISSING_VALUE,WARN,amount,163
2008-11-05,ADJ_NEGATIVE,ERROR,adj_factor,9
2008-11-05,MISSING_VALUE,WARN,amount,163
2008-11-06,ADJ_NEGATIVE,ERROR,adj_factor,8
2008-11-06,MISSING_VALUE,WARN,amount,163
2008-11-07,ADJ_NEGATIVE,ERROR,adj_factor,7
2008-11-07,MISSING_VALUE,WARN,amount,163
2008-11-10,ADJ_FACTOR_CA_MISMATCH,WARN,fq_factor,2
2008-11-10,ADJ_NEGATIVE,ERROR,adj_factor,4
2008-11-10,MISSING_VALUE,WARN,amount,163
2008-11-11,ADJ_NEGATIVE,ERROR,adj_factor,4
2008-11-11,MISSING_VALUE,WARN,amount,163
2008-11-12,ADJ_FACTOR_CA_MISMATCH,WARN,fq_factor,1
2008-11-12,ADJ_NEGATIVE,ERROR,adj_factor,4
2008-11-12,MISSING_VALUE,WARN,amount,163
2008-11-13,ADJ_NEGATIVE,ERROR,adj_factor,3
2008-11-13,MISSING_VALUE,WARN,amount,164
2008-11-14,ADJ_NEGATIVE,ERROR,adj_factor,3
2008-11-14,MISSING_VALUE,WARN,amount,163
2008-11-17,ADJ_FACTOR_CA_MISMATCH,WARN,fq_factor,1
2008-11-17,ADJ_NEGATIVE,ERROR,adj_factor,2
2008-11-17,MISSING_VALUE,WARN,amount,163
2008-11-18,ADJ_NEGATIVE,ERROR,adj_factor,3
2008-11-18,MISSING_VALUE,WARN,amount,163
2008-11-19,ADJ_NEGATIVE,ERROR,adj_factor,3
2008-11-19,MISSING_VALUE,WARN,amount,163
2008-11-20,ADJ_NEGATIVE,ERROR,adj_factor,3
2008-11-20,MISSING_VALUE,WARN,amount,163
2008-11-21,ADJ_NEGATIVE,ERROR,adj_factor,3
2008-11-21,MISSING_VALUE,WARN,amount,164
2008-11-24,ADJ_NEGATIVE,ERROR,adj_factor,3
2008-11-24,MISSING_VALUE,WARN,amount,163
2008-11-25,ADJ_NEGATIVE,ERROR,adj_factor,3
2008-11-25,MISSING_VALUE,WARN,amount,163
2008-11-26,ADJ_NEGATIVE,ERROR,adj_factor,3
2008-11-26,MISSING_VALUE,WARN,amount,162
2008-11-27,ADJ_NEGATIVE,ERROR,adj_factor,3
2008-11-27,MISSING_VALUE,WARN,amount,162
2008-11-28,ADJ_NEGATIVE,ERROR,adj_factor,3
2008-11-28,MISSING_VALUE,WARN,amount,162
2008-12-01,ADJ_NEGATIVE,ERROR,adj_factor,3
2008-12-01,MISSING_VALUE,WARN,amount,162
2008-12-02,ADJ_NEGATIVE,ERROR,adj_factor,3
2008-12-02,MISSING_VALUE,WARN,amount,162
2008-12-03,ADJ_NEGATIVE,ERROR,adj_factor,3
2008-12-03,MISSING_VALUE,WARN,amount,162
2008-12-04,ADJ_NEGATIVE,ERROR,adj_factor,3
2008-12-04,MISSING_VALUE,WARN,amount,162
2008-12-05,ADJ_NEGATIVE,ERROR,adj_factor,3
2008-12-05,MISSING_VALUE,WARN,amount,164
2008-12-08,ADJ_NEGATIVE,ERROR,adj_factor,1
2008-12-08,MISSING_VALUE,WARN,amount,163
2008-12-09,ADJ_NEGATIVE,ERROR,adj_factor,1
2008-12-09,MISSING_VALUE,WARN,amount,163
2008-12-10,ADJ_FACTOR_CA_MISMATCH,WARN,fq_factor,1
2008-12-10,MISSING_VALUE,WARN,amount,163
2008-12-11,MISSING_VALUE,WARN,amount,163
2008-12-12,ADJ_FACTOR_CA_MISMATCH,WARN,fq_factor,2
2008-12-12,MISSING_VALUE,WARN,amount,163
2008-12-15,ADJ_NEGATIVE,ERROR,adj_factor,1
2008-12-15,MISSING_VALUE,WARN,amount,163
2008-12-16,ADJ_FACTOR_CA_MISMATCH,WARN,fq_factor,1
2008-12-16,ADJ_NEGATIVE,ERROR,adj_factor,1
2008-12-16,MISSING_VALUE,WARN,amount,164
2008-12-17,ADJ_FACTOR_CA_MISMATCH,WARN,fq_factor,1
2008-12-17,MISSING_VALUE,WARN,amount,163
2008-12-18,MISSING_VALUE,WARN,amount,164
2008-12-19,MISSING_VALUE,WARN,amount,163
2008-12-22,MISSING_VALUE,WARN,amount,163
2008-12-23,MISSING_VALUE,WARN,amount,163
2008-12-24,MISSING_VALUE,WARN,amount,163
2008-12-25,MISSING_VALUE,WARN,amount,164
2008-12-26,ADJ_FACTOR_CA_MISMATCH,WARN,fq_factor,1
2008-12-26,MISSING_VALUE,WARN,amount,164
2008-12-29,MISSING_VALUE,WARN,amount,163
2008-12-30,MISSING_VALUE,WARN,amount,163
2008-12-31,ADJ_NEGATIVE,ERROR,adj_factor,2
2008-12-31,MISSING_VALUE,WARN,amount,163
2009-01-05,MISSING_VALUE,WARN,amount,163
2009-01-06,MISSING_VALUE,WARN,amount,163
2009-01-07,MISSING_VALUE,WARN,amount,163
2009-01-08,MISSING_VALUE,WARN,amount,162
2009-01-09,MISSING_VALUE,WARN,amount,162
2009-01-12,MISSING_VALUE,WARN,amount,162
2009-01-13,MISSING_VALUE,WARN,amount,162
2009-01-14,MISSING_VALUE,WARN,amount,162
2009-01-15,MISSING_VALUE,WARN,amount,162
2009-01-16,MISSING_VALUE,WARN,amount,162
2009-01-19,MISSING_VALUE,WARN,amount,162
2009-01-20,MISSING_VALUE,WARN,amount,162
2009-01-21,MISSING_VALUE,WARN,amount,162
2009-01-22,MISSING_VALUE,WARN,amount,162
2009-01-23,ADJ_FACTOR_CA_MISMATCH,WARN,fq_factor,1
2009-01-23,MISSING_VALUE,WARN,amount,162
2009-02-02,MISSING_VALUE,WARN,amount,162
2009-02-03,MISSING_VALUE,WARN,amount,162
2009-02-04,MISSING_VALUE,WARN,amount,162
2009-02-05,MISSING_VALUE,WARN,amount,162
2009-02-05,VWAP_OUT_OF_RANGE,ERROR,amount,1
2009-02-06,MISSING_VALUE,WARN,amount,163
2009-02-09,ADJ_FACTOR_CA_MISMATCH,WARN,fq_factor,1
2009-02-09,MISSING_VALUE,WARN,amount,162
2009-02-09,VWAP_OUT_OF_RANGE,ERROR,amount,1
2009-02-10,MISSING_VALUE,WARN,amount,162
2009-02-11,MISSING_VALUE,WARN,amount,162
2009-02-12,MISSING_VALUE,WARN,amount,162
2009-02-13,MISSING_VALUE,WARN,amount,162
2009-02-16,MISSING_VALUE,WARN,amount,162
2009-02-17,MISSING_VALUE,WARN,amount,162
2009-02-18,MISSING_VALUE,WARN,amount,162
2009-02-19,MISSING_VALUE,WARN,amount,162
2009-02-20,MISSING_VALUE,WARN,amount,162
2009-02-23,MISSING_VALUE,WARN,amount,162
2009-02-24,MISSING_VALUE,WARN,amount,162
2009-02-25,MISSING_VALUE,WARN,amount,162
2009-02-26,MISSING_VALUE,WARN,amount,162
2009-02-27,MISSING_VALUE,WARN,amount,162
2009-03-02,MISSING_VALUE,WARN,amount,162
2009-03-03,MISSING_VALUE,WARN,amount,162
2009-03-04,MISSING_VALUE,WARN,amount,162
2009-03-05,MISSING_VALUE,WARN,amount,162
2009-03-06,MISSING_VALUE,WARN,amount,162
2009-03-09,MISSING_VALUE,WARN,amount,162
2009-03-10,MISSING_VALUE,WARN,amount,162
2009-03-11,MISSING_VALUE,WARN,amount,162
2009-03-12,MISSING_VALUE,WARN,amount,162
2009-03-13,MISSING_VALUE,WARN,amount,162
2009-03-16,MISSING_VALUE,WARN,amount,162
2009-03-17,MISSING_VALUE,WARN,amount,162
2009-03-18,ADJ_FACTOR_CA_MISMATCH,WARN,fq_factor,1
2009-03-18,MISSING_VALUE,WARN,amount,162
2009-03-19,MISSING_VALUE,WARN,amount,162
2009-03-20,MISSING_VALUE,WARN,amount,162
2009-03-23,MISSING_VALUE,WARN,amount,162
2009-03-24,MISSING_VALUE,WARN,amount,162
2009-03-25,MISSING_VALUE,WARN,amount,162
2009-03-26,ADJ_FACTOR_CA_MISMATCH,WARN,fq_factor,1
2009-03-26,MISSING_VALUE,WARN,amount,162
2009-03-27,MISSING_VALUE,WARN,amount,162
2009-03-30,MISSING_VALUE,WARN,amount,163
2009-03-31,MISSING_VALUE,WARN,amount,162
2009-04-01,ADJ_FACTOR_CA_MISMATCH,WARN,fq_factor,1
2009-04-01,MISSING_VALUE,WARN,amount,162
2009-04-02,ADJ_FACTOR_CA_MISMATCH,WARN,fq_factor,1
2009-04-02,MISSING_VALUE,WARN,amount,162
2009-04-03,ADJ_FACTOR_CA_MISMATCH,WARN,fq_factor,3
2009-04-03,MISSING_VALUE,WARN,amount,162
2009-04-07,MISSING_VALUE,WARN,amount,162
2009-04-08,ADJ_FACTOR_CA_MISMATCH,WARN,fq_factor,2
2009-04-08,MISSING_VALUE,WARN,amount,162
2009-04-09,ADJ_FACTOR_CA_MISMATCH,WARN,fq_factor,1
2009-04-09,MISSING_VALUE,WARN,amount,162
2009-04-10,ADJ_FACTOR_CA_MISMATCH,WARN,fq_factor,3
2009-04-10,MISSING_VALUE,WARN,amount,162
2009-04-13,ADJ_FACTOR_CA_MISMATCH,WARN,fq_factor,3
2009-04-13,MISSING_VALUE,WARN,amount,163
2009-04-14,ADJ_FACTOR_CA_MISMATCH,WARN,fq_factor,2
2009-04-14,MISSING_VALUE,WARN,amount,163
2009-04-15,ADJ_FACTOR_CA_MISMATCH,WARN,fq_factor,1
2009-04-15,MISSING_VALUE,WARN,amount,163
2009-04-16,ADJ_FACTOR_CA_MISMATCH,WARN,fq_factor,2
2009-04-16,MISSING_VALUE,WARN,amount,163
2009-04-17,ADJ_FACTOR_CA_MISMATCH,WARN,fq_factor,4
2009-04-17,MISSING_VALUE,WARN,amount,163
2009-04-20,ADJ_FACTOR_CA_MISMATCH,WARN,fq_factor,2
2009-04-20,MISSING_VALUE,WARN,amount,164
2009-04-21,ADJ_FACTOR_CA_MISMATCH,WARN,fq_factor,1
2009-04-21,MISSING_VALUE,WARN,amount,163
2009-04-22,ADJ_FACTOR_CA_MISMATCH,WARN,fq_factor,2
2009-04-22,MISSING_VALUE,WARN,amount,163
2009-04-23,ADJ_FACTOR_CA_MISMATCH,WARN,fq_factor,3
2009-04-23,MISSING_VALUE,WARN,amount,163
2009-04-24,ADJ_FACTOR_CA_MISMATCH,WARN,fq_factor,1
2009-04-24,MISSING_VALUE,WARN,amount,163
2009-04-24,VWAP_OUT_OF_RANGE,ERROR,amount,1
2009-04-27,ADJ_FACTOR_CA_MISMATCH,WARN,fq_factor,1
2009-04-27,MISSING_VALUE,WARN,amount,163
2009-04-28,ADJ_FACTOR_CA_MISMATCH,WARN,fq_factor,5
2009-04-28,MISSING_VALUE,WARN,amount,163
2009-04-29,ADJ_FACTOR_CA_MISMATCH,WARN,fq_factor,4
2009-04-29,MISSING_VALUE,WARN,amount,163
2009-04-30,ADJ_FACTOR_CA_MISMATCH,WARN,fq_factor,2
2009-04-30,MISSING_VALUE,WARN,amount,163
2009-05-04,ADJ_FACTOR_CA_MISMATCH,WARN,fq_factor,3
2009-05-04,MISSING_VALUE,WARN,amount,163
2009-05-05,ADJ_FACTOR_CA_MISMATCH,WARN,fq_factor,1
2009-05-05,MISSING_VALUE,WARN,amount,163
2009-05-06,ADJ_FACTOR_CA_MISMATCH,WARN,fq_factor,4
2009-05-06,MISSING_VALUE,WARN,amount,162
2009-05-07,ADJ_FACTOR_CA_MISMATCH,WARN,fq_factor,3
2009-05-07,MISSING_VALUE,WARN,amount,161
2009-05-08,ADJ_FACTOR_CA_MISMATCH,WARN,fq_factor,8
2009-05-08,MISSING_VALUE,WARN,amount,161
2009-05-11,ADJ_FACTOR_CA_MISMATCH,WARN,fq_factor,4
2009-05-11,MISSING_VALUE,WARN,amount,162
2009-05-12,ADJ_FACTOR_CA_MISMATCH,WARN,fq_factor,4
2009-05-12,MISSING_VALUE,WARN,amount,161
2009-05-13,ADJ_FACTOR_CA_MISMATCH,WARN,fq_factor,7
2009-05-13,MISSING_VALUE,WARN,amount,162
2009-05-14,ADJ_FACTOR_CA_MISMATCH,WARN,fq_factor,8
2009-05-14,MISSING_VALUE,WARN,amount,161
2009-05-15,ADJ_FACTOR_CA_MISMATCH,WARN,fq_factor,12
2009-05-15,MISSING_VALUE,WARN,amount,160
2009-05-18,ADJ_FACTOR_CA_MISMATCH,WARN,fq_factor,14
2009-05-18,MISSING_VALUE,WARN,amount,161
2009-05-19,ADJ_FACTOR_CA_MISMATCH,WARN,fq_factor,7
2009-05-19,MISSING_VALUE,WARN,amount,162
2009-05-20,ADJ_FACTOR_CA_MISMATCH,WARN,fq_factor,10
2009-05-20,MISSING_VALUE,WARN,amount,161
2009-05-21,ADJ_FACTOR_CA_MISMATCH,WARN,fq_factor,16
2009-05-21,MISSING_VALUE,WARN,amount,160
2009-05-22,ADJ_FACTOR_CA_MISMATCH,WARN,fq_factor,16
2009-05-22,MISSING_VALUE,WARN,amount,162
2009-05-25,ADJ_FACTOR_CA_MISMATCH,WARN,fq_factor,11
2009-05-25,MISSING_VALUE,WARN,amount,160
2009-05-26,ADJ_FACTOR_CA_MISMATCH,WARN,fq_factor,9
2009-05-26,MISSING_VALUE,WARN,amount,160
2009-05-27,ADJ_FACTOR_CA_MISMATCH,WARN,fq_factor,17
2009-05-27,MISSING_VALUE,WARN,amount,160
2009-06-01,ADJ_FACTOR_CA_MISMATCH,WARN,fq_factor,3
2009-06-01,MISSING_VALUE,WARN,amount,161
2009-06-02,ADJ_FACTOR_CA_MISMATCH,WARN,fq_factor,9
2009-06-02,MISSING_VALUE,WARN,amount,160
2009-06-03,ADJ_FACTOR_CA_MISMATCH,WARN,fq_factor,11
2009-06-03,MISSING_VALUE,WARN,amount,160
2009-06-04,ADJ_FACTOR_CA_MISMATCH,WARN,fq_factor,9
2009-06-04,MISSING_VALUE,WARN,amount,160
2009-06-05,ADJ_FACTOR_CA_MISMATCH,WARN,fq_factor,15
2009-06-05,MISSING_VALUE,WARN,amount,159
2009-06-08,ADJ_FACTOR_CA_MISMATCH,WARN,fq_factor,14
2009-06-08,MISSING_VALUE,WARN,amount,159
2009-06-09,ADJ_FACTOR_CA_MISMATCH,WARN,fq_factor,15
2009-06-09,MISSING_VALUE,WARN,amount,159
2009-06-10,ADJ_FACTOR_CA_MISMATCH,WARN,fq_factor,12
2009-06-10,MISSING_VALUE,WARN,amount,159
2009-06-11,ADJ_FACTOR_CA_MISMATCH,WARN,fq_factor,20
2009-06-11,MISSING_VALUE,WARN,amount,159
2009-06-12,ADJ_FACTOR_CA_MISMATCH,WARN,fq_factor,23
2009-06-12,MISSING_VALUE,WARN,amount,159
2009-06-15,ADJ_FACTOR_CA_MISMATCH,WARN,fq_factor,19
2009-06-15,MISSING_VALUE,WARN,amount,159
2009-06-16,ADJ_FACTOR_CA_MISMATCH,WARN,fq_factor,9
2009-06-16,MISSING_VALUE,WARN,amount,160
2009-06-17,ADJ_FACTOR_CA_MISMATCH,WARN,fq_factor,8
2009-06-17,MISSING_VALUE,WARN,amount,160
2009-06-18,ADJ_FACTOR_CA_MISMATCH,WARN,fq_factor,14
2009-06-18,MISSING_VALUE,WARN,amount,160
2009-06-19,ADJ_FACTOR_CA_MISMATCH,WARN,fq_factor,3
2009-06-19,MISSING_VALUE,WARN,amount,159
2009-06-22,ADJ_FACTOR_CA_MISMATCH,WARN,fq_factor,14
2009-06-22,MISSING_VALUE,WARN,amount,160
2009-06-23,ADJ_FACTOR_CA_MISMATCH,WARN,fq_factor,9
2009-06-23,MISSING_VALUE,WARN,amount,159
2009-06-24,ADJ_FACTOR_CA_MISMATCH,WARN,fq_factor,12
2009-06-24,MISSING_VALUE,WARN,amount,159
2009-06-25,ADJ_FACTOR_CA_MISMATCH,WARN,fq_factor,7
2009-06-25,MISSING_VALUE,WARN,amount,159
2009-06-26,ADJ_FACTOR_CA_MISMATCH,WARN,fq_factor,19
2009-06-26,MISSING_VALUE,WARN,amount,159
2009-06-29,ADJ_FACTOR_CA_MISMATCH,WARN,fq_factor,8
2009-06-29,MISSING_VALUE,WARN,amount,159
2009-06-30,ADJ_FACTOR_CA_MISMATCH,WARN,fq_factor,8
2009-06-30,MISSING_VALUE,WARN,amount,159
2009-07-01,ADJ_FACTOR_CA_MISMATCH,WARN,fq_factor,6
2009-07-01,MISSING_VALUE,WARN,amount,160
2009-07-02,ADJ_FACTOR_CA_MISMATCH,WARN,fq_factor,4
2009-07-02,MISSING_VALUE,WARN,amount,159
2009-07-03,ADJ_FACTOR_CA_MISMATCH,WARN,fq_factor,11
2009-07-03,MISSING_VALUE,WARN,amount,160
2009-07-06,ADJ_FACTOR_CA_MISMATCH,WARN,fq_factor,8
2009-07-06,MISSING_VALUE,WARN,amount,160
2009-07-07,ADJ_FACTOR_CA_MISMATCH,WARN,fq_factor,8
2009-07-07,MISSING_VALUE,WARN,amount,159
2009-07-08,ADJ_FACTOR_CA_MISMATCH,WARN,fq_factor,5
2009-07-08,MISSING_VALUE,WARN,amount,159
2009-07-09,ADJ_FACTOR_CA_MISMATCH,WARN,fq_factor,5
2009-07-09,MISSING_VALUE,WARN,amount,159
2009-07-10,ADJ_FACTOR_CA_MISMATCH,WARN,fq_factor,8
2009-07-10,MISSING_VALUE,WARN,amount,159
2009-07-13,ADJ_FACTOR_CA_MISMATCH,WARN,fq_factor,6
2009-07-13,MISSING_VALUE,WARN,amount,159
2009-07-14,ADJ_FACTOR_CA_MISMATCH,WARN,fq_factor,16
2009-07-14,MISSING_VALUE,WARN,amount,159
2009-07-15,ADJ_FACTOR_CA_MISMATCH,WARN,fq_factor,5
2009-07-15,MISSING_VALUE,WARN,amount,160
2009-07-16,ADJ_FACTOR_CA_MISMATCH,WARN,fq_factor,4
2009-07-16,MISSING_VALUE,WARN,amount,159
2009-07-17,ADJ_FACTOR_CA_MISMATCH,WARN,fq_factor,10
2009-07-17,MISSING_VALUE,WARN,amount,159
2009-07-20,ADJ_FACTOR_CA_MISMATCH,WARN,fq_factor,5
2009-07-20,MISSING_VALUE,WARN,amount,159
2009-07-21,ADJ_FACTOR_CA_MISMATCH,WARN,fq_factor,2
2009-07-21,MISSING_VALUE,WARN,amount,159
2009-07-22,ADJ_FACTOR_CA_MISMATCH,WARN,fq_factor,2
2009-07-22,MISSING_VALUE,WARN,amount,159
2009-07-23,ADJ_FACTOR_CA_MISMATCH,WARN,fq_factor,2
2009-07-23,MISSING_VALUE,WARN,amount,160
2009-07-24,ADJ_FACTOR_CA_MISMATCH,WARN,fq_factor,2
2009-07-24,MISSING_VALUE,WARN,amount,159
2009-07-27,ADJ_FACTOR_CA_MISMATCH,WARN,fq_factor,7
2009-07-27,MISSING_VALUE,WARN,amount,159
2009-07-28,ADJ_FACTOR_CA_MISMATCH,WARN,fq_factor,2
2009-07-28,MISSING_VALUE,WARN,amount,159
2009-07-29,ADJ_FACTOR_CA_MISMATCH,WARN,fq_factor,1
2009-07-29,MISSING_VALUE,WARN,amount,159
2009-07-30,ADJ_FACTOR_CA_MISMATCH,WARN,fq_factor,2
2009-07-30,MISSING_VALUE,WARN,amount,159
2009-07-31,ADJ_FACTOR_CA_MISMATCH,WARN,fq_factor,1
2009-07-31,MISSING_VALUE,WARN,amount,159
2009-08-03,ADJ_FACTOR_CA_MISMATCH,WARN,fq_factor,1
2009-08-03,MISSING_VALUE,WARN,amount,159
2009-08-04,ADJ_FACTOR_CA_MISMATCH,WARN,fq_factor,2
2009-08-04,MISSING_VALUE,WARN,amount,159
2009-08-05,ADJ_FACTOR_CA_MISMATCH,WARN,fq_factor,2
2009-08-05,MISSING_VALUE,WARN,amount,159
2009-08-06,ADJ_FACTOR_CA_MISMATCH,WARN,fq_factor,3
2009-08-06,MISSING_VALUE,WARN,amount,159
2009-08-07,ADJ_FACTOR_CA_MISMATCH,WARN,fq_factor,3
2009-08-07,MISSING_VALUE,WARN,amount,160
2009-08-10,ADJ_FACTOR_CA_MISMATCH,WARN,fq_factor,5
2009-08-10,MISSING_VALUE,WARN,amount,159
2009-08-11,MISSING_VALUE,WARN,amount,159
2009-08-12,ADJ_FACTOR_CA_MISMATCH,WARN,fq_factor,3
2009-08-12,MISSING_VALUE,WARN,amount,159
2009-08-13,ADJ_FACTOR_CA_MISMATCH,WARN,fq_factor,3
2009-08-13,MISSING_VALUE,WARN,amount,159
2009-08-14,ADJ_FACTOR_CA_MISMATCH,WARN,fq_factor,1
2009-08-14,MISSING_VALUE,WARN,amount,159
2009-08-17,ADJ_FACTOR_CA_MISMATCH,WARN,fq_factor,1
2009-08-17,MISSING_VALUE,WARN,amount,159
2009-08-18,ADJ_FACTOR_CA_MISMATCH,WARN,fq_factor,1
2009-08-18,MISSING_VALUE,WARN,amount,159
2009-08-19,ADJ_FACTOR_CA_MISMATCH,WARN,fq_factor,4
2009-08-19,MISSING_VALUE,WARN,amount,159
2009-08-20,ADJ_FACTOR_CA_MISMATCH,WARN,fq_factor,1
2009-08-20,MISSING_VALUE,WARN,amount,159
2009-08-21,ADJ_FACTOR_CA_MISMATCH,WARN,fq_factor,2
2009-08-21,MISSING_VALUE,WARN,amount,160
2009-08-24,ADJ_FACTOR_CA_MISMATCH,WARN,fq_factor,1
2009-08-24,MISSING_VALUE,WARN,amount,162
2009-08-25,ADJ_FACTOR_CA_MISMATCH,WARN,fq_factor,2
2009-08-25,MISSING_VALUE,WARN,amount,160
2009-08-26,MISSING_VALUE,WARN,amount,160
2009-08-27,MISSING_VALUE,WARN,amount,159
2009-08-28,MISSING_VALUE,WARN,amount,159
2009-08-31,MISSING_VALUE,WARN,amount,159
2009-09-01,ADJ_FACTOR_CA_MISMATCH,WARN,fq_factor,1
2009-09-01,MISSING_VALUE,WARN,amount,159
2009-09-02,MISSING_VALUE,WARN,amount,159
2009-09-03,ADJ_FACTOR_CA_MISMATCH,WARN,fq_factor,2
2009-09-03,MISSING_VALUE,WARN,amount,160
2009-09-04,ADJ_FACTOR_CA_MISMATCH,WARN,fq_factor,2
2009-09-04,MISSING_VALUE,WARN,amount,160
2009-09-07,MISSING_VALUE,WARN,amount,160
2009-09-08,ADJ_FACTOR_CA_MISMATCH,WARN,fq_factor,1
2009-09-08,MISSING_VALUE,WARN,amount,160
2009-09-09,MISSING_VALUE,WARN,amount,160
2009-09-10,ADJ_FACTOR_CA_MISMATCH,WARN,fq_factor,1
2009-09-10,MISSING_VALUE,WARN,amount,160
2009-09-11,MISSING_VALUE,WARN,amount,162
2009-09-14,MISSING_VALUE,WARN,amount,161
2009-09-15,MISSING_VALUE,WARN,amount,161
2009-09-16,ADJ_FACTOR_CA_MISMATCH,WARN,fq_factor,1
2009-09-16,MISSING_VALUE,WARN,amount,161
2009-09-17,ADJ_FACTOR_CA_MISMATCH,WARN,fq_factor,1
2009-09-17,MISSING_VALUE,WARN,amount,161
2009-09-18,MISSING_VALUE,WARN,amount,160
2009-09-21,ADJ_FACTOR_CA_MISMATCH,WARN,fq_factor,1
2009-09-21,MISSING_VALUE,WARN,amount,160
2009-09-22,ADJ_FACTOR_CA_MISMATCH,WARN,fq_factor,1
2009-09-22,MISSING_VALUE,WARN,amount,160
2009-09-23,ADJ_FACTOR_CA_MISMATCH,WARN,fq_factor,1
2009-09-23,MISSING_VALUE,WARN,amount,160
2009-09-24,MISSING_VALUE,WARN,amount,160
2009-09-25,ADJ_FACTOR_CA_MISMATCH,WARN,fq_factor,1
2009-09-25,MISSING_VALUE,WARN,amount,160
2009-09-28,MISSING_VALUE,WARN,amount,160
2009-09-29,MISSING_VALUE,WARN,amount,160
2009-09-30,ADJ_FACTOR_CA_MISMATCH,WARN,fq_factor,1
2009-09-30,MISSING_VALUE,WARN,amount,160
2009-10-09,MISSING_VALUE,WARN,amount,160
2009-10-12,MISSING_VALUE,WARN,amount,161
2009-10-13,MISSING_VALUE,WARN,amount,160
2009-10-14,MISSING_VALUE,WARN,amount,160
2009-10-15,ADJ_FACTOR_CA_MISMATCH,WARN,fq_factor,1
2009-10-15,MISSING_VALUE,WARN,amount,160
2009-10-16,MISSING_VALUE,WARN,amount,160
2009-10-19,MISSING_VALUE,WARN,amount,160
2009-10-20,MISSING_VALUE,WARN,amount,160
2009-10-21,ADJ_FACTOR_CA_MISMATCH,WARN,fq_factor,1
2009-10-21,MISSING_VALUE,WARN,amount,160
2009-10-22,ADJ_FACTOR_CA_MISMATCH,WARN,fq_factor,1
2009-10-22,MISSING_VALUE,WARN,amount,160
2009-10-23,MISSING_VALUE,WARN,amount,160
2009-10-26,MISSING_VALUE,WARN,amount,160
2009-10-27,ADJ_FACTOR_CA_MISMATCH,WARN,fq_factor,1
2009-10-27,MISSING_VALUE,WARN,amount,160
2009-10-28,MISSING_VALUE,WARN,amount,160
2009-10-29,MISSING_VALUE,WARN,amount,160
2009-10-30,MISSING_VALUE,WARN,amount,162
2009-11-02,MISSING_VALUE,WARN,amount,162
2009-11-03,MISSING_VALUE,WARN,amount,162
2009-11-04,ADJ_FACTOR_CA_MISMATCH,WARN,fq_factor,1
2009-11-04,MISSING_VALUE,WARN,amount,162
2009-11-05,MISSING_VALUE,WARN,amount,162
2009-11-06,MISSING_VALUE,WARN,amount,163
2009-11-09,MISSING_VALUE,WARN,amount,162
2009-11-10,MISSING_VALUE,WARN,amount,163
2009-11-11,MISSING_VALUE,WARN,amount,164
2009-11-12,ADJ_FACTOR_CA_MISMATCH,WARN,fq_factor,1
2009-11-12,MISSING_VALUE,WARN,amount,164
2009-11-13,MISSING_VALUE,WARN,amount,165
2009-11-16,MISSING_VALUE,WARN,amount,164
2009-11-17,MISSING_VALUE,WARN,amount,164
2009-11-18,MISSING_VALUE,WARN,amount,164
2009-11-19,MISSING_VALUE,WARN,amount,164
2009-11-20,MISSING_VALUE,WARN,amount,164
2009-11-23,MISSING_VALUE,WARN,amount,164
2009-11-24,MISSING_VALUE,WARN,amount,164
2009-11-25,MISSING_VALUE,WARN,amount,164
2009-11-26,MISSING_VALUE,WARN,amount,164
2009-11-27,MISSING_VALUE,WARN,amount,165
2009-11-30,MISSING_VALUE,WARN,amount,165
2009-12-01,MISSING_VALUE,WARN,amount,165
2009-12-02,MISSING_VALUE,WARN,amount,165
2009-12-03,MISSING_VALUE,WARN,amount,165
2009-12-04,MISSING_VALUE,WARN,amount,165
2009-12-07,MISSING_VALUE,WARN,amount,165
2009-12-08,ADJ_FACTOR_CA_MISMATCH,WARN,fq_factor,1
2009-12-08,MISSING_VALUE,WARN,amount,165
2009-12-09,MISSING_VALUE,WARN,amount,165
2009-12-10,MISSING_VALUE,WARN,amount,165
2009-12-11,MISSING_VALUE,WARN,amount,165
2009-12-14,MISSING_VALUE,WARN,amount,165
2009-12-15,ADJ_FACTOR_CA_MISMATCH,WARN,fq_factor,1
2009-12-15,MISSING_VALUE,WARN,amount,165
2009-12-16,MISSING_VALUE,WARN,amount,165
2009-12-17,MISSING_VALUE,WARN,amount,167
2009-12-18,MISSING_VALUE,WARN,amount,165
2009-12-21,MISSING_VALUE,WARN,amount,166
2009-12-22,MISSING_VALUE,WARN,amount,166
2009-12-23,MISSING_VALUE,WARN,amount,166
2009-12-24,MISSING_VALUE,WARN,amount,166
2009-12-25,MISSING_VALUE,WARN,amount,167
2009-12-28,MISSING_VALUE,WARN,amount,166
2009-12-29,MISSING_VALUE,WARN,amount,165
2009-12-30,MISSING_VALUE,WARN,amount,166
2009-12-31,MISSING_VALUE,WARN,amount,165
2010-01-04,MISSING_VALUE,WARN,amount,165
2010-01-05,MISSING_VALUE,WARN,amount,165
2010-01-06,MISSING_VALUE,WARN,amount,165
2010-01-07,MISSING_VALUE,WARN,amount,165
2010-01-08,MISSING_VALUE,WARN,amount,166
2010-01-11,MISSING_VALUE,WARN,amount,166
2010-01-12,MISSING_VALUE,WARN,amount,167
2010-01-13,MISSING_VALUE,WARN,amount,167
2010-01-14,MISSING_VALUE,WARN,amount,167
2010-01-15,ADJ_FACTOR_CA_MISMATCH,WARN,fq_factor,1
2010-01-15,MISSING_VALUE,WARN,amount,167
2010-01-18,MISSING_VALUE,WARN,amount,167
2010-01-19,MISSING_VALUE,WARN,amount,167
2010-01-20,MISSING_VALUE,WARN,amount,167
2010-01-21,MISSING_VALUE,WARN,amount,167
2010-01-22,MISSING_VALUE,WARN,amount,168
2010-01-25,MISSING_VALUE,WARN,amount,167
2010-01-26,MISSING_VALUE,WARN,amount,167
2010-01-27,MISSING_VALUE,WARN,amount,167
2010-01-28,MISSING_VALUE,WARN,amount,167
2010-01-29,MISSING_VALUE,WARN,amount,167
2010-02-01,MISSING_VALUE,WARN,amount,167
2010-02-02,MISSING_VALUE,WARN,amount,168
2010-02-03,MISSING_VALUE,WARN,amount,168
2010-02-04,MISSING_VALUE,WARN,amount,168
2010-02-05,MISSING_VALUE,WARN,amount,168
2010-02-08,MISSING_VALUE,WARN,amount,169
2010-02-09,MISSING_VALUE,WARN,amount,169
2010-02-10,MISSING_VALUE,WARN,amount,170
2010-02-11,MISSING_VALUE,WARN,amount,168
2010-02-12,MISSING_VALUE,WARN,amount,166
2010-02-22,MISSING_VALUE,WARN,amount,166
2010-02-23,MISSING_VALUE,WARN,amount,166
2010-02-24,MISSING_VALUE,WARN,amount,166
2010-02-25,MISSING_VALUE,WARN,amount,166
2010-02-26,MISSING_VALUE,WARN,amount,165
2010-03-01,MISSING_VALUE,WARN,amount,165
2010-03-02,MISSING_VALUE,WARN,amount,165
2010-03-03,MISSING_VALUE,WARN,amount,165
2010-03-04,MISSING_VALUE,WARN,amount,165
2010-03-05,MISSING_VALUE,WARN,amount,165
2010-03-08,ADJ_FACTOR_CA_MISMATCH,WARN,fq_factor,2
2010-03-08,MISSING_VALUE,WARN,amount,166
2010-03-09,ADJ_FACTOR_CA_MISMATCH,WARN,fq_factor,1
2010-03-09,MISSING_VALUE,WARN,amount,165
2010-03-10,ADJ_FACTOR_CA_MISMATCH,WARN,fq_factor,1
2010-03-10,MISSING_VALUE,WARN,amount,165
2010-03-11,ADJ_FACTOR_CA_MISMATCH,WARN,fq_factor,1
2010-03-11,MISSING_VALUE,WARN,amount,165
2010-03-12,ADJ_FACTOR_CA_MISMATCH,WARN,fq_factor,1
2010-03-12,MISSING_VALUE,WARN,amount,165
2010-03-15,ADJ_FACTOR_CA_MISMATCH,WARN,fq_factor,1
2010-03-15,MISSING_VALUE,WARN,amount,165
2010-03-16,MISSING_VALUE,WARN,amount,165
2010-03-17,ADJ_FACTOR_CA_MISMATCH,WARN,fq_factor,1
2010-03-17,MISSING_VALUE,WARN,amount,165
2010-03-18,ADJ_FACTOR_CA_MISMATCH,WARN,fq_factor,1
2010-03-18,MISSING_VALUE,WARN,amount,165
2010-03-19,MISSING_VALUE,WARN,amount,165
2010-03-22,MISSING_VALUE,WARN,amount,165
2010-03-23,ADJ_FACTOR_CA_MISMATCH,WARN,fq_factor,1
2010-03-23,MISSING_VALUE,WARN,amount,165
2010-03-24,MISSING_VALUE,WARN,amount,166
2010-03-25,ADJ_FACTOR_CA_MISMATCH,WARN,fq_factor,3
2010-03-25,MISSING_VALUE,WARN,amount,165
2010-03-26,MISSING_VALUE,WARN,amount,166
2010-03-29,MISSING_VALUE,WARN,amount,166
2010-03-30,MISSING_VALUE,WARN,amount,166
2010-03-31,ADJ_FACTOR_CA_MISMATCH,WARN,fq_factor,1
2010-03-31,MISSING_VALUE,WARN,amount,167
2010-04-01,MISSING_VALUE,WARN,amount,166
2010-04-02,ADJ_FACTOR_CA_MISMATCH,WARN,fq_factor,2
2010-04-02,MISSING_VALUE,WARN,amount,166
2010-04-06,MISSING_VALUE,WARN,amount,166
2010-04-07,MISSING_VALUE,WARN,amount,166
2010-04-08,ADJ_FACTOR_CA_MISMATCH,WARN,fq_factor,3
2010-04-08,MISSING_VALUE,WARN,amount,166
2010-04-09,ADJ_FACTOR_CA_MISMATCH,WARN,fq_factor,1
2010-04-09,MISSING_VALUE,WARN,amount,166
2010-04-12,ADJ_FACTOR_CA_MISMATCH,WARN,fq_factor,6
2010-04-12,MISSING_VALUE,WARN,amount,166
2010-04-13,ADJ_FACTOR_CA_MISMATCH,WARN,fq_factor,2
2010-04-13,MISSING_VALUE,WARN,amount,166
2010-04-14,MISSING_VALUE,WARN,amount,166
2010-04-15,ADJ_FACTOR_CA_MISMATCH,WARN,fq_factor,1
2010-04-15,MISSING_VALUE,WARN,amount,166
2010-04-16,ADJ_FACTOR_CA_MISMATCH,WARN,fq_factor,2
2010-04-16,MISSING_VALUE,WARN,amount,166
2010-04-19,ADJ_FACTOR_CA_MISMATCH,WARN,fq_factor,1
2010-04-19,MISSING_VALUE,WARN,amount,166
2010-04-20,ADJ_FACTOR_CA_MISMATCH,WARN,fq_factor,6
2010-04-20,MISSING_VALUE,WARN,amount,167
2010-04-21,ADJ_FACTOR_CA_MISMATCH,WARN,fq_factor,4
2010-04-21,MISSING_VALUE,WARN,amount,166
2010-04-22,ADJ_FACTOR_CA_MISMATCH,WARN,fq_factor,5
2010-04-22,MISSING_VALUE,WARN,amount,166
2010-04-23,ADJ_FACTOR_CA_MISMATCH,WARN,fq_factor,5
2010-04-23,MISSING_VALUE,WARN,amount,166
2010-04-26,ADJ_FACTOR_CA_MISMATCH,WARN,fq_factor,5
2010-04-26,MISSING_VALUE,WARN,amount,166
2010-04-27,ADJ_FACTOR_CA_MISMATCH,WARN,fq_factor,2
2010-04-27,MISSING_VALUE,WARN,amount,166
2010-04-28,ADJ_FACTOR_CA_MISMATCH,WARN,fq_factor,1
2010-04-28,MISSING_VALUE,WARN,amount,166
2010-04-29,ADJ_FACTOR_CA_MISMATCH,WARN,fq_factor,5
2010-04-29,MISSING_VALUE,WARN,amount,167
2010-04-30,ADJ_FACTOR_CA_MISMATCH,WARN,fq_factor,10
2010-04-30,MISSING_VALUE,WARN,amount,166
2010-05-04,ADJ_FACTOR_CA_MISMATCH,WARN,fq_factor,1
2010-05-04,MISSING_VALUE,WARN,amount,167
2010-05-05,ADJ_FACTOR_CA_MISMATCH,WARN,fq_factor,4
2010-05-05,MISSING_VALUE,WARN,amount,166
2010-05-06,ADJ_FACTOR_CA_MISMATCH,WARN,fq_factor,6
2010-05-06,MISSING_VALUE,WARN,amount,166
2010-05-07,ADJ_FACTOR_CA_MISMATCH,WARN,fq_factor,11
2010-05-07,MISSING_VALUE,WARN,amount,166
2010-05-10,ADJ_FACTOR_CA_MISMATCH,WARN,fq_factor,3
2010-05-10,MISSING_VALUE,WARN,amount,166
2010-05-11,ADJ_FACTOR_CA_MISMATCH,WARN,fq_factor,4
2010-05-11,MISSING_VALUE,WARN,amount,166
2010-05-12,ADJ_FACTOR_CA_MISMATCH,WARN,fq_factor,10
2010-05-12,MISSING_VALUE,WARN,amount,166
2010-05-13,ADJ_FACTOR_CA_MISMATCH,WARN,fq_factor,10
2010-05-13,MISSING_VALUE,WARN,amount,167
2010-05-14,ADJ_FACTOR_CA_MISMATCH,WARN,fq_factor,9
2010-05-14,MISSING_VALUE,WARN,amount,166
2010-05-17,ADJ_FACTOR_CA_MISMATCH,WARN,fq_factor,9
2010-05-17,MISSING_VALUE,WARN,amount,167
2010-05-18,ADJ_FACTOR_CA_MISMATCH,WARN,fq_factor,12
2010-05-18,MISSING_VALUE,WARN,amount,166
2010-05-19,ADJ_FACTOR_CA_MISMATCH,WARN,fq_factor,17
2010-05-19,MISSING_VALUE,WARN,amount,166
2010-05-20,ADJ_FACTOR_CA_MISMATCH,WARN,fq_factor,6
2010-05-20,MISSING_VALUE,WARN,amount,166
2010-05-21,ADJ_FACTOR_CA_MISMATCH,WARN,fq_factor,9
2010-05-21,MISSING_VALUE,WARN,amount,166
2010-05-24,ADJ_FACTOR_CA_MISMATCH,WARN,fq_factor,13
2010-05-24,MISSING_VALUE,WARN,amount,166
2010-05-25,ADJ_FACTOR_CA_MISMATCH,WARN,fq_factor,13
2010-05-25,MISSING_VALUE,WARN,amount,167
2010-05-26,ADJ_FACTOR_CA_MISMATCH,WARN,fq_factor,13
2010-05-26,MISSING_VALUE,WARN,amount,167
2010-05-27,ADJ_FACTOR_CA_MISMATCH,WARN,fq_factor,14
2010-05-27,MISSING_VALUE,WARN,amount,167
2010-05-28,ADJ_FACTOR_CA_MISMATCH,WARN,fq_factor,13
2010-05-28,MISSING_VALUE,WARN,amount,168
2010-05-31,ADJ_FACTOR_CA_MISMATCH,WARN,fq_factor,11
2010-05-31,MISSING_VALUE,WARN,amount,167
2010-06-01,ADJ_FACTOR_CA_MISMATCH,WARN,fq_factor,12
2010-06-01,MISSING_VALUE,WARN,amount,168
2010-06-02,ADJ_FACTOR_CA_MISMATCH,WARN,fq_factor,6
2010-06-02,MISSING_VALUE,WARN,amount,168
2010-06-03,ADJ_FACTOR_CA_MISMATCH,WARN,fq_factor,9
2010-06-03,MISSING_VALUE,WARN,amount,168
2010-06-04,ADJ_FACTOR_CA_MISMATCH,WARN,fq_factor,11
2010-06-04,MISSING_VALUE,WARN,amount,168
2010-06-07,ADJ_FACTOR_CA_MISMATCH,WARN,fq_factor,15
2010-06-07,MISSING_VALUE,WARN,amount,168
2010-06-08,ADJ_FACTOR_CA_MISMATCH,WARN,fq_factor,13
2010-06-08,MISSING_VALUE,WARN,amount,169
2010-06-09,ADJ_FACTOR_CA_MISMATCH,WARN,fq_factor,12
2010-06-09,MISSING_VALUE,WARN,amount,169
2010-06-10,ADJ_FACTOR_CA_MISMATCH,WARN,fq_factor,12
2010-06-10,MISSING_VALUE,WARN,amount,169
2010-06-11,ADJ_FACTOR_CA_MISMATCH,WARN,fq_factor,17
2010-06-11,MISSING_VALUE,WARN,amount,168
2010-06-17,ADJ_FACTOR_CA_MISMATCH,WARN,fq_factor,8
2010-06-17,MISSING_VALUE,WARN,amount,169
2010-06-18,ADJ_FACTOR_CA_MISMATCH,WARN,fq_factor,19
2010-06-18,MISSING_VALUE,WARN,amount,170
2010-06-21,ADJ_FACTOR_CA_MISMATCH,WARN,fq_factor,21
2010-06-21,MISSING_VALUE,WARN,amount,171
2010-06-22,ADJ_FACTOR_CA_MISMATCH,WARN,fq_factor,10
2010-06-22,MISSING_VALUE,WARN,amount,170
2010-06-23,ADJ_FACTOR_CA_MISMATCH,WARN,fq_factor,4
2010-06-23,MISSING_VALUE,WARN,amount,170
2010-06-24,ADJ_FACTOR_CA_MISMATCH,WARN,fq_factor,15
2010-06-24,MISSING_VALUE,WARN,amount,170
2010-06-25,ADJ_FACTOR_CA_MISMATCH,WARN,fq_factor,16
2010-06-25,MISSING_VALUE,WARN,amount,173
2010-06-28,ADJ_FACTOR_CA_MISMATCH,WARN,fq_factor,10
2010-06-28,MISSING_VALUE,WARN,amount,175
2010-06-29,ADJ_FACTOR_CA_MISMATCH,WARN,fq_factor,14
2010-06-29,MISSING_VALUE,WARN,amount,173
2010-06-30,ADJ_FACTOR_CA_MISMATCH,WARN,fq_factor,6
2010-06-30,MISSING_VALUE,WARN,amount,173
2010-07-01,ADJ_FACTOR_CA_MISMATCH,WARN,fq_factor,4
2010-07-01,MISSING_VALUE,WARN,amount,172
2010-07-02,ADJ_FACTOR_CA_MISMATCH,WARN,fq_factor,19
2010-07-02,MISSING_VALUE,WARN,amount,172
2010-07-05,ADJ_FACTOR_CA_MISMATCH,WARN,fq_factor,13
2010-07-05,MISSING_VALUE,WARN,amount,172
2010-07-06,ADJ_FACTOR_CA_MISMATCH,WARN,fq_factor,6
2010-07-06,MISSING_VALUE,WARN,amount,172
2010-07-07,ADJ_FACTOR_CA_MISMATCH,WARN,fq_factor,9
2010-07-07,MISSING_VALUE,WARN,amount,172
2010-07-08,ADJ_FACTOR_CA_MISMATCH,WARN,fq_factor,4
2010-07-08,MISSING_VALUE,WARN,amount,172
2010-07-09,ADJ_FACTOR_CA_MISMATCH,WARN,fq_factor,11
2010-07-09,MISSING_VALUE,WARN,amount,172
2010-07-12,ADJ_FACTOR_CA_MISMATCH,WARN,fq_factor,10
2010-07-12,MISSING_VALUE,WARN,amount,172
2010-07-13,ADJ_FACTOR_CA_MISMATCH,WARN,fq_factor,10
2010-07-13,MISSING_VALUE,WARN,amount,173
2010-07-14,ADJ_FACTOR_CA_MISMATCH,WARN,fq_factor,6
2010-07-14,MISSING_VALUE,WARN,amount,173
2010-07-15,ADJ_FACTOR_CA_MISMATCH,WARN,fq_factor,3
2010-07-15,MISSING_VALUE,WARN,amount,173
2010-07-16,ADJ_FACTOR_CA_MISMATCH,WARN,fq_factor,14
2010-07-16,MISSING_VALUE,WARN,amount,174
2010-07-19,ADJ_FACTOR_CA_MISMATCH,WARN,fq_factor,8
2010-07-19,MISSING_VALUE,WARN,amount,174
2010-07-20,ADJ_FACTOR_CA_MISMATCH,WARN,fq_factor,7
2010-07-20,MISSING_VALUE,WARN,amount,174
2010-07-21,ADJ_FACTOR_CA_MISMATCH,WARN,fq_factor,4
2010-07-21,MISSING_VALUE,WARN,amount,174
2010-07-22,ADJ_FACTOR_CA_MISMATCH,WARN,fq_factor,2
2010-07-22,MISSING_VALUE,WARN,amount,174
2010-07-23,ADJ_FACTOR_CA_MISMATCH,WARN,fq_factor,2
2010-07-23,MISSING_VALUE,WARN,amount,174
2010-07-26,MISSING_VALUE,WARN,amount,174
2010-07-27,ADJ_FACTOR_CA_MISMATCH,WARN,fq_factor,3
2010-07-27,MISSING_VALUE,WARN,amount,174
2010-07-28,ADJ_FACTOR_CA_MISMATCH,WARN,fq_factor,1
2010-07-28,MISSING_VALUE,WARN,amount,175
2010-07-29,ADJ_FACTOR_CA_MISMATCH,WARN,fq_factor,4
2010-07-29,MISSING_VALUE,WARN,amount,174
2010-07-30,ADJ_FACTOR_CA_MISMATCH,WARN,fq_factor,2
2010-07-30,MISSING_VALUE,WARN,amount,174
2010-08-02,ADJ_FACTOR_CA_MISMATCH,WARN,fq_factor,1
2010-08-02,MISSING_VALUE,WARN,amount,174
2010-08-03,ADJ_FACTOR_CA_MISMATCH,WARN,fq_factor,2
2010-08-03,MISSING_VALUE,WARN,amount,174
2010-08-04,ADJ_FACTOR_CA_MISMATCH,WARN,fq_factor,2
2010-08-04,MISSING_VALUE,WARN,amount,174
2010-08-05,ADJ_FACTOR_CA_MISMATCH,WARN,fq_factor,1
2010-08-05,MISSING_VALUE,WARN,amount,174
2010-08-06,ADJ_FACTOR_CA_MISMATCH,WARN,fq_factor,3
2010-08-06,MISSING_VALUE,WARN,amount,174
2010-08-09,ADJ_FACTOR_CA_MISMATCH,WARN,fq_factor,1
2010-08-09,MISSING_VALUE,WARN,amount,174
2010-08-10,ADJ_FACTOR_CA_MISMATCH,WARN,fq_factor,2
2010-08-10,MISSING_VALUE,WARN,amount,174
2010-08-11,MISSING_VALUE,WARN,amount,174
2010-08-12,ADJ_FACTOR_CA_MISMATCH,WARN,fq_factor,3
2010-08-12,MISSING_VALUE,WARN,amount,175
2010-08-13,ADJ_FACTOR_CA_MISMATCH,WARN,fq_factor,1
2010-08-13,MISSING_VALUE,WARN,amount,175
2010-08-16,ADJ_FACTOR_CA_MISMATCH,WARN,fq_factor,1
2010-08-16,MISSING_VALUE,WARN,amount,176
2010-08-17,ADJ_FACTOR_CA_MISMATCH,WARN,fq_factor,1
2010-08-17,MISSING_VALUE,WARN,amount,175
2010-08-18,ADJ_FACTOR_CA_MISMATCH,WARN,fq_factor,3
2010-08-18,MISSING_VALUE,WARN,amount,175
2010-08-19,ADJ_FACTOR_CA_MISMATCH,WARN,fq_factor,4
2010-08-19,MISSING_VALUE,WARN,amount,175
2010-08-20,MISSING_VALUE,WARN,amount,176
2010-08-23,ADJ_FACTOR_CA_MISMATCH,WARN,fq_factor,3
2010-08-23,MISSING_VALUE,WARN,amount,175
2010-08-24,ADJ_FACTOR_CA_MISMATCH,WARN,fq_factor,1
2010-08-24,MISSING_VALUE,WARN,amount,176
2010-08-25,ADJ_FACTOR_CA_MISMATCH,WARN,fq_factor,1
2010-08-25,MISSING_VALUE,WARN,amount,177
2010-08-26,ADJ_FACTOR_CA_MISMATCH,WARN,fq_factor,2
2010-08-26,MISSING_VALUE,WARN,amount,176
2010-08-27,ADJ_FACTOR_CA_MISMATCH,WARN,fq_factor,4
2010-08-27,MISSING_VALUE,WARN,amount,177
2010-08-30,MISSING_VALUE,WARN,amount,177
2010-08-31,MISSING_VALUE,WARN,amount,178
2010-09-01,MISSING_VALUE,WARN,amount,178
2010-09-02,ADJ_FACTOR_CA_MISMATCH,WARN,fq_factor,1
2010-09-02,MISSING_VALUE,WARN,amount,180
2010-09-03,ADJ_FACTOR_CA_MISMATCH,WARN,fq_factor,1
2010-09-03,MISSING_VALUE,WARN,amount,180
2010-09-06,MISSING_VALUE,WARN,amount,180
2010-09-07,MISSING_VALUE,WARN,amount,180
2010-09-08,MISSING_VALUE,WARN,amount,180
2010-09-09,ADJ_FACTOR_CA_MISMATCH,WARN,fq_factor,2
2010-09-09,MISSING_VALUE,WARN,amount,180
2010-09-10,ADJ_FACTOR_CA_MISMATCH,WARN,fq_factor,1
2010-09-10,MISSING_VALUE,WARN,amount,181
2010-09-13,ADJ_FACTOR_CA_MISMATCH,WARN,fq_factor,2
2010-09-13,MISSING_VALUE,WARN,amount,181
2010-09-14,ADJ_FACTOR_CA_MISMATCH,WARN,fq_factor,2
2010-09-14,MISSING_VALUE,WARN,amount,181
2010-09-15,ADJ_FACTOR_CA_MISMATCH,WARN,fq_factor,2
2010-09-15,MISSING_VALUE,WARN,amount,182
2010-09-16,ADJ_FACTOR_CA_MISMATCH,WARN,fq_factor,1
2010-09-16,MISSING_VALUE,WARN,amount,182
2010-09-17,ADJ_FACTOR_CA_MISMATCH,WARN,fq_factor,1
2010-09-17,MISSING_VALUE,WARN,amount,182
2010-09-20,MISSING_VALUE,WARN,amount,182
2010-09-21,ADJ_FACTOR_CA_MISMATCH,WARN,fq_factor,2
2010-09-21,MISSING_VALUE,WARN,amount,182
2010-09-27,MISSING_VALUE,WARN,amount,182
2010-09-28,MISSING_VALUE,WARN,amount,182
2010-09-29,ADJ_FACTOR_CA_MISMATCH,WARN,fq_factor,2
2010-09-29,MISSING_VALUE,WARN,amount,182
2010-09-30,MISSING_VALUE,WARN,amount,182
2010-10-08,MISSING_VALUE,WARN,amount,182
2010-10-11,MISSING_VALUE,WARN,amount,182
2010-10-12,ADJ_FACTOR_CA_MISMATCH,WARN,fq_factor,1
2010-10-12,MISSING_VALUE,WARN,amount,182
2010-10-13,MISSING_VALUE,WARN,amount,182
2010-10-14,MISSING_VALUE,WARN,amount,182
2010-10-15,MISSING_VALUE,WARN,amount,182
2010-10-18,MISSING_VALUE,WARN,amount,182
2010-10-19,ADJ_FACTOR_CA_MISMATCH,WARN,fq_factor,1
2010-10-19,MISSING_VALUE,WARN,amount,182
2010-10-20,MISSING_VALUE,WARN,amount,182
2010-10-21,ADJ_FACTOR_CA_MISMATCH,WARN,fq_factor,1
2010-10-21,MISSING_VALUE,WARN,amount,182
2010-10-22,MISSING_VALUE,WARN,amount,182
2010-10-25,ADJ_FACTOR_CA_MISMATCH,WARN,fq_factor,2
2010-10-25,MISSING_VALUE,WARN,amount,182
2010-10-26,MISSING_VALUE,WARN,amount,182
2010-10-27,MISSING_VALUE,WARN,amount,182
2010-10-28,MISSING_VALUE,WARN,amount,182
2010-10-29,ADJ_FACTOR_CA_MISMATCH,WARN,fq_factor,1
2010-10-29,MISSING_VALUE,WARN,amount,182
2010-11-01,MISSING_VALUE,WARN,amount,182
2010-11-02,MISSING_VALUE,WARN,amount,182
2010-11-03,MISSING_VALUE,WARN,amount,182
2010-11-04,ADJ_FACTOR_CA_MISMATCH,WARN,fq_factor,1
2010-11-04,MISSING_VALUE,WARN,amount,182
2010-11-05,ADJ_FACTOR_CA_MISMATCH,WARN,fq_factor,1
2010-11-05,MISSING_VALUE,WARN,amount,182
2010-11-08,MISSING_VALUE,WARN,amount,183
2010-11-09,MISSING_VALUE,WARN,amount,184
2010-11-10,ADJ_FACTOR_CA_MISMATCH,WARN,fq_factor,1
2010-11-10,MISSING_VALUE,WARN,amount,183
2010-11-11,MISSING_VALUE,WARN,amount,183
2010-11-12,MISSING_VALUE,WARN,amount,183
2010-11-15,MISSING_VALUE,WARN,amount,183
2010-11-16,MISSING_VALUE,WARN,amount,183
2010-11-17,MISSING_VALUE,WARN,amount,185
2010-11-18,MISSING_VALUE,WARN,amount,187
2010-11-19,MISSING_VALUE,WARN,amount,187
2010-11-22,MISSING_VALUE,WARN,amount,187
2010-11-23,MISSING_VALUE,WARN,amount,188
2010-11-24,MISSING_VALUE,WARN,amount,188
2010-11-25,MISSING_VALUE,WARN,amount,188
2010-11-26,MISSING_VALUE,WARN,amount,188
2010-11-29,ADJ_FACTOR_CA_MISMATCH,WARN,fq_factor,1
2010-11-29,MISSING_VALUE,WARN,amount,189
2010-11-30,MISSING_VALUE,WARN,amount,188
2010-12-01,MISSING_VALUE,WARN,amount,188
2010-12-02,MISSING_VALUE,WARN,amount,188
2010-12-03,ADJ_FACTOR_CA_MISMATCH,WARN,fq_factor,1
2010-12-03,MISSING_VALUE,WARN,amount,188
2010-12-06,MISSING_VALUE,WARN,amount,188
2010-12-07,MISSING_VALUE,WARN,amount,188
2010-12-08,MISSING_VALUE,WARN,amount,188
2010-12-09,MISSING_VALUE,WARN,amount,188
2010-12-10,MISSING_VALUE,WARN,amount,188
2010-12-13,MISSING_VALUE,WARN,amount,188
2010-12-14,MISSING_VALUE,WARN,amount,188
2010-12-15,MISSING_VALUE,WARN,amount,188
2010-12-16,MISSING_VALUE,WARN,amount,188
2010-12-17,MISSING_VALUE,WARN,amount,188
2010-12-20,MISSING_VALUE,WARN,amount,188
2010-12-21,MISSING_VALUE,WARN,amount,188
2010-12-22,MISSING_VALUE,WARN,amount,188
2010-12-23,MISSING_VALUE,WARN,amount,189
2010-12-24,MISSING_VALUE,WARN,amount,188
2010-12-27,MISSING_VALUE,WARN,amount,188
2010-12-28,MISSING_VALUE,WARN,amount,188
2010-12-29,MISSING_VALUE,WARN,amount,188
2010-12-30,MISSING_VALUE,WARN,amount,188
2010-12-31,MISSING_VALUE,WARN,amount,188
2011-01-04,MISSING_VALUE,WARN,amount,188
2011-01-05,MISSING_VALUE,WARN,amount,189
2011-01-06,MISSING_VALUE,WARN,amount,188
2011-01-07,MISSING_VALUE,WARN,amount,189
2011-01-10,MISSING_VALUE,WARN,amount,189
2011-01-11,MISSING_VALUE,WARN,amount,189
2011-01-12,MISSING_VALUE,WARN,amount,189
2011-01-13,MISSING_VALUE,WARN,amount,190
2011-01-14,MISSING_VALUE,WARN,amount,190
2011-01-17,MISSING_VALUE,WARN,amount,190
2011-01-18,MISSING_VALUE,WARN,amount,191
2011-01-19,MISSING_VALUE,WARN,amount,190
2011-01-20,MISSING_VALUE,WARN,amount,191
2011-01-21,MISSING_VALUE,WARN,amount,190
2011-01-24,MISSING_VALUE,WARN,amount,190
2011-01-25,ADJ_FACTOR_CA_MISMATCH,WARN,fq_factor,1
2011-01-25,MISSING_VALUE,WARN,amount,190
2011-01-26,MISSING_VALUE,WARN,amount,190
2011-01-27,MISSING_VALUE,WARN,amount,190
2011-01-28,MISSING_VALUE,WARN,amount,190
2011-01-31,MISSING_VALUE,WARN,amount,190
2011-02-01,MISSING_VALUE,WARN,amount,190
2011-02-09,MISSING_VALUE,WARN,amount,190
2011-02-10,MISSING_VALUE,WARN,amount,190
2011-02-11,MISSING_VALUE,WARN,amount,191
2011-02-14,ADJ_FACTOR_CA_MISMATCH,WARN,fq_factor,1
2011-02-14,MISSING_VALUE,WARN,amount,190
2011-02-15,MISSING_VALUE,WARN,amount,191
2011-02-16,MISSING_VALUE,WARN,amount,192
2011-02-17,MISSING_VALUE,WARN,amount,191
2011-02-18,MISSING_VALUE,WARN,amount,190
2011-02-21,MISSING_VALUE,WARN,amount,190
2011-02-22,MISSING_VALUE,WARN,amount,190
2011-02-23,MISSING_VALUE,WARN,amount,190
2011-02-24,MISSING_VALUE,WARN,amount,190
2011-02-25,MISSING_VALUE,WARN,amount,190
2011-02-28,MISSING_VALUE,WARN,amount,190
2011-03-01,ADJ_FACTOR_CA_MISMATCH,WARN,fq_factor,1
2011-03-01,MISSING_VALUE,WARN,amount,190
2011-03-02,ADJ_FACTOR_CA_MISMATCH,WARN,fq_factor,2
2011-03-02,MISSING_VALUE,WARN,amount,190
2011-03-03,MISSING_VALUE,WARN,amount,190
2011-03-04,MISSING_VALUE,WARN,amount,190
2011-03-07,MISSING_VALUE,WARN,amount,190
2011-03-08,MISSING_VALUE,WARN,amount,191
2011-03-09,MISSING_VALUE,WARN,amount,191
2011-03-10,MISSING_VALUE,WARN,amount,191
2011-03-11,ADJ_FACTOR_CA_MISMATCH,WARN,fq_factor,1
2011-03-11,MISSING_VALUE,WARN,amount,191
2011-03-14,MISSING_VALUE,WARN,amount,191
2011-03-15,ADJ_FACTOR_CA_MISMATCH,WARN,fq_factor,1
2011-03-15,MISSING_VALUE,WARN,amount,191
2011-03-16,MISSING_VALUE,WARN,amount,191
2011-03-17,ADJ_FACTOR_CA_MISMATCH,WARN,fq_factor,1
2011-03-17,MISSING_VALUE,WARN,amount,191
2011-03-18,MISSING_VALUE,WARN,amount,191
2011-03-21,MISSING_VALUE,WARN,amount,191
2011-03-22,MISSING_VALUE,WARN,amount,190
2011-03-23,MISSING_VALUE,WARN,amount,190
2011-03-24,MISSING_VALUE,WARN,amount,190
2011-03-25,ADJ_FACTOR_CA_MISMATCH,WARN,fq_factor,1
2011-03-25,MISSING_VALUE,WARN,amount,190
2011-03-28,MISSING_VALUE,WARN,amount,191
2011-03-29,MISSING_VALUE,WARN,amount,190
2011-03-30,ADJ_FACTOR_CA_MISMATCH,WARN,fq_factor,1
2011-03-30,MISSING_VALUE,WARN,amount,190
2011-03-31,ADJ_FACTOR_CA_MISMATCH,WARN,fq_factor,2
2011-03-31,MISSING_VALUE,WARN,amount,190
2011-04-01,MISSING_VALUE,WARN,amount,190
2011-04-06,ADJ_FACTOR_CA_MISMATCH,WARN,fq_factor,1
2011-04-06,MISSING_VALUE,WARN,amount,191
2011-04-07,MISSING_VALUE,WARN,amount,191
2011-04-08,ADJ_FACTOR_CA_MISMATCH,WARN,fq_factor,1
2011-04-08,MISSING_VALUE,WARN,amount,191
2011-04-11,ADJ_FACTOR_CA_MISMATCH,WARN,fq_factor,1
2011-04-11,MISSING_VALUE,WARN,amount,190
2011-04-12,ADJ_FACTOR_CA_MISMATCH,WARN,fq_factor,1
2011-04-12,MISSING_VALUE,WARN,amount,190
2011-04-13,ADJ_FACTOR_CA_MISMATCH,WARN,fq_factor,2
2011-04-13,MISSING_VALUE,WARN,amount,190
2011-04-14,ADJ_FACTOR_CA_MISMATCH,WARN,fq_factor,4
2011-04-14,MISSING_VALUE,WARN,amount,190
2011-04-15,ADJ_FACTOR_CA_MISMATCH,WARN,fq_factor,2
2011-04-15,MISSING_VALUE,WARN,amount,191
2011-04-18,ADJ_FACTOR_CA_MISMATCH,WARN,fq_factor,4
2011-04-18,MISSING_VALUE,WARN,amount,191
2011-04-19,ADJ_FACTOR_CA_MISMATCH,WARN,fq_factor,3
2011-04-19,MISSING_VALUE,WARN,amount,191
2011-04-20,ADJ_FACTOR_CA_MISMATCH,WARN,fq_factor,4
2011-04-20,MISSING_VALUE,WARN,amount,192
2011-04-21,ADJ_FACTOR_CA_MISMATCH,WARN,fq_factor,4
2011-04-21,MISSING_VALUE,WARN,amount,191
2011-04-22,ADJ_FACTOR_CA_MISMATCH,WARN,fq_factor,6
2011-04-22,MISSING_VALUE,WARN,amount,191
2011-04-25,ADJ_FACTOR_CA_MISMATCH,WARN,fq_factor,3
2011-04-25,MISSING_VALUE,WARN,amount,192
2011-04-26,ADJ_FACTOR_CA_MISMATCH,WARN,fq_factor,5
2011-04-26,MISSING_VALUE,WARN,amount,192
2011-04-27,ADJ_FACTOR_CA_MISMATCH,WARN,fq_factor,5
2011-04-27,MISSING_VALUE,WARN,amount,192
2011-04-28,ADJ_FACTOR_CA_MISMATCH,WARN,fq_factor,7
2011-04-28,MISSING_VALUE,WARN,amount,193
2011-04-29,ADJ_FACTOR_CA_MISMATCH,WARN,fq_factor,6
2011-04-29,MISSING_VALUE,WARN,amount,193
2011-05-03,ADJ_FACTOR_CA_MISMATCH,WARN,fq_factor,1
2011-05-03,MISSING_VALUE,WARN,amount,193
2011-05-04,ADJ_FACTOR_CA_MISMATCH,WARN,fq_factor,6
2011-05-04,MISSING_VALUE,WARN,amount,193
2011-05-05,ADJ_FACTOR_CA_MISMATCH,WARN,fq_factor,6
2011-05-05,MISSING_VALUE,WARN,amount,194
2011-05-06,ADJ_FACTOR_CA_MISMATCH,WARN,fq_factor,11
2011-05-06,MISSING_VALUE,WARN,amount,193
2011-05-09,ADJ_FACTOR_CA_MISMATCH,WARN,fq_factor,4
2011-05-09,MISSING_VALUE,WARN,amount,193
2011-05-10,ADJ_FACTOR_CA_MISMATCH,WARN,fq_factor,4
2011-05-10,MISSING_VALUE,WARN,amount,193
2011-05-11,ADJ_FACTOR_CA_MISMATCH,WARN,fq_factor,9
2011-05-11,MISSING_VALUE,WARN,amount,194
2011-05-12,ADJ_FACTOR_CA_MISMATCH,WARN,fq_factor,13
2011-05-12,MISSING_VALUE,WARN,amount,194
2011-05-13,ADJ_FACTOR_CA_MISMATCH,WARN,fq_factor,10
2011-05-13,MISSING_VALUE,WARN,amount,195
2011-05-16,ADJ_FACTOR_CA_MISMATCH,WARN,fq_factor,10
2011-05-16,MISSING_VALUE,WARN,amount,194
2011-05-17,ADJ_FACTOR_CA_MISMATCH,WARN,fq_factor,17
2011-05-17,MISSING_VALUE,WARN,amount,195
2011-05-18,ADJ_FACTOR_CA_MISMATCH,WARN,fq_factor,8
2011-05-18,MISSING_VALUE,WARN,amount,194
2011-05-19,ADJ_FACTOR_CA_MISMATCH,WARN,fq_factor,12
2011-05-19,MISSING_VALUE,WARN,amount,194
2011-05-20,ADJ_FACTOR_CA_MISMATCH,WARN,fq_factor,15
2011-05-20,MISSING_VALUE,WARN,amount,195
2011-05-23,ADJ_FACTOR_CA_MISMATCH,WARN,fq_factor,7
2011-05-23,MISSING_VALUE,WARN,amount,194
2011-05-24,ADJ_FACTOR_CA_MISMATCH,WARN,fq_factor,10
2011-05-24,MISSING_VALUE,WARN,amount,194
2011-05-25,ADJ_FACTOR_CA_MISMATCH,WARN,fq_factor,13
2011-05-25,MISSING_VALUE,WARN,amount,195
2011-05-26,ADJ_FACTOR_CA_MISMATCH,WARN,fq_factor,16
2011-05-26,MISSING_VALUE,WARN,amount,194
2011-05-27,ADJ_FACTOR_CA_MISMATCH,WARN,fq_factor,13
2011-05-27,MISSING_VALUE,WARN,amount,194
2011-05-30,ADJ_FACTOR_CA_MISMATCH,WARN,fq_factor,12
2011-05-30,MISSING_VALUE,WARN,amount,194
2011-05-31,ADJ_FACTOR_CA_MISMATCH,WARN,fq_factor,21
2011-05-31,MISSING_VALUE,WARN,amount,196
2011-06-01,ADJ_FACTOR_CA_MISMATCH,WARN,fq_factor,11
2011-06-01,MISSING_VALUE,WARN,amount,194
2011-06-02,ADJ_FACTOR_CA_MISMATCH,WARN,fq_factor,10
2011-06-02,MISSING_VALUE,WARN,amount,194
2011-06-03,ADJ_FACTOR_CA_MISMATCH,WARN,fq_factor,18
2011-06-03,MISSING_VALUE,WARN,amount,194
2011-06-07,ADJ_FACTOR_CA_MISMATCH,WARN,fq_factor,14
2011-06-07,MISSING_VALUE,WARN,amount,195
2011-06-08,ADJ_FACTOR_CA_MISMATCH,WARN,fq_factor,12
2011-06-08,MISSING_VALUE,WARN,amount,194
2011-06-09,ADJ_FACTOR_CA_MISMATCH,WARN,fq_factor,15
2011-06-09,MISSING_VALUE,WARN,amount,194
2011-06-10,ADJ_FACTOR_CA_MISMATCH,WARN,fq_factor,22
2011-06-10,MISSING_VALUE,WARN,amount,194
2011-06-13,ADJ_FACTOR_CA_MISMATCH,WARN,fq_factor,24
2011-06-13,MISSING_VALUE,WARN,amount,194
2011-06-14,ADJ_FACTOR_CA_MISMATCH,WARN,fq_factor,10
2011-06-14,MISSING_VALUE,WARN,amount,194
2011-06-15,ADJ_FACTOR_CA_MISMATCH,WARN,fq_factor,10
2011-06-15,MISSING_VALUE,WARN,amount,194
2011-06-16,ADJ_FACTOR_CA_MISMATCH,WARN,fq_factor,15
2011-06-16,MISSING_VALUE,WARN,amount,194
2011-06-17,ADJ_FACTOR_CA_MISMATCH,WARN,fq_factor,18
2011-06-17,MISSING_VALUE,WARN,amount,194
2011-06-20,ADJ_FACTOR_CA_MISMATCH,WARN,fq_factor,14
2011-06-20,MISSING_VALUE,WARN,amount,194
2011-06-21,ADJ_FACTOR_CA_MISMATCH,WARN,fq_factor,16
2011-06-21,MISSING_VALUE,WARN,amount,194
2011-06-22,ADJ_FACTOR_CA_MISMATCH,WARN,fq_factor,15
2011-06-22,MISSING_VALUE,WARN,amount,194
2011-06-23,ADJ_FACTOR_CA_MISMATCH,WARN,fq_factor,17
2011-06-23,MISSING_VALUE,WARN,amount,194
2011-06-24,ADJ_FACTOR_CA_MISMATCH,WARN,fq_factor,16
2011-06-24,MISSING_VALUE,WARN,amount,194
2011-06-27,ADJ_FACTOR_CA_MISMATCH,WARN,fq_factor,7
2011-06-27,MISSING_VALUE,WARN,amount,194
2011-06-28,ADJ_FACTOR_CA_MISMATCH,WARN,fq_factor,7
2011-06-28,MISSING_VALUE,WARN,amount,194
2011-06-29,ADJ_FACTOR_CA_MISMATCH,WARN,fq_factor,7
2011-06-29,MISSING_VALUE,WARN,amount,194
2011-06-30,ADJ_FACTOR_CA_MISMATCH,WARN,fq_factor,2
2011-06-30,MISSING_VALUE,WARN,amount,195
2011-07-01,ADJ_FACTOR_CA_MISMATCH,WARN,fq_factor,10
2011-07-01,MISSING_VALUE,WARN,amount,194
2011-07-04,ADJ_FACTOR_CA_MISMATCH,WARN,fq_factor,8
2011-07-04,MISSING_VALUE,WARN,amount,194
2011-07-05,ADJ_FACTOR_CA_MISMATCH,WARN,fq_factor,9
2011-07-05,MISSING_VALUE,WARN,amount,194
2011-07-06,ADJ_FACTOR_CA_MISMATCH,WARN,fq_factor,12
2011-07-06,MISSING_VALUE,WARN,amount,194
2011-07-07,ADJ_FACTOR_CA_MISMATCH,WARN,fq_factor,8
2011-07-07,MISSING_VALUE,WARN,amount,194
2011-07-08,ADJ_FACTOR_CA_MISMATCH,WARN,fq_factor,12
2011-07-08,MISSING_VALUE,WARN,amount,195
2011-07-11,ADJ_FACTOR_CA_MISMATCH,WARN,fq_factor,12
2011-07-11,MISSING_VALUE,WARN,amount,195
2011-07-12,ADJ_FACTOR_CA_MISMATCH,WARN,fq_factor,11
2011-07-12,MISSING_VALUE,WARN,amount,194
2011-07-13,ADJ_FACTOR_CA_MISMATCH,WARN,fq_factor,9
2011-07-13,MISSING_VALUE,WARN,amount,194
2011-07-14,ADJ_FACTOR_CA_MISMATCH,WARN,fq_factor,5
2011-07-14,MISSING_VALUE,WARN,amount,194
2011-07-15,ADJ_FACTOR_CA_MISMATCH,WARN,fq_factor,6
2011-07-15,MISSING_VALUE,WARN,amount,194
2011-07-18,ADJ_FACTOR_CA_MISMATCH,WARN,fq_factor,12
2011-07-18,MISSING_VALUE,WARN,amount,194
2011-07-19,ADJ_FACTOR_CA_MISMATCH,WARN,fq_factor,6
2011-07-19,MISSING_VALUE,WARN,amount,194
2011-07-20,ADJ_FACTOR_CA_MISMATCH,WARN,fq_factor,1
2011-07-20,MISSING_VALUE,WARN,amount,194
2011-07-21,ADJ_FACTOR_CA_MISMATCH,WARN,fq_factor,10
2011-07-21,MISSING_VALUE,WARN,amount,194
2011-07-22,ADJ_FACTOR_CA_MISMATCH,WARN,fq_factor,9
2011-07-22,MISSING_VALUE,WARN,amount,194
2011-07-25,ADJ_FACTOR_CA_MISMATCH,WARN,fq_factor,4
2011-07-25,MISSING_VALUE,WARN,amount,194
2011-07-26,ADJ_FACTOR_CA_MISMATCH,WARN,fq_factor,1
2011-07-26,MISSING_VALUE,WARN,amount,194
2011-07-27,ADJ_FACTOR_CA_MISMATCH,WARN,fq_factor,3
2011-07-27,MISSING_VALUE,WARN,amount,194
2011-07-28,ADJ_FACTOR_CA_MISMATCH,WARN,fq_factor,1
2011-07-28,MISSING_VALUE,WARN,amount,195
2011-07-29,ADJ_FACTOR_CA_MISMATCH,WARN,fq_factor,2
2011-07-29,MISSING_VALUE,WARN,amount,195
2011-08-01,ADJ_FACTOR_CA_MISMATCH,WARN,fq_factor,2
2011-08-01,MISSING_VALUE,WARN,amount,195
2011-08-02,ADJ_FACTOR_CA_MISMATCH,WARN,fq_factor,2
2011-08-02,MISSING_VALUE,WARN,amount,195
2011-08-03,ADJ_FACTOR_CA_MISMATCH,WARN,fq_factor,1
2011-08-03,MISSING_VALUE,WARN,amount,195
2011-08-04,ADJ_FACTOR_CA_MISMATCH,WARN,fq_factor,2
2011-08-04,MISSING_VALUE,WARN,amount,195
2011-08-05,ADJ_FACTOR_CA_MISMATCH,WARN,fq_factor,3
2011-08-05,MISSING_VALUE,WARN,amount,195
2011-08-08,ADJ_FACTOR_CA_MISMATCH,WARN,fq_factor,2
2011-08-08,MISSING_VALUE,WARN,amount,195
2011-08-09,ADJ_FACTOR_CA_MISMATCH,WARN,fq_factor,1
2011-08-09,MISSING_VALUE,WARN,amount,195
2011-08-10,MISSING_VALUE,WARN,amount,195
2011-08-11,MISSING_VALUE,WARN,amount,195
2011-08-12,ADJ_FACTOR_CA_MISMATCH,WARN,fq_factor,5
2011-08-12,MISSING_VALUE,WARN,amount,195
2011-08-15,ADJ_FACTOR_CA_MISMATCH,WARN,fq_factor,3
2011-08-15,MISSING_VALUE,WARN,amount,196
2011-08-16,ADJ_FACTOR_CA_MISMATCH,WARN,fq_factor,2
2011-08-16,MISSING_VALUE,WARN,amount,196
2011-08-17,ADJ_FACTOR_CA_MISMATCH,WARN,fq_factor,2
2011-08-17,MISSING_VALUE,WARN,amount,196
2011-08-18,ADJ_FACTOR_CA_MISMATCH,WARN,fq_factor,1
2011-08-18,MISSING_VALUE,WARN,amount,196
2011-08-19,ADJ_FACTOR_CA_MISMATCH,WARN,fq_factor,4
2011-08-19,MISSING_VALUE,WARN,amount,196
2011-08-22,MISSING_VALUE,WARN,amount,196
2011-08-23,ADJ_FACTOR_CA_MISMATCH,WARN,fq_factor,2
2011-08-23,MISSING_VALUE,WARN,amount,196
2011-08-24,ADJ_FACTOR_CA_MISMATCH,WARN,fq_factor,4
2011-08-24,MISSING_VALUE,WARN,amount,195
2011-08-25,MISSING_VALUE,WARN,amount,195
2011-08-26,ADJ_FACTOR_CA_MISMATCH,WARN,fq_factor,2
2011-08-26,MISSING_VALUE,WARN,amount,195
2011-08-29,MISSING_VALUE,WARN,amount,195
2011-08-30,MISSING_VALUE,WARN,amount,195
2011-08-31,ADJ_FACTOR_CA_MISMATCH,WARN,fq_factor,1
2011-08-31,MISSING_VALUE,WARN,amount,195
2011-09-01,MISSING_VALUE,WARN,amount,195
2011-09-02,ADJ_FACTOR_CA_MISMATCH,WARN,fq_factor,1
2011-09-02,MISSING_VALUE,WARN,amount,196
2011-09-05,MISSING_VALUE,WARN,amount,196
2011-09-06,MISSING_VALUE,WARN,amount,195
2011-09-07,ADJ_FACTOR_CA_MISMATCH,WARN,fq_factor,1
2011-09-07,MISSING_VALUE,WARN,amount,195
2011-09-08,ADJ_FACTOR_CA_MISMATCH,WARN,fq_factor,1
2011-09-08,MISSING_VALUE,WARN,amount,195
2011-09-09,ADJ_FACTOR_CA_MISMATCH,WARN,fq_factor,3
2011-09-09,MISSING_VALUE,WARN,amount,195
2011-09-13,MISSING_VALUE,WARN,amount,195
2011-09-14,MISSING_VALUE,WARN,amount,195
2011-09-15,ADJ_FACTOR_CA_MISMATCH,WARN,fq_factor,1
2011-09-15,MISSING_VALUE,WARN,amount,195
2011-09-16,ADJ_FACTOR_CA_MISMATCH,WARN,fq_factor,1
2011-09-16,MISSING_VALUE,WARN,amount,196
2011-09-19,ADJ_FACTOR_CA_MISMATCH,WARN,fq_factor,1
2011-09-19,MISSING_VALUE,WARN,amount,196
2011-09-20,ADJ_FACTOR_CA_MISMATCH,WARN,fq_factor,5
2011-09-20,MISSING_VALUE,WARN,amount,197
2011-09-21,ADJ_FACTOR_CA_MISMATCH,WARN,fq_factor,1
2011-09-21,MISSING_VALUE,WARN,amount,197
2011-09-22,ADJ_FACTOR_CA_MISMATCH,WARN,fq_factor,2
2011-09-22,MISSING_VALUE,WARN,amount,197
2011-09-23,ADJ_FACTOR_CA_MISMATCH,WARN,fq_factor,3
2011-09-23,MISSING_VALUE,WARN,amount,197
2011-09-26,ADJ_FACTOR_CA_MISMATCH,WARN,fq_factor,1
2011-09-26,MISSING_VALUE,WARN,amount,197
2011-09-27,MISSING_VALUE,WARN,amount,197
2011-09-28,ADJ_FACTOR_CA_MISMATCH,WARN,fq_factor,1
2011-09-28,MISSING_VALUE,WARN,amount,197
2011-09-29,ADJ_FACTOR_CA_MISMATCH,WARN,fq_factor,1
2011-09-29,MISSING_VALUE,WARN,amount,199
2011-09-30,ADJ_FACTOR_CA_MISMATCH,WARN,fq_factor,2
2011-09-30,MISSING_VALUE,WARN,amount,200
2011-10-10,MISSING_VALUE,WARN,amount,200
2011-10-11,MISSING_VALUE,WARN,amount,201
2011-10-12,MISSING_VALUE,WARN,amount,200
2011-10-13,ADJ_FACTOR_CA_MISMATCH,WARN,fq_factor,2
2011-10-13,MISSING_VALUE,WARN,amount,200
2011-10-14,ADJ_FACTOR_CA_MISMATCH,WARN,fq_factor,2
2011-10-14,MISSING_VALUE,WARN,amount,200
2011-10-17,MISSING_VALUE,WARN,amount,200
2011-10-18,MISSING_VALUE,WARN,amount,200
2011-10-19,ADJ_FACTOR_CA_MISMATCH,WARN,fq_factor,2
2011-10-19,MISSING_VALUE,WARN,amount,200
2011-10-20,MISSING_VALUE,WARN,amount,200
2011-10-21,MISSING_VALUE,WARN,amount,200
2011-10-24,MISSING_VALUE,WARN,amount,200
2011-10-25,MISSING_VALUE,WARN,amount,200
2011-10-26,ADJ_FACTOR_CA_MISMATCH,WARN,fq_factor,1
2011-10-26,MISSING_VALUE,WARN,amount,201
2011-10-27,ADJ_FACTOR_CA_MISMATCH,WARN,fq_factor,2
2011-10-27,MISSING_VALUE,WARN,amount,201
2011-10-28,MISSING_VALUE,WARN,amount,200
2011-10-31,MISSING_VALUE,WARN,amount,200
2011-11-01,MISSING_VALUE,WARN,amount,200
2011-11-02,MISSING_VALUE,WARN,amount,200
2011-11-03,MISSING_VALUE,WARN,amount,200
2011-11-04,MISSING_VALUE,WARN,amount,200
2011-11-07,MISSING_VALUE,WARN,amount,201
2011-11-08,MISSING_VALUE,WARN,amount,201
2011-11-09,MISSING_VALUE,WARN,amount,201
2011-11-10,MISSING_VALUE,WARN,amount,201
2011-11-11,ADJ_FACTOR_CA_MISMATCH,WARN,fq_factor,1
2011-11-11,MISSING_VALUE,WARN,amount,201
2011-11-14,MISSING_VALUE,WARN,amount,201
2011-11-15,MISSING_VALUE,WARN,amount,201
2011-11-16,MISSING_VALUE,WARN,amount,201
2011-11-17,MISSING_VALUE,WARN,amount,201
2011-11-18,MISSING_VALUE,WARN,amount,201
2011-11-21,ADJ_FACTOR_CA_MISMATCH,WARN,fq_factor,1
2011-11-21,MISSING_VALUE,WARN,amount,201
2011-11-22,MISSING_VALUE,WARN,amount,201
2011-11-23,MISSING_VALUE,WARN,amount,201
2011-11-24,MISSING_VALUE,WARN,amount,201
2011-11-25,MISSING_VALUE,WARN,amount,201
2011-11-28,ADJ_FACTOR_CA_MISMATCH,WARN,fq_factor,1
2011-11-28,MISSING_VALUE,WARN,amount,201
2011-11-29,MISSING_VALUE,WARN,amount,201
2011-11-30,MISSING_VALUE,WARN,amount,203
2011-12-01,MISSING_VALUE,WARN,amount,202
2011-12-02,MISSING_VALUE,WARN,amount,202
2011-12-05,MISSING_VALUE,WARN,amount,202
2011-12-06,MISSING_VALUE,WARN,amount,202
2011-12-07,MISSING_VALUE,WARN,amount,202
2011-12-08,MISSING_VALUE,WARN,amount,202
2011-12-09,MISSING_VALUE,WARN,amount,202
2011-12-12,MISSING_VALUE,WARN,amount,202
2011-12-13,MISSING_VALUE,WARN,amount,202
2011-12-14,MISSING_VALUE,WARN,amount,202
2011-12-15,MISSING_VALUE,WARN,amount,201
2011-12-16,MISSING_VALUE,WARN,amount,201
2011-12-19,MISSING_VALUE,WARN,amount,201
2011-12-20,ADJ_FACTOR_CA_MISMATCH,WARN,fq_factor,1
2011-12-20,MISSING_VALUE,WARN,amount,201
2011-12-21,MISSING_VALUE,WARN,amount,201
2011-12-22,MISSING_VALUE,WARN,amount,202
2011-12-23,MISSING_VALUE,WARN,amount,201
2011-12-26,MISSING_VALUE,WARN,amount,202
2011-12-27,MISSING_VALUE,WARN,amount,201
2011-12-28,MISSING_VALUE,WARN,amount,201
2011-12-29,MISSING_VALUE,WARN,amount,203
2011-12-30,MISSING_VALUE,WARN,amount,204
2012-01-04,MISSING_VALUE,WARN,amount,203
2012-01-05,MISSING_VALUE,WARN,amount,203
2012-01-06,MISSING_VALUE,WARN,amount,203
2012-01-09,MISSING_VALUE,WARN,amount,203
2012-01-10,MISSING_VALUE,WARN,amount,203
2012-01-11,MISSING_VALUE,WARN,amount,203
2012-01-12,MISSING_VALUE,WARN,amount,204
2012-01-13,MISSING_VALUE,WARN,amount,203
2012-01-16,MISSING_VALUE,WARN,amount,203
2012-01-17,MISSING_VALUE,WARN,amount,203
2012-01-18,MISSING_VALUE,WARN,amount,203
2012-01-19,MISSING_VALUE,WARN,amount,203
2012-01-20,MISSING_VALUE,WARN,amount,203
2012-01-30,MISSING_VALUE,WARN,amount,203
2012-01-31,MISSING_VALUE,WARN,amount,203
2012-02-01,MISSING_VALUE,WARN,amount,203
2012-02-02,MISSING_VALUE,WARN,amount,203
2012-02-03,MISSING_VALUE,WARN,amount,203
2012-02-06,MISSING_VALUE,WARN,amount,203
2012-02-07,MISSING_VALUE,WARN,amount,203
2012-02-08,MISSING_VALUE,WARN,amount,203
2012-02-09,MISSING_VALUE,WARN,amount,203
2012-02-10,ADJ_FACTOR_CA_MISMATCH,WARN,fq_factor,1
2012-02-10,MISSING_VALUE,WARN,amount,203
2012-02-13,MISSING_VALUE,WARN,amount,203
2012-02-14,MISSING_VALUE,WARN,amount,203
2012-02-15,ADJ_FACTOR_CA_MISMATCH,WARN,fq_factor,1
2012-02-15,MISSING_VALUE,WARN,amount,203
2012-02-16,MISSING_VALUE,WARN,amount,203
2012-02-17,ADJ_FACTOR_CA_MISMATCH,WARN,fq_factor,1
2012-02-17,MISSING_VALUE,WARN,amount,203
2012-02-20,ADJ_FACTOR_CA_MISMATCH,WARN,fq_factor,1
2012-02-20,MISSING_VALUE,WARN,amount,203
2012-02-21,MISSING_VALUE,WARN,amount,203
2012-02-22,MISSING_VALUE,WARN,amount,203
2012-02-23,MISSING_VALUE,WARN,amount,203
2012-02-24,MISSING_VALUE,WARN,amount,203
2012-02-27,MISSING_VALUE,WARN,amount,203
2012-02-28,MISSING_VALUE,WARN,amount,202
2012-02-29,MISSING_VALUE,WARN,amount,203
2012-03-01,ADJ_FACTOR_CA_MISMATCH,WARN,fq_factor,1
2012-03-01,MISSING_VALUE,WARN,amount,201
2012-03-02,MISSING_VALUE,WARN,amount,201
2012-03-05,MISSING_VALUE,WARN,amount,201
2012-03-06,MISSING_VALUE,WARN,amount,201
2012-03-07,MISSING_VALUE,WARN,amount,202
2012-03-08,ADJ_FACTOR_CA_MISMATCH,WARN,fq_factor,1
2012-03-08,MISSING_VALUE,WARN,amount,202
2012-03-09,MISSING_VALUE,WARN,amount,202
2012-03-12,MISSING_VALUE,WARN,amount,202
2012-03-13,ADJ_FACTOR_CA_MISMATCH,WARN,fq_factor,1
2012-03-13,MISSING_VALUE,WARN,amount,202
2012-03-14,MISSING_VALUE,WARN,amount,201
2012-03-15,ADJ_FACTOR_CA_MISMATCH,WARN,fq_factor,2
2012-03-15,MISSING_VALUE,WARN,amount,202
2012-03-16,MISSING_VALUE,WARN,amount,202
2012-03-19,MISSING_VALUE,WARN,amount,202
2012-03-20,MISSING_VALUE,WARN,amount,201
2012-03-21,ADJ_FACTOR_CA_MISMATCH,WARN,fq_factor,1
2012-03-21,MISSING_VALUE,WARN,amount,201
2012-03-22,ADJ_FACTOR_CA_MISMATCH,WARN,fq_factor,1
2012-03-22,MISSING_VALUE,WARN,amount,201
2012-03-23,MISSING_VALUE,WARN,amount,201
2012-03-26,ADJ_FACTOR_CA_MISMATCH,WARN,fq_factor,1
2012-03-26,MISSING_VALUE,WARN,amount,201
2012-03-27,MISSING_VALUE,WARN,amount,202
2012-03-28,MISSING_VALUE,WARN,amount,202
2012-03-29,ADJ_FACTOR_CA_MISMATCH,WARN,fq_factor,2
2012-03-29,MISSING_VALUE,WARN,amount,202
2012-03-30,ADJ_FACTOR_CA_MISMATCH,WARN,fq_factor,2
2012-03-30,MISSING_VALUE,WARN,amount,203
2012-04-05,ADJ_FACTOR_CA_MISMATCH,WARN,fq_factor,1
2012-04-05,MISSING_VALUE,WARN,amount,202
2012-04-06,MISSING_VALUE,WARN,amount,202
2012-04-09,ADJ_FACTOR_CA_MISMATCH,WARN,fq_factor,3
2012-04-09,MISSING_VALUE,WARN,amount,202
2012-04-10,ADJ_FACTOR_CA_MISMATCH,WARN,fq_factor,4
2012-04-10,MISSING_VALUE,WARN,amount,204
2012-04-11,ADJ_FACTOR_CA_MISMATCH,WARN,fq_factor,6
2012-04-11,MISSING_VALUE,WARN,amount,203
2012-04-12,ADJ_FACTOR_CA_MISMATCH,WARN,fq_factor,1
2012-04-12,MISSING_VALUE,WARN,amount,203
2012-04-13,ADJ_FACTOR_CA_MISMATCH,WARN,fq_factor,2
2012-04-13,MISSING_VALUE,WARN,amount,203
2012-04-16,ADJ_FACTOR_CA_MISMATCH,WARN,fq_factor,2
2012-04-16,MISSING_VALUE,WARN,amount,203
2012-04-17,ADJ_FACTOR_CA_MISMATCH,WARN,fq_factor,3
2012-04-17,MISSING_VALUE,WARN,amount,203
2012-04-18,ADJ_FACTOR_CA_MISMATCH,WARN,fq_factor,5
2012-04-18,MISSING_VALUE,WARN,amount,203
2012-04-19,ADJ_FACTOR_CA_MISMATCH,WARN,fq_factor,7
2012-04-19,MISSING_VALUE,WARN,amount,204
2012-04-20,ADJ_FACTOR_CA_MISMATCH,WARN,fq_factor,2
2012-04-20,MISSING_VALUE,WARN,amount,203
2012-04-23,ADJ_FACTOR_CA_MISMATCH,WARN,fq_factor,5
2012-04-23,MISSING_VALUE,WARN,amount,203
2012-04-24,ADJ_FACTOR_CA_MISMATCH,WARN,fq_factor,5
2012-04-24,MISSING_VALUE,WARN,amount,204
2012-04-25,ADJ_FACTOR_CA_MISMATCH,WARN,fq_factor,2
2012-04-25,MISSING_VALUE,WARN,amount,203
2012-04-26,ADJ_FACTOR_CA_MISMATCH,WARN,fq_factor,15
2012-04-26,MISSING_VALUE,WARN,amount,203
2012-04-27,ADJ_FACTOR_CA_MISMATCH,WARN,fq_factor,7
2012-04-27,MISSING_VALUE,WARN,amount,205
2012-05-02,ADJ_FACTOR_CA_MISMATCH,WARN,fq_factor,7
2012-05-02,MISSING_VALUE,WARN,amount,204
2012-05-03,ADJ_FACTOR_CA_MISMATCH,WARN,fq_factor,2
2012-05-03,MISSING_VALUE,WARN,amount,204
2012-05-04,ADJ_FACTOR_CA_MISMATCH,WARN,fq_factor,10
2012-05-04,MISSING_VALUE,WARN,amount,204
2012-05-07,ADJ_FACTOR_CA_MISMATCH,WARN,fq_factor,10
2012-05-07,MISSING_VALUE,WARN,amount,204
2012-05-08,ADJ_FACTOR_CA_MISMATCH,WARN,fq_factor,10
2012-05-08,MISSING_VALUE,WARN,amount,205
2012-05-09,ADJ_FACTOR_CA_MISMATCH,WARN,fq_factor,10
2012-05-09,MISSING_VALUE,WARN,amount,205
2012-05-10,ADJ_FACTOR_CA_MISMATCH,WARN,fq_factor,15
2012-05-10,MISSING_VALUE,WARN,amount,206
2012-05-11,ADJ_FACTOR_CA_MISMATCH,WARN,fq_factor,11
2012-05-11,MISSING_VALUE,WARN,amount,205
2012-05-14,ADJ_FACTOR_CA_MISMATCH,WARN,fq_factor,5
2012-05-14,MISSING_VALUE,WARN,amount,206
2012-05-15,ADJ_FACTOR_CA_MISMATCH,WARN,fq_factor,13
2012-05-15,MISSING_VALUE,WARN,amount,205
2012-05-16,ADJ_FACTOR_CA_MISMATCH,WARN,fq_factor,14
2012-05-16,MISSING_VALUE,WARN,amount,205
2012-05-17,ADJ_FACTOR_CA_MISMATCH,WARN,fq_factor,15
2012-05-17,MISSING_VALUE,WARN,amount,206
2012-05-18,ADJ_FACTOR_CA_MISMATCH,WARN,fq_factor,26
2012-05-18,MISSING_VALUE,WARN,amount,205
2012-05-21,ADJ_FACTOR_CA_MISMATCH,WARN,fq_factor,15
2012-05-21,MISSING_VALUE,WARN,amount,205
2012-05-22,ADJ_FACTOR_CA_MISMATCH,WARN,fq_factor,21
2012-05-22,MISSING_VALUE,WARN,amount,205
2012-05-23,ADJ_FACTOR_CA_MISMATCH,WARN,fq_factor,15
2012-05-23,MISSING_VALUE,WARN,amount,205
2012-05-24,ADJ_FACTOR_CA_MISMATCH,WARN,fq_factor,23
2012-05-24,MISSING_VALUE,WARN,amount,206
2012-05-25,ADJ_FACTOR_CA_MISMATCH,WARN,fq_factor,18
2012-05-25,MISSING_VALUE,WARN,amount,207
2012-05-28,ADJ_FACTOR_CA_MISMATCH,WARN,fq_factor,12
2012-05-28,MISSING_VALUE,WARN,amount,207
2012-05-29,ADJ_FACTOR_CA_MISMATCH,WARN,fq_factor,19
2012-05-29,MISSING_VALUE,WARN,amount,206
2012-05-30,ADJ_FACTOR_CA_MISMATCH,WARN,fq_factor,16
2012-05-30,MISSING_VALUE,WARN,amount,206
2012-05-31,ADJ_FACTOR_CA_MISMATCH,WARN,fq_factor,30
2012-05-31,MISSING_VALUE,WARN,amount,205
2012-06-01,ADJ_FACTOR_CA_MISMATCH,WARN,fq_factor,13
2012-06-01,MISSING_VALUE,WARN,amount,206
2012-06-04,ADJ_FACTOR_CA_MISMATCH,WARN,fq_factor,10
2012-06-04,MISSING_VALUE,WARN,amount,207
2012-06-05,ADJ_FACTOR_CA_MISMATCH,WARN,fq_factor,18
2012-06-05,MISSING_VALUE,WARN,amount,207
2012-06-06,ADJ_FACTOR_CA_MISMATCH,WARN,fq_factor,20
2012-06-06,MISSING_VALUE,WARN,amount,207
2012-06-07,ADJ_FACTOR_CA_MISMATCH,WARN,fq_factor,15
2012-06-07,MISSING_VALUE,WARN,amount,207
2012-06-08,ADJ_FACTOR_CA_MISMATCH,WARN,fq_factor,28
2012-06-08,MISSING_VALUE,WARN,amount,207
2012-06-11,ADJ_FACTOR_CA_MISMATCH,WARN,fq_factor,22
2012-06-11,MISSING_VALUE,WARN,amount,207
2012-06-12,ADJ_FACTOR_CA_MISMATCH,WARN,fq_factor,15
2012-06-12,MISSING_VALUE,WARN,amount,208
2012-06-13,ADJ_FACTOR_CA_MISMATCH,WARN,fq_factor,14
2012-06-13,MISSING_VALUE,WARN,amount,208
2012-06-14,ADJ_FACTOR_CA_MISMATCH,WARN,fq_factor,22
2012-06-14,MISSING_VALUE,WARN,amount,208
2012-06-15,ADJ_FACTOR_CA_MISMATCH,WARN,fq_factor,27
2012-06-15,MISSING_VALUE,WARN,amount,208
2012-06-18,ADJ_FACTOR_CA_MISMATCH,WARN,fq_factor,23
2012-06-18,MISSING_VALUE,WARN,amount,208
2012-06-19,ADJ_FACTOR_CA_MISMATCH,WARN,fq_factor,24
2012-06-19,MISSING_VALUE,WARN,amount,209
2012-06-20,ADJ_FACTOR_CA_MISMATCH,WARN,fq_factor,16
2012-06-20,MISSING_VALUE,WARN,amount,209
2012-06-21,ADJ_FACTOR_CA_MISMATCH,WARN,fq_factor,25
2012-06-21,MISSING_VALUE,WARN,amount,209
2012-06-25,ADJ_FACTOR_CA_MISMATCH,WARN,fq_factor,19
2012-06-25,MISSING_VALUE,WARN,amount,210
2012-06-26,ADJ_FACTOR_CA_MISMATCH,WARN,fq_factor,13
2012-06-26,MISSING_VALUE,WARN,amount,209
2012-06-27,ADJ_FACTOR_CA_MISMATCH,WARN,fq_factor,10
2012-06-27,MISSING_VALUE,WARN,amount,209
2012-06-28,ADJ_FACTOR_CA_MISMATCH,WARN,fq_factor,11
2012-06-28,MISSING_VALUE,WARN,amount,209
2012-06-29,ADJ_FACTOR_CA_MISMATCH,WARN,fq_factor,18
2012-06-29,MISSING_VALUE,WARN,amount,209
2012-07-02,ADJ_FACTOR_CA_MISMATCH,WARN,fq_factor,17
2012-07-02,MISSING_VALUE,WARN,amount,209
2012-07-03,ADJ_FACTOR_CA_MISMATCH,WARN,fq_factor,15
2012-07-03,MISSING_VALUE,WARN,amount,209
2012-07-04,ADJ_FACTOR_CA_MISMATCH,WARN,fq_factor,19
2012-07-04,MISSING_VALUE,WARN,amount,209
2012-07-05,ADJ_FACTOR_CA_MISMATCH,WARN,fq_factor,15
2012-07-05,MISSING_VALUE,WARN,amount,209
2012-07-06,ADJ_FACTOR_CA_MISMATCH,WARN,fq_factor,17
2012-07-06,MISSING_VALUE,WARN,amount,209
2012-07-09,ADJ_FACTOR_CA_MISMATCH,WARN,fq_factor,18
2012-07-09,MISSING_VALUE,WARN,amount,208
2012-07-10,ADJ_FACTOR_CA_MISMATCH,WARN,fq_factor,14
2012-07-10,MISSING_VALUE,WARN,amount,209
2012-07-11,ADJ_FACTOR_CA_MISMATCH,WARN,fq_factor,10
2012-07-11,MISSING_VALUE,WARN,amount,209
2012-07-12,ADJ_FACTOR_CA_MISMATCH,WARN,fq_factor,15
2012-07-12,MISSING_VALUE,WARN,amount,209
2012-07-13,ADJ_FACTOR_CA_MISMATCH,WARN,fq_factor,10
2012-07-13,MISSING_VALUE,WARN,amount,209
2012-07-16,ADJ_FACTOR_CA_MISMATCH,WARN,fq_factor,13
2012-07-16,MISSING_VALUE,WARN,amount,209
2012-07-17,ADJ_FACTOR_CA_MISMATCH,WARN,fq_factor,11
2012-07-17,MISSING_VALUE,WARN,amount,209
2012-07-18,ADJ_FACTOR_CA_MISMATCH,WARN,fq_factor,9
2012-07-18,MISSING_VALUE,WARN,amount,209
2012-07-19,ADJ_FACTOR_CA_MISMATCH,WARN,fq_factor,13
2012-07-19,MISSING_VALUE,WARN,amount,210
2012-07-20,ADJ_FACTOR_CA_MISMATCH,WARN,fq_factor,12
2012-07-20,MISSING_VALUE,WARN,amount,210
2012-07-23,ADJ_FACTOR_CA_MISMATCH,WARN,fq_factor,7
2012-07-23,MISSING_VALUE,WARN,amount,210
2012-07-24,ADJ_FACTOR_CA_MISMATCH,WARN,fq_factor,1
2012-07-24,MISSING_VALUE,WARN,amount,210
2012-07-25,ADJ_FACTOR_CA_MISMATCH,WARN,fq_factor,5
2012-07-25,MISSING_VALUE,WARN,amount,209
2012-07-26,ADJ_FACTOR_CA_MISMATCH,WARN,fq_factor,1
2012-07-26,MISSING_VALUE,WARN,amount,209
2012-07-27,ADJ_FACTOR_CA_MISMATCH,WARN,fq_factor,3
2012-07-27,MISSING_VALUE,WARN,amount,209
2012-07-30,ADJ_FACTOR_CA_MISMATCH,WARN,fq_factor,4
2012-07-30,MISSING_VALUE,WARN,amount,209
2012-07-31,ADJ_FACTOR_CA_MISMATCH,WARN,fq_factor,3
2012-07-31,MISSING_VALUE,WARN,amount,209
2012-08-01,ADJ_FACTOR_CA_MISMATCH,WARN,fq_factor,2
2012-08-01,MISSING_VALUE,WARN,amount,210
2012-08-02,ADJ_FACTOR_CA_MISMATCH,WARN,fq_factor,2
2012-08-02,MISSING_VALUE,WARN,amount,210
2012-08-03,ADJ_FACTOR_CA_MISMATCH,WARN,fq_factor,1
2012-08-03,MISSING_VALUE,WARN,amount,210
2012-08-06,ADJ_FACTOR_CA_MISMATCH,WARN,fq_factor,2
2012-08-06,MISSING_VALUE,WARN,amount,210
2012-08-07,MISSING_VALUE,WARN,amount,210
2012-08-08,ADJ_FACTOR_CA_MISMATCH,WARN,fq_factor,4
2012-08-08,MISSING_VALUE,WARN,amount,210
2012-08-09,ADJ_FACTOR_CA_MISMATCH,WARN,fq_factor,3
2012-08-09,MISSING_VALUE,WARN,amount,210
2012-08-10,ADJ_FACTOR_CA_MISMATCH,WARN,fq_factor,1
2012-08-10,MISSING_VALUE,WARN,amount,211
2012-08-13,ADJ_FACTOR_CA_MISMATCH,WARN,fq_factor,6
2012-08-13,MISSING_VALUE,WARN,amount,210
2012-08-14,ADJ_FACTOR_CA_MISMATCH,WARN,fq_factor,3
2012-08-14,MISSING_VALUE,WARN,amount,210
2012-08-15,ADJ_FACTOR_CA_MISMATCH,WARN,fq_factor,3
2012-08-15,MISSING_VALUE,WARN,amount,210
2012-08-16,ADJ_FACTOR_CA_MISMATCH,WARN,fq_factor,4
2012-08-16,MISSING_VALUE,WARN,amount,210
2012-08-17,ADJ_FACTOR_CA_MISMATCH,WARN,fq_factor,3
2012-08-17,MISSING_VALUE,WARN,amount,211
2012-08-20,ADJ_FACTOR_CA_MISMATCH,WARN,fq_factor,1
2012-08-20,MISSING_VALUE,WARN,amount,211
2012-08-21,ADJ_FACTOR_CA_MISMATCH,WARN,fq_factor,1
2012-08-21,MISSING_VALUE,WARN,amount,211
2012-08-22,ADJ_FACTOR_CA_MISMATCH,WARN,fq_factor,4
2012-08-22,MISSING_VALUE,WARN,amount,211
2012-08-23,ADJ_FACTOR_CA_MISMATCH,WARN,fq_factor,4
2012-08-23,MISSING_VALUE,WARN,amount,211
2012-08-24,ADJ_FACTOR_CA_MISMATCH,WARN,fq_factor,3
2012-08-24,MISSING_VALUE,WARN,amount,211
2012-08-27,ADJ_FACTOR_CA_MISMATCH,WARN,fq_factor,1
2012-08-27,MISSING_VALUE,WARN,amount,211
2012-08-28,ADJ_FACTOR_CA_MISMATCH,WARN,fq_factor,1
2012-08-28,MISSING_VALUE,WARN,amount,211
2012-08-29,MISSING_VALUE,WARN,amount,211
2012-08-30,MISSING_VALUE,WARN,amount,211
2012-08-31,MISSING_VALUE,WARN,amount,211
2012-09-03,ADJ_FACTOR_CA_MISMATCH,WARN,fq_factor,1
2012-09-03,MISSING_VALUE,WARN,amount,211
2012-09-04,MISSING_VALUE,WARN,amount,211
2012-09-05,ADJ_FACTOR_CA_MISMATCH,WARN,fq_factor,1
2012-09-05,MISSING_VALUE,WARN,amount,211
2012-09-06,MISSING_VALUE,WARN,amount,211
2012-09-07,ADJ_FACTOR_CA_MISMATCH,WARN,fq_factor,2
2012-09-07,MISSING_VALUE,WARN,amount,211
2012-09-10,ADJ_FACTOR_CA_MISMATCH,WARN,fq_factor,2
2012-09-10,MISSING_VALUE,WARN,amount,211
2012-09-11,MISSING_VALUE,WARN,amount,212
2012-09-12,ADJ_FACTOR_CA_MISMATCH,WARN,fq_factor,2
2012-09-12,MISSING_VALUE,WARN,amount,212
2012-09-13,ADJ_FACTOR_CA_MISMATCH,WARN,fq_factor,3
2012-09-13,MISSING_VALUE,WARN,amount,212
2012-09-14,ADJ_FACTOR_CA_MISMATCH,WARN,fq_factor,1
2012-09-14,MISSING_VALUE,WARN,amount,212
2012-09-17,ADJ_FACTOR_CA_MISMATCH,WARN,fq_factor,1
2012-09-17,MISSING_VALUE,WARN,amount,212
2012-09-18,ADJ_FACTOR_CA_MISMATCH,WARN,fq_factor,2
2012-09-18,MISSING_VALUE,WARN,amount,212
2012-09-19,ADJ_FACTOR_CA_MISMATCH,WARN,fq_factor,1
2012-09-19,MISSING_VALUE,WARN,amount,212
2012-09-20,ADJ_FACTOR_CA_MISMATCH,WARN,fq_factor,2
2012-09-20,MISSING_VALUE,WARN,amount,212
2012-09-21,ADJ_FACTOR_CA_MISMATCH,WARN,fq_factor,3
2012-09-21,MISSING_VALUE,WARN,amount,212
2012-09-24,ADJ_FACTOR_CA_MISMATCH,WARN,fq_factor,2
2012-09-24,MISSING_VALUE,WARN,amount,212
2012-09-25,ADJ_FACTOR_CA_MISMATCH,WARN,fq_factor,2
2012-09-25,MISSING_VALUE,WARN,amount,212
2012-09-26,ADJ_FACTOR_CA_MISMATCH,WARN,fq_factor,2
2012-09-26,MISSING_VALUE,WARN,amount,212
2012-09-27,ADJ_FACTOR_CA_MISMATCH,WARN,fq_factor,3
2012-09-27,MISSING_VALUE,WARN,amount,212
2012-09-28,ADJ_FACTOR_CA_MISMATCH,WARN,fq_factor,2
2012-09-28,MISSING_VALUE,WARN,amount,212
2012-10-08,ADJ_FACTOR_CA_MISMATCH,WARN,fq_factor,1
2012-10-08,MISSING_VALUE,WARN,amount,212
2012-10-09,MISSING_VALUE,WARN,amount,213
2012-10-10,ADJ_FACTOR_CA_MISMATCH,WARN,fq_factor,1
2012-10-10,MISSING_VALUE,WARN,amount,213
2012-10-11,ADJ_FACTOR_CA_MISMATCH,WARN,fq_factor,2
2012-10-11,MISSING_VALUE,WARN,amount,213
2012-10-12,ADJ_FACTOR_CA_MISMATCH,WARN,fq_factor,1
2012-10-12,MISSING_VALUE,WARN,amount,213
2012-10-15,MISSING_VALUE,WARN,amount,213
2012-10-16,ADJ_FACTOR_CA_MISMATCH,WARN,fq_factor,2
2012-10-16,MISSING_VALUE,WARN,amount,213
2012-10-17,ADJ_FACTOR_CA_MISMATCH,WARN,fq_factor,1
2012-10-17,MISSING_VALUE,WARN,amount,213
2012-10-18,ADJ_FACTOR_CA_MISMATCH,WARN,fq_factor,4
2012-10-18,MISSING_VALUE,WARN,amount,213
2012-10-19,ADJ_FACTOR_CA_MISMATCH,WARN,fq_factor,8
2012-10-19,MISSING_VALUE,WARN,amount,213
2012-10-22,ADJ_FACTOR_CA_MISMATCH,WARN,fq_factor,3
2012-10-22,MISSING_VALUE,WARN,amount,213
2012-10-23,ADJ_FACTOR_CA_MISMATCH,WARN,fq_factor,1
2012-10-23,MISSING_VALUE,WARN,amount,213
2012-10-24,ADJ_FACTOR_CA_MISMATCH,WARN,fq_factor,1
2012-10-24,MISSING_VALUE,WARN,amount,214
2012-10-25,MISSING_VALUE,WARN,amount,214
2012-10-26,ADJ_FACTOR_CA_MISMATCH,WARN,fq_factor,2
2012-10-26,MISSING_VALUE,WARN,amount,214
2012-10-29,MISSING_VALUE,WARN,amount,214
2012-10-30,ADJ_FACTOR_CA_MISMATCH,WARN,fq_factor,1
2012-10-30,MISSING_VALUE,WARN,amount,214
2012-10-31,ADJ_FACTOR_CA_MISMATCH,WARN,fq_factor,1
2012-10-31,MISSING_VALUE,WARN,amount,213
2012-11-01,ADJ_FACTOR_CA_MISMATCH,WARN,fq_factor,2
2012-11-01,MISSING_VALUE,WARN,amount,213
2012-11-02,ADJ_FACTOR_CA_MISMATCH,WARN,fq_factor,2
2012-11-02,MISSING_VALUE,WARN,amount,213
2012-11-05,ADJ_FACTOR_CA_MISMATCH,WARN,fq_factor,1
2012-11-05,MISSING_VALUE,WARN,amount,213
2012-11-06,MISSING_VALUE,WARN,amount,213
2012-11-07,ADJ_FACTOR_CA_MISMATCH,WARN,fq_factor,1
2012-11-07,MISSING_VALUE,WARN,amount,213
2012-11-08,ADJ_FACTOR_CA_MISMATCH,WARN,fq_factor,1
2012-11-08,MISSING_VALUE,WARN,amount,213
2012-11-09,ADJ_FACTOR_CA_MISMATCH,WARN,fq_factor,3
2012-11-09,MISSING_VALUE,WARN,amount,213
2012-11-12,MISSING_VALUE,WARN,amount,213
2012-11-13,MISSING_VALUE,WARN,amount,213
2012-11-14,MISSING_VALUE,WARN,amount,213
2012-11-15,ADJ_FACTOR_CA_MISMATCH,WARN,fq_factor,1
2012-11-15,MISSING_VALUE,WARN,amount,213
2012-11-16,MISSING_VALUE,WARN,amount,213
2012-11-19,ADJ_FACTOR_CA_MISMATCH,WARN,fq_factor,1
2012-11-19,MISSING_VALUE,WARN,amount,213
2012-11-20,MISSING_VALUE,WARN,amount,213
2012-11-21,MISSING_VALUE,WARN,amount,213
2012-11-22,ADJ_FACTOR_CA_MISMATCH,WARN,fq_factor,1
2012-11-22,MISSING_VALUE,WARN,amount,213
2012-11-23,MISSING_VALUE,WARN,amount,214
2012-11-26,MISSING_VALUE,WARN,amount,214
2012-11-27,MISSING_VALUE,WARN,amount,214
2012-11-28,MISSING_VALUE,WARN,amount,213
2012-11-29,MISSING_VALUE,WARN,amount,213
2012-11-30,MISSING_VALUE,WARN,amount,213
2012-12-03,MISSING_VALUE,WARN,amount,213
2012-12-04,MISSING_VALUE,WARN,amount,213
2012-12-05,ADJ_FACTOR_CA_MISMATCH,WARN,fq_factor,1
2012-12-05,MISSING_VALUE,WARN,amount,213
2012-12-06,MISSING_VALUE,WARN,amount,213
2012-12-07,ADJ_FACTOR_CA_MISMATCH,WARN,fq_factor,2
2012-12-07,MISSING_VALUE,WARN,amount,213
2012-12-10,MISSING_VALUE,WARN,amount,213
2012-12-11,ADJ_FACTOR_CA_MISMATCH,WARN,fq_factor,1
2012-12-11,MISSING_VALUE,WARN,amount,213
2012-12-12,MISSING_VALUE,WARN,amount,213
2012-12-13,ADJ_FACTOR_CA_MISMATCH,WARN,fq_factor,2
2012-12-13,MISSING_VALUE,WARN,amount,213
2012-12-14,MISSING_VALUE,WARN,amount,213
2012-12-17,MISSING_VALUE,WARN,amount,213
2012-12-18,MISSING_VALUE,WARN,amount,213
2012-12-19,ADJ_FACTOR_CA_MISMATCH,WARN,fq_factor,1
2012-12-19,MISSING_VALUE,WARN,amount,213
2012-12-20,MISSING_VALUE,WARN,amount,213
2012-12-21,MISSING_VALUE,WARN,amount,213
2012-12-24,MISSING_VALUE,WARN,amount,213
2012-12-25,MISSING_VALUE,WARN,amount,213
2012-12-26,MISSING_VALUE,WARN,amount,213
2012-12-27,MISSING_VALUE,WARN,amount,213
2012-12-28,ADJ_FACTOR_CA_MISMATCH,WARN,fq_factor,1
2012-12-28,MISSING_VALUE,WARN,amount,213
2012-12-31,MISSING_VALUE,WARN,amount,213
2013-01-04,ADJ_FACTOR_CA_MISMATCH,WARN,fq_factor,1
2013-01-04,MISSING_VALUE,WARN,amount,213
2013-01-07,MISSING_VALUE,WARN,amount,213
2013-01-08,MISSING_VALUE,WARN,amount,213
2013-01-09,MISSING_VALUE,WARN,amount,213
2013-01-10,MISSING_VALUE,WARN,amount,213
2013-01-11,MISSING_VALUE,WARN,amount,213
2013-01-14,MISSING_VALUE,WARN,amount,214
2013-01-15,MISSING_VALUE,WARN,amount,214
2013-01-16,MISSING_VALUE,WARN,amount,214
2013-01-17,MISSING_VALUE,WARN,amount,213
2013-01-18,MISSING_VALUE,WARN,amount,213
2013-01-21,MISSING_VALUE,WARN,amount,213
2013-01-22,MISSING_VALUE,WARN,amount,213
2013-01-23,MISSING_VALUE,WARN,amount,213
2013-01-24,MISSING_VALUE,WARN,amount,213
2013-01-25,MISSING_VALUE,WARN,amount,213
2013-01-28,MISSING_VALUE,WARN,amount,213
2013-01-29,MISSING_VALUE,WARN,amount,213
2013-01-30,MISSING_VALUE,WARN,amount,213
2013-01-31,MISSING_VALUE,WARN,amount,213
2013-02-01,MISSING_VALUE,WARN,amount,213
2013-02-04,MISSING_VALUE,WARN,amount,213
2013-02-05,MISSING_VALUE,WARN,amount,214
2013-02-06,MISSING_VALUE,WARN,amount,214
2013-02-07,MISSING_VALUE,WARN,amount,214
2013-02-08,MISSING_VALUE,WARN,amount,212
2013-02-18,MISSING_VALUE,WARN,amount,212
2013-02-19,MISSING_VALUE,WARN,amount,212
2013-02-20,MISSING_VALUE,WARN,amount,212
2013-02-21,MISSING_VALUE,WARN,amount,212
2013-02-22,MISSING_VALUE,WARN,amount,212
2013-02-25,MISSING_VALUE,WARN,amount,212
2013-02-26,MISSING_VALUE,WARN,amount,212
2013-02-27,MISSING_VALUE,WARN,amount,212
2013-02-28,MISSING_VALUE,WARN,amount,212
2013-03-01,MISSING_VALUE,WARN,amount,213
2013-03-04,MISSING_VALUE,WARN,amount,212
2013-03-05,MISSING_VALUE,WARN,amount,213
2013-03-06,MISSING_VALUE,WARN,amount,213
2013-03-07,MISSING_VALUE,WARN,amount,213
2013-03-08,ADJ_FACTOR_CA_MISMATCH,WARN,fq_factor,1
2013-03-08,MISSING_VALUE,WARN,amount,213
2013-03-11,ADJ_FACTOR_CA_MISMATCH,WARN,fq_factor,1
2013-03-11,MISSING_VALUE,WARN,amount,213
2013-03-12,MISSING_VALUE,WARN,amount,213
2013-03-13,MISSING_VALUE,WARN,amount,213
2013-03-14,MISSING_VALUE,WARN,amount,213
2013-03-15,MISSING_VALUE,WARN,amount,213
2013-03-18,MISSING_VALUE,WARN,amount,213
2013-03-19,ADJ_FACTOR_CA_MISMATCH,WARN,fq_factor,2
2013-03-19,MISSING_VALUE,WARN,amount,213
2013-03-20,ADJ_FACTOR_CA_MISMATCH,WARN,fq_factor,1
2013-03-20,MISSING_VALUE,WARN,amount,213
2013-03-21,ADJ_FACTOR_CA_MISMATCH,WARN,fq_factor,1
2013-03-21,MISSING_VALUE,WARN,amount,213
2013-03-22,ADJ_FACTOR_CA_MISMATCH,WARN,fq_factor,1
2013-03-22,MISSING_VALUE,WARN,amount,213
2013-03-25,MISSING_VALUE,WARN,amount,213
2013-03-26,MISSING_VALUE,WARN,amount,213
2013-03-27,ADJ_FACTOR_CA_MISMATCH,WARN,fq_factor,1
2013-03-27,MISSING_VALUE,WARN,amount,212
2013-03-28,MISSING_VALUE,WARN,amount,212
2013-03-29,ADJ_FACTOR_CA_MISMATCH,WARN,fq_factor,2
2013-03-29,MISSING_VALUE,WARN,amount,212
2013-04-01,ADJ_FACTOR_CA_MISMATCH,WARN,fq_factor,3
2013-04-01,MISSING_VALUE,WARN,amount,212
2013-04-02,ADJ_FACTOR_CA_MISMATCH,WARN,fq_factor,1
2013-04-02,MISSING_VALUE,WARN,amount,212
2013-04-03,ADJ_FACTOR_CA_MISMATCH,WARN,fq_factor,2
2013-04-03,MISSING_VALUE,WARN,amount,212
2013-04-08,ADJ_FACTOR_CA_MISMATCH,WARN,fq_factor,1
2013-04-08,MISSING_VALUE,WARN,amount,212
2013-04-09,ADJ_FACTOR_CA_MISMATCH,WARN,fq_factor,2
2013-04-09,MISSING_VALUE,WARN,amount,212
2013-04-10,ADJ_FACTOR_CA_MISMATCH,WARN,fq_factor,3
2013-04-10,MISSING_VALUE,WARN,amount,212
2013-04-11,ADJ_FACTOR_CA_MISMATCH,WARN,fq_factor,3
2013-04-11,MISSING_VALUE,WARN,amount,212
2013-04-12,ADJ_FACTOR_CA_MISMATCH,WARN,fq_factor,5
2013-04-12,MISSING_VALUE,WARN,amount,212
2013-04-15,ADJ_FACTOR_CA_MISMATCH,WARN,fq_factor,1
2013-04-15,MISSING_VALUE,WARN,amount,212
2013-04-16,ADJ_FACTOR_CA_MISMATCH,WARN,fq_factor,1
2013-04-16,MISSING_VALUE,WARN,amount,212
2013-04-17,ADJ_FACTOR_CA_MISMATCH,WARN,fq_factor,3
2013-04-17,MISSING_VALUE,WARN,amount,212
2013-04-18,ADJ_FACTOR_CA_MISMATCH,WARN,fq_factor,6
2013-04-18,MISSING_VALUE,WARN,amount,212
2013-04-19,ADJ_FACTOR_CA_MISMATCH,WARN,fq_factor,5
2013-04-19,MISSING_VALUE,WARN,amount,212
2013-04-22,ADJ_FACTOR_CA_MISMATCH,WARN,fq_factor,7
2013-04-22,MISSING_VALUE,WARN,amount,212
2013-04-23,ADJ_FACTOR_CA_MISMATCH,WARN,fq_factor,6
2013-04-23,MISSING_VALUE,WARN,amount,212
2013-04-24,ADJ_FACTOR_CA_MISMATCH,WARN,fq_factor,3
2013-04-24,MISSING_VALUE,WARN,amount,212
2013-04-25,ADJ_FACTOR_CA_MISMATCH,WARN,fq_factor,3
2013-04-25,MISSING_VALUE,WARN,amount,213
2013-04-26,ADJ_FACTOR_CA_MISMATCH,WARN,fq_factor,13
2013-04-26,MISSING_VALUE,WARN,amount,212
2013-05-02,ADJ_FACTOR_CA_MISMATCH,WARN,fq_factor,3
2013-05-02,MISSING_VALUE,WARN,amount,212
2013-05-03,ADJ_FACTOR_CA_MISMATCH,WARN,fq_factor,3
2013-05-03,MISSING_VALUE,WARN,amount,212
2013-05-06,ADJ_FACTOR_CA_MISMATCH,WARN,fq_factor,7
2013-05-06,MISSING_VALUE,WARN,amount,212
2013-05-07,ADJ_FACTOR_CA_MISMATCH,WARN,fq_factor,7
2013-05-07,MISSING_VALUE,WARN,amount,211
2013-05-08,ADJ_FACTOR_CA_MISMATCH,WARN,fq_factor,12
2013-05-08,MISSING_VALUE,WARN,amount,212
2013-05-09,ADJ_FACTOR_CA_MISMATCH,WARN,fq_factor,13
2013-05-09,MISSING_VALUE,WARN,amount,212
2013-05-10,ADJ_FACTOR_CA_MISMATCH,WARN,fq_factor,15
2013-05-10,MISSING_VALUE,WARN,amount,212
2013-05-13,ADJ_FACTOR_CA_MISMATCH,WARN,fq_factor,16
2013-05-13,MISSING_VALUE,WARN,amount,212
2013-05-14,ADJ_FACTOR_CA_MISMATCH,WARN,fq_factor,17
2013-05-14,MISSING_VALUE,WARN,amount,212
2013-05-15,ADJ_FACTOR_CA_MISMATCH,WARN,fq_factor,11
2013-05-15,MISSING_VALUE,WARN,amount,211
2013-05-16,ADJ_FACTOR_CA_MISMATCH,WARN,fq_factor,20
2013-05-16,MISSING_VALUE,WARN,amount,210
2013-05-17,ADJ_FACTOR_CA_MISMATCH,WARN,fq_factor,26
2013-05-17,MISSING_VALUE,WARN,amount,210
2013-05-20,ADJ_FACTOR_CA_MISMATCH,WARN,fq_factor,15
2013-05-20,MISSING_VALUE,WARN,amount,210
2013-05-21,ADJ_FACTOR_CA_MISMATCH,WARN,fq_factor,11
2013-05-21,MISSING_VALUE,WARN,amount,210
2013-05-22,ADJ_FACTOR_CA_MISMATCH,WARN,fq_factor,19
2013-05-22,MISSING_VALUE,WARN,amount,210
2013-05-23,ADJ_FACTOR_CA_MISMATCH,WARN,fq_factor,22
2013-05-23,MISSING_VALUE,WARN,amount,210
2013-05-24,ADJ_FACTOR_CA_MISMATCH,WARN,fq_factor,29
2013-05-24,MISSING_VALUE,WARN,amount,210
2013-05-27,ADJ_FACTOR_CA_MISMATCH,WARN,fq_factor,12
2013-05-27,MISSING_VALUE,WARN,amount,210
2013-05-28,ADJ_FACTOR_CA_MISMATCH,WARN,fq_factor,26
2013-05-28,MISSING_VALUE,WARN,amount,210
2013-05-29,ADJ_FACTOR_CA_MISMATCH,WARN,fq_factor,28
2013-05-29,MISSING_VALUE,WARN,amount,210
2013-05-30,ADJ_FACTOR_CA_MISMATCH,WARN,fq_factor,29
2013-05-30,MISSING_VALUE,WARN,amount,210
2013-05-31,ADJ_FACTOR_CA_MISMATCH,WARN,fq_factor,32
2013-05-31,MISSING_VALUE,WARN,amount,210
2013-06-03,ADJ_FACTOR_CA_MISMATCH,WARN,fq_factor,33
2013-06-03,MISSING_VALUE,WARN,amount,211
2013-06-04,ADJ_FACTOR_CA_MISMATCH,WARN,fq_factor,24
2013-06-04,MISSING_VALUE,WARN,amount,211
2013-06-05,ADJ_FACTOR_CA_MISMATCH,WARN,fq_factor,13
2013-06-05,MISSING_VALUE,WARN,amount,211
2013-06-06,ADJ_FACTOR_CA_MISMATCH,WARN,fq_factor,32
2013-06-06,MISSING_VALUE,WARN,amount,211
2013-06-07,ADJ_FACTOR_CA_MISMATCH,WARN,fq_factor,50
2013-06-07,MISSING_VALUE,WARN,amount,211
2013-06-13,ADJ_FACTOR_CA_MISMATCH,WARN,fq_factor,16
2013-06-13,MISSING_VALUE,WARN,amount,211
2013-06-14,ADJ_FACTOR_CA_MISMATCH,WARN,fq_factor,29
2013-06-14,MISSING_VALUE,WARN,amount,211
2013-06-17,ADJ_FACTOR_CA_MISMATCH,WARN,fq_factor,30
2013-06-17,MISSING_VALUE,WARN,amount,211
2013-06-18,ADJ_FACTOR_CA_MISMATCH,WARN,fq_factor,40
2013-06-18,MISSING_VALUE,WARN,amount,211
2013-06-19,ADJ_FACTOR_CA_MISMATCH,WARN,fq_factor,27
2013-06-19,MISSING_VALUE,WARN,amount,211
2013-06-20,ADJ_FACTOR_CA_MISMATCH,WARN,fq_factor,16
2013-06-20,MISSING_VALUE,WARN,amount,211
2013-06-21,ADJ_FACTOR_CA_MISMATCH,WARN,fq_factor,40
2013-06-21,MISSING_VALUE,WARN,amount,211
2013-06-24,ADJ_FACTOR_CA_MISMATCH,WARN,fq_factor,23
2013-06-24,MISSING_VALUE,WARN,amount,211
2013-06-25,ADJ_FACTOR_CA_MISMATCH,WARN,fq_factor,18
2013-06-25,MISSING_VALUE,WARN,amount,211
2013-06-26,ADJ_FACTOR_CA_MISMATCH,WARN,fq_factor,24
2013-06-26,MISSING_VALUE,WARN,amount,210
2013-06-27,ADJ_FACTOR_CA_MISMATCH,WARN,fq_factor,20
2013-06-27,MISSING_VALUE,WARN,amount,210
2013-06-28,ADJ_FACTOR_CA_MISMATCH,WARN,fq_factor,21
2013-06-28,MISSING_VALUE,WARN,amount,210
2013-07-01,ADJ_FACTOR_CA_MISMATCH,WARN,fq_factor,18
2013-07-01,MISSING_VALUE,WARN,amount,210
2013-07-02,ADJ_FACTOR_CA_MISMATCH,WARN,fq_factor,17
2013-07-02,MISSING_VALUE,WARN,amount,210
2013-07-03,ADJ_FACTOR_CA_MISMATCH,WARN,fq_factor,19
2013-07-03,MISSING_VALUE,WARN,amount,210
2013-07-04,ADJ_FACTOR_CA_MISMATCH,WARN,fq_factor,18
2013-07-04,MISSING_VALUE,WARN,amount,210
2013-07-05,ADJ_FACTOR_CA_MISMATCH,WARN,fq_factor,22
2013-07-05,MISSING_VALUE,WARN,amount,210
2013-07-08,ADJ_FACTOR_CA_MISMATCH,WARN,fq_factor,21
2013-07-08,MISSING_VALUE,WARN,amount,210
2013-07-09,ADJ_FACTOR_CA_MISMATCH,WARN,fq_factor,21
2013-07-09,MISSING_VALUE,WARN,amount,210
2013-07-10,ADJ_FACTOR_CA_MISMATCH,WARN,fq_factor,21
2013-07-10,MISSING_VALUE,WARN,amount,210
2013-07-11,ADJ_FACTOR_CA_MISMATCH,WARN,fq_factor,16
2013-07-11,MISSING_VALUE,WARN,amount,210
2013-07-12,ADJ_FACTOR_CA_MISMATCH,WARN,fq_factor,15
2013-07-12,MISSING_VALUE,WARN,amount,210
2013-07-15,ADJ_FACTOR_CA_MISMATCH,WARN,fq_factor,18
2013-07-15,MISSING_VALUE,WARN,amount,209
2013-07-16,ADJ_FACTOR_CA_MISMATCH,WARN,fq_factor,14
2013-07-16,MISSING_VALUE,WARN,amount,209
2013-07-17,ADJ_FACTOR_CA_MISMATCH,WARN,fq_factor,10
2013-07-17,MISSING_VALUE,WARN,amount,209
2013-07-18,ADJ_FACTOR_CA_MISMATCH,WARN,fq_factor,13
2013-07-18,MISSING_VALUE,WARN,amount,210
2013-07-19,ADJ_FACTOR_CA_MISMATCH,WARN,fq_factor,10
2013-07-19,MISSING_VALUE,WARN,amount,210
2013-07-22,ADJ_FACTOR_CA_MISMATCH,WARN,fq_factor,12
2013-07-22,MISSING_VALUE,WARN,amount,210
2013-07-23,ADJ_FACTOR_CA_MISMATCH,WARN,fq_factor,9
2013-07-23,MISSING_VALUE,WARN,amount,210
2013-07-24,ADJ_FACTOR_CA_MISMATCH,WARN,fq_factor,6
2013-07-24,MISSING_VALUE,WARN,amount,210
2013-07-25,ADJ_FACTOR_CA_MISMATCH,WARN,fq_factor,9
2013-07-25,MISSING_VALUE,WARN,amount,210
2013-07-26,ADJ_FACTOR_CA_MISMATCH,WARN,fq_factor,9
2013-07-26,MISSING_VALUE,WARN,amount,210
2013-07-29,ADJ_FACTOR_CA_MISMATCH,WARN,fq_factor,6
2013-07-29,MISSING_VALUE,WARN,amount,210
2013-07-30,ADJ_FACTOR_CA_MISMATCH,WARN,fq_factor,4
2013-07-30,MISSING_VALUE,WARN,amount,210
2013-07-31,ADJ_FACTOR_CA_MISMATCH,WARN,fq_factor,4
2013-07-31,MISSING_VALUE,WARN,amount,209
2013-08-01,ADJ_FACTOR_CA_MISMATCH,WARN,fq_factor,3
2013-08-01,MISSING_VALUE,WARN,amount,209
2013-08-02,ADJ_FACTOR_CA_MISMATCH,WARN,fq_factor,9
2013-08-02,MISSING_VALUE,WARN,amount,209
2013-08-05,ADJ_FACTOR_CA_MISMATCH,WARN,fq_factor,2
2013-08-05,MISSING_VALUE,WARN,amount,209
2013-08-06,ADJ_FACTOR_CA_MISMATCH,WARN,fq_factor,2
2013-08-06,MISSING_VALUE,WARN,amount,209
2013-08-07,MISSING_VALUE,WARN,amount,209
2013-08-08,ADJ_FACTOR_CA_MISMATCH,WARN,fq_factor,3
2013-08-08,MISSING_VALUE,WARN,amount,209
2013-08-09,ADJ_FACTOR_CA_MISMATCH,WARN,fq_factor,10
2013-08-09,MISSING_VALUE,WARN,amount,209
2013-08-12,ADJ_FACTOR_CA_MISMATCH,WARN,fq_factor,7
2013-08-12,MISSING_VALUE,WARN,amount,209
2013-08-13,ADJ_FACTOR_CA_MISMATCH,WARN,fq_factor,3
2013-08-13,MISSING_VALUE,WARN,amount,209
2013-08-14,ADJ_FACTOR_CA_MISMATCH,WARN,fq_factor,3
2013-08-14,MISSING_VALUE,WARN,amount,208
2013-08-15,ADJ_FACTOR_CA_MISMATCH,WARN,fq_factor,2
2013-08-15,MISSING_VALUE,WARN,amount,208
2013-08-16,ADJ_FACTOR_CA_MISMATCH,WARN,fq_factor,5
2013-08-16,MISSING_VALUE,WARN,amount,208
2013-08-19,ADJ_FACTOR_CA_MISMATCH,WARN,fq_factor,7
2013-08-19,MISSING_VALUE,WARN,amount,208
2013-08-20,ADJ_FACTOR_CA_MISMATCH,WARN,fq_factor,4
2013-08-20,MISSING_VALUE,WARN,amount,208
2013-08-21,ADJ_FACTOR_CA_MISMATCH,WARN,fq_factor,3
2013-08-21,MISSING_VALUE,WARN,amount,208
2013-08-22,ADJ_FACTOR_CA_MISMATCH,WARN,fq_factor,3
2013-08-22,MISSING_VALUE,WARN,amount,208
2013-08-23,ADJ_FACTOR_CA_MISMATCH,WARN,fq_factor,4
2013-08-23,MISSING_VALUE,WARN,amount,208
2013-08-26,MISSING_VALUE,WARN,amount,208
2013-08-27,ADJ_FACTOR_CA_MISMATCH,WARN,fq_factor,1
2013-08-27,MISSING_VALUE,WARN,amount,208
2013-08-28,ADJ_FACTOR_CA_MISMATCH,WARN,fq_factor,3
2013-08-28,MISSING_VALUE,WARN,amount,208
2013-08-29,MISSING_VALUE,WARN,amount,208
2013-08-30,ADJ_FACTOR_CA_MISMATCH,WARN,fq_factor,1
2013-08-30,MISSING_VALUE,WARN,amount,208
2013-09-02,ADJ_FACTOR_CA_MISMATCH,WARN,fq_factor,1
2013-09-02,MISSING_VALUE,WARN,amount,208
2013-09-03,MISSING_VALUE,WARN,amount,208
2013-09-04,MISSING_VALUE,WARN,amount,208
2013-09-05,MISSING_VALUE,WARN,amount,208
2013-09-06,MISSING_VALUE,WARN,amount,208
2013-09-09,MISSING_VALUE,WARN,amount,208
2013-09-10,ADJ_FACTOR_CA_MISMATCH,WARN,fq_factor,4
2013-09-10,MISSING_VALUE,WARN,amount,208
2013-09-11,MISSING_VALUE,WARN,amount,208
2013-09-12,ADJ_FACTOR_CA_MISMATCH,WARN,fq_factor,2
2013-09-12,MISSING_VALUE,WARN,amount,208
2013-09-13,ADJ_FACTOR_CA_MISMATCH,WARN,fq_factor,1
2013-09-13,MISSING_VALUE,WARN,amount,208
2013-09-16,ADJ_FACTOR_CA_MISMATCH,WARN,fq_factor,1
2013-09-16,MISSING_VALUE,WARN,amount,208
2013-09-17,ADJ_FACTOR_CA_MISMATCH,WARN,fq_factor,1
2013-09-17,MISSING_VALUE,WARN,amount,208
2013-09-18,ADJ_FACTOR_CA_MISMATCH,WARN,fq_factor,1
2013-09-18,MISSING_VALUE,WARN,amount,207
2013-09-23,MISSING_VALUE,WARN,amount,207
2013-09-24,MISSING_VALUE,WARN,amount,207
2013-09-25,MISSING_VALUE,WARN,amount,207
2013-09-26,ADJ_FACTOR_CA_MISMATCH,WARN,fq_factor,1
2013-09-26,MISSING_VALUE,WARN,amount,207
2013-09-27,ADJ_FACTOR_CA_MISMATCH,WARN,fq_factor,1
2013-09-27,MISSING_VALUE,WARN,amount,207
2013-09-30,ADJ_FACTOR_CA_MISMATCH,WARN,fq_factor,1
2013-09-30,MISSING_VALUE,WARN,amount,207
2013-10-08,ADJ_FACTOR_CA_MISMATCH,WARN,fq_factor,2
2013-10-08,MISSING_VALUE,WARN,amount,207
2013-10-09,MISSING_VALUE,WARN,amount,207
2013-10-10,ADJ_FACTOR_CA_MISMATCH,WARN,fq_factor,1
2013-10-10,MISSING_VALUE,WARN,amount,207
2013-10-11,MISSING_VALUE,WARN,amount,207
2013-10-14,MISSING_VALUE,WARN,amount,207
2013-10-15,MISSING_VALUE,WARN,amount,208
2013-10-16,ADJ_FACTOR_CA_MISMATCH,WARN,fq_factor,2
2013-10-16,MISSING_VALUE,WARN,amount,208
2013-10-17,ADJ_FACTOR_CA_MISMATCH,WARN,fq_factor,1
2013-10-17,MISSING_VALUE,WARN,amount,207
2013-10-18,ADJ_FACTOR_CA_MISMATCH,WARN,fq_factor,1
2013-10-18,MISSING_VALUE,WARN,amount,207
2013-10-21,MISSING_VALUE,WARN,amount,207
2013-10-22,MISSING_VALUE,WARN,amount,207
2013-10-23,ADJ_FACTOR_CA_MISMATCH,WARN,fq_factor,1
2013-10-23,MISSING_VALUE,WARN,amount,207
2013-10-24,ADJ_FACTOR_CA_MISMATCH,WARN,fq_factor,2
2013-10-24,MISSING_VALUE,WARN,amount,207
2013-10-25,MISSING_VALUE,WARN,amount,207
2013-10-28,ADJ_FACTOR_CA_MISMATCH,WARN,fq_factor,1
2013-10-28,MISSING_VALUE,WARN,amount,207
2013-10-29,ADJ_FACTOR_CA_MISMATCH,WARN,fq_factor,1
2013-10-29,MISSING_VALUE,WARN,amount,207
2013-10-30,MISSING_VALUE,WARN,amount,207
2013-10-31,MISSING_VALUE,WARN,amount,207
2013-11-01,MISSING_VALUE,WARN,amount,207
2013-11-04,MISSING_VALUE,WARN,amount,208
2013-11-05,ADJ_FACTOR_CA_MISMATCH,WARN,fq_factor,1
2013-11-05,MISSING_VALUE,WARN,amount,207
2013-11-06,MISSING_VALUE,WARN,amount,207
2013-11-07,MISSING_VALUE,WARN,amount,207
2013-11-08,MISSING_VALUE,WARN,amount,207
2013-11-11,MISSING_VALUE,WARN,amount,207
2013-11-12,MISSING_VALUE,WARN,amount,207
2013-11-13,MISSING_VALUE,WARN,amount,207
2013-11-14,ADJ_FACTOR_CA_MISMATCH,WARN,fq_factor,1
2013-11-14,MISSING_VALUE,WARN,amount,207
2013-11-15,MISSING_VALUE,WARN,amount,207
2013-11-18,MISSING_VALUE,WARN,amount,207
2013-11-19,MISSING_VALUE,WARN,amount,207
2013-11-20,MISSING_VALUE,WARN,amount,207
2013-11-21,MISSING_VALUE,WARN,amount,207
2013-11-22,MISSING_VALUE,WARN,amount,207
2013-11-25,MISSING_VALUE,WARN,amount,207
2013-11-26,MISSING_VALUE,WARN,amount,207
2013-11-27,MISSING_VALUE,WARN,amount,207
2013-11-28,MISSING_VALUE,WARN,amount,207
2013-11-29,ADJ_FACTOR_CA_MISMATCH,WARN,fq_factor,1
2013-11-29,MISSING_VALUE,WARN,amount,207
2013-12-02,MISSING_VALUE,WARN,amount,207
2013-12-03,MISSING_VALUE,WARN,amount,207
2013-12-04,MISSING_VALUE,WARN,amount,207
2013-12-05,MISSING_VALUE,WARN,amount,208
2013-12-06,MISSING_VALUE,WARN,amount,208
2013-12-09,MISSING_VALUE,WARN,amount,208
2013-12-10,MISSING_VALUE,WARN,amount,208
2013-12-11,MISSING_VALUE,WARN,amount,208
2013-12-12,MISSING_VALUE,WARN,amount,208
2013-12-13,MISSING_VALUE,WARN,amount,208
2013-12-16,MISSING_VALUE,WARN,amount,208
2013-12-17,MISSING_VALUE,WARN,amount,208
2013-12-18,MISSING_VALUE,WARN,amount,208
2013-12-19,ADJ_FACTOR_CA_MISMATCH,WARN,fq_factor,1
2013-12-19,MISSING_VALUE,WARN,amount,208
2013-12-20,MISSING_VALUE,WARN,amount,208
2013-12-23,MISSING_VALUE,WARN,amount,208
2013-12-24,MISSING_VALUE,WARN,amount,208
2013-12-25,MISSING_VALUE,WARN,amount,208
2013-12-26,MISSING_VALUE,WARN,amount,208
2013-12-27,MISSING_VALUE,WARN,amount,208
2013-12-30,MISSING_VALUE,WARN,amount,208
2013-12-31,MISSING_VALUE,WARN,amount,208
2014-01-02,MISSING_VALUE,WARN,amount,208
2014-01-03,MISSING_VALUE,WARN,amount,208
2014-01-06,MISSING_VALUE,WARN,amount,208
2014-01-07,MISSING_VALUE,WARN,amount,208
2014-01-08,MISSING_VALUE,WARN,amount,208
2014-01-09,MISSING_VALUE,WARN,amount,208
2014-01-10,MISSING_VALUE,WARN,amount,208
2014-01-13,MISSING_VALUE,WARN,amount,208
2014-01-14,MISSING_VALUE,WARN,amount,208
2014-01-15,MISSING_VALUE,WARN,amount,208
2014-01-16,ADJ_FACTOR_CA_MISMATCH,WARN,fq_factor,1
2014-01-16,MISSING_VALUE,WARN,amount,208
2014-01-17,MISSING_VALUE,WARN,amount,208
2014-01-20,MISSING_VALUE,WARN,amount,208
2014-01-21,MISSING_VALUE,WARN,amount,209
2014-01-22,MISSING_VALUE,WARN,amount,209
2014-01-23,ADJ_FACTOR_CA_MISMATCH,WARN,fq_factor,1
2014-01-23,MISSING_VALUE,WARN,amount,209
2014-01-24,MISSING_VALUE,WARN,amount,210
2014-01-27,MISSING_VALUE,WARN,amount,212
2014-01-28,MISSING_VALUE,WARN,amount,213
2014-01-29,MISSING_VALUE,WARN,amount,214
2014-01-30,MISSING_VALUE,WARN,amount,214
2014-02-07,MISSING_VALUE,WARN,amount,214
2014-02-10,MISSING_VALUE,WARN,amount,214
2014-02-11,MISSING_VALUE,WARN,amount,214
2014-02-12,ADJ_FACTOR_CA_MISMATCH,WARN,fq_factor,1
2014-02-12,MISSING_VALUE,WARN,amount,214
2014-02-13,MISSING_VALUE,WARN,amount,214
2014-02-14,MISSING_VALUE,WARN,amount,215
2014-02-17,MISSING_VALUE,WARN,amount,215
2014-02-18,MISSING_VALUE,WARN,amount,215
2014-02-19,MISSING_VALUE,WARN,amount,215
2014-02-20,MISSING_VALUE,WARN,amount,215
2014-02-21,MISSING_VALUE,WARN,amount,214
2014-02-24,MISSING_VALUE,WARN,amount,214
2014-02-25,MISSING_VALUE,WARN,amount,214
2014-02-26,MISSING_VALUE,WARN,amount,214
2014-02-27,MISSING_VALUE,WARN,amount,214
2014-02-28,MISSING_VALUE,WARN,amount,214
2014-03-03,MISSING_VALUE,WARN,amount,215
2014-03-04,MISSING_VALUE,WARN,amount,215
2014-03-05,ADJ_FACTOR_CA_MISMATCH,WARN,fq_factor,2
2014-03-05,MISSING_VALUE,WARN,amount,215
2014-03-06,MISSING_VALUE,WARN,amount,215
2014-03-07,MISSING_VALUE,WARN,amount,215
2014-03-10,MISSING_VALUE,WARN,amount,215
2014-03-11,MISSING_VALUE,WARN,amount,215
2014-03-12,MISSING_VALUE,WARN,amount,215
2014-03-13,MISSING_VALUE,WARN,amount,215
2014-03-14,ADJ_FACTOR_CA_MISMATCH,WARN,fq_factor,1
2014-03-14,MISSING_VALUE,WARN,amount,214
2014-03-17,MISSING_VALUE,WARN,amount,214
2014-03-18,ADJ_FACTOR_CA_MISMATCH,WARN,fq_factor,1
2014-03-18,MISSING_VALUE,WARN,amount,214
2014-03-19,ADJ_FACTOR_CA_MISMATCH,WARN,fq_factor,2
2014-03-19,MISSING_VALUE,WARN,amount,214
2014-03-20,MISSING_VALUE,WARN,amount,214
2014-03-21,ADJ_FACTOR_CA_MISMATCH,WARN,fq_factor,1
2014-03-21,MISSING_VALUE,WARN,amount,215
2014-03-24,MISSING_VALUE,WARN,amount,215
2014-03-25,MISSING_VALUE,WARN,amount,215
2014-03-26,MISSING_VALUE,WARN,amount,215
2014-03-27,ADJ_FACTOR_CA_MISMATCH,WARN,fq_factor,3
2014-03-27,MISSING_VALUE,WARN,amount,215
2014-03-28,ADJ_FACTOR_CA_MISMATCH,WARN,fq_factor,2
2014-03-28,MISSING_VALUE,WARN,amount,215
2014-03-31,MISSING_VALUE,WARN,amount,214
2014-04-01,ADJ_FACTOR_CA_MISMATCH,WARN,fq_factor,1
2014-04-01,MISSING_VALUE,WARN,amount,214
2014-04-02,MISSING_VALUE,WARN,amount,214
2014-04-03,ADJ_FACTOR_CA_MISMATCH,WARN,fq_factor,2
2014-04-03,MISSING_VALUE,WARN,amount,214
2014-04-04,ADJ_FACTOR_CA_MISMATCH,WARN,fq_factor,6
2014-04-04,MISSING_VALUE,WARN,amount,214
2014-04-08,MISSING_VALUE,WARN,amount,214
2014-04-09,ADJ_FACTOR_CA_MISMATCH,WARN,fq_factor,1
2014-04-09,MISSING_VALUE,WARN,amount,214
2014-04-10,ADJ_FACTOR_CA_MISMATCH,WARN,fq_factor,4
2014-04-10,MISSING_VALUE,WARN,amount,214
2014-04-11,ADJ_FACTOR_CA_MISMATCH,WARN,fq_factor,1
2014-04-11,MISSING_VALUE,WARN,amount,214
2014-04-14,ADJ_FACTOR_CA_MISMATCH,WARN,fq_factor,2
2014-04-14,MISSING_VALUE,WARN,amount,214
2014-04-15,ADJ_FACTOR_CA_MISMATCH,WARN,fq_factor,3
2014-04-15,MISSING_VALUE,WARN,amount,214
2014-04-16,ADJ_FACTOR_CA_MISMATCH,WARN,fq_factor,3
2014-04-16,MISSING_VALUE,WARN,amount,214
2014-04-17,ADJ_FACTOR_CA_MISMATCH,WARN,fq_factor,6
2014-04-17,MISSING_VALUE,WARN,amount,214
2014-04-18,ADJ_FACTOR_CA_MISMATCH,WARN,fq_factor,9
2014-04-18,MISSING_VALUE,WARN,amount,214
2014-04-21,ADJ_FACTOR_CA_MISMATCH,WARN,fq_factor,2
2014-04-21,MISSING_VALUE,WARN,amount,214
2014-04-22,ADJ_FACTOR_CA_MISMATCH,WARN,fq_factor,6
2014-04-22,MISSING_VALUE,WARN,amount,214
2014-04-23,ADJ_FACTOR_CA_MISMATCH,WARN,fq_factor,6
2014-04-23,MISSING_VALUE,WARN,amount,214
2014-04-24,ADJ_FACTOR_CA_MISMATCH,WARN,fq_factor,11
2014-04-24,MISSING_VALUE,WARN,amount,214
2014-04-25,ADJ_FACTOR_CA_MISMATCH,WARN,fq_factor,4
2014-04-25,MISSING_VALUE,WARN,amount,214
2014-04-28,ADJ_FACTOR_CA_MISMATCH,WARN,fq_factor,8
2014-04-28,MISSING_VALUE,WARN,amount,214
2014-04-29,ADJ_FACTOR_CA_MISMATCH,WARN,fq_factor,12
2014-04-29,MISSING_VALUE,WARN,amount,214
2014-04-30,ADJ_FACTOR_CA_MISMATCH,WARN,fq_factor,16
2014-04-30,MISSING_VALUE,WARN,amount,215
2014-05-05,ADJ_FACTOR_CA_MISMATCH,WARN,fq_factor,8
2014-05-05,MISSING_VALUE,WARN,amount,215
2014-05-06,ADJ_FACTOR_CA_MISMATCH,WARN,fq_factor,7
2014-05-06,MISSING_VALUE,WARN,amount,215
2014-05-07,ADJ_FACTOR_CA_MISMATCH,WARN,fq_factor,9
2014-05-07,MISSING_VALUE,WARN,amount,215
2014-05-08,ADJ_FACTOR_CA_MISMATCH,WARN,fq_factor,13
2014-05-08,MISSING_VALUE,WARN,amount,215
2014-05-09,ADJ_FACTOR_CA_MISMATCH,WARN,fq_factor,16
2014-05-09,MISSING_VALUE,WARN,amount,215
2014-05-12,ADJ_FACTOR_CA_MISMATCH,WARN,fq_factor,13
2014-05-12,MISSING_VALUE,WARN,amount,215
2014-05-13,ADJ_FACTOR_CA_MISMATCH,WARN,fq_factor,18
2014-05-13,MISSING_VALUE,WARN,amount,215
2014-05-14,ADJ_FACTOR_CA_MISMATCH,WARN,fq_factor,10
2014-05-14,MISSING_VALUE,WARN,amount,215
2014-05-15,ADJ_FACTOR_CA_MISMATCH,WARN,fq_factor,16
2014-05-15,MISSING_VALUE,WARN,amount,215
2014-05-16,ADJ_FACTOR_CA_MISMATCH,WARN,fq_factor,20
2014-05-16,MISSING_VALUE,WARN,amount,215
2014-05-19,ADJ_FACTOR_CA_MISMATCH,WARN,fq_factor,29
2014-05-19,MISSING_VALUE,WARN,amount,215
2014-05-20,ADJ_FACTOR_CA_MISMATCH,WARN,fq_factor,16
2014-05-20,MISSING_VALUE,WARN,amount,215
2014-05-21,ADJ_FACTOR_CA_MISMATCH,WARN,fq_factor,20
2014-05-21,MISSING_VALUE,WARN,amount,215
2014-05-22,ADJ_FACTOR_CA_MISMATCH,WARN,fq_factor,20
2014-05-22,MISSING_VALUE,WARN,amount,215
2014-05-23,ADJ_FACTOR_CA_MISMATCH,WARN,fq_factor,32
2014-05-23,MISSING_VALUE,WARN,amount,215
2014-05-26,ADJ_FACTOR_CA_MISMATCH,WARN,fq_factor,20
2014-05-26,MISSING_VALUE,WARN,amount,215
2014-05-27,ADJ_FACTOR_CA_MISMATCH,WARN,fq_factor,16
2014-05-27,MISSING_VALUE,WARN,amount,215
2014-05-28,ADJ_FACTOR_CA_MISMATCH,WARN,fq_factor,14
2014-05-28,MISSING_VALUE,WARN,amount,215
2014-05-29,ADJ_FACTOR_CA_MISMATCH,WARN,fq_factor,22
2014-05-29,MISSING_VALUE,WARN,amount,215
2014-05-30,ADJ_FACTOR_CA_MISMATCH,WARN,fq_factor,22
2014-05-30,MISSING_VALUE,WARN,amount,215
2014-06-03,ADJ_FACTOR_CA_MISMATCH,WARN,fq_factor,4
2014-06-03,MISSING_VALUE,WARN,amount,215
2014-06-04,ADJ_FACTOR_CA_MISMATCH,WARN,fq_factor,6
2014-06-04,MISSING_VALUE,WARN,amount,214
2014-06-05,ADJ_FACTOR_CA_MISMATCH,WARN,fq_factor,20
2014-06-05,MISSING_VALUE,WARN,amount,213
2014-06-06,ADJ_FACTOR_CA_MISMATCH,WARN,fq_factor,24
2014-06-06,MISSING_VALUE,WARN,amount,213
2014-06-09,ADJ_FACTOR_CA_MISMATCH,WARN,fq_factor,11
2014-06-09,MISSING_VALUE,WARN,amount,212
2014-06-10,ADJ_FACTOR_CA_MISMATCH,WARN,fq_factor,12
2014-06-10,MISSING_VALUE,WARN,amount,213
2014-06-11,ADJ_FACTOR_CA_MISMATCH,WARN,fq_factor,16
2014-06-11,MISSING_VALUE,WARN,amount,212
2014-06-12,ADJ_FACTOR_CA_MISMATCH,WARN,fq_factor,26
2014-06-12,MISSING_VALUE,WARN,amount,212
2014-06-13,ADJ_FACTOR_CA_MISMATCH,WARN,fq_factor,29
2014-06-13,MISSING_VALUE,WARN,amount,212
2014-06-16,ADJ_FACTOR_CA_MISMATCH,WARN,fq_factor,22
2014-06-16,MISSING_VALUE,WARN,amount,212
2014-06-17,ADJ_FACTOR_CA_MISMATCH,WARN,fq_factor,35
2014-06-17,MISSING_VALUE,WARN,amount,212
2014-06-18,ADJ_FACTOR_CA_MISMATCH,WARN,fq_factor,37
2014-06-18,MISSING_VALUE,WARN,amount,212
2014-06-19,ADJ_FACTOR_CA_MISMATCH,WARN,fq_factor,42
2014-06-19,MISSING_VALUE,WARN,amount,212
2014-06-20,ADJ_FACTOR_CA_MISMATCH,WARN,fq_factor,50
2014-06-20,MISSING_VALUE,WARN,amount,212
2014-06-23,ADJ_FACTOR_CA_MISMATCH,WARN,fq_factor,15
2014-06-23,MISSING_VALUE,WARN,amount,212
2014-06-24,ADJ_FACTOR_CA_MISMATCH,WARN,fq_factor,19
2014-06-24,MISSING_VALUE,WARN,amount,212
2014-06-25,ADJ_FACTOR_CA_MISMATCH,WARN,fq_factor,15
2014-06-25,MISSING_VALUE,WARN,amount,212
2014-06-26,ADJ_FACTOR_CA_MISMATCH,WARN,fq_factor,29
2014-06-26,MISSING_VALUE,WARN,amount,212
2014-06-27,ADJ_FACTOR_CA_MISMATCH,WARN,fq_factor,29
2014-06-27,MISSING_VALUE,WARN,amount,212
2014-06-30,ADJ_FACTOR_CA_MISMATCH,WARN,fq_factor,14
2014-06-30,MISSING_VALUE,WARN,amount,212
2014-07-01,ADJ_FACTOR_CA_MISMATCH,WARN,fq_factor,12
2014-07-01,MISSING_VALUE,WARN,amount,212
2014-07-02,ADJ_FACTOR_CA_MISMATCH,WARN,fq_factor,11
2014-07-02,MISSING_VALUE,WARN,amount,212
2014-07-03,ADJ_FACTOR_CA_MISMATCH,WARN,fq_factor,13
2014-07-03,MISSING_VALUE,WARN,amount,212
2014-07-04,ADJ_FACTOR_CA_MISMATCH,WARN,fq_factor,38
2014-07-04,MISSING_VALUE,WARN,amount,212
2014-07-07,ADJ_FACTOR_CA_MISMATCH,WARN,fq_factor,9
2014-07-07,MISSING_VALUE,WARN,amount,212
2014-07-08,ADJ_FACTOR_CA_MISMATCH,WARN,fq_factor,18
2014-07-08,MISSING_VALUE,WARN,amount,214
2014-07-09,ADJ_FACTOR_CA_MISMATCH,WARN,fq_factor,27
2014-07-09,MISSING_VALUE,WARN,amount,214
2014-07-10,ADJ_FACTOR_CA_MISMATCH,WARN,fq_factor,26
2014-07-10,MISSING_VALUE,WARN,amount,213
2014-07-11,ADJ_FACTOR_CA_MISMATCH,WARN,fq_factor,35
2014-07-11,MISSING_VALUE,WARN,amount,213
2014-07-14,ADJ_FACTOR_CA_MISMATCH,WARN,fq_factor,10
2014-07-14,MISSING_VALUE,WARN,amount,213
2014-07-15,ADJ_FACTOR_CA_MISMATCH,WARN,fq_factor,14
2014-07-15,MISSING_VALUE,WARN,amount,213
2014-07-16,ADJ_FACTOR_CA_MISMATCH,WARN,fq_factor,19
2014-07-16,MISSING_VALUE,WARN,amount,213
2014-07-17,ADJ_FACTOR_CA_MISMATCH,WARN,fq_factor,15
2014-07-17,MISSING_VALUE,WARN,amount,213
2014-07-18,ADJ_FACTOR_CA_MISMATCH,WARN,fq_factor,23
2014-07-18,MISSING_VALUE,WARN,amount,213
2014-07-21,ADJ_FACTOR_CA_MISMATCH,WARN,fq_factor,8
2014-07-21,MISSING_VALUE,WARN,amount,213
2014-07-22,ADJ_FACTOR_CA_MISMATCH,WARN,fq_factor,9
2014-07-22,MISSING_VALUE,WARN,amount,213
2014-07-23,ADJ_FACTOR_CA_MISMATCH,WARN,fq_factor,5
2014-07-23,MISSING_VALUE,WARN,amount,213
2014-07-24,ADJ_FACTOR_CA_MISMATCH,WARN,fq_factor,10
2014-07-24,MISSING_VALUE,WARN,amount,213
2014-07-25,ADJ_FACTOR_CA_MISMATCH,WARN,fq_factor,13
2014-07-25,MISSING_VALUE,WARN,amount,213
2014-07-28,ADJ_FACTOR_CA_MISMATCH,WARN,fq_factor,4
2014-07-28,MISSING_VALUE,WARN,amount,213
2014-07-29,ADJ_FACTOR_CA_MISMATCH,WARN,fq_factor,4
2014-07-29,MISSING_VALUE,WARN,amount,213
2014-07-30,ADJ_FACTOR_CA_MISMATCH,WARN,fq_factor,9
2014-07-30,MISSING_VALUE,WARN,amount,213
2014-07-31,ADJ_FACTOR_CA_MISMATCH,WARN,fq_factor,9
2014-07-31,MISSING_VALUE,WARN,amount,213
2014-08-01,ADJ_FACTOR_CA_MISMATCH,WARN,fq_factor,6
2014-08-01,MISSING_VALUE,WARN,amount,214
2014-08-04,ADJ_FACTOR_CA_MISMATCH,WARN,fq_factor,1
2014-08-04,MISSING_VALUE,WARN,amount,214
2014-08-05,ADJ_FACTOR_CA_MISMATCH,WARN,fq_factor,5
2014-08-05,MISSING_VALUE,WARN,amount,214
2014-08-06,ADJ_FACTOR_CA_MISMATCH,WARN,fq_factor,3
2014-08-06,MISSING_VALUE,WARN,amount,214
2014-08-07,ADJ_FACTOR_CA_MISMATCH,WARN,fq_factor,1
2014-08-07,MISSING_VALUE,WARN,amount,214
2014-08-08,ADJ_FACTOR_CA_MISMATCH,WARN,fq_factor,14
2014-08-08,MISSING_VALUE,WARN,amount,214
2014-08-11,ADJ_FACTOR_CA_MISMATCH,WARN,fq_factor,3
2014-08-11,MISSING_VALUE,WARN,amount,214
2014-08-12,ADJ_FACTOR_CA_MISMATCH,WARN,fq_factor,3
2014-08-12,MISSING_VALUE,WARN,amount,214
2014-08-13,ADJ_FACTOR_CA_MISMATCH,WARN,fq_factor,8
2014-08-13,MISSING_VALUE,WARN,amount,214
2014-08-14,MISSING_VALUE,WARN,amount,214
2014-08-15,ADJ_FACTOR_CA_MISMATCH,WARN,fq_factor,8
2014-08-15,MISSING_VALUE,WARN,amount,214
2014-08-18,ADJ_FACTOR_CA_MISMATCH,WARN,fq_factor,4
2014-08-18,MISSING_VALUE,WARN,amount,214
2014-08-19,ADJ_FACTOR_CA_MISMATCH,WARN,fq_factor,5
2014-08-19,MISSING_VALUE,WARN,amount,214
2014-08-20,ADJ_FACTOR_CA_MISMATCH,WARN,fq_factor,2
2014-08-20,MISSING_VALUE,WARN,amount,214
2014-08-21,ADJ_FACTOR_CA_MISMATCH,WARN,fq_factor,6
2014-08-21,MISSING_VALUE,WARN,amount,214
2014-08-22,ADJ_FACTOR_CA_MISMATCH,WARN,fq_factor,7
2014-08-22,MISSING_VALUE,WARN,amount,214
2014-08-25,ADJ_FACTOR_CA_MISMATCH,WARN,fq_factor,3
2014-08-25,MISSING_VALUE,WARN,amount,214
2014-08-26,ADJ_FACTOR_CA_MISMATCH,WARN,fq_factor,3
2014-08-26,MISSING_VALUE,WARN,amount,215
2014-08-27,ADJ_FACTOR_CA_MISMATCH,WARN,fq_factor,2
2014-08-27,MISSING_VALUE,WARN,amount,214
2014-08-28,ADJ_FACTOR_CA_MISMATCH,WARN,fq_factor,2
2014-08-28,MISSING_VALUE,WARN,amount,214
2014-08-29,ADJ_FACTOR_CA_MISMATCH,WARN,fq_factor,1
2014-08-29,MISSING_VALUE,WARN,amount,214
2014-09-01,ADJ_FACTOR_CA_MISMATCH,WARN,fq_factor,1
2014-09-01,MISSING_VALUE,WARN,amount,214
2014-09-02,ADJ_FACTOR_CA_MISMATCH,WARN,fq_factor,1
2014-09-02,MISSING_VALUE,WARN,amount,214
2014-09-03,ADJ_FACTOR_CA_MISMATCH,WARN,fq_factor,1
2014-09-03,MISSING_VALUE,WARN,amount,214
2014-09-04,MISSING_VALUE,WARN,amount,214
2014-09-05,MISSING_VALUE,WARN,amount,214
2014-09-09,ADJ_FACTOR_CA_MISMATCH,WARN,fq_factor,1
2014-09-09,MISSING_VALUE,WARN,amount,216
2014-09-10,ADJ_FACTOR_CA_MISMATCH,WARN,fq_factor,1
2014-09-10,MISSING_VALUE,WARN,amount,217
2014-09-11,ADJ_FACTOR_CA_MISMATCH,WARN,fq_factor,1
2014-09-11,MISSING_VALUE,WARN,amount,217
2014-09-12,ADJ_FACTOR_CA_MISMATCH,WARN,fq_factor,3
2014-09-12,MISSING_VALUE,WARN,amount,217
2014-09-15,MISSING_VALUE,WARN,amount,218
2014-09-16,ADJ_FACTOR_CA_MISMATCH,WARN,fq_factor,1
2014-09-16,MISSING_VALUE,WARN,amount,217
2014-09-17,ADJ_FACTOR_CA_MISMATCH,WARN,fq_factor,3
2014-09-17,MISSING_VALUE,WARN,amount,217
2014-09-18,MISSING_VALUE,WARN,amount,217
2014-09-19,ADJ_FACTOR_CA_MISMATCH,WARN,fq_factor,2
2014-09-19,MISSING_VALUE,WARN,amount,217
2014-09-22,ADJ_FACTOR_CA_MISMATCH,WARN,fq_factor,3
2014-09-22,MISSING_VALUE,WARN,amount,217
2014-09-23,ADJ_FACTOR_CA_MISMATCH,WARN,fq_factor,1
2014-09-23,MISSING_VALUE,WARN,amount,217
2014-09-24,ADJ_FACTOR_CA_MISMATCH,WARN,fq_factor,3
2014-09-24,MISSING_VALUE,WARN,amount,217
2014-09-25,MISSING_VALUE,WARN,amount,217
2014-09-26,ADJ_FACTOR_CA_MISMATCH,WARN,fq_factor,1
2014-09-26,MISSING_VALUE,WARN,amount,217
2014-09-29,ADJ_FACTOR_CA_MISMATCH,WARN,fq_factor,2
2014-09-29,MISSING_VALUE,WARN,amount,216
2014-09-30,ADJ_FACTOR_CA_MISMATCH,WARN,fq_factor,4
2014-09-30,MISSING_VALUE,WARN,amount,216
2014-10-08,MISSING_VALUE,WARN,amount,216
2014-10-09,MISSING_VALUE,WARN,amount,216
2014-10-10,ADJ_FACTOR_CA_MISMATCH,WARN,fq_factor,2
2014-10-10,MISSING_VALUE,WARN,amount,216
2014-10-13,MISSING_VALUE,WARN,amount,216
2014-10-14,ADJ_FACTOR_CA_MISMATCH,WARN,fq_factor,2
2014-10-14,MISSING_VALUE,WARN,amount,216
2014-10-15,MISSING_VALUE,WARN,amount,216
2014-10-16,ADJ_FACTOR_CA_MISMATCH,WARN,fq_factor,1
2014-10-16,MISSING_VALUE,WARN,amount,216
2014-10-17,ADJ_FACTOR_CA_MISMATCH,WARN,fq_factor,2
2014-10-17,MISSING_VALUE,WARN,amount,216
2014-10-20,MISSING_VALUE,WARN,amount,216
2014-10-21,MISSING_VALUE,WARN,amount,216
2014-10-22,ADJ_FACTOR_CA_MISMATCH,WARN,fq_factor,1
2014-10-22,MISSING_VALUE,WARN,amount,216
2014-10-23,MISSING_VALUE,WARN,amount,216
2014-10-24,ADJ_FACTOR_CA_MISMATCH,WARN,fq_factor,1
2014-10-24,MISSING_VALUE,WARN,amount,216
2014-10-27,ADJ_FACTOR_CA_MISMATCH,WARN,fq_factor,1
2014-10-27,MISSING_VALUE,WARN,amount,216
2014-10-28,MISSING_VALUE,WARN,amount,216
2014-10-29,MISSING_VALUE,WARN,amount,216
2014-10-30,MISSING_VALUE,WARN,amount,216
2014-10-31,ADJ_FACTOR_CA_MISMATCH,WARN,fq_factor,1
2014-10-31,MISSING_VALUE,WARN,amount,216
2014-11-03,ADJ_FACTOR_CA_MISMATCH,WARN,fq_factor,1
2014-11-03,MISSING_VALUE,WARN,amount,216
2014-11-04,ADJ_FACTOR_CA_MISMATCH,WARN,fq_factor,1
2014-11-04,MISSING_VALUE,WARN,amount,216
2014-11-05,ADJ_FACTOR_CA_MISMATCH,WARN,fq_factor,1
2014-11-05,MISSING_VALUE,WARN,amount,216
2014-11-06,MISSING_VALUE,WARN,amount,216
2014-11-07,ADJ_FACTOR_CA_MISMATCH,WARN,fq_factor,1
2014-11-07,MISSING_VALUE,WARN,amount,216
2014-11-10,MISSING_VALUE,WARN,amount,216
2014-11-11,MISSING_VALUE,WARN,amount,216
2014-11-12,ADJ_FACTOR_CA_MISMATCH,WARN,fq_factor,1
2014-11-12,MISSING_VALUE,WARN,amount,216
2014-11-13,ADJ_FACTOR_CA_MISMATCH,WARN,fq_factor,1
2014-11-13,MISSING_VALUE,WARN,amount,215
2014-11-14,MISSING_VALUE,WARN,amount,215
2014-11-17,MISSING_VALUE,WARN,amount,215
2014-11-18,ADJ_FACTOR_CA_MISMATCH,WARN,fq_factor,1
2014-11-18,MISSING_VALUE,WARN,amount,215
2014-11-19,MISSING_VALUE,WARN,amount,215
2014-11-20,MISSING_VALUE,WARN,amount,215
2014-11-21,ADJ_FACTOR_CA_MISMATCH,WARN,fq_factor,1
2014-11-21,MISSING_VALUE,WARN,amount,215
2014-11-24,ADJ_FACTOR_CA_MISMATCH,WARN,fq_factor,2
2014-11-24,MISSING_VALUE,WARN,amount,215
2014-11-25,MISSING_VALUE,WARN,amount,215
2014-11-26,MISSING_VALUE,WARN,amount,215
2014-11-27,MISSING_VALUE,WARN,amount,215
2014-11-28,ADJ_FACTOR_CA_MISMATCH,WARN,fq_factor,1
2014-11-28,MISSING_VALUE,WARN,amount,215
2014-12-01,MISSING_VALUE,WARN,amount,215
2014-12-02,ADJ_FACTOR_CA_MISMATCH,WARN,fq_factor,1
2014-12-02,MISSING_VALUE,WARN,amount,215
2014-12-03,MISSING_VALUE,WARN,amount,215
2014-12-04,MISSING_VALUE,WARN,amount,215
2014-12-05,MISSING_VALUE,WARN,amount,215
2014-12-08,MISSING_VALUE,WARN,amount,215
2014-12-09,ADJ_FACTOR_CA_MISMATCH,WARN,fq_factor,2
2014-12-09,MISSING_VALUE,WARN,amount,215
2014-12-10,MISSING_VALUE,WARN,amount,215
2014-12-11,ADJ_FACTOR_CA_MISMATCH,WARN,fq_factor,1
2014-12-11,MISSING_VALUE,WARN,amount,215
2014-12-12,MISSING_VALUE,WARN,amount,215
2014-12-15,ADJ_FACTOR_CA_MISMATCH,WARN,fq_factor,1
2014-12-15,MISSING_VALUE,WARN,amount,214
2014-12-16,MISSING_VALUE,WARN,amount,214
2014-12-17,MISSING_VALUE,WARN,amount,214
2014-12-18,MISSING_VALUE,WARN,amount,214
2014-12-19,MISSING_VALUE,WARN,amount,214
2014-12-22,ADJ_FACTOR_CA_MISMATCH,WARN,fq_factor,1
2014-12-22,MISSING_VALUE,WARN,amount,214
2014-12-23,MISSING_VALUE,WARN,amount,214
2014-12-24,MISSING_VALUE,WARN,amount,214
2014-12-25,MISSING_VALUE,WARN,amount,214
2014-12-26,MISSING_VALUE,WARN,amount,214
2014-12-29,MISSING_VALUE,WARN,amount,214
2014-12-30,MISSING_VALUE,WARN,amount,214
2014-12-31,MISSING_VALUE,WARN,amount,214
2015-01-05,MISSING_VALUE,WARN,amount,213
2015-01-06,MISSING_VALUE,WARN,amount,213
2015-01-07,MISSING_VALUE,WARN,amount,213
2015-01-08,MISSING_VALUE,WARN,amount,213
2015-01-09,ADJ_FACTOR_CA_MISMATCH,WARN,fq_factor,1
2015-01-09,MISSING_VALUE,WARN,amount,213
2015-01-12,MISSING_VALUE,WARN,amount,213
2015-01-13,MISSING_VALUE,WARN,amount,213
2015-01-14,MISSING_VALUE,WARN,amount,213
2015-01-15,MISSING_VALUE,WARN,amount,213
2015-01-16,MISSING_VALUE,WARN,amount,213
2015-01-19,MISSING_VALUE,WARN,amount,213
2015-01-20,MISSING_VALUE,WARN,amount,214
2015-01-21,MISSING_VALUE,WARN,amount,214
2015-01-22,MISSING_VALUE,WARN,amount,215
2015-01-23,ADJ_FACTOR_CA_MISMATCH,WARN,fq_factor,1
2015-01-23,MISSING_VALUE,WARN,amount,215
2015-01-26,ADJ_FACTOR_CA_MISMATCH,WARN,fq_factor,1
2015-01-26,MISSING_VALUE,WARN,amount,214
2015-01-27,MISSING_VALUE,WARN,amount,213
2015-01-28,MISSING_VALUE,WARN,amount,213
2015-01-29,MISSING_VALUE,WARN,amount,213
2015-01-30,ADJ_FACTOR_CA_MISMATCH,WARN,fq_factor,1
2015-01-30,MISSING_VALUE,WARN,amount,213
2015-02-02,MISSING_VALUE,WARN,amount,213
2015-02-03,MISSING_VALUE,WARN,amount,213
2015-02-04,MISSING_VALUE,WARN,amount,213
2015-02-05,MISSING_VALUE,WARN,amount,213
2015-02-06,MISSING_VALUE,WARN,amount,213
2015-02-09,MISSING_VALUE,WARN,amount,213
2015-02-10,MISSING_VALUE,WARN,amount,213
2015-02-11,MISSING_VALUE,WARN,amount,213
2015-02-12,MISSING_VALUE,WARN,amount,213
2015-02-13,MISSING_VALUE,WARN,amount,213
2015-02-16,MISSING_VALUE,WARN,amount,214
2015-02-17,MISSING_VALUE,WARN,amount,213
2015-02-25,MISSING_VALUE,WARN,amount,213
2015-02-26,MISSING_VALUE,WARN,amount,213
2015-02-27,MISSING_VALUE,WARN,amount,213
2015-03-02,MISSING_VALUE,WARN,amount,213
2015-03-03,MISSING_VALUE,WARN,amount,213
2015-03-04,MISSING_VALUE,WARN,amount,213
2015-03-05,MISSING_VALUE,WARN,amount,213
2015-03-06,MISSING_VALUE,WARN,amount,213
2015-03-09,MISSING_VALUE,WARN,amount,213
2015-03-10,ADJ_FACTOR_CA_MISMATCH,WARN,fq_factor,1
2015-03-10,MISSING_VALUE,WARN,amount,214
2015-03-11,MISSING_VALUE,WARN,amount,214
2015-03-12,MISSING_VALUE,WARN,amount,214
2015-03-13,MISSING_VALUE,WARN,amount,214
2015-03-16,MISSING_VALUE,WARN,amount,214
2015-03-17,ADJ_FACTOR_CA_MISMATCH,WARN,fq_factor,1
2015-03-17,MISSING_VALUE,WARN,amount,214
2015-03-18,MISSING_VALUE,WARN,amount,214
2015-03-19,MISSING_VALUE,WARN,amount,214
2015-03-20,ADJ_FACTOR_CA_MISMATCH,WARN,fq_factor,1
2015-03-20,MISSING_VALUE,WARN,amount,214
2015-03-23,ADJ_FACTOR_CA_MISMATCH,WARN,fq_factor,1
2015-03-23,MISSING_VALUE,WARN,amount,214
2015-03-24,MISSING_VALUE,WARN,amount,216
2015-03-25,ADJ_FACTOR_CA_MISMATCH,WARN,fq_factor,1
2015-03-25,MISSING_VALUE,WARN,amount,216
2015-03-26,ADJ_FACTOR_CA_MISMATCH,WARN,fq_factor,1
2015-03-26,MISSING_VALUE,WARN,amount,216
2015-03-27,ADJ_FACTOR_CA_MISMATCH,WARN,fq_factor,2
2015-03-27,MISSING_VALUE,WARN,amount,216
2015-03-30,MISSING_VALUE,WARN,amount,216
2015-03-31,MISSING_VALUE,WARN,amount,216
2015-04-01,MISSING_VALUE,WARN,amount,216
2015-04-02,ADJ_FACTOR_CA_MISMATCH,WARN,fq_factor,1
2015-04-02,MISSING_VALUE,WARN,amount,216
2015-04-03,MISSING_VALUE,WARN,amount,216
2015-04-07,ADJ_FACTOR_CA_MISMATCH,WARN,fq_factor,3
2015-04-07,MISSING_VALUE,WARN,amount,216
2015-04-08,MISSING_VALUE,WARN,amount,216
2015-04-09,ADJ_FACTOR_CA_MISMATCH,WARN,fq_factor,5
2015-04-09,MISSING_VALUE,WARN,amount,216
2015-04-10,MISSING_VALUE,WARN,amount,216
2015-04-13,ADJ_FACTOR_CA_MISMATCH,WARN,fq_factor,2
2015-04-13,MISSING_VALUE,WARN,amount,216
2015-04-14,ADJ_FACTOR_CA_MISMATCH,WARN,fq_factor,5
2015-04-14,MISSING_VALUE,WARN,amount,216
2015-04-15,ADJ_FACTOR_CA_MISMATCH,WARN,fq_factor,2
2015-04-15,MISSING_VALUE,WARN,amount,217
2015-04-16,ADJ_FACTOR_CA_MISMATCH,WARN,fq_factor,3
2015-04-16,MISSING_VALUE,WARN,amount,217
2015-04-17,MISSING_VALUE,WARN,amount,217
2015-04-20,ADJ_FACTOR_CA_MISMATCH,WARN,fq_factor,3
2015-04-20,MISSING_VALUE,WARN,amount,217
2015-04-21,ADJ_FACTOR_CA_MISMATCH,WARN,fq_factor,4
2015-04-21,MISSING_VALUE,WARN,amount,217
2015-04-22,ADJ_FACTOR_CA_MISMATCH,WARN,fq_factor,3
2015-04-22,MISSING_VALUE,WARN,amount,217
2015-04-23,ADJ_FACTOR_CA_MISMATCH,WARN,fq_factor,6
2015-04-23,MISSING_VALUE,WARN,amount,217
2015-04-24,ADJ_FACTOR_CA_MISMATCH,WARN,fq_factor,3
2015-04-24,MISSING_VALUE,WARN,amount,218
2015-04-27,ADJ_FACTOR_CA_MISMATCH,WARN,fq_factor,4
2015-04-27,MISSING_VALUE,WARN,amount,218
2015-04-28,ADJ_FACTOR_CA_MISMATCH,WARN,fq_factor,5
2015-04-28,MISSING_VALUE,WARN,amount,219
2015-04-29,ADJ_FACTOR_CA_MISMATCH,WARN,fq_factor,9
2015-04-29,MISSING_VALUE,WARN,amount,217
2015-04-30,ADJ_FACTOR_CA_MISMATCH,WARN,fq_factor,16
2015-04-30,MISSING_VALUE,WARN,amount,217
2015-05-04,ADJ_FACTOR_CA_MISMATCH,WARN,fq_factor,3
2015-05-04,MISSING_VALUE,WARN,amount,217
2015-05-05,ADJ_FACTOR_CA_MISMATCH,WARN,fq_factor,1
2015-05-05,MISSING_VALUE,WARN,amount,217
2015-05-06,ADJ_FACTOR_CA_MISMATCH,WARN,fq_factor,11
2015-05-06,MISSING_VALUE,WARN,amount,217
2015-05-07,ADJ_FACTOR_CA_MISMATCH,WARN,fq_factor,13
2015-05-07,MISSING_VALUE,WARN,amount,217
2015-05-08,ADJ_FACTOR_CA_MISMATCH,WARN,fq_factor,17
2015-05-08,MISSING_VALUE,WARN,amount,218
2015-05-11,ADJ_FACTOR_CA_MISMATCH,WARN,fq_factor,6
2015-05-11,MISSING_VALUE,WARN,amount,217
2015-05-12,ADJ_FACTOR_CA_MISMATCH,WARN,fq_factor,17
2015-05-12,MISSING_VALUE,WARN,amount,217
2015-05-13,ADJ_FACTOR_CA_MISMATCH,WARN,fq_factor,7
2015-05-13,MISSING_VALUE,WARN,amount,218
2015-05-14,ADJ_FACTOR_CA_MISMATCH,WARN,fq_factor,9
2015-05-14,MISSING_VALUE,WARN,amount,218
2015-05-15,ADJ_FACTOR_CA_MISMATCH,WARN,fq_factor,14
2015-05-15,MISSING_VALUE,WARN,amount,218
2015-05-18,ADJ_FACTOR_CA_MISMATCH,WARN,fq_factor,10
2015-05-18,MISSING_VALUE,WARN,amount,218
2015-05-19,ADJ_FACTOR_CA_MISMATCH,WARN,fq_factor,13
2015-05-19,MISSING_VALUE,WARN,amount,218
2015-05-20,ADJ_FACTOR_CA_MISMATCH,WARN,fq_factor,10
2015-05-20,MISSING_VALUE,WARN,amount,216
2015-05-21,ADJ_FACTOR_CA_MISMATCH,WARN,fq_factor,14
2015-05-21,MISSING_VALUE,WARN,amount,215
2015-05-22,ADJ_FACTOR_CA_MISMATCH,WARN,fq_factor,22
2015-05-22,MISSING_VALUE,WARN,amount,215
2015-05-25,ADJ_FACTOR_CA_MISMATCH,WARN,fq_factor,12
2015-05-25,MISSING_VALUE,WARN,amount,215
2015-05-26,ADJ_FACTOR_CA_MISMATCH,WARN,fq_factor,12
2015-05-26,MISSING_VALUE,WARN,amount,215
2015-05-27,ADJ_FACTOR_CA_MISMATCH,WARN,fq_factor,18
2015-05-27,MISSING_VALUE,WARN,amount,215
2015-05-28,ADJ_FACTOR_CA_MISMATCH,WARN,fq_factor,24
2015-05-28,MISSING_VALUE,WARN,amount,213
2015-05-28,VWAP_OUT_OF_RANGE,ERROR,amount,1
2015-05-29,ADJ_FACTOR_CA_MISMATCH,WARN,fq_factor,40
2015-05-29,MISSING_VALUE,WARN,amount,214
2015-06-01,ADJ_FACTOR_CA_MISMATCH,WARN,fq_factor,14
2015-06-01,MISSING_VALUE,WARN,amount,214
2015-06-02,ADJ_FACTOR_CA_MISMATCH,WARN,fq_factor,19
2015-06-02,MISSING_VALUE,WARN,amount,214
2015-06-03,ADJ_FACTOR_CA_MISMATCH,WARN,fq_factor,14
2015-06-03,MISSING_VALUE,WARN,amount,214
2015-06-04,ADJ_FACTOR_CA_MISMATCH,WARN,fq_factor,12
2015-06-04,MISSING_VALUE,WARN,amount,214
2015-06-05,ADJ_FACTOR_CA_MISMATCH,WARN,fq_factor,27
2015-06-05,MISSING_VALUE,WARN,amount,214
2015-06-08,ADJ_FACTOR_CA_MISMATCH,WARN,fq_factor,17
2015-06-08,MISSING_VALUE,WARN,amount,214
2015-06-09,ADJ_FACTOR_CA_MISMATCH,WARN,fq_factor,22
2015-06-09,MISSING_VALUE,WARN,amount,214
2015-06-09,VWAP_OUT_OF_RANGE,ERROR,amount,1
2015-06-10,ADJ_FACTOR_CA_MISMATCH,WARN,fq_factor,30
2015-06-10,MISSING_VALUE,WARN,amount,214
2015-06-11,ADJ_FACTOR_CA_MISMATCH,WARN,fq_factor,25
2015-06-11,MISSING_VALUE,WARN,amount,214
2015-06-12,ADJ_FACTOR_CA_MISMATCH,WARN,fq_factor,41
2015-06-12,MISSING_VALUE,WARN,amount,214
2015-06-15,ADJ_FACTOR_CA_MISMATCH,WARN,fq_factor,13
2015-06-15,MISSING_VALUE,WARN,amount,214
2015-06-16,ADJ_FACTOR_CA_MISMATCH,WARN,fq_factor,23
2015-06-16,MISSING_VALUE,WARN,amount,215
2015-06-17,ADJ_FACTOR_CA_MISMATCH,WARN,fq_factor,32
2015-06-17,MISSING_VALUE,WARN,amount,215
2015-06-18,ADJ_FACTOR_CA_MISMATCH,WARN,fq_factor,23
2015-06-18,MISSING_VALUE,WARN,amount,214
2015-06-19,ADJ_FACTOR_CA_MISMATCH,WARN,fq_factor,52
2015-06-19,MISSING_VALUE,WARN,amount,213
2015-06-23,ADJ_FACTOR_CA_MISMATCH,WARN,fq_factor,16
2015-06-23,MISSING_VALUE,WARN,amount,213
2015-06-24,ADJ_FACTOR_CA_MISMATCH,WARN,fq_factor,12
2015-06-24,MISSING_VALUE,WARN,amount,213
2015-06-25,ADJ_FACTOR_CA_MISMATCH,WARN,fq_factor,22
2015-06-25,MISSING_VALUE,WARN,amount,213
2015-06-26,ADJ_FACTOR_CA_MISMATCH,WARN,fq_factor,45
2015-06-26,MISSING_VALUE,WARN,amount,214
2015-06-29,ADJ_FACTOR_CA_MISMATCH,WARN,fq_factor,14
2015-06-29,MISSING_VALUE,WARN,amount,214
2015-06-30,ADJ_FACTOR_CA_MISMATCH,WARN,fq_factor,22
2015-06-30,MISSING_VALUE,WARN,amount,215
2015-07-01,ADJ_FACTOR_CA_MISMATCH,WARN,fq_factor,12
2015-07-01,MISSING_VALUE,WARN,amount,215
2015-07-02,ADJ_FACTOR_CA_MISMATCH,WARN,fq_factor,8
2015-07-02,MISSING_VALUE,WARN,amount,215
2015-07-03,ADJ_FACTOR_CA_MISMATCH,WARN,fq_factor,23
2015-07-03,MISSING_VALUE,WARN,amount,215
2015-07-06,ADJ_FACTOR_CA_MISMATCH,WARN,fq_factor,16
2015-07-06,MISSING_VALUE,WARN,amount,215
2015-07-06,VWAP_OUT_OF_RANGE,ERROR,amount,1
2015-07-07,ADJ_FACTOR_CA_MISMATCH,WARN,fq_factor,9
2015-07-07,MISSING_VALUE,WARN,amount,215
2015-07-08,ADJ_FACTOR_CA_MISMATCH,WARN,fq_factor,11
2015-07-08,MISSING_VALUE,WARN,amount,218
2015-07-08,VWAP_OUT_OF_RANGE,ERROR,amount,1
2015-07-09,ADJ_FACTOR_CA_MISMATCH,WARN,fq_factor,15
2015-07-09,MISSING_VALUE,WARN,amount,218
2015-07-10,ADJ_FACTOR_CA_MISMATCH,WARN,fq_factor,22
2015-07-10,MISSING_VALUE,WARN,amount,218
2015-07-13,ADJ_FACTOR_CA_MISMATCH,WARN,fq_factor,24
2015-07-13,MISSING_VALUE,WARN,amount,214
2015-07-14,ADJ_FACTOR_CA_MISMATCH,WARN,fq_factor,17
2015-07-14,MISSING_VALUE,WARN,amount,214
2015-07-15,ADJ_FACTOR_CA_MISMATCH,WARN,fq_factor,19
2015-07-15,MISSING_VALUE,WARN,amount,215
2015-07-16,ADJ_FACTOR_CA_MISMATCH,WARN,fq_factor,16
2015-07-16,MISSING_VALUE,WARN,amount,216
2015-07-17,ADJ_FACTOR_CA_MISMATCH,WARN,fq_factor,22
2015-07-17,MISSING_VALUE,WARN,amount,216
2015-07-20,ADJ_FACTOR_CA_MISMATCH,WARN,fq_factor,11
2015-07-20,MISSING_VALUE,WARN,amount,215
2015-07-21,ADJ_FACTOR_CA_MISMATCH,WARN,fq_factor,15
2015-07-21,MISSING_VALUE,WARN,amount,215
2015-07-22,ADJ_FACTOR_CA_MISMATCH,WARN,fq_factor,20
2015-07-22,MISSING_VALUE,WARN,amount,215
2015-07-23,ADJ_FACTOR_CA_MISMATCH,WARN,fq_factor,17
2015-07-23,MISSING_VALUE,WARN,amount,215
2015-07-24,ADJ_FACTOR_CA_MISMATCH,WARN,fq_factor,11
2015-07-24,MISSING_VALUE,WARN,amount,215
2015-07-27,ADJ_FACTOR_CA_MISMATCH,WARN,fq_factor,6
2015-07-27,MISSING_VALUE,WARN,amount,215
2015-07-28,ADJ_FACTOR_CA_MISMATCH,WARN,fq_factor,5
2015-07-28,MISSING_VALUE,WARN,amount,215
2015-07-29,ADJ_FACTOR_CA_MISMATCH,WARN,fq_factor,4
2015-07-29,MISSING_VALUE,WARN,amount,215
2015-07-30,ADJ_FACTOR_CA_MISMATCH,WARN,fq_factor,6
2015-07-30,MISSING_VALUE,WARN,amount,215
2015-07-31,ADJ_FACTOR_CA_MISMATCH,WARN,fq_factor,9
2015-07-31,MISSING_VALUE,WARN,amount,215
2015-08-03,ADJ_FACTOR_CA_MISMATCH,WARN,fq_factor,1
2015-08-03,MISSING_VALUE,WARN,amount,215
2015-08-04,MISSING_VALUE,WARN,amount,215
2015-08-05,ADJ_FACTOR_CA_MISMATCH,WARN,fq_factor,6
2015-08-05,MISSING_VALUE,WARN,amount,215
2015-08-06,ADJ_FACTOR_CA_MISMATCH,WARN,fq_factor,9
2015-08-06,MISSING_VALUE,WARN,amount,215
2015-08-07,ADJ_FACTOR_CA_MISMATCH,WARN,fq_factor,9
2015-08-07,MISSING_VALUE,WARN,amount,215
2015-08-10,ADJ_FACTOR_CA_MISMATCH,WARN,fq_factor,5
2015-08-10,MISSING_VALUE,WARN,amount,215
2015-08-11,ADJ_FACTOR_CA_MISMATCH,WARN,fq_factor,3
2015-08-11,MISSING_VALUE,WARN,amount,215
2015-08-12,ADJ_FACTOR_CA_MISMATCH,WARN,fq_factor,4
2015-08-12,MISSING_VALUE,WARN,amount,215
2015-08-13,ADJ_FACTOR_CA_MISMATCH,WARN,fq_factor,9
2015-08-13,MISSING_VALUE,WARN,amount,215
2015-08-14,ADJ_FACTOR_CA_MISMATCH,WARN,fq_factor,3
2015-08-14,MISSING_VALUE,WARN,amount,215
2015-08-17,MISSING_VALUE,WARN,amount,215
2015-08-18,ADJ_FACTOR_CA_MISMATCH,WARN,fq_factor,3
2015-08-18,MISSING_VALUE,WARN,amount,215
2015-08-19,ADJ_FACTOR_CA_MISMATCH,WARN,fq_factor,3
2015-08-19,MISSING_VALUE,WARN,amount,215
2015-08-20,ADJ_FACTOR_CA_MISMATCH,WARN,fq_factor,7
2015-08-20,MISSING_VALUE,WARN,amount,215
2015-08-21,ADJ_FACTOR_CA_MISMATCH,WARN,fq_factor,7
2015-08-21,MISSING_VALUE,WARN,amount,215
2015-08-24,ADJ_FACTOR_CA_MISMATCH,WARN,fq_factor,2
2015-08-24,MISSING_VALUE,WARN,amount,215
2015-08-25,ADJ_FACTOR_CA_MISMATCH,WARN,fq_factor,3
2015-08-25,MISSING_VALUE,WARN,amount,216
2015-08-26,ADJ_FACTOR_CA_MISMATCH,WARN,fq_factor,3
2015-08-26,MISSING_VALUE,WARN,amount,216
2015-08-27,MISSING_VALUE,WARN,amount,216
2015-08-28,ADJ_FACTOR_CA_MISMATCH,WARN,fq_factor,2
2015-08-28,MISSING_VALUE,WARN,amount,216
2015-08-31,ADJ_FACTOR_CA_MISMATCH,WARN,fq_factor,1
2015-08-31,MISSING_VALUE,WARN,amount,216
2015-09-01,ADJ_FACTOR_CA_MISMATCH,WARN,fq_factor,3
2015-09-01,MISSING_VALUE,WARN,amount,216
2015-09-02,MISSING_VALUE,WARN,amount,216
2015-09-07,ADJ_FACTOR_CA_MISMATCH,WARN,fq_factor,1
2015-09-07,MISSING_VALUE,WARN,amount,216
2015-09-08,ADJ_FACTOR_CA_MISMATCH,WARN,fq_factor,3
2015-09-08,MISSING_VALUE,WARN,amount,215
2015-09-09,ADJ_FACTOR_CA_MISMATCH,WARN,fq_factor,1
2015-09-09,MISSING_VALUE,WARN,amount,215
2015-09-10,MISSING_VALUE,WARN,amount,215
2015-09-11,ADJ_FACTOR_CA_MISMATCH,WARN,fq_factor,3
2015-09-11,MISSING_VALUE,WARN,amount,215
2015-09-14,ADJ_FACTOR_CA_MISMATCH,WARN,fq_factor,2
2015-09-14,MISSING_VALUE,WARN,amount,215
2015-09-15,ADJ_FACTOR_CA_MISMATCH,WARN,fq_factor,4
2015-09-15,MISSING_VALUE,WARN,amount,215
2015-09-16,MISSING_VALUE,WARN,amount,215
2015-09-17,MISSING_VALUE,WARN,amount,215
2015-09-18,ADJ_FACTOR_CA_MISMATCH,WARN,fq_factor,4
2015-09-18,MISSING_VALUE,WARN,amount,215
2015-09-21,ADJ_FACTOR_CA_MISMATCH,WARN,fq_factor,4
2015-09-21,MISSING_VALUE,WARN,amount,215
2015-09-22,ADJ_FACTOR_CA_MISMATCH,WARN,fq_factor,1
2015-09-22,MISSING_VALUE,WARN,amount,215
2015-09-23,ADJ_FACTOR_CA_MISMATCH,WARN,fq_factor,3
2015-09-23,MISSING_VALUE,WARN,amount,215
2015-09-24,ADJ_FACTOR_CA_MISMATCH,WARN,fq_factor,2
2015-09-24,MISSING_VALUE,WARN,amount,215
2015-09-25,ADJ_FACTOR_CA_MISMATCH,WARN,fq_factor,1
2015-09-25,MISSING_VALUE,WARN,amount,215
2015-09-28,ADJ_FACTOR_CA_MISMATCH,WARN,fq_factor,1
2015-09-28,MISSING_VALUE,WARN,amount,216
2015-09-29,ADJ_FACTOR_CA_MISMATCH,WARN,fq_factor,4
2015-09-29,MISSING_VALUE,WARN,amount,215
2015-09-30,ADJ_FACTOR_CA_MISMATCH,WARN,fq_factor,4
2015-09-30,MISSING_VALUE,WARN,amount,215
2015-10-08,ADJ_FACTOR_CA_MISMATCH,WARN,fq_factor,4
2015-10-08,MISSING_VALUE,WARN,amount,215
2015-10-09,ADJ_FACTOR_CA_MISMATCH,WARN,fq_factor,2
2015-10-09,MISSING_VALUE,WARN,amount,215
2015-10-12,ADJ_FACTOR_CA_MISMATCH,WARN,fq_factor,2
2015-10-12,MISSING_VALUE,WARN,amount,215
2015-10-13,ADJ_FACTOR_CA_MISMATCH,WARN,fq_factor,2
2015-10-13,MISSING_VALUE,WARN,amount,215
2015-10-14,ADJ_FACTOR_CA_MISMATCH,WARN,fq_factor,2
2015-10-14,MISSING_VALUE,WARN,amount,215
2015-10-15,ADJ_FACTOR_CA_MISMATCH,WARN,fq_factor,3
2015-10-15,MISSING_VALUE,WARN,amount,215
2015-10-16,ADJ_FACTOR_CA_MISMATCH,WARN,fq_factor,2
2015-10-16,MISSING_VALUE,WARN,amount,215
2015-10-19,ADJ_FACTOR_CA_MISMATCH,WARN,fq_factor,2
2015-10-19,MISSING_VALUE,WARN,amount,216
2015-10-20,ADJ_FACTOR_CA_MISMATCH,WARN,fq_factor,3
2015-10-20,MISSING_VALUE,WARN,amount,216
2015-10-21,ADJ_FACTOR_CA_MISMATCH,WARN,fq_factor,4
2015-10-21,MISSING_VALUE,WARN,amount,216
2015-10-22,ADJ_FACTOR_CA_MISMATCH,WARN,fq_factor,3
2015-10-22,MISSING_VALUE,WARN,amount,216
2015-10-23,ADJ_FACTOR_CA_MISMATCH,WARN,fq_factor,1
2015-10-23,MISSING_VALUE,WARN,amount,216
2015-10-26,MISSING_VALUE,WARN,amount,215
2015-10-27,MISSING_VALUE,WARN,amount,216
2015-10-28,ADJ_FACTOR_CA_MISMATCH,WARN,fq_factor,2
2015-10-28,MISSING_VALUE,WARN,amount,216
2015-10-29,ADJ_FACTOR_CA_MISMATCH,WARN,fq_factor,2
2015-10-29,MISSING_VALUE,WARN,amount,216
2015-10-30,ADJ_FACTOR_CA_MISMATCH,WARN,fq_factor,1
2015-10-30,MISSING_VALUE,WARN,amount,216
2015-11-02,ADJ_FACTOR_CA_MISMATCH,WARN,fq_factor,1
2015-11-02,MISSING_VALUE,WARN,amount,216
2015-11-03,MISSING_VALUE,WARN,amount,216
2015-11-04,ADJ_FACTOR_CA_MISMATCH,WARN,fq_factor,3
2015-11-04,MISSING_VALUE,WARN,amount,216
2015-11-05,ADJ_FACTOR_CA_MISMATCH,WARN,fq_factor,2
2015-11-05,MISSING_VALUE,WARN,amount,216
2015-11-06,ADJ_FACTOR_CA_MISMATCH,WARN,fq_factor,1
2015-11-06,MISSING_VALUE,WARN,amount,215
2015-11-09,MISSING_VALUE,WARN,amount,215
2015-11-10,ADJ_FACTOR_CA_MISMATCH,WARN,fq_factor,1
2015-11-10,MISSING_VALUE,WARN,amount,215
2015-11-11,ADJ_FACTOR_CA_MISMATCH,WARN,fq_factor,1
2015-11-11,MISSING_VALUE,WARN,amount,215
2015-11-12,ADJ_FACTOR_CA_MISMATCH,WARN,fq_factor,3
2015-11-12,MISSING_VALUE,WARN,amount,215
2015-11-13,ADJ_FACTOR_CA_MISMATCH,WARN,fq_factor,3
2015-11-13,MISSING_VALUE,WARN,amount,215
2015-11-16,ADJ_FACTOR_CA_MISMATCH,WARN,fq_factor,2
2015-11-16,MISSING_VALUE,WARN,amount,215
2015-11-17,MISSING_VALUE,WARN,amount,215
2015-11-18,ADJ_FACTOR_CA_MISMATCH,WARN,fq_factor,2
2015-11-18,MISSING_VALUE,WARN,amount,215
2015-11-19,ADJ_FACTOR_CA_MISMATCH,WARN,fq_factor,2
2015-11-19,MISSING_VALUE,WARN,amount,215
2015-11-20,ADJ_FACTOR_CA_MISMATCH,WARN,fq_factor,1
2015-11-20,MISSING_VALUE,WARN,amount,215
2015-11-23,MISSING_VALUE,WARN,amount,215
2015-11-24,MISSING_VALUE,WARN,amount,214
2015-11-25,MISSING_VALUE,WARN,amount,214
2015-11-26,ADJ_FACTOR_CA_MISMATCH,WARN,fq_factor,3
2015-11-26,MISSING_VALUE,WARN,amount,214
2015-11-27,MISSING_VALUE,WARN,amount,215
2015-11-30,MISSING_VALUE,WARN,amount,214
2015-12-01,ADJ_FACTOR_CA_MISMATCH,WARN,fq_factor,1
2015-12-01,MISSING_VALUE,WARN,amount,214
2015-12-02,ADJ_FACTOR_CA_MISMATCH,WARN,fq_factor,1
2015-12-02,MISSING_VALUE,WARN,amount,213
2015-12-03,ADJ_FACTOR_CA_MISMATCH,WARN,fq_factor,1
2015-12-03,MISSING_VALUE,WARN,amount,213
2015-12-04,ADJ_FACTOR_CA_MISMATCH,WARN,fq_factor,2
2015-12-04,MISSING_VALUE,WARN,amount,213
2015-12-07,ADJ_FACTOR_CA_MISMATCH,WARN,fq_factor,1
2015-12-07,MISSING_VALUE,WARN,amount,213
2015-12-08,MISSING_VALUE,WARN,amount,213
2015-12-09,MISSING_VALUE,WARN,amount,213
2015-12-10,ADJ_FACTOR_CA_MISMATCH,WARN,fq_factor,1
2015-12-10,MISSING_VALUE,WARN,amount,213
2015-12-11,MISSING_VALUE,WARN,amount,214
2015-12-14,MISSING_VALUE,WARN,amount,214
2015-12-15,MISSING_VALUE,WARN,amount,214
2015-12-16,ADJ_FACTOR_CA_MISMATCH,WARN,fq_factor,3
2015-12-16,MISSING_VALUE,WARN,amount,214
2015-12-17,ADJ_FACTOR_CA_MISMATCH,WARN,fq_factor,1
2015-12-17,MISSING_VALUE,WARN,amount,214
2015-12-18,ADJ_FACTOR_CA_MISMATCH,WARN,fq_factor,1
2015-12-18,MISSING_VALUE,WARN,amount,214
2015-12-21,MISSING_VALUE,WARN,amount,214
2015-12-22,MISSING_VALUE,WARN,amount,217
2015-12-23,MISSING_VALUE,WARN,amount,217
2015-12-24,MISSING_VALUE,WARN,amount,216
2015-12-25,ADJ_FACTOR_CA_MISMATCH,WARN,fq_factor,1
2015-12-25,MISSING_VALUE,WARN,amount,216
2015-12-28,ADJ_FACTOR_CA_MISMATCH,WARN,fq_factor,1
2015-12-28,MISSING_VALUE,WARN,amount,216
2015-12-29,MISSING_VALUE,WARN,amount,216
2015-12-30,MISSING_VALUE,WARN,amount,216
2015-12-31,MISSING_VALUE,WARN,amount,217
2016-01-04,ADJ_FACTOR_CA_MISMATCH,WARN,fq_factor,1
2016-01-04,MISSING_VALUE,WARN,amount,217
2016-01-05,ADJ_FACTOR_CA_MISMATCH,WARN,fq_factor,1
2016-01-05,MISSING_VALUE,WARN,amount,218
2016-01-06,MISSING_VALUE,WARN,amount,218
2016-01-07,MISSING_VALUE,WARN,amount,218
2016-01-08,MISSING_VALUE,WARN,amount,218
2016-01-11,MISSING_VALUE,WARN,amount,218
2016-01-12,MISSING_VALUE,WARN,amount,218
2016-01-13,MISSING_VALUE,WARN,amount,218
2016-01-14,MISSING_VALUE,WARN,amount,218
2016-01-15,MISSING_VALUE,WARN,amount,218
2016-01-18,MISSING_VALUE,WARN,amount,218
2016-01-19,ADJ_FACTOR_CA_MISMATCH,WARN,fq_factor,1
2016-01-19,MISSING_VALUE,WARN,amount,218
2016-01-20,MISSING_VALUE,WARN,amount,218
2016-01-21,ADJ_FACTOR_CA_MISMATCH,WARN,fq_factor,1
2016-01-21,MISSING_VALUE,WARN,amount,218
2016-01-22,MISSING_VALUE,WARN,amount,217
2016-01-25,MISSING_VALUE,WARN,amount,217
2016-01-26,MISSING_VALUE,WARN,amount,217
2016-01-27,MISSING_VALUE,WARN,amount,217
2016-01-28,MISSING_VALUE,WARN,amount,217
2016-01-29,MISSING_VALUE,WARN,amount,217
2016-02-01,MISSING_VALUE,WARN,amount,217
2016-02-02,MISSING_VALUE,WARN,amount,218
2016-02-03,MISSING_VALUE,WARN,amount,217
2016-02-04,MISSING_VALUE,WARN,amount,217
2016-02-05,MISSING_VALUE,WARN,amount,217
2016-02-15,MISSING_VALUE,WARN,amount,217
2016-02-16,MISSING_VALUE,WARN,amount,217
2016-02-17,MISSING_VALUE,WARN,amount,217
2016-02-18,MISSING_VALUE,WARN,amount,217
2016-02-19,MISSING_VALUE,WARN,amount,217
2016-02-22,MISSING_VALUE,WARN,amount,217
2016-02-23,MISSING_VALUE,WARN,amount,217
2016-02-24,MISSING_VALUE,WARN,amount,218
2016-02-25,MISSING_VALUE,WARN,amount,218
2016-02-26,ADJ_FACTOR_CA_MISMATCH,WARN,fq_factor,1
2016-02-26,MISSING_VALUE,WARN,amount,218
2016-02-29,MISSING_VALUE,WARN,amount,218
2016-03-01,MISSING_VALUE,WARN,amount,218
2016-03-02,MISSING_VALUE,WARN,amount,217
2016-03-03,ADJ_FACTOR_CA_MISMATCH,WARN,fq_factor,1
2016-03-03,MISSING_VALUE,WARN,amount,217
2016-03-04,MISSING_VALUE,WARN,amount,217
2016-03-07,MISSING_VALUE,WARN,amount,217
2016-03-08,MISSING_VALUE,WARN,amount,217
2016-03-09,MISSING_VALUE,WARN,amount,217
2016-03-10,ADJ_FACTOR_CA_MISMATCH,WARN,fq_factor,2
2016-03-10,MISSING_VALUE,WARN,amount,217
2016-03-11,ADJ_FACTOR_CA_MISMATCH,WARN,fq_factor,1
2016-03-11,MISSING_VALUE,WARN,amount,217
2016-03-14,MISSING_VALUE,WARN,amount,217
2016-03-15,ADJ_FACTOR_CA_MISMATCH,WARN,fq_factor,1
2016-03-15,MISSING_VALUE,WARN,amount,217
2016-03-16,ADJ_FACTOR_CA_MISMATCH,WARN,fq_factor,1
2016-03-16,MISSING_VALUE,WARN,amount,217
2016-03-17,ADJ_FACTOR_CA_MISMATCH,WARN,fq_factor,1
2016-03-17,MISSING_VALUE,WARN,amount,217
2016-03-18,MISSING_VALUE,WARN,amount,217
2016-03-21,MISSING_VALUE,WARN,amount,217
2016-03-22,MISSING_VALUE,WARN,amount,217
2016-03-23,ADJ_FACTOR_CA_MISMATCH,WARN,fq_factor,1
2016-03-23,MISSING_VALUE,WARN,amount,217
2016-03-24,MISSING_VALUE,WARN,amount,218
2016-03-25,MISSING_VALUE,WARN,amount,218
2016-03-28,MISSING_VALUE,WARN,amount,218
2016-03-29,ADJ_FACTOR_CA_MISMATCH,WARN,fq_factor,1
2016-03-29,MISSING_VALUE,WARN,amount,219
2016-03-30,ADJ_FACTOR_CA_MISMATCH,WARN,fq_factor,1
2016-03-30,MISSING_VALUE,WARN,amount,219
2016-03-31,ADJ_FACTOR_CA_MISMATCH,WARN,fq_factor,2
2016-03-31,MISSING_VALUE,WARN,amount,220
2016-04-01,ADJ_FACTOR_CA_MISMATCH,WARN,fq_factor,2
2016-04-01,MISSING_VALUE,WARN,amount,220
2016-04-05,MISSING_VALUE,WARN,amount,219
2016-04-06,ADJ_FACTOR_CA_MISMATCH,WARN,fq_factor,1
2016-04-06,MISSING_VALUE,WARN,amount,219
2016-04-07,ADJ_FACTOR_CA_MISMATCH,WARN,fq_factor,2
2016-04-07,MISSING_VALUE,WARN,amount,219
2016-04-08,ADJ_FACTOR_CA_MISMATCH,WARN,fq_factor,1
2016-04-08,MISSING_VALUE,WARN,amount,219
2016-04-11,ADJ_FACTOR_CA_MISMATCH,WARN,fq_factor,1
2016-04-11,MISSING_VALUE,WARN,amount,219
2016-04-12,ADJ_FACTOR_CA_MISMATCH,WARN,fq_factor,4
2016-04-12,MISSING_VALUE,WARN,amount,219
2016-04-13,ADJ_FACTOR_CA_MISMATCH,WARN,fq_factor,3
2016-04-13,MISSING_VALUE,WARN,amount,219
2016-04-14,ADJ_FACTOR_CA_MISMATCH,WARN,fq_factor,1
2016-04-14,MISSING_VALUE,WARN,amount,219
2016-04-15,ADJ_FACTOR_CA_MISMATCH,WARN,fq_factor,3
2016-04-15,MISSING_VALUE,WARN,amount,219
2016-04-18,ADJ_FACTOR_CA_MISMATCH,WARN,fq_factor,2
2016-04-18,MISSING_VALUE,WARN,amount,219
2016-04-19,ADJ_FACTOR_CA_MISMATCH,WARN,fq_factor,4
2016-04-19,MISSING_VALUE,WARN,amount,219
2016-04-20,ADJ_FACTOR_CA_MISMATCH,WARN,fq_factor,8
2016-04-20,MISSING_VALUE,WARN,amount,219
2016-04-21,ADJ_FACTOR_CA_MISMATCH,WARN,fq_factor,4
2016-04-21,MISSING_VALUE,WARN,amount,220
2016-04-22,ADJ_FACTOR_CA_MISMATCH,WARN,fq_factor,4
2016-04-22,MISSING_VALUE,WARN,amount,220
2016-04-25,ADJ_FACTOR_CA_MISMATCH,WARN,fq_factor,4
2016-04-25,MISSING_VALUE,WARN,amount,220
2016-04-26,ADJ_FACTOR_CA_MISMATCH,WARN,fq_factor,6
2016-04-26,MISSING_VALUE,WARN,amount,220
2016-04-27,ADJ_FACTOR_CA_MISMATCH,WARN,fq_factor,7
2016-04-27,MISSING_VALUE,WARN,amount,220
2016-04-28,ADJ_FACTOR_CA_MISMATCH,WARN,fq_factor,9
2016-04-28,MISSING_VALUE,WARN,amount,220
2016-04-29,ADJ_FACTOR_CA_MISMATCH,WARN,fq_factor,14
2016-04-29,MISSING_VALUE,WARN,amount,220
2016-05-03,ADJ_FACTOR_CA_MISMATCH,WARN,fq_factor,8
2016-05-03,MISSING_VALUE,WARN,amount,220
2016-05-04,ADJ_FACTOR_CA_MISMATCH,WARN,fq_factor,7
2016-05-04,MISSING_VALUE,WARN,amount,221
2016-05-05,ADJ_FACTOR_CA_MISMATCH,WARN,fq_factor,7
2016-05-05,MISSING_VALUE,WARN,amount,220
2016-05-06,ADJ_FACTOR_CA_MISMATCH,WARN,fq_factor,19
2016-05-06,MISSING_VALUE,WARN,amount,220
2016-05-09,ADJ_FACTOR_CA_MISMATCH,WARN,fq_factor,7
2016-05-09,MISSING_VALUE,WARN,amount,221
2016-05-10,ADJ_FACTOR_CA_MISMATCH,WARN,fq_factor,7
2016-05-10,MISSING_VALUE,WARN,amount,221
2016-05-11,ADJ_FACTOR_CA_MISMATCH,WARN,fq_factor,8
2016-05-11,MISSING_VALUE,WARN,amount,221
2016-05-12,ADJ_FACTOR_CA_MISMATCH,WARN,fq_factor,8
2016-05-12,MISSING_VALUE,WARN,amount,220
2016-05-13,ADJ_FACTOR_CA_MISMATCH,WARN,fq_factor,21
2016-05-13,MISSING_VALUE,WARN,amount,220
2016-05-16,ADJ_FACTOR_CA_MISMATCH,WARN,fq_factor,10
2016-05-16,MISSING_VALUE,WARN,amount,220
2016-05-17,ADJ_FACTOR_CA_MISMATCH,WARN,fq_factor,13
2016-05-17,MISSING_VALUE,WARN,amount,220
2016-05-18,ADJ_FACTOR_CA_MISMATCH,WARN,fq_factor,17
2016-05-18,MISSING_VALUE,WARN,amount,220
2016-05-19,ADJ_FACTOR_CA_MISMATCH,WARN,fq_factor,25
2016-05-19,MISSING_VALUE,WARN,amount,220
2016-05-20,ADJ_FACTOR_CA_MISMATCH,WARN,fq_factor,28
2016-05-20,MISSING_VALUE,WARN,amount,219
2016-05-23,ADJ_FACTOR_CA_MISMATCH,WARN,fq_factor,12
2016-05-23,MISSING_VALUE,WARN,amount,219
2016-05-24,ADJ_FACTOR_CA_MISMATCH,WARN,fq_factor,19
2016-05-24,MISSING_VALUE,WARN,amount,219
2016-05-25,ADJ_FACTOR_CA_MISMATCH,WARN,fq_factor,25
2016-05-25,MISSING_VALUE,WARN,amount,219
2016-05-26,ADJ_FACTOR_CA_MISMATCH,WARN,fq_factor,19
2016-05-26,MISSING_VALUE,WARN,amount,219
2016-05-27,ADJ_FACTOR_CA_MISMATCH,WARN,fq_factor,23
2016-05-27,MISSING_VALUE,WARN,amount,219
2016-05-30,ADJ_FACTOR_CA_MISMATCH,WARN,fq_factor,22
2016-05-30,MISSING_VALUE,WARN,amount,219
2016-05-31,ADJ_FACTOR_CA_MISMATCH,WARN,fq_factor,35
2016-05-31,MISSING_VALUE,WARN,amount,219
2016-06-01,ADJ_FACTOR_CA_MISMATCH,WARN,fq_factor,23
2016-06-01,MISSING_VALUE,WARN,amount,219
2016-06-02,ADJ_FACTOR_CA_MISMATCH,WARN,fq_factor,14
2016-06-02,MISSING_VALUE,WARN,amount,219
2016-06-03,ADJ_FACTOR_CA_MISMATCH,WARN,fq_factor,19
2016-06-03,MISSING_VALUE,WARN,amount,219
2016-06-06,ADJ_FACTOR_CA_MISMATCH,WARN,fq_factor,8
2016-06-06,MISSING_VALUE,WARN,amount,219
2016-06-07,ADJ_FACTOR_CA_MISMATCH,WARN,fq_factor,30
2016-06-07,MISSING_VALUE,WARN,amount,219
2016-06-08,ADJ_FACTOR_CA_MISMATCH,WARN,fq_factor,46
2016-06-08,MISSING_VALUE,WARN,amount,219
2016-06-13,ADJ_FACTOR_CA_MISMATCH,WARN,fq_factor,16
2016-06-13,MISSING_VALUE,WARN,amount,219
2016-06-14,ADJ_FACTOR_CA_MISMATCH,WARN,fq_factor,12
2016-06-14,MISSING_VALUE,WARN,amount,219
2016-06-15,ADJ_FACTOR_CA_MISMATCH,WARN,fq_factor,21
2016-06-15,MISSING_VALUE,WARN,amount,219
2016-06-16,ADJ_FACTOR_CA_MISMATCH,WARN,fq_factor,45
2016-06-16,MISSING_VALUE,WARN,amount,219
2016-06-17,ADJ_FACTOR_CA_MISMATCH,WARN,fq_factor,49
2016-06-17,MISSING_VALUE,WARN,amount,219
2016-06-20,ADJ_FACTOR_CA_MISMATCH,WARN,fq_factor,28
2016-06-20,MISSING_VALUE,WARN,amount,219
2016-06-21,ADJ_FACTOR_CA_MISMATCH,WARN,fq_factor,27
2016-06-21,MISSING_VALUE,WARN,amount,219
2016-06-22,ADJ_FACTOR_CA_MISMATCH,WARN,fq_factor,35
2016-06-22,MISSING_VALUE,WARN,amount,219
2016-06-23,ADJ_FACTOR_CA_MISMATCH,WARN,fq_factor,26
2016-06-23,MISSING_VALUE,WARN,amount,219
2016-06-24,ADJ_FACTOR_CA_MISMATCH,WARN,fq_factor,41
2016-06-24,MISSING_VALUE,WARN,amount,219
2016-06-27,ADJ_FACTOR_CA_MISMATCH,WARN,fq_factor,20
2016-06-27,MISSING_VALUE,WARN,amount,219
2016-06-28,ADJ_FACTOR_CA_MISMATCH,WARN,fq_factor,29
2016-06-28,MISSING_VALUE,WARN,amount,219
2016-06-29,ADJ_FACTOR_CA_MISMATCH,WARN,fq_factor,28
2016-06-29,MISSING_VALUE,WARN,amount,219
2016-06-30,ADJ_FACTOR_CA_MISMATCH,WARN,fq_factor,23
2016-06-30,MISSING_VALUE,WARN,amount,219
2016-07-01,ADJ_FACTOR_CA_MISMATCH,WARN,fq_factor,13
2016-07-01,MISSING_VALUE,WARN,amount,219
2016-07-04,ADJ_FACTOR_CA_MISMATCH,WARN,fq_factor,11
2016-07-04,MISSING_VALUE,WARN,amount,219
2016-07-05,ADJ_FACTOR_CA_MISMATCH,WARN,fq_factor,14
2016-07-05,MISSING_VALUE,WARN,amount,219
2016-07-06,ADJ_FACTOR_CA_MISMATCH,WARN,fq_factor,13
2016-07-06,MISSING_VALUE,WARN,amount,219
2016-07-07,ADJ_FACTOR_CA_MISMATCH,WARN,fq_factor,23
2016-07-07,MISSING_VALUE,WARN,amount,220
2016-07-08,ADJ_FACTOR_CA_MISMATCH,WARN,fq_factor,36
2016-07-08,MISSING_VALUE,WARN,amount,220
2016-07-11,ADJ_FACTOR_CA_MISMATCH,WARN,fq_factor,12
2016-07-11,MISSING_VALUE,WARN,amount,220
2016-07-12,ADJ_FACTOR_CA_MISMATCH,WARN,fq_factor,12
2016-07-12,MISSING_VALUE,WARN,amount,220
2016-07-13,ADJ_FACTOR_CA_MISMATCH,WARN,fq_factor,21
2016-07-13,MISSING_VALUE,WARN,amount,220
2016-07-14,ADJ_FACTOR_CA_MISMATCH,WARN,fq_factor,14
2016-07-14,MISSING_VALUE,WARN,amount,220
2016-07-15,ADJ_FACTOR_CA_MISMATCH,WARN,fq_factor,35
2016-07-15,MISSING_VALUE,WARN,amount,220
2016-07-18,ADJ_FACTOR_CA_MISMATCH,WARN,fq_factor,21
2016-07-18,MISSING_VALUE,WARN,amount,220
2016-07-19,ADJ_FACTOR_CA_MISMATCH,WARN,fq_factor,11
2016-07-19,MISSING_VALUE,WARN,amount,220
2016-07-20,ADJ_FACTOR_CA_MISMATCH,WARN,fq_factor,19
2016-07-20,MISSING_VALUE,WARN,amount,219
2016-07-21,ADJ_FACTOR_CA_MISMATCH,WARN,fq_factor,5
2016-07-21,MISSING_VALUE,WARN,amount,219
2016-07-22,ADJ_FACTOR_CA_MISMATCH,WARN,fq_factor,13
2016-07-22,MISSING_VALUE,WARN,amount,219
2016-07-25,ADJ_FACTOR_CA_MISMATCH,WARN,fq_factor,8
2016-07-25,MISSING_VALUE,WARN,amount,218
2016-07-26,ADJ_FACTOR_CA_MISMATCH,WARN,fq_factor,5
2016-07-26,MISSING_VALUE,WARN,amount,218
2016-07-27,ADJ_FACTOR_CA_MISMATCH,WARN,fq_factor,5
2016-07-27,MISSING_VALUE,WARN,amount,218
2016-07-28,ADJ_FACTOR_CA_MISMATCH,WARN,fq_factor,7
2016-07-28,MISSING_VALUE,WARN,amount,218
2016-07-29,ADJ_FACTOR_CA_MISMATCH,WARN,fq_factor,9
2016-07-29,MISSING_VALUE,WARN,amount,218
2016-08-01,ADJ_FACTOR_CA_MISMATCH,WARN,fq_factor,3
2016-08-01,MISSING_VALUE,WARN,amount,218
2016-08-02,ADJ_FACTOR_CA_MISMATCH,WARN,fq_factor,2
2016-08-02,MISSING_VALUE,WARN,amount,219
2016-08-03,ADJ_FACTOR_CA_MISMATCH,WARN,fq_factor,1
2016-08-03,MISSING_VALUE,WARN,amount,219
2016-08-04,ADJ_FACTOR_CA_MISMATCH,WARN,fq_factor,5
2016-08-04,MISSING_VALUE,WARN,amount,219
2016-08-05,ADJ_FACTOR_CA_MISMATCH,WARN,fq_factor,14
2016-08-05,MISSING_VALUE,WARN,amount,219
2016-08-08,MISSING_VALUE,WARN,amount,220
2016-08-09,ADJ_FACTOR_CA_MISMATCH,WARN,fq_factor,1
2016-08-09,MISSING_VALUE,WARN,amount,220
2016-08-10,ADJ_FACTOR_CA_MISMATCH,WARN,fq_factor,4
2016-08-10,MISSING_VALUE,WARN,amount,220
2016-08-11,ADJ_FACTOR_CA_MISMATCH,WARN,fq_factor,5
2016-08-11,MISSING_VALUE,WARN,amount,220
2016-08-12,ADJ_FACTOR_CA_MISMATCH,WARN,fq_factor,10
2016-08-12,MISSING_VALUE,WARN,amount,220
2016-08-15,ADJ_FACTOR_CA_MISMATCH,WARN,fq_factor,1
2016-08-15,MISSING_VALUE,WARN,amount,219
2016-08-16,ADJ_FACTOR_CA_MISMATCH,WARN,fq_factor,1
2016-08-16,MISSING_VALUE,WARN,amount,219
2016-08-17,ADJ_FACTOR_CA_MISMATCH,WARN,fq_factor,3
2016-08-17,MISSING_VALUE,WARN,amount,219
2016-08-18,ADJ_FACTOR_CA_MISMATCH,WARN,fq_factor,4
2016-08-18,MISSING_VALUE,WARN,amount,219
2016-08-19,ADJ_FACTOR_CA_MISMATCH,WARN,fq_factor,6
2016-08-19,MISSING_VALUE,WARN,amount,219
2016-08-22,ADJ_FACTOR_CA_MISMATCH,WARN,fq_factor,3
2016-08-22,MISSING_VALUE,WARN,amount,219
2016-08-23,ADJ_FACTOR_CA_MISMATCH,WARN,fq_factor,3
2016-08-23,MISSING_VALUE,WARN,amount,219
2016-08-24,ADJ_FACTOR_CA_MISMATCH,WARN,fq_factor,3
2016-08-24,MISSING_VALUE,WARN,amount,219
2016-08-25,ADJ_FACTOR_CA_MISMATCH,WARN,fq_factor,3
2016-08-25,MISSING_VALUE,WARN,amount,219
2016-08-26,ADJ_FACTOR_CA_MISMATCH,WARN,fq_factor,3
2016-08-26,MISSING_VALUE,WARN,amount,219
2016-08-29,MISSING_VALUE,WARN,amount,219
2016-08-30,ADJ_FACTOR_CA_MISMATCH,WARN,fq_factor,2
2016-08-30,MISSING_VALUE,WARN,amount,219
2016-08-31,ADJ_FACTOR_CA_MISMATCH,WARN,fq_factor,1
2016-08-31,MISSING_VALUE,WARN,amount,219
2016-09-01,ADJ_FACTOR_CA_MISMATCH,WARN,fq_factor,2
2016-09-01,MISSING_VALUE,WARN,amount,219
2016-09-02,ADJ_FACTOR_CA_MISMATCH,WARN,fq_factor,3
2016-09-02,MISSING_VALUE,WARN,amount,219
2016-09-05,ADJ_FACTOR_CA_MISMATCH,WARN,fq_factor,5
2016-09-05,MISSING_VALUE,WARN,amount,219
2016-09-06,MISSING_VALUE,WARN,amount,219
2016-09-07,ADJ_FACTOR_CA_MISMATCH,WARN,fq_factor,1
2016-09-07,MISSING_VALUE,WARN,amount,219
2016-09-08,ADJ_FACTOR_CA_MISMATCH,WARN,fq_factor,1
2016-09-08,MISSING_VALUE,WARN,amount,219
2016-09-09,ADJ_FACTOR_CA_MISMATCH,WARN,fq_factor,2
2016-09-09,MISSING_VALUE,WARN,amount,220
2016-09-12,MISSING_VALUE,WARN,amount,220
2016-09-13,ADJ_FACTOR_CA_MISMATCH,WARN,fq_factor,2
2016-09-13,MISSING_VALUE,WARN,amount,219
2016-09-14,ADJ_FACTOR_CA_MISMATCH,WARN,fq_factor,1
2016-09-14,MISSING_VALUE,WARN,amount,219
2016-09-19,ADJ_FACTOR_CA_MISMATCH,WARN,fq_factor,2
2016-09-19,MISSING_VALUE,WARN,amount,219
2016-09-20,ADJ_FACTOR_CA_MISMATCH,WARN,fq_factor,2
2016-09-20,MISSING_VALUE,WARN,amount,219
2016-09-21,ADJ_FACTOR_CA_MISMATCH,WARN,fq_factor,4
2016-09-21,MISSING_VALUE,WARN,amount,218
2016-09-22,ADJ_FACTOR_CA_MISMATCH,WARN,fq_factor,2
2016-09-22,MISSING_VALUE,WARN,amount,219
2016-09-23,ADJ_FACTOR_CA_MISMATCH,WARN,fq_factor,2
2016-09-23,MISSING_VALUE,WARN,amount,217
2016-09-26,ADJ_FACTOR_CA_MISMATCH,WARN,fq_factor,3
2016-09-26,MISSING_VALUE,WARN,amount,218
2016-09-27,ADJ_FACTOR_CA_MISMATCH,WARN,fq_factor,1
2016-09-27,MISSING_VALUE,WARN,amount,218
2016-09-28,ADJ_FACTOR_CA_MISMATCH,WARN,fq_factor,4
2016-09-28,MISSING_VALUE,WARN,amount,218
2016-09-29,ADJ_FACTOR_CA_MISMATCH,WARN,fq_factor,4
2016-09-29,MISSING_VALUE,WARN,amount,218
2016-09-30,ADJ_FACTOR_CA_MISMATCH,WARN,fq_factor,5
2016-09-30,MISSING_VALUE,WARN,amount,218
2016-10-10,ADJ_FACTOR_CA_MISMATCH,WARN,fq_factor,1
2016-10-10,MISSING_VALUE,WARN,amount,218
2016-10-11,ADJ_FACTOR_CA_MISMATCH,WARN,fq_factor,1
2016-10-11,MISSING_VALUE,WARN,amount,218
2016-10-12,ADJ_FACTOR_CA_MISMATCH,WARN,fq_factor,3
2016-10-12,MISSING_VALUE,WARN,amount,218
2016-10-13,MISSING_VALUE,WARN,amount,218
2016-10-14,ADJ_FACTOR_CA_MISMATCH,WARN,fq_factor,1
2016-10-14,MISSING_VALUE,WARN,amount,218
2016-10-17,ADJ_FACTOR_CA_MISMATCH,WARN,fq_factor,2
2016-10-17,MISSING_VALUE,WARN,amount,218
2016-10-18,ADJ_FACTOR_CA_MISMATCH,WARN,fq_factor,1
2016-10-18,MISSING_VALUE,WARN,amount,218
2016-10-19,ADJ_FACTOR_CA_MISMATCH,WARN,fq_factor,1
2016-10-19,MISSING_VALUE,WARN,amount,218
2016-10-20,ADJ_FACTOR_CA_MISMATCH,WARN,fq_factor,1
2016-10-20,MISSING_VALUE,WARN,amount,218
2016-10-21,ADJ_FACTOR_CA_MISMATCH,WARN,fq_factor,3
2016-10-21,MISSING_VALUE,WARN,amount,219
2016-10-24,ADJ_FACTOR_CA_MISMATCH,WARN,fq_factor,1
2016-10-24,MISSING_VALUE,WARN,amount,219
2016-10-25,ADJ_FACTOR_CA_MISMATCH,WARN,fq_factor,2
2016-10-25,MISSING_VALUE,WARN,amount,219
2016-10-26,MISSING_VALUE,WARN,amount,220
2016-10-27,ADJ_FACTOR_CA_MISMATCH,WARN,fq_factor,2
2016-10-27,MISSING_VALUE,WARN,amount,220
2016-10-28,MISSING_VALUE,WARN,amount,220
2016-10-31,MISSING_VALUE,WARN,amount,220
2016-11-01,ADJ_FACTOR_CA_MISMATCH,WARN,fq_factor,2
2016-11-01,MISSING_VALUE,WARN,amount,219
2016-11-02,MISSING_VALUE,WARN,amount,219
2016-11-03,ADJ_FACTOR_CA_MISMATCH,WARN,fq_factor,3
2016-11-03,MISSING_VALUE,WARN,amount,219
2016-11-04,ADJ_FACTOR_CA_MISMATCH,WARN,fq_factor,1
2016-11-04,MISSING_VALUE,WARN,amount,219
2016-11-07,ADJ_FACTOR_CA_MISMATCH,WARN,fq_factor,1
2016-11-07,MISSING_VALUE,WARN,amount,219
2016-11-08,ADJ_FACTOR_CA_MISMATCH,WARN,fq_factor,1
2016-11-08,MISSING_VALUE,WARN,amount,219
2016-11-09,ADJ_FACTOR_CA_MISMATCH,WARN,fq_factor,2
2016-11-09,MISSING_VALUE,WARN,amount,219
2016-11-10,ADJ_FACTOR_CA_MISMATCH,WARN,fq_factor,1
2016-11-10,MISSING_VALUE,WARN,amount,219
2016-11-11,MISSING_VALUE,WARN,amount,219
2016-11-14,MISSING_VALUE,WARN,amount,219
2016-11-15,MISSING_VALUE,WARN,amount,219
2016-11-16,MISSING_VALUE,WARN,amount,219
2016-11-17,MISSING_VALUE,WARN,amount,219
2016-11-18,ADJ_FACTOR_CA_MISMATCH,WARN,fq_factor,4
2016-11-18,MISSING_VALUE,WARN,amount,219
2016-11-21,MISSING_VALUE,WARN,amount,219
2016-11-22,MISSING_VALUE,WARN,amount,219
2016-11-23,ADJ_FACTOR_CA_MISMATCH,WARN,fq_factor,1
2016-11-23,MISSING_VALUE,WARN,amount,219
2016-11-24,ADJ_FACTOR_CA_MISMATCH,WARN,fq_factor,2
2016-11-24,MISSING_VALUE,WARN,amount,218
2016-11-25,MISSING_VALUE,WARN,amount,218
2016-11-28,ADJ_FACTOR_CA_MISMATCH,WARN,fq_factor,2
2016-11-28,MISSING_VALUE,WARN,amount,218
2016-11-29,MISSING_VALUE,WARN,amount,218
2016-11-30,MISSING_VALUE,WARN,amount,218
2016-12-01,MISSING_VALUE,WARN,amount,218
2016-12-02,ADJ_FACTOR_CA_MISMATCH,WARN,fq_factor,1
2016-12-02,MISSING_VALUE,WARN,amount,218
2016-12-05,MISSING_VALUE,WARN,amount,218
2016-12-06,MISSING_VALUE,WARN,amount,218
2016-12-07,ADJ_FACTOR_CA_MISMATCH,WARN,fq_factor,1
2016-12-07,MISSING_VALUE,WARN,amount,218
2016-12-08,ADJ_FACTOR_CA_MISMATCH,WARN,fq_factor,2
2016-12-08,MISSING_VALUE,WARN,amount,218
2016-12-09,MISSING_VALUE,WARN,amount,218
2016-12-12,ADJ_FACTOR_CA_MISMATCH,WARN,fq_factor,1
2016-12-12,MISSING_VALUE,WARN,amount,218
2016-12-13,ADJ_FACTOR_CA_MISMATCH,WARN,fq_factor,2
2016-12-13,MISSING_VALUE,WARN,amount,218
2016-12-14,MISSING_VALUE,WARN,amount,218
2016-12-15,ADJ_FACTOR_CA_MISMATCH,WARN,fq_factor,1
2016-12-15,MISSING_VALUE,WARN,amount,218
2016-12-16,MISSING_VALUE,WARN,amount,219
2016-12-19,ADJ_FACTOR_CA_MISMATCH,WARN,fq_factor,1
2016-12-19,MISSING_VALUE,WARN,amount,220
2016-12-20,ADJ_FACTOR_CA_MISMATCH,WARN,fq_factor,1
2016-12-20,MISSING_VALUE,WARN,amount,220
2016-12-21,MISSING_VALUE,WARN,amount,220
2016-12-22,MISSING_VALUE,WARN,amount,220
2016-12-23,ADJ_FACTOR_CA_MISMATCH,WARN,fq_factor,1
2016-12-23,MISSING_VALUE,WARN,amount,218
2016-12-26,MISSING_VALUE,WARN,amount,219
2016-12-27,MISSING_VALUE,WARN,amount,219
2016-12-28,MISSING_VALUE,WARN,amount,219
2016-12-29,ADJ_FACTOR_CA_MISMATCH,WARN,fq_factor,2
2016-12-29,MISSING_VALUE,WARN,amount,219
2016-12-30,ADJ_FACTOR_CA_MISMATCH,WARN,fq_factor,1
2016-12-30,MISSING_VALUE,WARN,amount,219
2017-01-03,ADJ_FACTOR_CA_MISMATCH,WARN,fq_factor,2
2017-01-03,MISSING_VALUE,WARN,amount,219
2017-01-04,ADJ_FACTOR_CA_MISMATCH,WARN,fq_factor,1
2017-01-04,MISSING_VALUE,WARN,amount,219
2017-01-05,MISSING_VALUE,WARN,amount,219
2017-01-06,MISSING_VALUE,WARN,amount,219
2017-01-09,MISSING_VALUE,WARN,amount,218
2017-01-10,MISSING_VALUE,WARN,amount,218
2017-01-11,MISSING_VALUE,WARN,amount,218
2017-01-12,MISSING_VALUE,WARN,amount,219
2017-01-13,ADJ_FACTOR_CA_MISMATCH,WARN,fq_factor,1
2017-01-13,MISSING_VALUE,WARN,amount,219
2017-01-16,MISSING_VALUE,WARN,amount,218
2017-01-17,MISSING_VALUE,WARN,amount,217
2017-01-18,MISSING_VALUE,WARN,amount,217
2017-01-19,MISSING_VALUE,WARN,amount,217
2017-01-20,MISSING_VALUE,WARN,amount,217
2017-01-23,MISSING_VALUE,WARN,amount,217
2017-01-24,MISSING_VALUE,WARN,amount,217
2017-01-25,MISSING_VALUE,WARN,amount,217
2017-01-26,MISSING_VALUE,WARN,amount,218
2017-02-03,MISSING_VALUE,WARN,amount,218
2017-02-06,MISSING_VALUE,WARN,amount,218
2017-02-07,MISSING_VALUE,WARN,amount,218
2017-02-08,MISSING_VALUE,WARN,amount,218
2017-02-09,MISSING_VALUE,WARN,amount,218
2017-02-10,MISSING_VALUE,WARN,amount,218
2017-02-13,MISSING_VALUE,WARN,amount,218
2017-02-14,MISSING_VALUE,WARN,amount,217
2017-02-15,MISSING_VALUE,WARN,amount,217
2017-02-16,ADJ_FACTOR_CA_MISMATCH,WARN,fq_factor,1
2017-02-16,MISSING_VALUE,WARN,amount,217
2017-02-17,MISSING_VALUE,WARN,amount,218
2017-02-20,MISSING_VALUE,WARN,amount,218
2017-02-21,MISSING_VALUE,WARN,amount,218
2017-02-22,MISSING_VALUE,WARN,amount,218
2017-02-23,MISSING_VALUE,WARN,amount,218
2017-02-24,MISSING_VALUE,WARN,amount,218
2017-02-27,MISSING_VALUE,WARN,amount,218
2017-02-28,MISSING_VALUE,WARN,amount,218
2017-03-01,MISSING_VALUE,WARN,amount,218
2017-03-02,ADJ_FACTOR_CA_MISMATCH,WARN,fq_factor,1
2017-03-02,MISSING_VALUE,WARN,amount,218
2017-03-03,ADJ_FACTOR_CA_MISMATCH,WARN,fq_factor,2
2017-03-03,MISSING_VALUE,WARN,amount,219
2017-03-06,MISSING_VALUE,WARN,amount,219
2017-03-07,MISSING_VALUE,WARN,amount,218
2017-03-08,MISSING_VALUE,WARN,amount,218
2017-03-09,MISSING_VALUE,WARN,amount,218
2017-03-10,MISSING_VALUE,WARN,amount,218
2017-03-13,MISSING_VALUE,WARN,amount,218
2017-03-14,MISSING_VALUE,WARN,amount,218
2017-03-15,ADJ_FACTOR_CA_MISMATCH,WARN,fq_factor,2
2017-03-15,MISSING_VALUE,WARN,amount,218
2017-03-16,MISSING_VALUE,WARN,amount,218
2017-03-17,MISSING_VALUE,WARN,amount,218
2017-03-20,MISSING_VALUE,WARN,amount,218
2017-03-21,ADJ_FACTOR_CA_MISMATCH,WARN,fq_factor,1
2017-03-21,MISSING_VALUE,WARN,amount,217
2017-03-22,MISSING_VALUE,WARN,amount,217
2017-03-23,MISSING_VALUE,WARN,amount,218
2017-03-24,MISSING_VALUE,WARN,amount,220
2017-03-27,ADJ_FACTOR_CA_MISMATCH,WARN,fq_factor,1
2017-03-27,MISSING_VALUE,WARN,amount,219
2017-03-28,MISSING_VALUE,WARN,amount,221
2017-03-29,ADJ_FACTOR_CA_MISMATCH,WARN,fq_factor,1
2017-03-29,MISSING_VALUE,WARN,amount,220
2017-03-30,ADJ_FACTOR_CA_MISMATCH,WARN,fq_factor,1
2017-03-30,MISSING_VALUE,WARN,amount,220
2017-03-31,ADJ_FACTOR_CA_MISMATCH,WARN,fq_factor,4
2017-03-31,MISSING_VALUE,WARN,amount,220
2017-04-05,ADJ_FACTOR_CA_MISMATCH,WARN,fq_factor,1
2017-04-05,MISSING_VALUE,WARN,amount,221
2017-04-06,MISSING_VALUE,WARN,amount,221
2017-04-07,ADJ_FACTOR_CA_MISMATCH,WARN,fq_factor,6
2017-04-07,MISSING_VALUE,WARN,amount,221
2017-04-10,ADJ_FACTOR_CA_MISMATCH,WARN,fq_factor,4
2017-04-10,MISSING_VALUE,WARN,amount,221
2017-04-11,ADJ_FACTOR_CA_MISMATCH,WARN,fq_factor,1
2017-04-11,MISSING_VALUE,WARN,amount,221
2017-04-12,ADJ_FACTOR_CA_MISMATCH,WARN,fq_factor,1
2017-04-12,MISSING_VALUE,WARN,amount,221
2017-04-13,ADJ_FACTOR_CA_MISMATCH,WARN,fq_factor,9
2017-04-13,MISSING_VALUE,WARN,amount,221
2017-04-14,ADJ_FACTOR_CA_MISMATCH,WARN,fq_factor,3
2017-04-14,MISSING_VALUE,WARN,amount,221
2017-04-17,ADJ_FACTOR_CA_MISMATCH,WARN,fq_factor,2
2017-04-17,MISSING_VALUE,WARN,amount,221
2017-04-18,ADJ_FACTOR_CA_MISMATCH,WARN,fq_factor,4
2017-04-18,MISSING_VALUE,WARN,amount,222
2017-04-19,ADJ_FACTOR_CA_MISMATCH,WARN,fq_factor,4
2017-04-19,MISSING_VALUE,WARN,amount,222
2017-04-20,ADJ_FACTOR_CA_MISMATCH,WARN,fq_factor,6
2017-04-20,MISSING_VALUE,WARN,amount,222
2017-04-21,ADJ_FACTOR_CA_MISMATCH,WARN,fq_factor,5
2017-04-21,MISSING_VALUE,WARN,amount,221
2017-04-24,ADJ_FACTOR_CA_MISMATCH,WARN,fq_factor,2
2017-04-24,MISSING_VALUE,WARN,amount,221
2017-04-25,ADJ_FACTOR_CA_MISMATCH,WARN,fq_factor,7
2017-04-25,MISSING_VALUE,WARN,amount,220
2017-04-26,ADJ_FACTOR_CA_MISMATCH,WARN,fq_factor,4
2017-04-26,MISSING_VALUE,WARN,amount,221
2017-04-27,ADJ_FACTOR_CA_MISMATCH,WARN,fq_factor,20
2017-04-27,MISSING_VALUE,WARN,amount,221
2017-04-28,ADJ_FACTOR_CA_MISMATCH,WARN,fq_factor,20
2017-04-28,MISSING_VALUE,WARN,amount,221
2017-05-02,ADJ_FACTOR_CA_MISMATCH,WARN,fq_factor,1
2017-05-02,MISSING_VALUE,WARN,amount,221
2017-05-03,ADJ_FACTOR_CA_MISMATCH,WARN,fq_factor,1
2017-05-03,MISSING_VALUE,WARN,amount,221
2017-05-04,ADJ_FACTOR_CA_MISMATCH,WARN,fq_factor,4
2017-05-04,MISSING_VALUE,WARN,amount,221
2017-05-05,ADJ_FACTOR_CA_MISMATCH,WARN,fq_factor,11
2017-05-05,MISSING_VALUE,WARN,amount,221
2017-05-08,ADJ_FACTOR_CA_MISMATCH,WARN,fq_factor,5
2017-05-08,MISSING_VALUE,WARN,amount,221
2017-05-09,ADJ_FACTOR_CA_MISMATCH,WARN,fq_factor,4
2017-05-09,MISSING_VALUE,WARN,amount,221
2017-05-10,ADJ_FACTOR_CA_MISMATCH,WARN,fq_factor,24
2017-05-10,MISSING_VALUE,WARN,amount,221
2017-05-11,ADJ_FACTOR_CA_MISMATCH,WARN,fq_factor,27
2017-05-11,MISSING_VALUE,WARN,amount,222
2017-05-12,ADJ_FACTOR_CA_MISMATCH,WARN,fq_factor,42
2017-05-12,MISSING_VALUE,WARN,amount,222
2017-05-15,ADJ_FACTOR_CA_MISMATCH,WARN,fq_factor,19
2017-05-15,MISSING_VALUE,WARN,amount,222
2017-05-16,ADJ_FACTOR_CA_MISMATCH,WARN,fq_factor,24
2017-05-16,MISSING_VALUE,WARN,amount,222
2017-05-17,ADJ_FACTOR_CA_MISMATCH,WARN,fq_factor,15
2017-05-17,MISSING_VALUE,WARN,amount,222
2017-05-18,ADJ_FACTOR_CA_MISMATCH,WARN,fq_factor,26
2017-05-18,MISSING_VALUE,WARN,amount,221
2017-05-19,ADJ_FACTOR_CA_MISMATCH,WARN,fq_factor,27
2017-05-19,MISSING_VALUE,WARN,amount,220
2017-05-22,ADJ_FACTOR_CA_MISMATCH,WARN,fq_factor,20
2017-05-22,MISSING_VALUE,WARN,amount,221
2017-05-23,ADJ_FACTOR_CA_MISMATCH,WARN,fq_factor,13
2017-05-23,MISSING_VALUE,WARN,amount,221
2017-05-24,ADJ_FACTOR_CA_MISMATCH,WARN,fq_factor,24
2017-05-24,MISSING_VALUE,WARN,amount,221
2017-05-25,ADJ_FACTOR_CA_MISMATCH,WARN,fq_factor,37
2017-05-25,MISSING_VALUE,WARN,amount,221
2017-05-26,ADJ_FACTOR_CA_MISMATCH,WARN,fq_factor,65
2017-05-26,MISSING_VALUE,WARN,amount,221
2017-05-31,ADJ_FACTOR_CA_MISMATCH,WARN,fq_factor,19
2017-05-31,MISSING_VALUE,WARN,amount,221
2017-06-01,ADJ_FACTOR_CA_MISMATCH,WARN,fq_factor,23
2017-06-01,MISSING_VALUE,WARN,amount,222
2017-06-02,ADJ_FACTOR_CA_MISMATCH,WARN,fq_factor,30
2017-06-02,MISSING_VALUE,WARN,amount,222
2017-06-05,ADJ_FACTOR_CA_MISMATCH,WARN,fq_factor,30
2017-06-05,MISSING_VALUE,WARN,amount,222
2017-06-06,ADJ_FACTOR_CA_MISMATCH,WARN,fq_factor,30
2017-06-06,MISSING_VALUE,WARN,amount,222
2017-06-07,ADJ_FACTOR_CA_MISMATCH,WARN,fq_factor,39
2017-06-07,MISSING_VALUE,WARN,amount,222
2017-06-08,ADJ_FACTOR_CA_MISMATCH,WARN,fq_factor,37
2017-06-08,MISSING_VALUE,WARN,amount,222
2017-06-09,ADJ_FACTOR_CA_MISMATCH,WARN,fq_factor,52
2017-06-09,MISSING_VALUE,WARN,amount,222
2017-06-12,ADJ_FACTOR_CA_MISMATCH,WARN,fq_factor,35
2017-06-12,MISSING_VALUE,WARN,amount,222
2017-06-13,ADJ_FACTOR_CA_MISMATCH,WARN,fq_factor,36
2017-06-13,MISSING_VALUE,WARN,amount,222
2017-06-14,ADJ_FACTOR_CA_MISMATCH,WARN,fq_factor,41
2017-06-14,MISSING_VALUE,WARN,amount,222
2017-06-15,ADJ_FACTOR_CA_MISMATCH,WARN,fq_factor,42
2017-06-15,MISSING_VALUE,WARN,amount,221
2017-06-16,ADJ_FACTOR_CA_MISMATCH,WARN,fq_factor,61
2017-06-16,MISSING_VALUE,WARN,amount,221
2017-06-19,ADJ_FACTOR_CA_MISMATCH,WARN,fq_factor,30
2017-06-19,MISSING_VALUE,WARN,amount,221
2017-06-20,ADJ_FACTOR_CA_MISMATCH,WARN,fq_factor,39
2017-06-20,MISSING_VALUE,WARN,amount,221
2017-06-21,ADJ_FACTOR_CA_MISMATCH,WARN,fq_factor,31
2017-06-21,MISSING_VALUE,WARN,amount,221
2017-06-22,ADJ_FACTOR_CA_MISMATCH,WARN,fq_factor,36
2017-06-22,MISSING_VALUE,WARN,amount,221
2017-06-23,ADJ_FACTOR_CA_MISMATCH,WARN,fq_factor,37
2017-06-23,MISSING_VALUE,WARN,amount,221
2017-06-26,ADJ_FACTOR_CA_MISMATCH,WARN,fq_factor,19
2017-06-26,MISSING_VALUE,WARN,amount,221
2017-06-27,ADJ_FACTOR_CA_MISMATCH,WARN,fq_factor,25
2017-06-27,MISSING_VALUE,WARN,amount,221
2017-06-28,ADJ_FACTOR_CA_MISMATCH,WARN,fq_factor,32
2017-06-28,MISSING_VALUE,WARN,amount,221
2017-06-29,ADJ_FACTOR_CA_MISMATCH,WARN,fq_factor,36
2017-06-29,MISSING_VALUE,WARN,amount,221
2017-06-30,ADJ_FACTOR_CA_MISMATCH,WARN,fq_factor,23
2017-06-30,MISSING_VALUE,WARN,amount,221
2017-07-03,ADJ_FACTOR_CA_MISMATCH,WARN,fq_factor,10
2017-07-03,MISSING_VALUE,WARN,amount,221
2017-07-04,ADJ_FACTOR_CA_MISMATCH,WARN,fq_factor,15
2017-07-04,MISSING_VALUE,WARN,amount,221
2017-07-05,ADJ_FACTOR_CA_MISMATCH,WARN,fq_factor,25
2017-07-05,MISSING_VALUE,WARN,amount,221
2017-07-06,ADJ_FACTOR_CA_MISMATCH,WARN,fq_factor,27
2017-07-06,MISSING_VALUE,WARN,amount,221
2017-07-07,ADJ_FACTOR_CA_MISMATCH,WARN,fq_factor,53
2017-07-07,MISSING_VALUE,WARN,amount,221
2017-07-10,ADJ_FACTOR_CA_MISMATCH,WARN,fq_factor,14
2017-07-10,MISSING_VALUE,WARN,amount,221
2017-07-11,ADJ_FACTOR_CA_MISMATCH,WARN,fq_factor,29
2017-07-11,MISSING_VALUE,WARN,amount,221
2017-07-12,ADJ_FACTOR_CA_MISMATCH,WARN,fq_factor,30
2017-07-12,MISSING_VALUE,WARN,amount,221
2017-07-13,ADJ_FACTOR_CA_MISMATCH,WARN,fq_factor,35
2017-07-13,MISSING_VALUE,WARN,amount,221
2017-07-14,ADJ_FACTOR_CA_MISMATCH,WARN,fq_factor,60
2017-07-14,MISSING_VALUE,WARN,amount,221
2017-07-17,ADJ_FACTOR_CA_MISMATCH,WARN,fq_factor,22
2017-07-17,MISSING_VALUE,WARN,amount,221
2017-07-18,ADJ_FACTOR_CA_MISMATCH,WARN,fq_factor,25
2017-07-18,MISSING_VALUE,WARN,amount,222
2017-07-19,ADJ_FACTOR_CA_MISMATCH,WARN,fq_factor,16
2017-07-19,MISSING_VALUE,WARN,amount,222
2017-07-20,ADJ_FACTOR_CA_MISMATCH,WARN,fq_factor,21
2017-07-20,MISSING_VALUE,WARN,amount,222
2017-07-21,ADJ_FACTOR_CA_MISMATCH,WARN,fq_factor,19
2017-07-21,MISSING_VALUE,WARN,amount,222
2017-07-24,ADJ_FACTOR_CA_MISMATCH,WARN,fq_factor,10
2017-07-24,MISSING_VALUE,WARN,amount,222
2017-07-25,ADJ_FACTOR_CA_MISMATCH,WARN,fq_factor,8
2017-07-25,MISSING_VALUE,WARN,amount,222
2017-07-26,ADJ_FACTOR_CA_MISMATCH,WARN,fq_factor,9
2017-07-26,MISSING_VALUE,WARN,amount,222
2017-07-27,ADJ_FACTOR_CA_MISMATCH,WARN,fq_factor,10
2017-07-27,MISSING_VALUE,WARN,amount,222
2017-07-28,ADJ_FACTOR_CA_MISMATCH,WARN,fq_factor,6
2017-07-28,MISSING_VALUE,WARN,amount,222
2017-07-31,ADJ_FACTOR_CA_MISMATCH,WARN,fq_factor,6
2017-07-31,MISSING_VALUE,WARN,amount,219
2017-08-01,ADJ_FACTOR_CA_MISMATCH,WARN,fq_factor,7
2017-08-01,MISSING_VALUE,WARN,amount,222
2017-08-02,ADJ_FACTOR_CA_MISMATCH,WARN,fq_factor,4
2017-08-02,MISSING_VALUE,WARN,amount,222
2017-08-03,ADJ_FACTOR_CA_MISMATCH,WARN,fq_factor,3
2017-08-03,MISSING_VALUE,WARN,amount,222
2017-08-04,ADJ_FACTOR_CA_MISMATCH,WARN,fq_factor,7
2017-08-04,MISSING_VALUE,WARN,amount,221
2017-08-07,ADJ_FACTOR_CA_MISMATCH,WARN,fq_factor,3
2017-08-07,MISSING_VALUE,WARN,amount,218
2017-08-08,ADJ_FACTOR_CA_MISMATCH,WARN,fq_factor,6
2017-08-08,MISSING_VALUE,WARN,amount,221
2017-08-09,ADJ_FACTOR_CA_MISMATCH,WARN,fq_factor,5
2017-08-09,MISSING_VALUE,WARN,amount,221
2017-08-10,ADJ_FACTOR_CA_MISMATCH,WARN,fq_factor,10
2017-08-10,MISSING_VALUE,WARN,amount,221
2017-08-11,ADJ_FACTOR_CA_MISMATCH,WARN,fq_factor,3
2017-08-11,MISSING_VALUE,WARN,amount,221
2017-08-14,ADJ_FACTOR_CA_MISMATCH,WARN,fq_factor,3
2017-08-14,MISSING_VALUE,WARN,amount,221
2017-08-15,ADJ_FACTOR_CA_MISMATCH,WARN,fq_factor,2
2017-08-15,MISSING_VALUE,WARN,amount,221
2017-08-16,ADJ_FACTOR_CA_MISMATCH,WARN,fq_factor,6
2017-08-16,MISSING_VALUE,WARN,amount,221
2017-08-17,ADJ_FACTOR_CA_MISMATCH,WARN,fq_factor,4
2017-08-17,MISSING_VALUE,WARN,amount,221
2017-08-18,ADJ_FACTOR_CA_MISMATCH,WARN,fq_factor,12
2017-08-18,MISSING_VALUE,WARN,amount,221
2017-08-21,ADJ_FACTOR_CA_MISMATCH,WARN,fq_factor,3
2017-08-21,MISSING_VALUE,WARN,amount,221
2017-08-22,ADJ_FACTOR_CA_MISMATCH,WARN,fq_factor,2
2017-08-22,MISSING_VALUE,WARN,amount,221
2017-08-23,ADJ_FACTOR_CA_MISMATCH,WARN,fq_factor,7
2017-08-23,MISSING_VALUE,WARN,amount,221
2017-08-24,ADJ_FACTOR_CA_MISMATCH,WARN,fq_factor,7
2017-08-24,MISSING_VALUE,WARN,amount,221
2017-08-25,ADJ_FACTOR_CA_MISMATCH,WARN,fq_factor,4
2017-08-25,MISSING_VALUE,WARN,amount,220
2017-08-28,ADJ_FACTOR_CA_MISMATCH,WARN,fq_factor,1
2017-08-28,MISSING_VALUE,WARN,amount,219
2017-08-29,ADJ_FACTOR_CA_MISMATCH,WARN,fq_factor,1
2017-08-29,MISSING_VALUE,WARN,amount,219
2017-08-30,ADJ_FACTOR_CA_MISMATCH,WARN,fq_factor,1
2017-08-30,MISSING_VALUE,WARN,amount,219
2017-08-31,ADJ_FACTOR_CA_MISMATCH,WARN,fq_factor,1
2017-08-31,MISSING_VALUE,WARN,amount,219
2017-09-01,ADJ_FACTOR_CA_MISMATCH,WARN,fq_factor,5
2017-09-01,MISSING_VALUE,WARN,amount,219
2017-09-04,ADJ_FACTOR_CA_MISMATCH,WARN,fq_factor,1
2017-09-04,MISSING_VALUE,WARN,amount,219
2017-09-05,MISSING_VALUE,WARN,amount,219
2017-09-06,MISSING_VALUE,WARN,amount,219
2017-09-07,ADJ_FACTOR_CA_MISMATCH,WARN,fq_factor,1
2017-09-07,MISSING_VALUE,WARN,amount,219
2017-09-08,ADJ_FACTOR_CA_MISMATCH,WARN,fq_factor,1
2017-09-08,MISSING_VALUE,WARN,amount,219
2017-09-11,MISSING_VALUE,WARN,amount,219
2017-09-12,ADJ_FACTOR_CA_MISMATCH,WARN,fq_factor,2
2017-09-12,MISSING_VALUE,WARN,amount,219
2017-09-13,ADJ_FACTOR_CA_MISMATCH,WARN,fq_factor,4
2017-09-13,MISSING_VALUE,WARN,amount,219
2017-09-14,ADJ_FACTOR_CA_MISMATCH,WARN,fq_factor,2
2017-09-14,MISSING_VALUE,WARN,amount,219
2017-09-15,ADJ_FACTOR_CA_MISMATCH,WARN,fq_factor,4
2017-09-15,MISSING_VALUE,WARN,amount,219
2017-09-18,ADJ_FACTOR_CA_MISMATCH,WARN,fq_factor,3
2017-09-18,MISSING_VALUE,WARN,amount,219
2017-09-19,ADJ_FACTOR_CA_MISMATCH,WARN,fq_factor,2
2017-09-19,MISSING_VALUE,WARN,amount,219
2017-09-20,ADJ_FACTOR_CA_MISMATCH,WARN,fq_factor,2
2017-09-20,MISSING_VALUE,WARN,amount,219
2017-09-21,ADJ_FACTOR_CA_MISMATCH,WARN,fq_factor,5
2017-09-21,MISSING_VALUE,WARN,amount,219
2017-09-22,ADJ_FACTOR_CA_MISMATCH,WARN,fq_factor,1
2017-09-22,MISSING_VALUE,WARN,amount,220
2017-09-25,ADJ_FACTOR_CA_MISMATCH,WARN,fq_factor,2
2017-09-25,MISSING_VALUE,WARN,amount,221
2017-09-26,ADJ_FACTOR_CA_MISMATCH,WARN,fq_factor,5
2017-09-26,MISSING_VALUE,WARN,amount,221
2017-09-27,ADJ_FACTOR_CA_MISMATCH,WARN,fq_factor,1
2017-09-27,MISSING_VALUE,WARN,amount,221
2017-09-28,ADJ_FACTOR_CA_MISMATCH,WARN,fq_factor,4
2017-09-28,MISSING_VALUE,WARN,amount,221
2017-09-29,ADJ_FACTOR_CA_MISMATCH,WARN,fq_factor,4
2017-09-29,MISSING_VALUE,WARN,amount,221
2017-10-09,ADJ_FACTOR_CA_MISMATCH,WARN,fq_factor,2
2017-10-09,MISSING_VALUE,WARN,amount,221
2017-10-10,MISSING_VALUE,WARN,amount,221
2017-10-11,MISSING_VALUE,WARN,amount,221
2017-10-12,ADJ_FACTOR_CA_MISMATCH,WARN,fq_factor,4
2017-10-12,MISSING_VALUE,WARN,amount,221
2017-10-13,ADJ_FACTOR_CA_MISMATCH,WARN,fq_factor,3
2017-10-13,MISSING_VALUE,WARN,amount,221
2017-10-16,ADJ_FACTOR_CA_MISMATCH,WARN,fq_factor,1
2017-10-16,MISSING_VALUE,WARN,amount,221
2017-10-17,ADJ_FACTOR_CA_MISMATCH,WARN,fq_factor,1
2017-10-17,MISSING_VALUE,WARN,amount,221
2017-10-18,ADJ_FACTOR_CA_MISMATCH,WARN,fq_factor,3
2017-10-18,MISSING_VALUE,WARN,amount,221
2017-10-19,ADJ_FACTOR_CA_MISMATCH,WARN,fq_factor,1
2017-10-19,MISSING_VALUE,WARN,amount,221
2017-10-20,ADJ_FACTOR_CA_MISMATCH,WARN,fq_factor,1
2017-10-20,MISSING_VALUE,WARN,amount,221
2017-10-23,ADJ_FACTOR_CA_MISMATCH,WARN,fq_factor,1
2017-10-23,MISSING_VALUE,WARN,amount,222
2017-10-24,ADJ_FACTOR_CA_MISMATCH,WARN,fq_factor,3
2017-10-24,MISSING_VALUE,WARN,amount,222
2017-10-25,ADJ_FACTOR_CA_MISMATCH,WARN,fq_factor,1
2017-10-25,MISSING_VALUE,WARN,amount,222
2017-10-26,ADJ_FACTOR_CA_MISMATCH,WARN,fq_factor,1
2017-10-26,MISSING_VALUE,WARN,amount,222
2017-10-27,ADJ_FACTOR_CA_MISMATCH,WARN,fq_factor,6
2017-10-27,MISSING_VALUE,WARN,amount,222
2017-10-30,MISSING_VALUE,WARN,amount,222
2017-10-31,ADJ_FACTOR_CA_MISMATCH,WARN,fq_factor,1
2017-10-31,MISSING_VALUE,WARN,amount,222
2017-11-01,ADJ_FACTOR_CA_MISMATCH,WARN,fq_factor,3
2017-11-01,MISSING_VALUE,WARN,amount,222
2017-11-02,ADJ_FACTOR_CA_MISMATCH,WARN,fq_factor,3
2017-11-02,MISSING_VALUE,WARN,amount,222
2017-11-03,ADJ_FACTOR_CA_MISMATCH,WARN,fq_factor,2
2017-11-03,MISSING_VALUE,WARN,amount,222
2017-11-06,ADJ_FACTOR_CA_MISMATCH,WARN,fq_factor,1
2017-11-06,MISSING_VALUE,WARN,amount,222
2017-11-07,ADJ_FACTOR_CA_MISMATCH,WARN,fq_factor,2
2017-11-07,MISSING_VALUE,WARN,amount,222
2017-11-08,ADJ_FACTOR_CA_MISMATCH,WARN,fq_factor,2
2017-11-08,MISSING_VALUE,WARN,amount,222
2017-11-09,ADJ_FACTOR_CA_MISMATCH,WARN,fq_factor,2
2017-11-09,MISSING_VALUE,WARN,amount,222
2017-11-10,ADJ_FACTOR_CA_MISMATCH,WARN,fq_factor,2
2017-11-10,MISSING_VALUE,WARN,amount,222
2017-11-13,MISSING_VALUE,WARN,amount,222
2017-11-14,ADJ_FACTOR_CA_MISMATCH,WARN,fq_factor,1
2017-11-14,MISSING_VALUE,WARN,amount,222
2017-11-15,ADJ_FACTOR_CA_MISMATCH,WARN,fq_factor,1
2017-11-15,MISSING_VALUE,WARN,amount,222
2017-11-16,MISSING_VALUE,WARN,amount,222
2017-11-17,MISSING_VALUE,WARN,amount,222
2017-11-20,ADJ_FACTOR_CA_MISMATCH,WARN,fq_factor,1
2017-11-20,MISSING_VALUE,WARN,amount,222
2017-11-21,ADJ_FACTOR_CA_MISMATCH,WARN,fq_factor,1
2017-11-21,MISSING_VALUE,WARN,amount,222
2017-11-22,MISSING_VALUE,WARN,amount,222
2017-11-23,ADJ_FACTOR_CA_MISMATCH,WARN,fq_factor,3
2017-11-23,MISSING_VALUE,WARN,amount,222
2017-11-24,ADJ_FACTOR_CA_MISMATCH,WARN,fq_factor,1
2017-11-24,MISSING_VALUE,WARN,amount,222
2017-11-27,ADJ_FACTOR_CA_MISMATCH,WARN,fq_factor,2
2017-11-27,MISSING_VALUE,WARN,amount,222
2017-11-28,MISSING_VALUE,WARN,amount,222
2017-11-29,ADJ_FACTOR_CA_MISMATCH,WARN,fq_factor,1
2017-11-29,MISSING_VALUE,WARN,amount,222
2017-11-30,MISSING_VALUE,WARN,amount,222
2017-12-01,MISSING_VALUE,WARN,amount,222
2017-12-04,MISSING_VALUE,WARN,amount,222
2017-12-05,ADJ_FACTOR_CA_MISMATCH,WARN,fq_factor,1
2017-12-05,MISSING_VALUE,WARN,amount,222
2017-12-06,ADJ_FACTOR_CA_MISMATCH,WARN,fq_factor,1
2017-12-06,MISSING_VALUE,WARN,amount,221
2017-12-07,ADJ_FACTOR_CA_MISMATCH,WARN,fq_factor,1
2017-12-07,MISSING_VALUE,WARN,amount,221
2017-12-08,MISSING_VALUE,WARN,amount,221
2017-12-11,MISSING_VALUE,WARN,amount,221
2017-12-12,MISSING_VALUE,WARN,amount,221
2017-12-13,MISSING_VALUE,WARN,amount,221
2017-12-14,MISSING_VALUE,WARN,amount,221
2017-12-15,ADJ_FACTOR_CA_MISMATCH,WARN,fq_factor,1
2017-12-15,MISSING_VALUE,WARN,amount,221
2017-12-18,MISSING_VALUE,WARN,amount,221
2017-12-19,MISSING_VALUE,WARN,amount,221
2017-12-20,MISSING_VALUE,WARN,amount,221
2017-12-21,MISSING_VALUE,WARN,amount,221
2017-12-22,MISSING_VALUE,WARN,amount,221
2017-12-25,ADJ_FACTOR_CA_MISMATCH,WARN,fq_factor,1
2017-12-25,MISSING_VALUE,WARN,amount,220
2017-12-26,MISSING_VALUE,WARN,amount,220
2017-12-27,MISSING_VALUE,WARN,amount,220
2017-12-28,MISSING_VALUE,WARN,amount,220
2017-12-29,MISSING_VALUE,WARN,amount,221
2018-01-02,ADJ_FACTOR_CA_MISMATCH,WARN,fq_factor,1
2018-01-02,MISSING_VALUE,WARN,amount,221
2018-01-03,MISSING_VALUE,WARN,amount,221
2018-01-04,MISSING_VALUE,WARN,amount,221
2018-01-05,MISSING_VALUE,WARN,amount,221
2018-01-08,MISSING_VALUE,WARN,amount,221
2018-01-09,MISSING_VALUE,WARN,amount,221
2018-01-10,MISSING_VALUE,WARN,amount,221
2018-01-11,ADJ_FACTOR_CA_MISMATCH,WARN,fq_factor,1
2018-01-11,MISSING_VALUE,WARN,amount,220
2018-01-12,ADJ_FACTOR_CA_MISMATCH,WARN,fq_factor,1
2018-01-12,MISSING_VALUE,WARN,amount,220
2018-01-15,MISSING_VALUE,WARN,amount,220
2018-01-16,MISSING_VALUE,WARN,amount,221
2018-01-17,MISSING_VALUE,WARN,amount,221
2018-01-18,MISSING_VALUE,WARN,amount,220
2018-01-19,MISSING_VALUE,WARN,amount,220
2018-01-22,MISSING_VALUE,WARN,amount,220
2018-01-23,MISSING_VALUE,WARN,amount,220
2018-01-24,MISSING_VALUE,WARN,amount,220
2018-01-25,ADJ_FACTOR_CA_MISMATCH,WARN,fq_factor,1
2018-01-25,MISSING_VALUE,WARN,amount,220
2018-01-26,MISSING_VALUE,WARN,amount,220
2018-01-29,MISSING_VALUE,WARN,amount,220
2018-01-30,MISSING_VALUE,WARN,amount,220
2018-01-31,MISSING_VALUE,WARN,amount,220
2018-02-01,MISSING_VALUE,WARN,amount,220
2018-02-02,MISSING_VALUE,WARN,amount,220
2018-02-05,MISSING_VALUE,WARN,amount,221
2018-02-06,MISSING_VALUE,WARN,amount,221
2018-02-07,MISSING_VALUE,WARN,amount,221
2018-02-08,ADJ_FACTOR_CA_MISMATCH,WARN,fq_factor,1
2018-02-08,MISSING_VALUE,WARN,amount,222
2018-02-09,MISSING_VALUE,WARN,amount,221
2018-02-12,MISSING_VALUE,WARN,amount,220
2018-02-13,MISSING_VALUE,WARN,amount,220
2018-02-14,ADJ_FACTOR_CA_MISMATCH,WARN,fq_factor,1
2018-02-14,MISSING_VALUE,WARN,amount,220
2018-02-22,MISSING_VALUE,WARN,amount,220
2018-02-23,MISSING_VALUE,WARN,amount,220
2018-02-26,MISSING_VALUE,WARN,amount,220
2018-02-27,ADJ_FACTOR_CA_MISMATCH,WARN,fq_factor,1
2018-02-27,MISSING_VALUE,WARN,amount,220
2018-02-28,ADJ_FACTOR_CA_MISMATCH,WARN,fq_factor,1
2018-02-28,MISSING_VALUE,WARN,amount,220
2018-03-01,MISSING_VALUE,WARN,amount,220
2018-03-02,MISSING_VALUE,WARN,amount,220
2018-03-05,MISSING_VALUE,WARN,amount,220
2018-03-06,MISSING_VALUE,WARN,amount,220
2018-03-07,MISSING_VALUE,WARN,amount,220
2018-03-08,MISSING_VALUE,WARN,amount,220
2018-03-09,MISSING_VALUE,WARN,amount,220
2018-03-12,ADJ_FACTOR_CA_MISMATCH,WARN,fq_factor,1
2018-03-12,MISSING_VALUE,WARN,amount,220
2018-03-13,MISSING_VALUE,WARN,amount,220
2018-03-14,MISSING_VALUE,WARN,amount,220
2018-03-15,MISSING_VALUE,WARN,amount,220
2018-03-16,ADJ_FACTOR_CA_MISMATCH,WARN,fq_factor,4
2018-03-16,MISSING_VALUE,WARN,amount,220
2018-03-19,MISSING_VALUE,WARN,amount,220
2018-03-20,ADJ_FACTOR_CA_MISMATCH,WARN,fq_factor,1
2018-03-20,MISSING_VALUE,WARN,amount,220
2018-03-21,MISSING_VALUE,WARN,amount,220
2018-03-22,MISSING_VALUE,WARN,amount,220
2018-03-23,MISSING_VALUE,WARN,amount,220
2018-03-26,MISSING_VALUE,WARN,amount,220
2018-03-27,ADJ_FACTOR_CA_MISMATCH,WARN,fq_factor,1
2018-03-27,MISSING_VALUE,WARN,amount,220
2018-03-28,MISSING_VALUE,WARN,amount,220
2018-03-29,ADJ_FACTOR_CA_MISMATCH,WARN,fq_factor,1
2018-03-29,MISSING_VALUE,WARN,amount,220
2018-03-30,ADJ_FACTOR_CA_MISMATCH,WARN,fq_factor,1
2018-03-30,MISSING_VALUE,WARN,amount,220
2018-04-02,MISSING_VALUE,WARN,amount,220
2018-04-03,ADJ_FACTOR_CA_MISMATCH,WARN,fq_factor,2
2018-04-03,MISSING_VALUE,WARN,amount,221
2018-04-04,ADJ_FACTOR_CA_MISMATCH,WARN,fq_factor,2
2018-04-04,MISSING_VALUE,WARN,amount,220
2018-04-09,MISSING_VALUE,WARN,amount,220
2018-04-10,ADJ_FACTOR_CA_MISMATCH,WARN,fq_factor,3
2018-04-10,MISSING_VALUE,WARN,amount,220
2018-04-11,ADJ_FACTOR_CA_MISMATCH,WARN,fq_factor,1
2018-04-11,MISSING_VALUE,WARN,amount,220
2018-04-12,ADJ_FACTOR_CA_MISMATCH,WARN,fq_factor,2
2018-04-12,MISSING_VALUE,WARN,amount,220
2018-04-13,ADJ_FACTOR_CA_MISMATCH,WARN,fq_factor,2
2018-04-13,MISSING_VALUE,WARN,amount,220
2018-04-16,ADJ_FACTOR_CA_MISMATCH,WARN,fq_factor,1
2018-04-16,MISSING_VALUE,WARN,amount,220
2018-04-17,ADJ_FACTOR_CA_MISMATCH,WARN,fq_factor,1
2018-04-17,MISSING_VALUE,WARN,amount,220
2018-04-18,ADJ_FACTOR_CA_MISMATCH,WARN,fq_factor,5
2018-04-18,MISSING_VALUE,WARN,amount,220
2018-04-19,ADJ_FACTOR_CA_MISMATCH,WARN,fq_factor,7
2018-04-19,MISSING_VALUE,WARN,amount,220
2018-04-20,ADJ_FACTOR_CA_MISMATCH,WARN,fq_factor,4
2018-04-20,MISSING_VALUE,WARN,amount,220
2018-04-23,ADJ_FACTOR_CA_MISMATCH,WARN,fq_factor,1
2018-04-23,MISSING_VALUE,WARN,amount,220
2018-04-24,ADJ_FACTOR_CA_MISMATCH,WARN,fq_factor,5
2018-04-24,MISSING_VALUE,WARN,amount,220
2018-04-25,ADJ_FACTOR_CA_MISMATCH,WARN,fq_factor,11
2018-04-25,MISSING_VALUE,WARN,amount,220
2018-04-26,ADJ_FACTOR_CA_MISMATCH,WARN,fq_factor,8
2018-04-26,MISSING_VALUE,WARN,amount,220
2018-04-27,ADJ_FACTOR_CA_MISMATCH,WARN,fq_factor,15
2018-04-27,MISSING_VALUE,WARN,amount,221
2018-05-02,ADJ_FACTOR_CA_MISMATCH,WARN,fq_factor,7
2018-05-02,MISSING_VALUE,WARN,amount,221
2018-05-03,ADJ_FACTOR_CA_MISMATCH,WARN,fq_factor,8
2018-05-03,MISSING_VALUE,WARN,amount,220
2018-05-04,ADJ_FACTOR_CA_MISMATCH,WARN,fq_factor,22
2018-05-04,MISSING_VALUE,WARN,amount,220
2018-05-07,ADJ_FACTOR_CA_MISMATCH,WARN,fq_factor,8
2018-05-07,MISSING_VALUE,WARN,amount,220
2018-05-08,ADJ_FACTOR_CA_MISMATCH,WARN,fq_factor,10
2018-05-08,MISSING_VALUE,WARN,amount,221
2018-05-09,ADJ_FACTOR_CA_MISMATCH,WARN,fq_factor,16
2018-05-09,MISSING_VALUE,WARN,amount,221
2018-05-10,ADJ_FACTOR_CA_MISMATCH,WARN,fq_factor,20
2018-05-10,MISSING_VALUE,WARN,amount,221
2018-05-11,ADJ_FACTOR_CA_MISMATCH,WARN,fq_factor,24
2018-05-11,MISSING_VALUE,WARN,amount,221
2018-05-14,ADJ_FACTOR_CA_MISMATCH,WARN,fq_factor,8
2018-05-14,MISSING_VALUE,WARN,amount,221
2018-05-15,ADJ_FACTOR_CA_MISMATCH,WARN,fq_factor,14
2018-05-15,MISSING_VALUE,WARN,amount,221
2018-05-16,ADJ_FACTOR_CA_MISMATCH,WARN,fq_factor,13
2018-05-16,MISSING_VALUE,WARN,amount,221
2018-05-17,ADJ_FACTOR_CA_MISMATCH,WARN,fq_factor,15
2018-05-17,MISSING_VALUE,WARN,amount,221
2018-05-18,ADJ_FACTOR_CA_MISMATCH,WARN,fq_factor,29
2018-05-18,MISSING_VALUE,WARN,amount,221
2018-05-21,ADJ_FACTOR_CA_MISMATCH,WARN,fq_factor,19
2018-05-21,MISSING_VALUE,WARN,amount,221
2018-05-22,ADJ_FACTOR_CA_MISMATCH,WARN,fq_factor,36
2018-05-22,MISSING_VALUE,WARN,amount,221
2018-05-23,ADJ_FACTOR_CA_MISMATCH,WARN,fq_factor,32
2018-05-23,MISSING_VALUE,WARN,amount,221
2018-05-24,ADJ_FACTOR_CA_MISMATCH,WARN,fq_factor,34
2018-05-24,MISSING_VALUE,WARN,amount,221
2018-05-25,ADJ_FACTOR_CA_MISMATCH,WARN,fq_factor,48
2018-05-25,MISSING_VALUE,WARN,amount,221
2018-05-28,ADJ_FACTOR_CA_MISMATCH,WARN,fq_factor,35
2018-05-28,MISSING_VALUE,WARN,amount,221
2018-05-29,ADJ_FACTOR_CA_MISMATCH,WARN,fq_factor,32
2018-05-29,MISSING_VALUE,WARN,amount,221
2018-05-30,ADJ_FACTOR_CA_MISMATCH,WARN,fq_factor,41
2018-05-30,MISSING_VALUE,WARN,amount,221
2018-05-31,ADJ_FACTOR_CA_MISMATCH,WARN,fq_factor,31
2018-05-31,MISSING_VALUE,WARN,amount,221
2018-06-01,ADJ_FACTOR_CA_MISMATCH,WARN,fq_factor,46
2018-06-01,MISSING_VALUE,WARN,amount,221
2018-06-04,ADJ_FACTOR_CA_MISMATCH,WARN,fq_factor,24
2018-06-04,MISSING_VALUE,WARN,amount,221
2018-06-05,ADJ_FACTOR_CA_MISMATCH,WARN,fq_factor,19
2018-06-05,MISSING_VALUE,WARN,amount,221
2018-06-06,ADJ_FACTOR_CA_MISMATCH,WARN,fq_factor,38
2018-06-06,MISSING_VALUE,WARN,amount,221
2018-06-07,ADJ_FACTOR_CA_MISMATCH,WARN,fq_factor,44
2018-06-07,MISSING_VALUE,WARN,amount,221
2018-06-08,ADJ_FACTOR_CA_MISMATCH,WARN,fq_factor,65
2018-06-08,MISSING_VALUE,WARN,amount,221
2018-06-11,ADJ_FACTOR_CA_MISMATCH,WARN,fq_factor,32
2018-06-11,MISSING_VALUE,WARN,amount,221
2018-06-12,ADJ_FACTOR_CA_MISMATCH,WARN,fq_factor,28
2018-06-12,MISSING_VALUE,WARN,amount,221
2018-06-13,ADJ_FACTOR_CA_MISMATCH,WARN,fq_factor,43
2018-06-13,MISSING_VALUE,WARN,amount,221
2018-06-14,ADJ_FACTOR_CA_MISMATCH,WARN,fq_factor,44
2018-06-14,MISSING_VALUE,WARN,amount,221
2018-06-15,ADJ_FACTOR_CA_MISMATCH,WARN,fq_factor,90
2018-06-15,MISSING_VALUE,WARN,amount,221
2018-06-19,ADJ_FACTOR_CA_MISMATCH,WARN,fq_factor,26
2018-06-19,MISSING_VALUE,WARN,amount,221
2018-06-20,ADJ_FACTOR_CA_MISMATCH,WARN,fq_factor,35
2018-06-20,MISSING_VALUE,WARN,amount,221
2018-06-21,ADJ_FACTOR_CA_MISMATCH,WARN,fq_factor,36
2018-06-21,MISSING_VALUE,WARN,amount,221
2018-06-22,ADJ_FACTOR_CA_MISMATCH,WARN,fq_factor,72
2018-06-22,MISSING_VALUE,WARN,amount,221
2018-06-25,ADJ_FACTOR_CA_MISMATCH,WARN,fq_factor,26
2018-06-25,MISSING_VALUE,WARN,amount,221
2018-06-26,ADJ_FACTOR_CA_MISMATCH,WARN,fq_factor,21
2018-06-26,MISSING_VALUE,WARN,amount,221
2018-06-27,ADJ_FACTOR_CA_MISMATCH,WARN,fq_factor,37
2018-06-27,MISSING_VALUE,WARN,amount,221
2018-06-28,ADJ_FACTOR_CA_MISMATCH,WARN,fq_factor,41
2018-06-28,MISSING_VALUE,WARN,amount,221
2018-06-29,ADJ_FACTOR_CA_MISMATCH,WARN,fq_factor,48
2018-06-29,MISSING_VALUE,WARN,amount,221
2018-07-02,ADJ_FACTOR_CA_MISMATCH,WARN,fq_factor,14
2018-07-02,MISSING_VALUE,WARN,amount,221
2018-07-03,ADJ_FACTOR_CA_MISMATCH,WARN,fq_factor,22
2018-07-03,MISSING_VALUE,WARN,amount,221
2018-07-04,ADJ_FACTOR_CA_MISMATCH,WARN,fq_factor,33
2018-07-04,MISSING_VALUE,WARN,amount,221
2018-07-05,ADJ_FACTOR_CA_MISMATCH,WARN,fq_factor,37
2018-07-05,MISSING_VALUE,WARN,amount,221
2018-07-06,ADJ_FACTOR_CA_MISMATCH,WARN,fq_factor,60
2018-07-06,MISSING_VALUE,WARN,amount,221
2018-07-09,ADJ_FACTOR_CA_MISMATCH,WARN,fq_factor,26
2018-07-09,MISSING_VALUE,WARN,amount,221
2018-07-10,ADJ_FACTOR_CA_MISMATCH,WARN,fq_factor,37
2018-07-10,MISSING_VALUE,WARN,amount,221
2018-07-11,ADJ_FACTOR_CA_MISMATCH,WARN,fq_factor,37
2018-07-11,MISSING_VALUE,WARN,amount,221
2018-07-12,ADJ_FACTOR_CA_MISMATCH,WARN,fq_factor,44
2018-07-12,MISSING_VALUE,WARN,amount,221
2018-07-13,ADJ_FACTOR_CA_MISMATCH,WARN,fq_factor,51
2018-07-13,MISSING_VALUE,WARN,amount,219
2018-07-16,ADJ_FACTOR_CA_MISMATCH,WARN,fq_factor,25
2018-07-16,MISSING_VALUE,WARN,amount,219
2018-07-17,ADJ_FACTOR_CA_MISMATCH,WARN,fq_factor,31
2018-07-17,MISSING_VALUE,WARN,amount,219
2018-07-18,ADJ_FACTOR_CA_MISMATCH,WARN,fq_factor,22
2018-07-18,MISSING_VALUE,WARN,amount,218
2018-07-19,ADJ_FACTOR_CA_MISMATCH,WARN,fq_factor,18
2018-07-19,MISSING_VALUE,WARN,amount,218
2018-07-20,ADJ_FACTOR_CA_MISMATCH,WARN,fq_factor,20
2018-07-20,MISSING_VALUE,WARN,amount,218
2018-07-23,ADJ_FACTOR_CA_MISMATCH,WARN,fq_factor,8
2018-07-23,MISSING_VALUE,WARN,amount,218
2018-07-24,ADJ_FACTOR_CA_MISMATCH,WARN,fq_factor,7
2018-07-24,MISSING_VALUE,WARN,amount,218
2018-07-25,ADJ_FACTOR_CA_MISMATCH,WARN,fq_factor,8
2018-07-25,MISSING_VALUE,WARN,amount,218
2018-07-26,ADJ_FACTOR_CA_MISMATCH,WARN,fq_factor,14
2018-07-26,MISSING_VALUE,WARN,amount,218
2018-07-27,ADJ_FACTOR_CA_MISMATCH,WARN,fq_factor,15
2018-07-27,MISSING_VALUE,WARN,amount,218
2018-07-30,ADJ_FACTOR_CA_MISMATCH,WARN,fq_factor,8
2018-07-30,MISSING_VALUE,WARN,amount,218
2018-07-31,ADJ_FACTOR_CA_MISMATCH,WARN,fq_factor,11
2018-07-31,MISSING_VALUE,WARN,amount,218
2018-08-01,ADJ_FACTOR_CA_MISMATCH,WARN,fq_factor,4
2018-08-01,MISSING_VALUE,WARN,amount,218
2018-08-02,ADJ_FACTOR_CA_MISMATCH,WARN,fq_factor,5
2018-08-02,MISSING_VALUE,WARN,amount,218
2018-08-03,ADJ_FACTOR_CA_MISMATCH,WARN,fq_factor,7
2018-08-03,MISSING_VALUE,WARN,amount,218
2018-08-06,ADJ_FACTOR_CA_MISMATCH,WARN,fq_factor,5
2018-08-06,MISSING_VALUE,WARN,amount,218
2018-08-07,ADJ_FACTOR_CA_MISMATCH,WARN,fq_factor,7
2018-08-07,MISSING_VALUE,WARN,amount,218
2018-08-08,ADJ_FACTOR_CA_MISMATCH,WARN,fq_factor,8
2018-08-08,MISSING_VALUE,WARN,amount,218
2018-08-09,ADJ_FACTOR_CA_MISMATCH,WARN,fq_factor,15
2018-08-09,MISSING_VALUE,WARN,amount,218
2018-08-10,ADJ_FACTOR_CA_MISMATCH,WARN,fq_factor,7
2018-08-10,MISSING_VALUE,WARN,amount,218
2018-08-13,ADJ_FACTOR_CA_MISMATCH,WARN,fq_factor,6
2018-08-13,MISSING_VALUE,WARN,amount,218
2018-08-14,ADJ_FACTOR_CA_MISMATCH,WARN,fq_factor,3
2018-08-14,MISSING_VALUE,WARN,amount,218
2018-08-15,ADJ_FACTOR_CA_MISMATCH,WARN,fq_factor,9
2018-08-15,MISSING_VALUE,WARN,amount,218
2018-08-16,ADJ_FACTOR_CA_MISMATCH,WARN,fq_factor,6
2018-08-16,MISSING_VALUE,WARN,amount,218
2018-08-17,ADJ_FACTOR_CA_MISMATCH,WARN,fq_factor,10
2018-08-17,MISSING_VALUE,WARN,amount,218
2018-08-20,ADJ_FACTOR_CA_MISMATCH,WARN,fq_factor,6
2018-08-20,MISSING_VALUE,WARN,amount,218
2018-08-21,ADJ_FACTOR_CA_MISMATCH,WARN,fq_factor,2
2018-08-21,MISSING_VALUE,WARN,amount,218
2018-08-22,ADJ_FACTOR_CA_MISMATCH,WARN,fq_factor,5
2018-08-22,MISSING_VALUE,WARN,amount,218
2018-08-23,ADJ_FACTOR_CA_MISMATCH,WARN,fq_factor,5
2018-08-23,MISSING_VALUE,WARN,amount,218
2018-08-24,ADJ_FACTOR_CA_MISMATCH,WARN,fq_factor,9
2018-08-24,MISSING_VALUE,WARN,amount,218
2018-08-27,ADJ_FACTOR_CA_MISMATCH,WARN,fq_factor,6
2018-08-27,MISSING_VALUE,WARN,amount,218
2018-08-28,ADJ_FACTOR_CA_MISMATCH,WARN,fq_factor,4
2018-08-28,MISSING_VALUE,WARN,amount,218
2018-08-29,MISSING_VALUE,WARN,amount,218
2018-08-30,ADJ_FACTOR_CA_MISMATCH,WARN,fq_factor,3
2018-08-30,MISSING_VALUE,WARN,amount,218
2018-08-31,ADJ_FACTOR_CA_MISMATCH,WARN,fq_factor,2
2018-08-31,MISSING_VALUE,WARN,amount,218
2018-09-03,MISSING_VALUE,WARN,amount,218
2018-09-04,ADJ_FACTOR_CA_MISMATCH,WARN,fq_factor,1
2018-09-04,MISSING_VALUE,WARN,amount,218
2018-09-05,ADJ_FACTOR_CA_MISMATCH,WARN,fq_factor,1
2018-09-05,MISSING_VALUE,WARN,amount,218
2018-09-06,ADJ_FACTOR_CA_MISMATCH,WARN,fq_factor,1
2018-09-06,MISSING_VALUE,WARN,amount,218
2018-09-07,MISSING_VALUE,WARN,amount,218
2018-09-10,ADJ_FACTOR_CA_MISMATCH,WARN,fq_factor,3
2018-09-10,MISSING_VALUE,WARN,amount,218
2018-09-11,ADJ_FACTOR_CA_MISMATCH,WARN,fq_factor,1
2018-09-11,MISSING_VALUE,WARN,amount,218
2018-09-12,ADJ_FACTOR_CA_MISMATCH,WARN,fq_factor,2
2018-09-12,MISSING_VALUE,WARN,amount,218
2018-09-13,ADJ_FACTOR_CA_MISMATCH,WARN,fq_factor,2
2018-09-13,MISSING_VALUE,WARN,amount,218
2018-09-14,ADJ_FACTOR_CA_MISMATCH,WARN,fq_factor,4
2018-09-14,MISSING_VALUE,WARN,amount,218
2018-09-17,ADJ_FACTOR_CA_MISMATCH,WARN,fq_factor,2
2018-09-17,MISSING_VALUE,WARN,amount,218
2018-09-18,ADJ_FACTOR_CA_MISMATCH,WARN,fq_factor,2
2018-09-18,MISSING_VALUE,WARN,amount,218
2018-09-19,ADJ_FACTOR_CA_MISMATCH,WARN,fq_factor,1
2018-09-19,MISSING_VALUE,WARN,amount,218
2018-09-20,ADJ_FACTOR_CA_MISMATCH,WARN,fq_factor,2
2018-09-20,MISSING_VALUE,WARN,amount,218
2018-09-21,ADJ_FACTOR_CA_MISMATCH,WARN,fq_factor,4
2018-09-21,MISSING_VALUE,WARN,amount,218
2018-09-25,ADJ_FACTOR_CA_MISMATCH,WARN,fq_factor,3
2018-09-25,MISSING_VALUE,WARN,amount,218
2018-09-26,ADJ_FACTOR_CA_MISMATCH,WARN,fq_factor,6
2018-09-26,MISSING_VALUE,WARN,amount,218
2018-09-27,ADJ_FACTOR_CA_MISMATCH,WARN,fq_factor,3
2018-09-27,MISSING_VALUE,WARN,amount,218
2018-09-28,ADJ_FACTOR_CA_MISMATCH,WARN,fq_factor,3
2018-09-28,MISSING_VALUE,WARN,amount,218
2018-10-08,MISSING_VALUE,WARN,amount,219
2018-10-09,ADJ_FACTOR_CA_MISMATCH,WARN,fq_factor,2
2018-10-09,MISSING_VALUE,WARN,amount,219
2018-10-10,ADJ_FACTOR_CA_MISMATCH,WARN,fq_factor,3
2018-10-10,MISSING_VALUE,WARN,amount,219
2018-10-11,ADJ_FACTOR_CA_MISMATCH,WARN,fq_factor,2
2018-10-11,MISSING_VALUE,WARN,amount,219
2018-10-12,ADJ_FACTOR_CA_MISMATCH,WARN,fq_factor,2
2018-10-12,MISSING_VALUE,WARN,amount,219
2018-10-15,ADJ_FACTOR_CA_MISMATCH,WARN,fq_factor,1
2018-10-15,MISSING_VALUE,WARN,amount,219
2018-10-16,ADJ_FACTOR_CA_MISMATCH,WARN,fq_factor,1
2018-10-16,MISSING_VALUE,WARN,amount,219
2018-10-17,ADJ_FACTOR_CA_MISMATCH,WARN,fq_factor,1
2018-10-17,MISSING_VALUE,WARN,amount,219
2018-10-18,ADJ_FACTOR_CA_MISMATCH,WARN,fq_factor,1
2018-10-18,MISSING_VALUE,WARN,amount,219
2018-10-19,ADJ_FACTOR_CA_MISMATCH,WARN,fq_factor,2
2018-10-19,MISSING_VALUE,WARN,amount,219
2018-10-22,ADJ_FACTOR_CA_MISMATCH,WARN,fq_factor,3
2018-10-22,MISSING_VALUE,WARN,amount,219
2018-10-23,ADJ_FACTOR_CA_MISMATCH,WARN,fq_factor,2
2018-10-23,MISSING_VALUE,WARN,amount,219
2018-10-24,ADJ_FACTOR_CA_MISMATCH,WARN,fq_factor,3
2018-10-24,MISSING_VALUE,WARN,amount,219
2018-10-25,ADJ_FACTOR_CA_MISMATCH,WARN,fq_factor,2
2018-10-25,MISSING_VALUE,WARN,amount,219
2018-10-26,ADJ_FACTOR_CA_MISMATCH,WARN,fq_factor,3
2018-10-26,MISSING_VALUE,WARN,amount,219
2018-10-29,ADJ_FACTOR_CA_MISMATCH,WARN,fq_factor,1
2018-10-29,MISSING_VALUE,WARN,amount,218
2018-10-30,MISSING_VALUE,WARN,amount,218
2018-10-31,ADJ_FACTOR_CA_MISMATCH,WARN,fq_factor,3
2018-10-31,MISSING_VALUE,WARN,amount,218
2018-11-01,ADJ_FACTOR_CA_MISMATCH,WARN,fq_factor,1
2018-11-01,MISSING_VALUE,WARN,amount,218
2018-11-02,ADJ_FACTOR_CA_MISMATCH,WARN,fq_factor,1
2018-11-02,MISSING_VALUE,WARN,amount,218
2018-11-05,ADJ_FACTOR_CA_MISMATCH,WARN,fq_factor,1
2018-11-05,MISSING_VALUE,WARN,amount,218
2018-11-06,ADJ_FACTOR_CA_MISMATCH,WARN,fq_factor,1
2018-11-06,MISSING_VALUE,WARN,amount,218
2018-11-07,MISSING_VALUE,WARN,amount,218
2018-11-08,MISSING_VALUE,WARN,amount,218
2018-11-09,ADJ_FACTOR_CA_MISMATCH,WARN,fq_factor,1
2018-11-09,MISSING_VALUE,WARN,amount,218
2018-11-12,ADJ_FACTOR_CA_MISMATCH,WARN,fq_factor,1
2018-11-12,MISSING_VALUE,WARN,amount,218
2018-11-13,MISSING_VALUE,WARN,amount,218
2018-11-14,ADJ_FACTOR_CA_MISMATCH,WARN,fq_factor,2
2018-11-14,MISSING_VALUE,WARN,amount,218
2018-11-15,ADJ_FACTOR_CA_MISMATCH,WARN,fq_factor,1
2018-11-15,MISSING_VALUE,WARN,amount,218
2018-11-16,ADJ_FACTOR_CA_MISMATCH,WARN,fq_factor,1
2018-11-16,MISSING_VALUE,WARN,amount,218
2018-11-19,ADJ_FACTOR_CA_MISMATCH,WARN,fq_factor,1
2018-11-19,MISSING_VALUE,WARN,amount,218
2018-11-20,MISSING_VALUE,WARN,amount,218
2018-11-21,MISSING_VALUE,WARN,amount,218
2018-11-22,MISSING_VALUE,WARN,amount,218
2018-11-23,MISSING_VALUE,WARN,amount,218
2018-11-26,MISSING_VALUE,WARN,amount,218
2018-11-27,MISSING_VALUE,WARN,amount,218
2018-11-28,MISSING_VALUE,WARN,amount,218
2018-11-29,ADJ_FACTOR_CA_MISMATCH,WARN,fq_factor,1
2018-11-29,MISSING_VALUE,WARN,amount,218
2018-11-30,ADJ_FACTOR_CA_MISMATCH,WARN,fq_factor,1
2018-11-30,MISSING_VALUE,WARN,amount,218
2018-12-03,ADJ_FACTOR_CA_MISMATCH,WARN,fq_factor,1
2018-12-03,MISSING_VALUE,WARN,amount,218
2018-12-04,ADJ_FACTOR_CA_MISMATCH,WARN,fq_factor,1
2018-12-04,MISSING_VALUE,WARN,amount,218
2018-12-05,MISSING_VALUE,WARN,amount,218
2018-12-06,MISSING_VALUE,WARN,amount,218
2018-12-07,ADJ_FACTOR_CA_MISMATCH,WARN,fq_factor,3
2018-12-07,MISSING_VALUE,WARN,amount,218
2018-12-10,MISSING_VALUE,WARN,amount,218
2018-12-11,MISSING_VALUE,WARN,amount,218
2018-12-12,ADJ_FACTOR_CA_MISMATCH,WARN,fq_factor,1
2018-12-12,MISSING_VALUE,WARN,amount,218
2018-12-13,MISSING_VALUE,WARN,amount,218
2018-12-14,MISSING_VALUE,WARN,amount,218
2018-12-17,ADJ_FACTOR_CA_MISMATCH,WARN,fq_factor,1
2018-12-17,MISSING_VALUE,WARN,amount,218
2018-12-18,MISSING_VALUE,WARN,amount,218
2018-12-19,MISSING_VALUE,WARN,amount,218
2018-12-20,MISSING_VALUE,WARN,amount,218
2018-12-21,ADJ_FACTOR_CA_MISMATCH,WARN,fq_factor,2
2018-12-21,MISSING_VALUE,WARN,amount,218
2018-12-24,MISSING_VALUE,WARN,amount,218
2018-12-25,MISSING_VALUE,WARN,amount,218
2018-12-26,MISSING_VALUE,WARN,amount,218
2018-12-27,MISSING_VALUE,WARN,amount,218
2018-12-28,ADJ_FACTOR_CA_MISMATCH,WARN,fq_factor,1
2018-12-28,MISSING_VALUE,WARN,amount,216
2019-01-02,MISSING_VALUE,WARN,amount,216
2019-01-03,MISSING_VALUE,WARN,amount,216
2019-01-04,MISSING_VALUE,WARN,amount,216
2019-01-07,ADJ_FACTOR_CA_MISMATCH,WARN,fq_factor,1
2019-01-07,MISSING_VALUE,WARN,amount,216
2019-01-08,ADJ_FACTOR_CA_MISMATCH,WARN,fq_factor,1
2019-01-08,MISSING_VALUE,WARN,amount,216
2019-01-09,ADJ_FACTOR_CA_MISMATCH,WARN,fq_factor,1
2019-01-09,MISSING_VALUE,WARN,amount,216
2019-01-10,MISSING_VALUE,WARN,amount,216
2019-01-11,MISSING_VALUE,WARN,amount,216
2019-01-14,MISSING_VALUE,WARN,amount,216
2019-01-15,MISSING_VALUE,WARN,amount,216
2019-01-16,MISSING_VALUE,WARN,amount,216
2019-01-17,MISSING_VALUE,WARN,amount,216
2019-01-18,MISSING_VALUE,WARN,amount,216
2019-01-21,MISSING_VALUE,WARN,amount,216
2019-01-22,MISSING_VALUE,WARN,amount,216
2019-01-23,MISSING_VALUE,WARN,amount,216
2019-01-24,MISSING_VALUE,WARN,amount,216
2019-01-25,MISSING_VALUE,WARN,amount,216
2019-01-28,MISSING_VALUE,WARN,amount,216
2019-01-29,MISSING_VALUE,WARN,amount,216
2019-01-30,MISSING_VALUE,WARN,amount,216
2019-01-31,MISSING_VALUE,WARN,amount,216
2019-02-01,MISSING_VALUE,WARN,amount,216
2019-02-11,MISSING_VALUE,WARN,amount,216
2019-02-12,MISSING_VALUE,WARN,amount,216
2019-02-13,MISSING_VALUE,WARN,amount,216
2019-02-14,MISSING_VALUE,WARN,amount,216
2019-02-15,MISSING_VALUE,WARN,amount,216
2019-02-18,MISSING_VALUE,WARN,amount,216
2019-02-19,MISSING_VALUE,WARN,amount,216
2019-02-20,MISSING_VALUE,WARN,amount,216
2019-02-21,MISSING_VALUE,WARN,amount,216
2019-02-22,MISSING_VALUE,WARN,amount,216
2019-02-25,ADJ_FACTOR_CA_MISMATCH,WARN,fq_factor,1
2019-02-25,MISSING_VALUE,WARN,amount,216
2019-02-26,MISSING_VALUE,WARN,amount,216
2019-02-27,MISSING_VALUE,WARN,amount,216
2019-02-28,MISSING_VALUE,WARN,amount,216
2019-03-01,MISSING_VALUE,WARN,amount,216
2019-03-04,ADJ_FACTOR_CA_MISMATCH,WARN,fq_factor,1
2019-03-04,MISSING_VALUE,WARN,amount,216
2019-03-05,MISSING_VALUE,WARN,amount,216
2019-03-06,ADJ_FACTOR_CA_MISMATCH,WARN,fq_factor,1
2019-03-06,MISSING_VALUE,WARN,amount,216
2019-03-07,MISSING_VALUE,WARN,amount,216
2019-03-08,ADJ_FACTOR_CA_MISMATCH,WARN,fq_factor,1
2019-03-08,MISSING_VALUE,WARN,amount,216
2019-03-11,ADJ_FACTOR_CA_MISMATCH,WARN,fq_factor,1
2019-03-11,MISSING_VALUE,WARN,amount,216
2019-03-12,MISSING_VALUE,WARN,amount,216
2019-03-13,MISSING_VALUE,WARN,amount,216
2019-03-14,MISSING_VALUE,WARN,amount,216
2019-03-15,MISSING_VALUE,WARN,amount,216
2019-03-18,MISSING_VALUE,WARN,amount,216
2019-03-19,MISSING_VALUE,WARN,amount,216
2019-03-20,MISSING_VALUE,WARN,amount,216
2019-03-21,MISSING_VALUE,WARN,amount,216
2019-03-22,MISSING_VALUE,WARN,amount,216
2019-03-25,MISSING_VALUE,WARN,amount,216
2019-03-26,MISSING_VALUE,WARN,amount,217
2019-03-27,MISSING_VALUE,WARN,amount,218
2019-03-28,MISSING_VALUE,WARN,amount,217
2019-03-29,ADJ_FACTOR_CA_MISMATCH,WARN,fq_factor,3
2019-03-29,MISSING_VALUE,WARN,amount,217
2019-04-01,MISSING_VALUE,WARN,amount,217
2019-04-02,ADJ_FACTOR_CA_MISMATCH,WARN,fq_factor,1
2019-04-02,MISSING_VALUE,WARN,amount,217
2019-04-03,ADJ_FACTOR_CA_MISMATCH,WARN,fq_factor,6
2019-04-03,MISSING_VALUE,WARN,amount,217
2019-04-04,ADJ_FACTOR_CA_MISMATCH,WARN,fq_factor,1
2019-04-04,MISSING_VALUE,WARN,amount,217
2019-04-08,ADJ_FACTOR_CA_MISMATCH,WARN,fq_factor,1
2019-04-08,MISSING_VALUE,WARN,amount,217
2019-04-09,MISSING_VALUE,WARN,amount,217
2019-04-10,ADJ_FACTOR_CA_MISMATCH,WARN,fq_factor,1
2019-04-10,MISSING_VALUE,WARN,amount,216
2019-04-11,MISSING_VALUE,WARN,amount,216
2019-04-12,ADJ_FACTOR_CA_MISMATCH,WARN,fq_factor,2
2019-04-12,MISSING_VALUE,WARN,amount,216
2019-04-15,ADJ_FACTOR_CA_MISMATCH,WARN,fq_factor,2
2019-04-15,MISSING_VALUE,WARN,amount,216
2019-04-16,ADJ_FACTOR_CA_MISMATCH,WARN,fq_factor,5
2019-04-16,MISSING_VALUE,WARN,amount,216
2019-04-17,ADJ_FACTOR_CA_MISMATCH,WARN,fq_factor,1
2019-04-17,MISSING_VALUE,WARN,amount,216
2019-04-18,ADJ_FACTOR_CA_MISMATCH,WARN,fq_factor,6
2019-04-18,MISSING_VALUE,WARN,amount,216
2019-04-19,ADJ_FACTOR_CA_MISMATCH,WARN,fq_factor,11
2019-04-19,MISSING_VALUE,WARN,amount,216
2019-04-22,ADJ_FACTOR_CA_MISMATCH,WARN,fq_factor,7
2019-04-22,MISSING_VALUE,WARN,amount,216
2019-04-23,ADJ_FACTOR_CA_MISMATCH,WARN,fq_factor,7
2019-04-23,MISSING_VALUE,WARN,amount,216
2019-04-24,ADJ_FACTOR_CA_MISMATCH,WARN,fq_factor,7
2019-04-24,MISSING_VALUE,WARN,amount,216
2019-04-25,ADJ_FACTOR_CA_MISMATCH,WARN,fq_factor,7
2019-04-25,MISSING_VALUE,WARN,amount,216
2019-04-26,ADJ_FACTOR_CA_MISMATCH,WARN,fq_factor,11
2019-04-26,MISSING_VALUE,WARN,amount,217
2019-04-29,ADJ_FACTOR_CA_MISMATCH,WARN,fq_factor,5
2019-04-29,MISSING_VALUE,WARN,amount,216
2019-04-30,ADJ_FACTOR_CA_MISMATCH,WARN,fq_factor,18
2019-04-30,MISSING_VALUE,WARN,amount,216
2019-05-06,ADJ_FACTOR_CA_MISMATCH,WARN,fq_factor,5
2019-05-06,MISSING_VALUE,WARN,amount,216
2019-05-07,ADJ_FACTOR_CA_MISMATCH,WARN,fq_factor,12
2019-05-07,MISSING_VALUE,WARN,amount,216
2019-05-08,ADJ_FACTOR_CA_MISMATCH,WARN,fq_factor,14
2019-05-08,MISSING_VALUE,WARN,amount,216
2019-05-09,ADJ_FACTOR_CA_MISMATCH,WARN,fq_factor,11
2019-05-09,MISSING_VALUE,WARN,amount,216
2019-05-10,ADJ_FACTOR_CA_MISMATCH,WARN,fq_factor,15
2019-05-10,MISSING_VALUE,WARN,amount,216
2019-05-13,ADJ_FACTOR_CA_MISMATCH,WARN,fq_factor,13
2019-05-13,MISSING_VALUE,WARN,amount,216
2019-05-14,ADJ_FACTOR_CA_MISMATCH,WARN,fq_factor,14
2019-05-14,MISSING_VALUE,WARN,amount,216
2019-05-15,ADJ_FACTOR_CA_MISMATCH,WARN,fq_factor,24
2019-05-15,MISSING_VALUE,WARN,amount,217
2019-05-16,ADJ_FACTOR_CA_MISMATCH,WARN,fq_factor,29
2019-05-16,MISSING_VALUE,WARN,amount,216
2019-05-17,ADJ_FACTOR_CA_MISMATCH,WARN,fq_factor,31
2019-05-17,MISSING_VALUE,WARN,amount,216
2019-05-20,ADJ_FACTOR_CA_MISMATCH,WARN,fq_factor,16
2019-05-20,MISSING_VALUE,WARN,amount,216
2019-05-21,ADJ_FACTOR_CA_MISMATCH,WARN,fq_factor,27
2019-05-21,MISSING_VALUE,WARN,amount,216
2019-05-22,ADJ_FACTOR_CA_MISMATCH,WARN,fq_factor,20
2019-05-22,MISSING_VALUE,WARN,amount,216
2019-05-23,ADJ_FACTOR_CA_MISMATCH,WARN,fq_factor,40
2019-05-23,ADJ_NEGATIVE,ERROR,adj_factor,1
2019-05-23,MISSING_VALUE,WARN,amount,216
2019-05-24,ADJ_FACTOR_CA_MISMATCH,WARN,fq_factor,34
2019-05-24,ADJ_NEGATIVE,ERROR,adj_factor,1
2019-05-24,MISSING_VALUE,WARN,amount,215
2019-05-27,ADJ_FACTOR_CA_MISMATCH,WARN,fq_factor,29
2019-05-27,MISSING_VALUE,WARN,amount,215
2019-05-28,ADJ_FACTOR_CA_MISMATCH,WARN,fq_factor,43
2019-05-28,MISSING_VALUE,WARN,amount,215
2019-05-29,ADJ_FACTOR_CA_MISMATCH,WARN,fq_factor,45
2019-05-29,MISSING_VALUE,WARN,amount,215
2019-05-30,ADJ_FACTOR_CA_MISMATCH,WARN,fq_factor,54
2019-05-30,MISSING_VALUE,WARN,amount,215
2019-05-31,ADJ_FACTOR_CA_MISMATCH,WARN,fq_factor,59
2019-05-31,ADJ_NEGATIVE,ERROR,adj_factor,1
2019-05-31,MISSING_VALUE,WARN,amount,215
2019-06-03,ADJ_FACTOR_CA_MISMATCH,WARN,fq_factor,24
2019-06-03,ADJ_NEGATIVE,ERROR,adj_factor,1
2019-06-03,MISSING_VALUE,WARN,amount,215
2019-06-04,ADJ_FACTOR_CA_MISMATCH,WARN,fq_factor,33
2019-06-04,ADJ_NEGATIVE,ERROR,adj_factor,1
2019-06-04,MISSING_VALUE,WARN,amount,215
2019-06-05,ADJ_FACTOR_CA_MISMATCH,WARN,fq_factor,38
2019-06-05,ADJ_NEGATIVE,ERROR,adj_factor,1
2019-06-05,MISSING_VALUE,WARN,amount,215
2019-06-06,ADJ_FACTOR_CA_MISMATCH,WARN,fq_factor,64
2019-06-06,ADJ_NEGATIVE,ERROR,adj_factor,1
2019-06-06,MISSING_VALUE,WARN,amount,215
2019-06-10,ADJ_FACTOR_CA_MISMATCH,WARN,fq_factor,28
2019-06-10,ADJ_NEGATIVE,ERROR,adj_factor,1
2019-06-10,MISSING_VALUE,WARN,amount,215
2019-06-11,ADJ_FACTOR_CA_MISMATCH,WARN,fq_factor,27
2019-06-11,ADJ_NEGATIVE,ERROR,adj_factor,1
2019-06-11,MISSING_VALUE,WARN,amount,215
2019-06-12,ADJ_FACTOR_CA_MISMATCH,WARN,fq_factor,45
2019-06-12,ADJ_NEGATIVE,ERROR,adj_factor,1
2019-06-12,MISSING_VALUE,WARN,amount,215
2019-06-13,ADJ_FACTOR_CA_MISMATCH,WARN,fq_factor,59
2019-06-13,ADJ_NEGATIVE,ERROR,adj_factor,1
2019-06-13,MISSING_VALUE,WARN,amount,215
2019-06-14,ADJ_FACTOR_CA_MISMATCH,WARN,fq_factor,51
2019-06-14,ADJ_NEGATIVE,ERROR,adj_factor,1
2019-06-14,MISSING_VALUE,WARN,amount,215
2019-06-17,ADJ_FACTOR_CA_MISMATCH,WARN,fq_factor,20
2019-06-17,ADJ_NEGATIVE,ERROR,adj_factor,1
2019-06-17,MISSING_VALUE,WARN,amount,215
2019-06-18,ADJ_FACTOR_CA_MISMATCH,WARN,fq_factor,41
2019-06-18,ADJ_NEGATIVE,ERROR,adj_factor,1
2019-06-18,MISSING_VALUE,WARN,amount,215
2019-06-19,ADJ_FACTOR_CA_MISMATCH,WARN,fq_factor,48
2019-06-19,ADJ_NEGATIVE,ERROR,adj_factor,1
2019-06-19,MISSING_VALUE,WARN,amount,216
2019-06-20,ADJ_FACTOR_CA_MISMATCH,WARN,fq_factor,59
2019-06-20,ADJ_NEGATIVE,ERROR,adj_factor,1
2019-06-20,MISSING_VALUE,WARN,amount,215
2019-06-21,ADJ_FACTOR_CA_MISMATCH,WARN,fq_factor,60
2019-06-21,ADJ_NEGATIVE,ERROR,adj_factor,1
2019-06-21,MISSING_VALUE,WARN,amount,214
2019-06-24,ADJ_FACTOR_CA_MISMATCH,WARN,fq_factor,20
2019-06-24,ADJ_NEGATIVE,ERROR,adj_factor,1
2019-06-24,MISSING_VALUE,WARN,amount,214
2019-06-25,ADJ_FACTOR_CA_MISMATCH,WARN,fq_factor,20
2019-06-25,ADJ_NEGATIVE,ERROR,adj_factor,1
2019-06-25,MISSING_VALUE,WARN,amount,214
2019-06-26,ADJ_FACTOR_CA_MISMATCH,WARN,fq_factor,39
2019-06-26,ADJ_NEGATIVE,ERROR,adj_factor,1
2019-06-26,MISSING_VALUE,WARN,amount,214
2019-06-27,ADJ_FACTOR_CA_MISMATCH,WARN,fq_factor,47
2019-06-27,ADJ_NEGATIVE,ERROR,adj_factor,1
2019-06-27,MISSING_VALUE,WARN,amount,214
2019-06-28,ADJ_FACTOR_CA_MISMATCH,WARN,fq_factor,63
2019-06-28,ADJ_NEGATIVE,ERROR,adj_factor,1
2019-06-28,MISSING_VALUE,WARN,amount,214
2019-07-01,ADJ_FACTOR_CA_MISMATCH,WARN,fq_factor,13
2019-07-01,ADJ_NEGATIVE,ERROR,adj_factor,1
2019-07-01,MISSING_VALUE,WARN,amount,214
2019-07-02,ADJ_FACTOR_CA_MISMATCH,WARN,fq_factor,9
2019-07-02,MISSING_VALUE,WARN,amount,214
2019-07-03,ADJ_FACTOR_CA_MISMATCH,WARN,fq_factor,20
2019-07-03,ADJ_NEGATIVE,ERROR,adj_factor,1
2019-07-03,MISSING_VALUE,WARN,amount,214
2019-07-04,ADJ_FACTOR_CA_MISMATCH,WARN,fq_factor,32
2019-07-04,ADJ_NEGATIVE,ERROR,adj_factor,1
2019-07-04,MISSING_VALUE,WARN,amount,214
2019-07-05,ADJ_FACTOR_CA_MISMATCH,WARN,fq_factor,59
2019-07-05,ADJ_NEGATIVE,ERROR,adj_factor,1
2019-07-05,MISSING_VALUE,WARN,amount,214
2019-07-08,ADJ_FACTOR_CA_MISMATCH,WARN,fq_factor,21
2019-07-08,ADJ_NEGATIVE,ERROR,adj_factor,1
2019-07-08,MISSING_VALUE,WARN,amount,214
2019-07-09,ADJ_FACTOR_CA_MISMATCH,WARN,fq_factor,30
2019-07-09,ADJ_NEGATIVE,ERROR,adj_factor,1
2019-07-09,MISSING_VALUE,WARN,amount,212
2019-07-10,ADJ_FACTOR_CA_MISMATCH,WARN,fq_factor,44
2019-07-10,ADJ_NEGATIVE,ERROR,adj_factor,1
2019-07-10,MISSING_VALUE,WARN,amount,212
2019-07-11,ADJ_FACTOR_CA_MISMATCH,WARN,fq_factor,41
2019-07-11,ADJ_NEGATIVE,ERROR,adj_factor,1
2019-07-11,MISSING_VALUE,WARN,amount,212
2019-07-12,ADJ_FACTOR_CA_MISMATCH,WARN,fq_factor,57
2019-07-12,ADJ_NEGATIVE,ERROR,adj_factor,1
2019-07-12,MISSING_VALUE,WARN,amount,211
2019-07-15,ADJ_FACTOR_CA_MISMATCH,WARN,fq_factor,24
2019-07-15,ADJ_NEGATIVE,ERROR,adj_factor,1
2019-07-15,MISSING_VALUE,WARN,amount,211
2019-07-16,ADJ_FACTOR_CA_MISMATCH,WARN,fq_factor,33
2019-07-16,ADJ_NEGATIVE,ERROR,adj_factor,1
2019-07-16,MISSING_VALUE,WARN,amount,211
2019-07-17,ADJ_FACTOR_CA_MISMATCH,WARN,fq_factor,26
2019-07-17,ADJ_NEGATIVE,ERROR,adj_factor,1
2019-07-17,MISSING_VALUE,WARN,amount,211
2019-07-18,ADJ_FACTOR_CA_MISMATCH,WARN,fq_factor,29
2019-07-18,ADJ_NEGATIVE,ERROR,adj_factor,1
2019-07-18,MISSING_VALUE,WARN,amount,211
2019-07-19,ADJ_FACTOR_CA_MISMATCH,WARN,fq_factor,35
2019-07-19,ADJ_NEGATIVE,ERROR,adj_factor,1
2019-07-19,MISSING_VALUE,WARN,amount,211
2019-07-22,ADJ_FACTOR_CA_MISMATCH,WARN,fq_factor,14
2019-07-22,ADJ_NEGATIVE,ERROR,adj_factor,1
2019-07-22,MISSING_VALUE,WARN,amount,211
2019-07-23,ADJ_FACTOR_CA_MISMATCH,WARN,fq_factor,11
2019-07-23,ADJ_NEGATIVE,ERROR,adj_factor,1
2019-07-23,MISSING_VALUE,WARN,amount,211
2019-07-24,ADJ_FACTOR_CA_MISMATCH,WARN,fq_factor,11
2019-07-24,ADJ_NEGATIVE,ERROR,adj_factor,1
2019-07-24,MISSING_VALUE,WARN,amount,211
2019-07-25,ADJ_FACTOR_CA_MISMATCH,WARN,fq_factor,14
2019-07-25,ADJ_NEGATIVE,ERROR,adj_factor,1
2019-07-25,MISSING_VALUE,WARN,amount,211
2019-07-26,ADJ_FACTOR_CA_MISMATCH,WARN,fq_factor,21
2019-07-26,ADJ_NEGATIVE,ERROR,adj_factor,1
2019-07-26,MISSING_VALUE,WARN,amount,211
2019-07-29,ADJ_FACTOR_CA_MISMATCH,WARN,fq_factor,6
2019-07-29,ADJ_NEGATIVE,ERROR,adj_factor,1
2019-07-29,MISSING_VALUE,WARN,amount,211
2019-07-30,ADJ_FACTOR_CA_MISMATCH,WARN,fq_factor,7
2019-07-30,ADJ_NEGATIVE,ERROR,adj_factor,1
2019-07-30,MISSING_VALUE,WARN,amount,211
2019-07-31,ADJ_FACTOR_CA_MISMATCH,WARN,fq_factor,7
2019-07-31,ADJ_NEGATIVE,ERROR,adj_factor,1
2019-07-31,MISSING_VALUE,WARN,amount,211
2019-08-01,ADJ_FACTOR_CA_MISMATCH,WARN,fq_factor,3
2019-08-01,ADJ_NEGATIVE,ERROR,adj_factor,1
2019-08-01,MISSING_VALUE,WARN,amount,211
2019-08-02,ADJ_FACTOR_CA_MISMATCH,WARN,fq_factor,6
2019-08-02,ADJ_NEGATIVE,ERROR,adj_factor,1
2019-08-02,MISSING_VALUE,WARN,amount,211
2019-08-05,ADJ_FACTOR_CA_MISMATCH,WARN,fq_factor,3
2019-08-05,ADJ_NEGATIVE,ERROR,adj_factor,1
2019-08-05,MISSING_VALUE,WARN,amount,211
2019-08-06,ADJ_FACTOR_CA_MISMATCH,WARN,fq_factor,3
2019-08-06,ADJ_NEGATIVE,ERROR,adj_factor,1
2019-08-06,MISSING_VALUE,WARN,amount,211
2019-08-07,ADJ_FACTOR_CA_MISMATCH,WARN,fq_factor,3
2019-08-07,ADJ_NEGATIVE,ERROR,adj_factor,1
2019-08-07,MISSING_VALUE,WARN,amount,211
2019-08-08,ADJ_FACTOR_CA_MISMATCH,WARN,fq_factor,9
2019-08-08,ADJ_NEGATIVE,ERROR,adj_factor,1
2019-08-08,MISSING_VALUE,WARN,amount,211
2019-08-09,ADJ_FACTOR_CA_MISMATCH,WARN,fq_factor,14
2019-08-09,ADJ_NEGATIVE,ERROR,adj_factor,1
2019-08-09,MISSING_VALUE,WARN,amount,211
2019-08-12,ADJ_FACTOR_CA_MISMATCH,WARN,fq_factor,3
2019-08-12,ADJ_NEGATIVE,ERROR,adj_factor,1
2019-08-12,MISSING_VALUE,WARN,amount,211
2019-08-13,ADJ_FACTOR_CA_MISMATCH,WARN,fq_factor,4
2019-08-13,ADJ_NEGATIVE,ERROR,adj_factor,1
2019-08-13,MISSING_VALUE,WARN,amount,211
2019-08-14,ADJ_FACTOR_CA_MISMATCH,WARN,fq_factor,4
2019-08-14,ADJ_NEGATIVE,ERROR,adj_factor,1
2019-08-14,MISSING_VALUE,WARN,amount,211
2019-08-15,ADJ_FACTOR_CA_MISMATCH,WARN,fq_factor,8
2019-08-15,ADJ_NEGATIVE,ERROR,adj_factor,1
2019-08-15,MISSING_VALUE,WARN,amount,211
2019-08-16,ADJ_FACTOR_CA_MISMATCH,WARN,fq_factor,5
2019-08-16,ADJ_NEGATIVE,ERROR,adj_factor,1
2019-08-16,MISSING_VALUE,WARN,amount,211
2019-08-19,ADJ_FACTOR_CA_MISMATCH,WARN,fq_factor,4
2019-08-19,ADJ_NEGATIVE,ERROR,adj_factor,1
2019-08-19,MISSING_VALUE,WARN,amount,211
2019-08-20,ADJ_FACTOR_CA_MISMATCH,WARN,fq_factor,5
2019-08-20,MISSING_VALUE,WARN,amount,211
2019-08-21,ADJ_FACTOR_CA_MISMATCH,WARN,fq_factor,1
2019-08-21,MISSING_VALUE,WARN,amount,211
2019-08-22,ADJ_FACTOR_CA_MISMATCH,WARN,fq_factor,7
2019-08-22,ADJ_NEGATIVE,ERROR,adj_factor,1
2019-08-22,MISSING_VALUE,WARN,amount,211
2019-08-23,ADJ_FACTOR_CA_MISMATCH,WARN,fq_factor,10
2019-08-23,ADJ_NEGATIVE,ERROR,adj_factor,1
2019-08-23,MISSING_VALUE,WARN,amount,211
2019-08-26,ADJ_FACTOR_CA_MISMATCH,WARN,fq_factor,7
2019-08-26,ADJ_NEGATIVE,ERROR,adj_factor,1
2019-08-26,MISSING_VALUE,WARN,amount,211
2019-08-27,ADJ_FACTOR_CA_MISMATCH,WARN,fq_factor,5
2019-08-27,MISSING_VALUE,WARN,amount,211
2019-08-28,ADJ_FACTOR_CA_MISMATCH,WARN,fq_factor,3
2019-08-28,ADJ_NEGATIVE,ERROR,adj_factor,1
2019-08-28,MISSING_VALUE,WARN,amount,211
2019-08-29,MISSING_VALUE,WARN,amount,211
2019-08-30,MISSING_VALUE,WARN,amount,211
2019-09-02,MISSING_VALUE,WARN,amount,211
2019-09-03,MISSING_VALUE,WARN,amount,211
2019-09-04,ADJ_FACTOR_CA_MISMATCH,WARN,fq_factor,2
2019-09-04,MISSING_VALUE,WARN,amount,211
2019-09-05,MISSING_VALUE,WARN,amount,211
2019-09-06,MISSING_VALUE,WARN,amount,211
2019-09-09,MISSING_VALUE,WARN,amount,211
2019-09-10,MISSING_VALUE,WARN,amount,211
2019-09-11,ADJ_FACTOR_CA_MISMATCH,WARN,fq_factor,1
2019-09-11,MISSING_VALUE,WARN,amount,211
2019-09-12,MISSING_VALUE,WARN,amount,211
2019-09-16,MISSING_VALUE,WARN,amount,211
2019-09-17,ADJ_FACTOR_CA_MISMATCH,WARN,fq_factor,2
2019-09-17,MISSING_VALUE,WARN,amount,211
2019-09-18,ADJ_FACTOR_CA_MISMATCH,WARN,fq_factor,1
2019-09-18,ADJ_NEGATIVE,ERROR,adj_factor,1
2019-09-18,MISSING_VALUE,WARN,amount,211
2019-09-19,MISSING_VALUE,WARN,amount,211
2019-09-20,ADJ_FACTOR_CA_MISMATCH,WARN,fq_factor,5
2019-09-20,MISSING_VALUE,WARN,amount,211
2019-09-23,ADJ_FACTOR_CA_MISMATCH,WARN,fq_factor,2
2019-09-23,MISSING_VALUE,WARN,amount,211
2019-09-24,ADJ_FACTOR_CA_MISMATCH,WARN,fq_factor,3
2019-09-24,MISSING_VALUE,WARN,amount,211
2019-09-25,ADJ_FACTOR_CA_MISMATCH,WARN,fq_factor,4
2019-09-25,ADJ_NEGATIVE,ERROR,adj_factor,1
2019-09-25,MISSING_VALUE,WARN,amount,211
2019-09-26,ADJ_FACTOR_CA_MISMATCH,WARN,fq_factor,7
2019-09-26,ADJ_NEGATIVE,ERROR,adj_factor,1
2019-09-26,MISSING_VALUE,WARN,amount,211
2019-09-27,ADJ_FACTOR_CA_MISMATCH,WARN,fq_factor,4
2019-09-27,ADJ_NEGATIVE,ERROR,adj_factor,1
2019-09-27,MISSING_VALUE,WARN,amount,211
2019-09-30,ADJ_FACTOR_CA_MISMATCH,WARN,fq_factor,4
2019-09-30,ADJ_NEGATIVE,ERROR,adj_factor,1
2019-09-30,MISSING_VALUE,WARN,amount,211
2019-10-08,ADJ_FACTOR_CA_MISMATCH,WARN,fq_factor,1
2019-10-08,ADJ_NEGATIVE,ERROR,adj_factor,1
2019-10-08,MISSING_VALUE,WARN,amount,211
2019-10-09,ADJ_NEGATIVE,ERROR,adj_factor,1
2019-10-09,MISSING_VALUE,WARN,amount,211
2019-10-10,ADJ_FACTOR_CA_MISMATCH,WARN,fq_factor,3
2019-10-10,MISSING_VALUE,WARN,amount,211
2019-10-11,ADJ_FACTOR_CA_MISMATCH,WARN,fq_factor,1
2019-10-11,MISSING_VALUE,WARN,amount,211
2019-10-14,MISSING_VALUE,WARN,amount,211
2019-10-15,ADJ_FACTOR_CA_MISMATCH,WARN,fq_factor,1
2019-10-15,MISSING_VALUE,WARN,amount,211
2019-10-16,ADJ_FACTOR_CA_MISMATCH,WARN,fq_factor,3
2019-10-16,MISSING_VALUE,WARN,amount,210
2019-10-17,MISSING_VALUE,WARN,amount,210
2019-10-18,MISSING_VALUE,WARN,amount,210
2019-10-21,ADJ_FACTOR_CA_MISMATCH,WARN,fq_factor,1
2019-10-21,MISSING_VALUE,WARN,amount,210
2019-10-22,ADJ_FACTOR_CA_MISMATCH,WARN,fq_factor,1
2019-10-22,MISSING_VALUE,WARN,amount,210
2019-10-23,ADJ_FACTOR_CA_MISMATCH,WARN,fq_factor,1
2019-10-23,MISSING_VALUE,WARN,amount,210
2019-10-24,ADJ_FACTOR_CA_MISMATCH,WARN,fq_factor,1
2019-10-24,MISSING_VALUE,WARN,amount,210
2019-10-25,ADJ_FACTOR_CA_MISMATCH,WARN,fq_factor,5
2019-10-25,MISSING_VALUE,WARN,amount,210
2019-10-28,MISSING_VALUE,WARN,amount,210
2019-10-29,ADJ_FACTOR_CA_MISMATCH,WARN,fq_factor,1
2019-10-29,MISSING_VALUE,WARN,amount,211
2019-10-30,MISSING_VALUE,WARN,amount,211
2019-10-31,ADJ_FACTOR_CA_MISMATCH,WARN,fq_factor,1
2019-10-31,MISSING_VALUE,WARN,amount,211
2019-11-01,MISSING_VALUE,WARN,amount,210
2019-11-04,ADJ_FACTOR_CA_MISMATCH,WARN,fq_factor,1
2019-11-04,MISSING_VALUE,WARN,amount,210
2019-11-05,MISSING_VALUE,WARN,amount,210
2019-11-06,ADJ_FACTOR_CA_MISMATCH,WARN,fq_factor,1
2019-11-06,MISSING_VALUE,WARN,amount,211
2019-11-07,ADJ_FACTOR_CA_MISMATCH,WARN,fq_factor,2
2019-11-07,MISSING_VALUE,WARN,amount,210
2019-11-08,MISSING_VALUE,WARN,amount,210
2019-11-11,MISSING_VALUE,WARN,amount,210
2019-11-12,ADJ_FACTOR_CA_MISMATCH,WARN,fq_factor,1
2019-11-12,MISSING_VALUE,WARN,amount,210
2019-11-13,MISSING_VALUE,WARN,amount,210
2019-11-14,MISSING_VALUE,WARN,amount,210
2019-11-15,MISSING_VALUE,WARN,amount,210
2019-11-18,ADJ_FACTOR_CA_MISMATCH,WARN,fq_factor,1
2019-11-18,MISSING_VALUE,WARN,amount,210
2019-11-19,ADJ_FACTOR_CA_MISMATCH,WARN,fq_factor,2
2019-11-19,MISSING_VALUE,WARN,amount,210
2019-11-20,MISSING_VALUE,WARN,amount,210
2019-11-21,MISSING_VALUE,WARN,amount,210
2019-11-22,MISSING_VALUE,WARN,amount,210
2019-11-25,MISSING_VALUE,WARN,amount,210
2019-11-26,MISSING_VALUE,WARN,amount,210
2019-11-27,MISSING_VALUE,WARN,amount,209
2019-11-28,MISSING_VALUE,WARN,amount,209
2019-11-29,MISSING_VALUE,WARN,amount,208
2019-12-02,MISSING_VALUE,WARN,amount,208
2019-12-03,ADJ_FACTOR_CA_MISMATCH,WARN,fq_factor,2
2019-12-03,MISSING_VALUE,WARN,amount,208
2019-12-04,MISSING_VALUE,WARN,amount,208
2019-12-05,MISSING_VALUE,WARN,amount,208
2019-12-06,MISSING_VALUE,WARN,amount,208
2019-12-09,ADJ_FACTOR_CA_MISMATCH,WARN,fq_factor,2
2019-12-09,MISSING_VALUE,WARN,amount,208
2019-12-10,ADJ_FACTOR_CA_MISMATCH,WARN,fq_factor,1
2019-12-10,MISSING_VALUE,WARN,amount,208
2019-12-11,MISSING_VALUE,WARN,amount,208
2019-12-12,MISSING_VALUE,WARN,amount,207
2019-12-13,ADJ_FACTOR_CA_MISMATCH,WARN,fq_factor,2
2019-12-13,MISSING_VALUE,WARN,amount,207
2019-12-16,MISSING_VALUE,WARN,amount,207
2019-12-17,ADJ_FACTOR_CA_MISMATCH,WARN,fq_factor,1
2019-12-17,MISSING_VALUE,WARN,amount,207
2019-12-18,MISSING_VALUE,WARN,amount,207
2019-12-19,ADJ_FACTOR_CA_MISMATCH,WARN,fq_factor,1
2019-12-19,MISSING_VALUE,WARN,amount,207
2019-12-20,MISSING_VALUE,WARN,amount,207
2019-12-23,ADJ_FACTOR_CA_MISMATCH,WARN,fq_factor,1
2019-12-23,MISSING_VALUE,WARN,amount,207
2019-12-24,ADJ_FACTOR_CA_MISMATCH,WARN,fq_factor,1
2019-12-24,MISSING_VALUE,WARN,amount,207
2019-12-25,MISSING_VALUE,WARN,amount,207
2019-12-26,MISSING_VALUE,WARN,amount,207
2019-12-27,MISSING_VALUE,WARN,amount,207
2019-12-30,ADJ_FACTOR_CA_MISMATCH,WARN,fq_factor,1
2019-12-30,MISSING_VALUE,WARN,amount,207
2019-12-31,MISSING_VALUE,WARN,amount,207
2020-01-02,MISSING_VALUE,WARN,amount,207
2020-01-03,MISSING_VALUE,WARN,amount,207
2020-01-06,MISSING_VALUE,WARN,amount,207
2020-01-07,MISSING_VALUE,WARN,amount,207
2020-01-08,MISSING_VALUE,WARN,amount,207
2020-01-09,MISSING_VALUE,WARN,amount,207
2020-01-10,MISSING_VALUE,WARN,amount,207
2020-01-13,MISSING_VALUE,WARN,amount,207
2020-01-14,MISSING_VALUE,WARN,amount,207
2020-01-15,MISSING_VALUE,WARN,amount,207
2020-01-16,MISSING_VALUE,WARN,amount,207
2020-01-17,MISSING_VALUE,WARN,amount,207
2020-01-20,ADJ_FACTOR_CA_MISMATCH,WARN,fq_factor,1
2020-01-20,MISSING_VALUE,WARN,amount,207
2020-01-21,MISSING_VALUE,WARN,amount,207
2020-01-22,MISSING_VALUE,WARN,amount,207
2020-01-23,MISSING_VALUE,WARN,amount,207
2020-02-03,MISSING_VALUE,WARN,amount,206
2020-02-04,MISSING_VALUE,WARN,amount,206
2020-02-05,MISSING_VALUE,WARN,amount,206
2020-02-06,MISSING_VALUE,WARN,amount,206
2020-02-07,MISSING_VALUE,WARN,amount,206
2020-02-10,MISSING_VALUE,WARN,amount,206
2020-02-11,MISSING_VALUE,WARN,amount,206
2020-02-12,MISSING_VALUE,WARN,amount,206
2020-02-13,MISSING_VALUE,WARN,amount,206
2020-02-14,MISSING_VALUE,WARN,amount,206
2020-02-17,MISSING_VALUE,WARN,amount,206
2020-02-18,MISSING_VALUE,WARN,amount,206
2020-02-19,MISSING_VALUE,WARN,amount,206
2020-02-20,MISSING_VALUE,WARN,amount,206
2020-02-21,ADJ_FACTOR_CA_MISMATCH,WARN,fq_factor,1
2020-02-21,MISSING_VALUE,WARN,amount,206
2020-02-24,MISSING_VALUE,WARN,amount,206
2020-02-25,MISSING_VALUE,WARN,amount,206
2020-02-26,MISSING_VALUE,WARN,amount,207
2020-02-27,MISSING_VALUE,WARN,amount,207
2020-02-28,MISSING_VALUE,WARN,amount,207
2020-03-02,MISSING_VALUE,WARN,amount,207
2020-03-03,MISSING_VALUE,WARN,amount,207
2020-03-04,MISSING_VALUE,WARN,amount,207
2020-03-05,MISSING_VALUE,WARN,amount,207
2020-03-06,MISSING_VALUE,WARN,amount,207
2020-03-09,MISSING_VALUE,WARN,amount,207
2020-03-10,MISSING_VALUE,WARN,amount,207
2020-03-11,MISSING_VALUE,WARN,amount,207
2020-03-12,MISSING_VALUE,WARN,amount,207
2020-03-13,MISSING_VALUE,WARN,amount,207
2020-03-16,MISSING_VALUE,WARN,amount,207
2020-03-17,MISSING_VALUE,WARN,amount,207
2020-03-18,MISSING_VALUE,WARN,amount,207
2020-03-19,MISSING_VALUE,WARN,amount,207
2020-03-20,MISSING_VALUE,WARN,amount,207
2020-03-23,MISSING_VALUE,WARN,amount,207
2020-03-24,MISSING_VALUE,WARN,amount,207
2020-03-25,MISSING_VALUE,WARN,amount,207
2020-03-26,MISSING_VALUE,WARN,amount,207
2020-03-27,MISSING_VALUE,WARN,amount,207
2020-03-30,MISSING_VALUE,WARN,amount,207
2020-03-31,ADJ_FACTOR_CA_MISMATCH,WARN,fq_factor,1
2020-03-31,MISSING_VALUE,WARN,amount,207
2020-04-01,MISSING_VALUE,WARN,amount,207
2020-04-02,ADJ_FACTOR_CA_MISMATCH,WARN,fq_factor,5
2020-04-02,MISSING_VALUE,WARN,amount,207
2020-04-03,ADJ_FACTOR_CA_MISMATCH,WARN,fq_factor,1
2020-04-03,MISSING_VALUE,WARN,amount,207
2020-04-07,MISSING_VALUE,WARN,amount,207
2020-04-08,ADJ_FACTOR_CA_MISMATCH,WARN,fq_factor,2
2020-04-08,MISSING_VALUE,WARN,amount,207
2020-04-09,ADJ_FACTOR_CA_MISMATCH,WARN,fq_factor,1
2020-04-09,MISSING_VALUE,WARN,amount,207
2020-04-10,MISSING_VALUE,WARN,amount,207
2020-04-13,MISSING_VALUE,WARN,amount,207
2020-04-14,ADJ_FACTOR_CA_MISMATCH,WARN,fq_factor,5
2020-04-14,MISSING_VALUE,WARN,amount,207
2020-04-15,ADJ_FACTOR_CA_MISMATCH,WARN,fq_factor,2
2020-04-15,MISSING_VALUE,WARN,amount,207
2020-04-16,ADJ_FACTOR_CA_MISMATCH,WARN,fq_factor,3
2020-04-16,MISSING_VALUE,WARN,amount,207
2020-04-17,ADJ_FACTOR_CA_MISMATCH,WARN,fq_factor,5
2020-04-17,MISSING_VALUE,WARN,amount,207
2020-04-20,ADJ_FACTOR_CA_MISMATCH,WARN,fq_factor,1
2020-04-20,MISSING_VALUE,WARN,amount,207
2020-04-21,ADJ_FACTOR_CA_MISMATCH,WARN,fq_factor,2
2020-04-21,MISSING_VALUE,WARN,amount,207
2020-04-22,ADJ_FACTOR_CA_MISMATCH,WARN,fq_factor,6
2020-04-22,MISSING_VALUE,WARN,amount,207
2020-04-23,ADJ_FACTOR_CA_MISMATCH,WARN,fq_factor,1
2020-04-23,MISSING_VALUE,WARN,amount,207
2020-04-24,ADJ_FACTOR_CA_MISMATCH,WARN,fq_factor,8
2020-04-24,MISSING_VALUE,WARN,amount,207
2020-04-27,ADJ_FACTOR_CA_MISMATCH,WARN,fq_factor,4
2020-04-27,MISSING_VALUE,WARN,amount,207
2020-04-28,ADJ_FACTOR_CA_MISMATCH,WARN,fq_factor,8
2020-04-28,MISSING_VALUE,WARN,amount,207
2020-04-29,ADJ_FACTOR_CA_MISMATCH,WARN,fq_factor,12
2020-04-29,MISSING_VALUE,WARN,amount,207
2020-04-30,ADJ_FACTOR_CA_MISMATCH,WARN,fq_factor,16
2020-04-30,MISSING_VALUE,WARN,amount,207
2020-05-06,ADJ_FACTOR_CA_MISMATCH,WARN,fq_factor,3
2020-05-06,MISSING_VALUE,WARN,amount,207
2020-05-07,ADJ_FACTOR_CA_MISMATCH,WARN,fq_factor,4
2020-05-07,MISSING_VALUE,WARN,amount,207
2020-05-08,ADJ_FACTOR_CA_MISMATCH,WARN,fq_factor,11
2020-05-08,MISSING_VALUE,WARN,amount,207
2020-05-11,ADJ_FACTOR_CA_MISMATCH,WARN,fq_factor,8
2020-05-11,MISSING_VALUE,WARN,amount,207
2020-05-12,ADJ_FACTOR_CA_MISMATCH,WARN,fq_factor,6
2020-05-12,MISSING_VALUE,WARN,amount,208
2020-05-13,ADJ_FACTOR_CA_MISMATCH,WARN,fq_factor,12
2020-05-13,MISSING_VALUE,WARN,amount,207
2020-05-14,ADJ_FACTOR_CA_MISMATCH,WARN,fq_factor,14
2020-05-14,MISSING_VALUE,WARN,amount,207
2020-05-15,ADJ_FACTOR_CA_MISMATCH,WARN,fq_factor,25
2020-05-15,MISSING_VALUE,WARN,amount,207
2020-05-18,ADJ_FACTOR_CA_MISMATCH,WARN,fq_factor,16
2020-05-18,MISSING_VALUE,WARN,amount,207
2020-05-19,ADJ_FACTOR_CA_MISMATCH,WARN,fq_factor,24
2020-05-19,MISSING_VALUE,WARN,amount,207
2020-05-20,ADJ_FACTOR_CA_MISMATCH,WARN,fq_factor,27
2020-05-20,ADJ_NEGATIVE,ERROR,adj_factor,1
2020-05-20,MISSING_VALUE,WARN,amount,207
2020-05-21,ADJ_FACTOR_CA_MISMATCH,WARN,fq_factor,29
2020-05-21,ADJ_NEGATIVE,ERROR,adj_factor,1
2020-05-21,MISSING_VALUE,WARN,amount,207
2020-05-22,ADJ_FACTOR_CA_MISMATCH,WARN,fq_factor,41
2020-05-22,ADJ_NEGATIVE,ERROR,adj_factor,1
2020-05-22,MISSING_VALUE,WARN,amount,207
2020-05-25,ADJ_FACTOR_CA_MISMATCH,WARN,fq_factor,16
2020-05-25,MISSING_VALUE,WARN,amount,207
2020-05-26,ADJ_FACTOR_CA_MISMATCH,WARN,fq_factor,33
2020-05-26,MISSING_VALUE,WARN,amount,207
2020-05-27,ADJ_FACTOR_CA_MISMATCH,WARN,fq_factor,45
2020-05-27,MISSING_VALUE,WARN,amount,207
2020-05-28,ADJ_FACTOR_CA_MISMATCH,WARN,fq_factor,49
2020-05-28,MISSING_VALUE,WARN,amount,207
2020-05-29,ADJ_FACTOR_CA_MISMATCH,WARN,fq_factor,75
2020-05-29,MISSING_VALUE,WARN,amount,207
2020-06-01,ADJ_FACTOR_CA_MISMATCH,WARN,fq_factor,37
2020-06-01,MISSING_VALUE,WARN,amount,207
2020-06-02,ADJ_FACTOR_CA_MISMATCH,WARN,fq_factor,36
2020-06-02,MISSING_VALUE,WARN,amount,206
2020-06-03,ADJ_FACTOR_CA_MISMATCH,WARN,fq_factor,39
2020-06-03,MISSING_VALUE,WARN,amount,206
2020-06-04,ADJ_FACTOR_CA_MISMATCH,WARN,fq_factor,46
2020-06-04,MISSING_VALUE,WARN,amount,206
2020-06-05,ADJ_FACTOR_CA_MISMATCH,WARN,fq_factor,63
2020-06-05,MISSING_VALUE,WARN,amount,206
2020-06-08,ADJ_FACTOR_CA_MISMATCH,WARN,fq_factor,33
2020-06-08,MISSING_VALUE,WARN,amount,206
2020-06-09,ADJ_FACTOR_CA_MISMATCH,WARN,fq_factor,43
2020-06-09,MISSING_VALUE,WARN,amount,206
2020-06-10,ADJ_FACTOR_CA_MISMATCH,WARN,fq_factor,48
2020-06-10,MISSING_VALUE,WARN,amount,207
2020-06-11,ADJ_FACTOR_CA_MISMATCH,WARN,fq_factor,54
2020-06-11,MISSING_VALUE,WARN,amount,206
2020-06-12,ADJ_FACTOR_CA_MISMATCH,WARN,fq_factor,76
2020-06-12,MISSING_VALUE,WARN,amount,206
2020-06-15,ADJ_FACTOR_CA_MISMATCH,WARN,fq_factor,35
2020-06-15,MISSING_VALUE,WARN,amount,206
2020-06-16,ADJ_FACTOR_CA_MISMATCH,WARN,fq_factor,31
2020-06-16,MISSING_VALUE,WARN,amount,206
2020-06-17,ADJ_FACTOR_CA_MISMATCH,WARN,fq_factor,41
2020-06-17,MISSING_VALUE,WARN,amount,206
2020-06-18,ADJ_FACTOR_CA_MISMATCH,WARN,fq_factor,60
2020-06-18,MISSING_VALUE,WARN,amount,206
2020-06-19,ADJ_FACTOR_CA_MISMATCH,WARN,fq_factor,82
2020-06-19,MISSING_VALUE,WARN,amount,206
2020-06-22,ADJ_FACTOR_CA_MISMATCH,WARN,fq_factor,32
2020-06-22,MISSING_VALUE,WARN,amount,206
2020-06-23,ADJ_FACTOR_CA_MISMATCH,WARN,fq_factor,40
2020-06-23,MISSING_VALUE,WARN,amount,207
2020-06-24,ADJ_FACTOR_CA_MISMATCH,WARN,fq_factor,79
2020-06-24,MISSING_VALUE,WARN,amount,207
2020-06-29,ADJ_FACTOR_CA_MISMATCH,WARN,fq_factor,24
2020-06-29,MISSING_VALUE,WARN,amount,207
2020-06-30,ADJ_FACTOR_CA_MISMATCH,WARN,fq_factor,50
2020-06-30,MISSING_VALUE,WARN,amount,207
2020-07-01,ADJ_FACTOR_CA_MISMATCH,WARN,fq_factor,23
2020-07-01,MISSING_VALUE,WARN,amount,207
2020-07-02,ADJ_FACTOR_CA_MISMATCH,WARN,fq_factor,18
2020-07-02,MISSING_VALUE,WARN,amount,206
2020-07-03,ADJ_FACTOR_CA_MISMATCH,WARN,fq_factor,41
2020-07-03,MISSING_VALUE,WARN,amount,206
2020-07-06,ADJ_FACTOR_CA_MISMATCH,WARN,fq_factor,26
2020-07-06,MISSING_VALUE,WARN,amount,206
2020-07-07,ADJ_FACTOR_CA_MISMATCH,WARN,fq_factor,43
2020-07-07,MISSING_VALUE,WARN,amount,206
2020-07-08,ADJ_FACTOR_CA_MISMATCH,WARN,fq_factor,42
2020-07-08,MISSING_VALUE,WARN,amount,206
2020-07-09,ADJ_FACTOR_CA_MISMATCH,WARN,fq_factor,50
2020-07-09,MISSING_VALUE,WARN,amount,206
2020-07-10,ADJ_FACTOR_CA_MISMATCH,WARN,fq_factor,92
2020-07-10,MISSING_VALUE,WARN,amount,206
2020-07-13,ADJ_FACTOR_CA_MISMATCH,WARN,fq_factor,34
2020-07-13,MISSING_VALUE,WARN,amount,206
2020-07-14,ADJ_FACTOR_CA_MISMATCH,WARN,fq_factor,22
2020-07-14,MISSING_VALUE,WARN,amount,206
2020-07-15,ADJ_FACTOR_CA_MISMATCH,WARN,fq_factor,38
2020-07-15,MISSING_VALUE,WARN,amount,205
2020-07-16,ADJ_FACTOR_CA_MISMATCH,WARN,fq_factor,58
2020-07-16,MISSING_VALUE,WARN,amount,205
2020-07-17,ADJ_FACTOR_CA_MISMATCH,WARN,fq_factor,58
2020-07-17,MISSING_VALUE,WARN,amount,205
2020-07-20,ADJ_FACTOR_CA_MISMATCH,WARN,fq_factor,27
2020-07-20,MISSING_VALUE,WARN,amount,204
2020-07-21,ADJ_FACTOR_CA_MISMATCH,WARN,fq_factor,11
2020-07-21,MISSING_VALUE,WARN,amount,203
2020-07-22,ADJ_FACTOR_CA_MISMATCH,WARN,fq_factor,10
2020-07-22,MISSING_VALUE,WARN,amount,203
2020-07-23,ADJ_FACTOR_CA_MISMATCH,WARN,fq_factor,21
2020-07-23,MISSING_VALUE,WARN,amount,203
2020-07-24,ADJ_FACTOR_CA_MISMATCH,WARN,fq_factor,16
2020-07-24,MISSING_VALUE,WARN,amount,203
2020-07-27,ADJ_FACTOR_CA_MISMATCH,WARN,fq_factor,7
2020-07-27,MISSING_VALUE,WARN,amount,203
2020-07-28,ADJ_FACTOR_CA_MISMATCH,WARN,fq_factor,10
2020-07-28,MISSING_VALUE,WARN,amount,203
2020-07-29,ADJ_FACTOR_CA_MISMATCH,WARN,fq_factor,11
2020-07-29,MISSING_VALUE,WARN,amount,203
2020-07-30,ADJ_FACTOR_CA_MISMATCH,WARN,fq_factor,12
2020-07-30,MISSING_VALUE,WARN,amount,203
2020-07-31,ADJ_FACTOR_CA_MISMATCH,WARN,fq_factor,9
2020-07-31,MISSING_VALUE,WARN,amount,203
2020-07-31,VWAP_OUT_OF_RANGE,ERROR,amount,1
2020-08-03,ADJ_FACTOR_CA_MISMATCH,WARN,fq_factor,4
2020-08-03,MISSING_VALUE,WARN,amount,202
2020-08-03,VWAP_OUT_OF_RANGE,ERROR,amount,1
2020-08-04,ADJ_FACTOR_CA_MISMATCH,WARN,fq_factor,4
2020-08-04,MISSING_VALUE,WARN,amount,202
2020-08-05,ADJ_FACTOR_CA_MISMATCH,WARN,fq_factor,6
2020-08-05,MISSING_VALUE,WARN,amount,202
2020-08-06,ADJ_FACTOR_CA_MISMATCH,WARN,fq_factor,10
2020-08-06,MISSING_VALUE,WARN,amount,202
2020-08-07,ADJ_FACTOR_CA_MISMATCH,WARN,fq_factor,18
2020-08-07,MISSING_VALUE,WARN,amount,202
2020-08-10,ADJ_FACTOR_CA_MISMATCH,WARN,fq_factor,1
2020-08-10,MISSING_VALUE,WARN,amount,202
2020-08-10,VWAP_OUT_OF_RANGE,ERROR,amount,1
2020-08-11,ADJ_FACTOR_CA_MISMATCH,WARN,fq_factor,4
2020-08-11,MISSING_VALUE,WARN,amount,201
2020-08-12,ADJ_FACTOR_CA_MISMATCH,WARN,fq_factor,12
2020-08-12,MISSING_VALUE,WARN,amount,201
2020-08-13,ADJ_FACTOR_CA_MISMATCH,WARN,fq_factor,8
2020-08-13,MISSING_VALUE,WARN,amount,201
2020-08-14,ADJ_FACTOR_CA_MISMATCH,WARN,fq_factor,15
2020-08-14,MISSING_VALUE,WARN,amount,200
2020-08-17,ADJ_FACTOR_CA_MISMATCH,WARN,fq_factor,2
2020-08-17,MISSING_VALUE,WARN,amount,200
2020-08-18,ADJ_FACTOR_CA_MISMATCH,WARN,fq_factor,9
2020-08-18,MISSING_VALUE,WARN,amount,200
2020-08-19,ADJ_FACTOR_CA_MISMATCH,WARN,fq_factor,6
2020-08-19,MISSING_VALUE,WARN,amount,200
2020-08-19,VWAP_OUT_OF_RANGE,ERROR,amount,1
2020-08-20,ADJ_FACTOR_CA_MISMATCH,WARN,fq_factor,10
2020-08-20,MISSING_VALUE,WARN,amount,200
2020-08-20,VWAP_OUT_OF_RANGE,ERROR,amount,2
2020-08-21,ADJ_FACTOR_CA_MISMATCH,WARN,fq_factor,7
2020-08-21,MISSING_VALUE,WARN,amount,200
2020-08-24,ADJ_FACTOR_CA_MISMATCH,WARN,fq_factor,8
2020-08-24,MISSING_VALUE,WARN,amount,200
2020-08-25,ADJ_FACTOR_CA_MISMATCH,WARN,fq_factor,2
2020-08-25,MISSING_VALUE,WARN,amount,198
2020-08-26,ADJ_FACTOR_CA_MISMATCH,WARN,fq_factor,1
2020-08-26,MISSING_VALUE,WARN,amount,198
2020-08-27,ADJ_FACTOR_CA_MISMATCH,WARN,fq_factor,4
2020-08-27,MISSING_VALUE,WARN,amount,197
2020-08-27,VWAP_OUT_OF_RANGE,ERROR,amount,1
2020-08-28,ADJ_FACTOR_CA_MISMATCH,WARN,fq_factor,6
2020-08-28,MISSING_VALUE,WARN,amount,197
2020-08-31,MISSING_VALUE,WARN,amount,197
2020-09-01,ADJ_FACTOR_CA_MISMATCH,WARN,fq_factor,1
2020-09-01,MISSING_VALUE,WARN,amount,197
2020-09-01,VWAP_OUT_OF_RANGE,ERROR,amount,1
2020-09-02,ADJ_FACTOR_CA_MISMATCH,WARN,fq_factor,1
2020-09-02,MISSING_VALUE,WARN,amount,197
2020-09-02,VWAP_OUT_OF_RANGE,ERROR,amount,2
2020-09-03,ADJ_FACTOR_CA_MISMATCH,WARN,fq_factor,1
2020-09-03,MISSING_VALUE,WARN,amount,197
2020-09-03,VWAP_OUT_OF_RANGE,ERROR,amount,3
2020-09-04,MISSING_VALUE,WARN,amount,197
2020-09-07,MISSING_VALUE,WARN,amount,197
2020-09-08,ADJ_FACTOR_CA_MISMATCH,WARN,fq_factor,1
2020-09-08,MISSING_VALUE,WARN,amount,197
2020-09-08,VWAP_OUT_OF_RANGE,ERROR,amount,1
2020-09-09,MISSING_VALUE,WARN,amount,197
2020-09-09,VWAP_OUT_OF_RANGE,ERROR,amount,2
2020-09-10,ADJ_FACTOR_CA_MISMATCH,WARN,fq_factor,2
2020-09-10,MISSING_VALUE,WARN,amount,197
2020-09-10,VWAP_OUT_OF_RANGE,ERROR,amount,3
2020-09-11,ADJ_FACTOR_CA_MISMATCH,WARN,fq_factor,1
2020-09-11,MISSING_VALUE,WARN,amount,197
2020-09-11,VWAP_OUT_OF_RANGE,ERROR,amount,4
2020-09-14,ADJ_FACTOR_CA_MISMATCH,WARN,fq_factor,1
2020-09-14,MISSING_VALUE,WARN,amount,198
2020-09-14,VWAP_OUT_OF_RANGE,ERROR,amount,2
2020-09-15,ADJ_FACTOR_CA_MISMATCH,WARN,fq_factor,2
2020-09-15,MISSING_VALUE,WARN,amount,197
2020-09-15,VWAP_OUT_OF_RANGE,ERROR,amount,1
2020-09-16,ADJ_FACTOR_CA_MISMATCH,WARN,fq_factor,6
2020-09-16,MISSING_VALUE,WARN,amount,196
2020-09-16,VWAP_OUT_OF_RANGE,ERROR,amount,2
2020-09-17,ADJ_FACTOR_CA_MISMATCH,WARN,fq_factor,3
2020-09-17,MISSING_VALUE,WARN,amount,196
2020-09-18,ADJ_FACTOR_CA_MISMATCH,WARN,fq_factor,3
2020-09-18,MISSING_VALUE,WARN,amount,196
2020-09-21,ADJ_FACTOR_CA_MISMATCH,WARN,fq_factor,3
2020-09-21,MISSING_VALUE,WARN,amount,196
2020-09-22,ADJ_FACTOR_CA_MISMATCH,WARN,fq_factor,5
2020-09-22,MISSING_VALUE,WARN,amount,196
2020-09-22,VWAP_OUT_OF_RANGE,ERROR,amount,1
2020-09-23,ADJ_FACTOR_CA_MISMATCH,WARN,fq_factor,5
2020-09-23,MISSING_VALUE,WARN,amount,196
2020-09-24,ADJ_FACTOR_CA_MISMATCH,WARN,fq_factor,8
2020-09-24,MISSING_VALUE,WARN,amount,196
2020-09-25,ADJ_FACTOR_CA_MISMATCH,WARN,fq_factor,7
2020-09-25,MISSING_VALUE,WARN,amount,196
2020-09-28,ADJ_FACTOR_CA_MISMATCH,WARN,fq_factor,7
2020-09-28,ADJ_NEGATIVE,ERROR,adj_factor,1
2020-09-28,MISSING_VALUE,WARN,amount,196
2020-09-28,VWAP_OUT_OF_RANGE,ERROR,amount,3
2020-09-29,ADJ_FACTOR_CA_MISMATCH,WARN,fq_factor,6
2020-09-29,ADJ_NEGATIVE,ERROR,adj_factor,1
2020-09-29,MISSING_VALUE,WARN,amount,196
2020-09-29,VWAP_OUT_OF_RANGE,ERROR,amount,2
2020-09-30,ADJ_FACTOR_CA_MISMATCH,WARN,fq_factor,1
2020-09-30,ADJ_NEGATIVE,ERROR,adj_factor,1
2020-09-30,MISSING_VALUE,WARN,amount,196
2020-10-09,ADJ_NEGATIVE,ERROR,adj_factor,1
2020-10-09,MISSING_VALUE,WARN,amount,196
2020-10-09,VWAP_OUT_OF_RANGE,ERROR,amount,1
2020-10-12,ADJ_FACTOR_CA_MISMATCH,WARN,fq_factor,1
2020-10-12,MISSING_VALUE,WARN,amount,196
2020-10-12,VWAP_OUT_OF_RANGE,ERROR,amount,1
2020-10-13,MISSING_VALUE,WARN,amount,196
2020-10-13,VWAP_OUT_OF_RANGE,ERROR,amount,1
2020-10-14,ADJ_FACTOR_CA_MISMATCH,WARN,fq_factor,1
2020-10-14,MISSING_VALUE,WARN,amount,196
2020-10-15,ADJ_FACTOR_CA_MISMATCH,WARN,fq_factor,1
2020-10-15,ADJ_NEGATIVE,ERROR,adj_factor,1
2020-10-15,MISSING_VALUE,WARN,amount,196
2020-10-16,ADJ_FACTOR_CA_MISMATCH,WARN,fq_factor,3
2020-10-16,ADJ_NEGATIVE,ERROR,adj_factor,1
2020-10-16,MISSING_VALUE,WARN,amount,196
2020-10-19,ADJ_FACTOR_CA_MISMATCH,WARN,fq_factor,3
2020-10-19,ADJ_NEGATIVE,ERROR,adj_factor,1
2020-10-19,MISSING_VALUE,WARN,amount,196
2020-10-20,ADJ_FACTOR_CA_MISMATCH,WARN,fq_factor,2
2020-10-20,ADJ_NEGATIVE,ERROR,adj_factor,1
2020-10-20,MISSING_VALUE,WARN,amount,196
2020-10-21,ADJ_NEGATIVE,ERROR,adj_factor,1
2020-10-21,MISSING_VALUE,WARN,amount,196
2020-10-22,ADJ_FACTOR_CA_MISMATCH,WARN,fq_factor,2
2020-10-22,ADJ_NEGATIVE,ERROR,adj_factor,1
2020-10-22,MISSING_VALUE,WARN,amount,196
2020-10-23,ADJ_FACTOR_CA_MISMATCH,WARN,fq_factor,2
2020-10-23,ADJ_NEGATIVE,ERROR,adj_factor,1
2020-10-23,MISSING_VALUE,WARN,amount,196
2020-10-26,ADJ_FACTOR_CA_MISMATCH,WARN,fq_factor,2
2020-10-26,ADJ_NEGATIVE,ERROR,adj_factor,1
2020-10-26,MISSING_VALUE,WARN,amount,196
2020-10-26,VWAP_OUT_OF_RANGE,ERROR,amount,2
2020-10-27,ADJ_FACTOR_CA_MISMATCH,WARN,fq_factor,1
2020-10-27,ADJ_NEGATIVE,ERROR,adj_factor,1
2020-10-27,MISSING_VALUE,WARN,amount,196
2020-10-28,ADJ_FACTOR_CA_MISMATCH,WARN,fq_factor,1
2020-10-28,ADJ_NEGATIVE,ERROR,adj_factor,1
2020-10-28,MISSING_VALUE,WARN,amount,196
2020-10-29,ADJ_FACTOR_CA_MISMATCH,WARN,fq_factor,1
2020-10-29,ADJ_NEGATIVE,ERROR,adj_factor,1
2020-10-29,MISSING_VALUE,WARN,amount,196
2020-10-30,ADJ_FACTOR_CA_MISMATCH,WARN,fq_factor,1
2020-10-30,ADJ_NEGATIVE,ERROR,adj_factor,1
2020-10-30,MISSING_VALUE,WARN,amount,196
2020-11-02,ADJ_FACTOR_CA_MISMATCH,WARN,fq_factor,2
2020-11-02,ADJ_NEGATIVE,ERROR,adj_factor,1
2020-11-02,MISSING_VALUE,WARN,amount,196
2020-11-03,ADJ_NEGATIVE,ERROR,adj_factor,1
2020-11-03,MISSING_VALUE,WARN,amount,196
2020-11-04,ADJ_FACTOR_CA_MISMATCH,WARN,fq_factor,2
2020-11-04,ADJ_NEGATIVE,ERROR,adj_factor,1
2020-11-04,MISSING_VALUE,WARN,amount,196
2020-11-05,ADJ_FACTOR_CA_MISMATCH,WARN,fq_factor,3
2020-11-05,ADJ_NEGATIVE,ERROR,adj_factor,1
2020-11-05,MISSING_VALUE,WARN,amount,196
2020-11-06,ADJ_FACTOR_CA_MISMATCH,WARN,fq_factor,1
2020-11-06,ADJ_NEGATIVE,ERROR,adj_factor,1
2020-11-06,MISSING_VALUE,WARN,amount,196
2020-11-06,VWAP_OUT_OF_RANGE,ERROR,amount,2
2020-11-09,ADJ_FACTOR_CA_MISMATCH,WARN,fq_factor,3
2020-11-09,ADJ_NEGATIVE,ERROR,adj_factor,1
2020-11-09,MISSING_VALUE,WARN,amount,196
2020-11-09,VWAP_OUT_OF_RANGE,ERROR,amount,1
2020-11-10,ADJ_NEGATIVE,ERROR,adj_factor,1
2020-11-10,MISSING_VALUE,WARN,amount,195
2020-11-11,ADJ_NEGATIVE,ERROR,adj_factor,1
2020-11-11,MISSING_VALUE,WARN,amount,195
2020-11-12,ADJ_FACTOR_CA_MISMATCH,WARN,fq_factor,1
2020-11-12,ADJ_NEGATIVE,ERROR,adj_factor,1
2020-11-12,MISSING_VALUE,WARN,amount,195
2020-11-12,VWAP_OUT_OF_RANGE,ERROR,amount,1
2020-11-13,ADJ_FACTOR_CA_MISMATCH,WARN,fq_factor,2
2020-11-13,ADJ_NEGATIVE,ERROR,adj_factor,1
2020-11-13,MISSING_VALUE,WARN,amount,195
2020-11-13,VWAP_OUT_OF_RANGE,ERROR,amount,1
2020-11-16,ADJ_NEGATIVE,ERROR,adj_factor,1
2020-11-16,MISSING_VALUE,WARN,amount,195
2020-11-17,ADJ_NEGATIVE,ERROR,adj_factor,1
2020-11-17,MISSING_VALUE,WARN,amount,195
2020-11-17,VWAP_OUT_OF_RANGE,ERROR,amount,1
2020-11-18,ADJ_NEGATIVE,ERROR,adj_factor,1
2020-11-18,MISSING_VALUE,WARN,amount,195
2020-11-19,ADJ_NEGATIVE,ERROR,adj_factor,1
2020-11-19,MISSING_VALUE,WARN,amount,195
2020-11-19,VWAP_OUT_OF_RANGE,ERROR,amount,1
2020-11-20,ADJ_NEGATIVE,ERROR,adj_factor,1
2020-11-20,MISSING_VALUE,WARN,amount,195
2020-11-23,ADJ_NEGATIVE,ERROR,adj_factor,1
2020-11-23,MISSING_VALUE,WARN,amount,195
2020-11-24,ADJ_NEGATIVE,ERROR,adj_factor,1
2020-11-24,MISSING_VALUE,WARN,amount,195
2020-11-25,ADJ_FACTOR_CA_MISMATCH,WARN,fq_factor,2
2020-11-25,ADJ_NEGATIVE,ERROR,adj_factor,1
2020-11-25,MISSING_VALUE,WARN,amount,195
2020-11-25,VWAP_OUT_OF_RANGE,ERROR,amount,2
2020-11-26,ADJ_NEGATIVE,ERROR,adj_factor,1
2020-11-26,MISSING_VALUE,WARN,amount,195
2020-11-27,ADJ_FACTOR_CA_MISMATCH,WARN,fq_factor,1
2020-11-27,ADJ_NEGATIVE,ERROR,adj_factor,1
2020-11-27,MISSING_VALUE,WARN,amount,195
2020-11-27,VWAP_OUT_OF_RANGE,ERROR,amount,4
2020-11-30,ADJ_FACTOR_CA_MISMATCH,WARN,fq_factor,3
2020-11-30,ADJ_NEGATIVE,ERROR,adj_factor,1
2020-11-30,MISSING_VALUE,WARN,amount,195
2020-11-30,VWAP_OUT_OF_RANGE,ERROR,amount,2
2020-12-01,ADJ_FACTOR_CA_MISMATCH,WARN,fq_factor,1
2020-12-01,ADJ_NEGATIVE,ERROR,adj_factor,1
2020-12-01,MISSING_VALUE,WARN,amount,195
2020-12-01,VWAP_OUT_OF_RANGE,ERROR,amount,1
2020-12-02,ADJ_NEGATIVE,ERROR,adj_factor,1
2020-12-02,MISSING_VALUE,WARN,amount,195
2020-12-02,VWAP_OUT_OF_RANGE,ERROR,amount,1
2020-12-03,ADJ_FACTOR_CA_MISMATCH,WARN,fq_factor,2
2020-12-03,ADJ_NEGATIVE,ERROR,adj_factor,1
2020-12-03,MISSING_VALUE,WARN,amount,195
2020-12-04,ADJ_NEGATIVE,ERROR,adj_factor,1
2020-12-04,MISSING_VALUE,WARN,amount,195
2020-12-07,ADJ_NEGATIVE,ERROR,adj_factor,1
2020-12-07,MISSING_VALUE,WARN,amount,195
2020-12-07,VWAP_OUT_OF_RANGE,ERROR,amount,1
2020-12-08,ADJ_FACTOR_CA_MISMATCH,WARN,fq_factor,1
2020-12-08,MISSING_VALUE,WARN,amount,195
2020-12-08,VWAP_OUT_OF_RANGE,ERROR,amount,1
2020-12-09,ADJ_NEGATIVE,ERROR,adj_factor,1
2020-12-09,MISSING_VALUE,WARN,amount,195
2020-12-10,MISSING_VALUE,WARN,amount,195
2020-12-11,ADJ_FACTOR_CA_MISMATCH,WARN,fq_factor,1
2020-12-11,ADJ_NEGATIVE,ERROR,adj_factor,1
2020-12-11,MISSING_VALUE,WARN,amount,195
2020-12-14,ADJ_NEGATIVE,ERROR,adj_factor,1
2020-12-14,MISSING_VALUE,WARN,amount,195
2020-12-15,ADJ_NEGATIVE,ERROR,adj_factor,1
2020-12-15,MISSING_VALUE,WARN,amount,195
2020-12-15,VWAP_OUT_OF_RANGE,ERROR,amount,1
2020-12-16,ADJ_NEGATIVE,ERROR,adj_factor,1
2020-12-16,MISSING_VALUE,WARN,amount,195
2020-12-16,VWAP_OUT_OF_RANGE,ERROR,amount,2
2020-12-17,ADJ_FACTOR_CA_MISMATCH,WARN,fq_factor,1
2020-12-17,ADJ_NEGATIVE,ERROR,adj_factor,1
2020-12-17,MISSING_VALUE,WARN,amount,194
2020-12-17,VWAP_OUT_OF_RANGE,ERROR,amount,1
2020-12-18,ADJ_NEGATIVE,ERROR,adj_factor,1
2020-12-18,MISSING_VALUE,WARN,amount,194
2020-12-21,ADJ_NEGATIVE,ERROR,adj_factor,1
2020-12-21,MISSING_VALUE,WARN,amount,194
2020-12-22,ADJ_NEGATIVE,ERROR,adj_factor,1
2020-12-22,MISSING_VALUE,WARN,amount,194
2020-12-23,ADJ_FACTOR_CA_MISMATCH,WARN,fq_factor,1
2020-12-23,ADJ_NEGATIVE,ERROR,adj_factor,1
2020-12-23,MISSING_VALUE,WARN,amount,194
2020-12-23,VWAP_OUT_OF_RANGE,ERROR,amount,1
2020-12-24,ADJ_NEGATIVE,ERROR,adj_factor,1
2020-12-24,MISSING_VALUE,WARN,amount,194
2020-12-24,VWAP_OUT_OF_RANGE,ERROR,amount,1
2020-12-25,ADJ_FACTOR_CA_MISMATCH,WARN,fq_factor,1
2020-12-25,ADJ_NEGATIVE,ERROR,adj_factor,1
2020-12-25,MISSING_VALUE,WARN,amount,194
2020-12-28,ADJ_FACTOR_CA_MISMATCH,WARN,fq_factor,1
2020-12-28,ADJ_NEGATIVE,ERROR,adj_factor,1
2020-12-28,MISSING_VALUE,WARN,amount,194
2020-12-29,ADJ_FACTOR_CA_MISMATCH,WARN,fq_factor,1
2020-12-29,ADJ_NEGATIVE,ERROR,adj_factor,1
2020-12-29,MISSING_VALUE,WARN,amount,194
2020-12-30,ADJ_NEGATIVE,ERROR,adj_factor,1
2020-12-30,MISSING_VALUE,WARN,amount,194
2020-12-31,ADJ_NEGATIVE,ERROR,adj_factor,1
2020-12-31,MISSING_VALUE,WARN,amount,194
2021-01-04,ADJ_NEGATIVE,ERROR,adj_factor,1
2021-01-04,MISSING_VALUE,WARN,amount,194
2021-01-04,VWAP_OUT_OF_RANGE,ERROR,amount,1
2021-01-05,ADJ_NEGATIVE,ERROR,adj_factor,1
2021-01-05,MISSING_VALUE,WARN,amount,194
2021-01-05,VWAP_OUT_OF_RANGE,ERROR,amount,4
2021-01-06,ADJ_FACTOR_CA_MISMATCH,WARN,fq_factor,1
2021-01-06,ADJ_NEGATIVE,ERROR,adj_factor,1
2021-01-06,MISSING_VALUE,WARN,amount,194
2021-01-07,ADJ_NEGATIVE,ERROR,adj_factor,1
2021-01-07,MISSING_VALUE,WARN,amount,194
2021-01-08,ADJ_NEGATIVE,ERROR,adj_factor,1
2021-01-08,MISSING_VALUE,WARN,amount,194
2021-01-11,ADJ_NEGATIVE,ERROR,adj_factor,1
2021-01-11,MISSING_VALUE,WARN,amount,194
2021-01-11,VWAP_OUT_OF_RANGE,ERROR,amount,1
2021-01-12,ADJ_NEGATIVE,ERROR,adj_factor,1
2021-01-12,MISSING_VALUE,WARN,amount,194
2021-01-12,VWAP_OUT_OF_RANGE,ERROR,amount,2
2021-01-13,ADJ_NEGATIVE,ERROR,adj_factor,1
2021-01-13,MISSING_VALUE,WARN,amount,194
2021-01-13,VWAP_OUT_OF_RANGE,ERROR,amount,2
2021-01-14,ADJ_NEGATIVE,ERROR,adj_factor,1
2021-01-14,MISSING_VALUE,WARN,amount,194
2021-01-15,ADJ_FACTOR_CA_MISMATCH,WARN,fq_factor,1
2021-01-15,ADJ_NEGATIVE,ERROR,adj_factor,1
2021-01-15,MISSING_VALUE,WARN,amount,194
2021-01-18,ADJ_NEGATIVE,ERROR,adj_factor,1
2021-01-18,MISSING_VALUE,WARN,amount,194
2021-01-19,ADJ_NEGATIVE,ERROR,adj_factor,1
2021-01-19,MISSING_VALUE,WARN,amount,194
2021-01-20,ADJ_FACTOR_CA_MISMATCH,WARN,fq_factor,1
2021-01-20,ADJ_NEGATIVE,ERROR,adj_factor,1
2021-01-20,MISSING_VALUE,WARN,amount,194
2021-01-21,ADJ_NEGATIVE,ERROR,adj_factor,1
2021-01-21,MISSING_VALUE,WARN,amount,194
2021-01-22,ADJ_NEGATIVE,ERROR,adj_factor,1
2021-01-22,MISSING_VALUE,WARN,amount,194
2021-01-25,ADJ_NEGATIVE,ERROR,adj_factor,1
2021-01-25,MISSING_VALUE,WARN,amount,194
2021-01-26,ADJ_FACTOR_CA_MISMATCH,WARN,fq_factor,1
2021-01-26,ADJ_NEGATIVE,ERROR,adj_factor,1
2021-01-26,MISSING_VALUE,WARN,amount,194
2021-01-26,VWAP_OUT_OF_RANGE,ERROR,amount,1
2021-01-27,ADJ_NEGATIVE,ERROR,adj_factor,1
2021-01-27,MISSING_VALUE,WARN,amount,194
2021-01-28,ADJ_NEGATIVE,ERROR,adj_factor,1
2021-01-28,MISSING_VALUE,WARN,amount,194
2021-01-28,VWAP_OUT_OF_RANGE,ERROR,amount,1
2021-01-29,ADJ_NEGATIVE,ERROR,adj_factor,1
2021-01-29,MISSING_VALUE,WARN,amount,193
2021-01-29,VWAP_OUT_OF_RANGE,ERROR,amount,4
2021-02-01,ADJ_NEGATIVE,ERROR,adj_factor,1
2021-02-01,MISSING_VALUE,WARN,amount,193
2021-02-02,ADJ_NEGATIVE,ERROR,adj_factor,1
2021-02-02,MISSING_VALUE,WARN,amount,193
2021-02-03,ADJ_NEGATIVE,ERROR,adj_factor,1
2021-02-03,MISSING_VALUE,WARN,amount,193
2021-02-04,ADJ_NEGATIVE,ERROR,adj_factor,1
2021-02-04,MISSING_VALUE,WARN,amount,193
2021-02-05,ADJ_FACTOR_CA_MISMATCH,WARN,fq_factor,1
2021-02-05,ADJ_NEGATIVE,ERROR,adj_factor,1
2021-02-05,MISSING_VALUE,WARN,amount,193
2021-02-08,ADJ_NEGATIVE,ERROR,adj_factor,1
2021-02-08,MISSING_VALUE,WARN,amount,193
2021-02-09,ADJ_NEGATIVE,ERROR,adj_factor,1
2021-02-09,MISSING_VALUE,WARN,amount,193
2021-02-09,VWAP_OUT_OF_RANGE,ERROR,amount,1
2021-02-10,ADJ_NEGATIVE,ERROR,adj_factor,1
2021-02-10,MISSING_VALUE,WARN,amount,193
2021-02-18,ADJ_NEGATIVE,ERROR,adj_factor,1
2021-02-18,MISSING_VALUE,WARN,amount,193
2021-02-19,ADJ_NEGATIVE,ERROR,adj_factor,1
2021-02-19,MISSING_VALUE,WARN,amount,193
2021-02-22,ADJ_NEGATIVE,ERROR,adj_factor,1
2021-02-22,MISSING_VALUE,WARN,amount,193
2021-02-22,VWAP_OUT_OF_RANGE,ERROR,amount,1
2021-02-23,ADJ_NEGATIVE,ERROR,adj_factor,1
2021-02-23,MISSING_VALUE,WARN,amount,193
2021-02-24,ADJ_NEGATIVE,ERROR,adj_factor,1
2021-02-24,MISSING_VALUE,WARN,amount,193
2021-02-25,ADJ_NEGATIVE,ERROR,adj_factor,1
2021-02-25,MISSING_VALUE,WARN,amount,192
2021-02-26,ADJ_NEGATIVE,ERROR,adj_factor,1
2021-02-26,MISSING_VALUE,WARN,amount,193
2021-02-26,VWAP_OUT_OF_RANGE,ERROR,amount,1
2021-03-01,ADJ_NEGATIVE,ERROR,adj_factor,1
2021-03-01,MISSING_VALUE,WARN,amount,193
2021-03-02,ADJ_FACTOR_CA_MISMATCH,WARN,fq_factor,1
2021-03-02,MISSING_VALUE,WARN,amount,193
2021-03-03,MISSING_VALUE,WARN,amount,192
2021-03-04,ADJ_FACTOR_CA_MISMATCH,WARN,fq_factor,1
2021-03-04,MISSING_VALUE,WARN,amount,192
2021-03-04,VWAP_OUT_OF_RANGE,ERROR,amount,1
2021-03-05,MISSING_VALUE,WARN,amount,192
2021-03-08,ADJ_FACTOR_CA_MISMATCH,WARN,fq_factor,1
2021-03-08,MISSING_VALUE,WARN,amount,192
2021-03-08,VWAP_OUT_OF_RANGE,ERROR,amount,1
2021-03-09,ADJ_FACTOR_CA_MISMATCH,WARN,fq_factor,2
2021-03-09,MISSING_VALUE,WARN,amount,192
2021-03-10,MISSING_VALUE,WARN,amount,192
2021-03-11,ADJ_NEGATIVE,ERROR,adj_factor,1
2021-03-11,MISSING_VALUE,WARN,amount,192
2021-03-11,VWAP_OUT_OF_RANGE,ERROR,amount,1
2021-03-12,ADJ_NEGATIVE,ERROR,adj_factor,1
2021-03-12,MISSING_VALUE,WARN,amount,192
2021-03-12,VWAP_OUT_OF_RANGE,ERROR,amount,1
2021-03-15,MISSING_VALUE,WARN,amount,192
2021-03-15,VWAP_OUT_OF_RANGE,ERROR,amount,2
2021-03-16,ADJ_FACTOR_CA_MISMATCH,WARN,fq_factor,1
2021-03-16,MISSING_VALUE,WARN,amount,192
2021-03-16,VWAP_OUT_OF_RANGE,ERROR,amount,3
2021-03-17,ADJ_FACTOR_CA_MISMATCH,WARN,fq_factor,1
2021-03-17,MISSING_VALUE,WARN,amount,191
2021-03-17,VWAP_OUT_OF_RANGE,ERROR,amount,1
2021-03-18,MISSING_VALUE,WARN,amount,190
2021-03-18,VWAP_OUT_OF_RANGE,ERROR,amount,2
2021-03-19,ADJ_FACTOR_CA_MISMATCH,WARN,fq_factor,1
2021-03-19,MISSING_VALUE,WARN,amount,190
2021-03-19,VWAP_OUT_OF_RANGE,ERROR,amount,1
2021-03-22,MISSING_VALUE,WARN,amount,188
2021-03-22,VWAP_OUT_OF_RANGE,ERROR,amount,1
2021-03-23,MISSING_VALUE,WARN,amount,188
2021-03-23,VWAP_OUT_OF_RANGE,ERROR,amount,1
2021-03-24,ADJ_FACTOR_CA_MISMATCH,WARN,fq_factor,1
2021-03-24,MISSING_VALUE,WARN,amount,188
2021-03-25,MISSING_VALUE,WARN,amount,188
2021-03-25,VWAP_OUT_OF_RANGE,ERROR,amount,1
2021-03-26,MISSING_VALUE,WARN,amount,188
2021-03-26,VWAP_OUT_OF_RANGE,ERROR,amount,1
2021-03-29,MISSING_VALUE,WARN,amount,188
2021-03-30,MISSING_VALUE,WARN,amount,188
2021-03-31,ADJ_FACTOR_CA_MISMATCH,WARN,fq_factor,4
2021-03-31,MISSING_VALUE,WARN,amount,188
2021-04-01,ADJ_FACTOR_CA_MISMATCH,WARN,fq_factor,2
2021-04-01,MISSING_VALUE,WARN,amount,188
2021-04-01,VWAP_OUT_OF_RANGE,ERROR,amount,2
2021-04-02,MISSING_VALUE,WARN,amount,188
2021-04-02,VWAP_OUT_OF_RANGE,ERROR,amount,1
2021-04-06,MISSING_VALUE,WARN,amount,188
2021-04-07,MISSING_VALUE,WARN,amount,188
2021-04-08,ADJ_FACTOR_CA_MISMATCH,WARN,fq_factor,1
2021-04-08,MISSING_VALUE,WARN,amount,188
2021-04-09,ADJ_FACTOR_CA_MISMATCH,WARN,fq_factor,3
2021-04-09,MISSING_VALUE,WARN,amount,188
2021-04-12,MISSING_VALUE,WARN,amount,187
2021-04-13,ADJ_FACTOR_CA_MISMATCH,WARN,fq_factor,2
2021-04-13,MISSING_VALUE,WARN,amount,187
2021-04-14,ADJ_FACTOR_CA_MISMATCH,WARN,fq_factor,4
2021-04-14,MISSING_VALUE,WARN,amount,187
2021-04-15,ADJ_FACTOR_CA_MISMATCH,WARN,fq_factor,3
2021-04-15,MISSING_VALUE,WARN,amount,187
2021-04-16,ADJ_FACTOR_CA_MISMATCH,WARN,fq_factor,7
2021-04-16,MISSING_VALUE,WARN,amount,187
2021-04-19,ADJ_FACTOR_CA_MISMATCH,WARN,fq_factor,4
2021-04-19,MISSING_VALUE,WARN,amount,187
2021-04-20,ADJ_FACTOR_CA_MISMATCH,WARN,fq_factor,7
2021-04-20,MISSING_VALUE,WARN,amount,187
2021-04-21,ADJ_FACTOR_CA_MISMATCH,WARN,fq_factor,8
2021-04-21,MISSING_VALUE,WARN,amount,187
2021-04-22,ADJ_FACTOR_CA_MISMATCH,WARN,fq_factor,5
2021-04-22,MISSING_VALUE,WARN,amount,187
2021-04-23,ADJ_FACTOR_CA_MISMATCH,WARN,fq_factor,7
2021-04-23,MISSING_VALUE,WARN,amount,188
2021-04-23,VWAP_OUT_OF_RANGE,ERROR,amount,2
2021-04-26,ADJ_FACTOR_CA_MISMATCH,WARN,fq_factor,5
2021-04-26,MISSING_VALUE,WARN,amount,187
2021-04-26,VWAP_OUT_OF_RANGE,ERROR,amount,1
2021-04-27,ADJ_FACTOR_CA_MISMATCH,WARN,fq_factor,9
2021-04-27,MISSING_VALUE,WARN,amount,186
2021-04-27,VWAP_OUT_OF_RANGE,ERROR,amount,3
2021-04-28,ADJ_FACTOR_CA_MISMATCH,WARN,fq_factor,11
2021-04-28,MISSING_VALUE,WARN,amount,187
2021-04-28,VWAP_OUT_OF_RANGE,ERROR,amount,1
2021-04-29,ADJ_FACTOR_CA_MISMATCH,WARN,fq_factor,19
2021-04-29,MISSING_VALUE,WARN,amount,187
2021-04-30,ADJ_FACTOR_CA_MISMATCH,WARN,fq_factor,33
2021-04-30,MISSING_VALUE,WARN,amount,186
2021-04-30,VWAP_OUT_OF_RANGE,ERROR,amount,1
2021-05-06,ADJ_FACTOR_CA_MISMATCH,WARN,fq_factor,4
2021-05-06,MISSING_VALUE,WARN,amount,186
2021-05-07,ADJ_FACTOR_CA_MISMATCH,WARN,fq_factor,6
2021-05-07,MISSING_VALUE,WARN,amount,185
2021-05-10,ADJ_FACTOR_CA_MISMATCH,WARN,fq_factor,9
2021-05-10,MISSING_VALUE,WARN,amount,185
2021-05-11,ADJ_FACTOR_CA_MISMATCH,WARN,fq_factor,11
2021-05-11,MISSING_VALUE,WARN,amount,185
2021-05-12,ADJ_FACTOR_CA_MISMATCH,WARN,fq_factor,15
2021-05-12,MISSING_VALUE,WARN,amount,184
2021-05-13,ADJ_FACTOR_CA_MISMATCH,WARN,fq_factor,9
2021-05-13,MISSING_VALUE,WARN,amount,184
2021-05-13,VWAP_OUT_OF_RANGE,ERROR,amount,1
2021-05-14,ADJ_FACTOR_CA_MISMATCH,WARN,fq_factor,29
2021-05-14,MISSING_VALUE,WARN,amount,184
2021-05-17,ADJ_FACTOR_CA_MISMATCH,WARN,fq_factor,16
2021-05-17,MISSING_VALUE,WARN,amount,184
2021-05-18,ADJ_FACTOR_CA_MISMATCH,WARN,fq_factor,25
2021-05-18,MISSING_VALUE,WARN,amount,184
2021-05-19,ADJ_FACTOR_CA_MISMATCH,WARN,fq_factor,32
2021-05-19,MISSING_VALUE,WARN,amount,185
2021-05-20,ADJ_FACTOR_CA_MISMATCH,WARN,fq_factor,39
2021-05-20,MISSING_VALUE,WARN,amount,184
2021-05-20,VWAP_OUT_OF_RANGE,ERROR,amount,4
2021-05-21,ADJ_FACTOR_CA_MISMATCH,WARN,fq_factor,47
2021-05-21,MISSING_VALUE,WARN,amount,184
2021-05-21,VWAP_OUT_OF_RANGE,ERROR,amount,1
2021-05-24,ADJ_FACTOR_CA_MISMATCH,WARN,fq_factor,33
2021-05-24,MISSING_VALUE,WARN,amount,184
2021-05-24,VWAP_OUT_OF_RANGE,ERROR,amount,1
2021-05-25,ADJ_FACTOR_CA_MISMATCH,WARN,fq_factor,40
2021-05-25,MISSING_VALUE,WARN,amount,184
2021-05-25,VWAP_OUT_OF_RANGE,ERROR,amount,2
2021-05-26,ADJ_FACTOR_CA_MISMATCH,WARN,fq_factor,54
2021-05-26,MISSING_VALUE,WARN,amount,184
2021-05-27,ADJ_FACTOR_CA_MISMATCH,WARN,fq_factor,63
2021-05-27,MISSING_VALUE,WARN,amount,184
2021-05-27,VWAP_OUT_OF_RANGE,ERROR,amount,1
2021-05-28,ADJ_FACTOR_CA_MISMATCH,WARN,fq_factor,85
2021-05-28,MISSING_VALUE,WARN,amount,184
2021-05-31,ADJ_FACTOR_CA_MISMATCH,WARN,fq_factor,70
2021-05-31,MISSING_VALUE,WARN,amount,183
2021-05-31,VWAP_OUT_OF_RANGE,ERROR,amount,2
2021-06-01,ADJ_FACTOR_CA_MISMATCH,WARN,fq_factor,56
2021-06-01,MISSING_VALUE,WARN,amount,182
2021-06-02,ADJ_FACTOR_CA_MISMATCH,WARN,fq_factor,56
2021-06-02,MISSING_VALUE,WARN,amount,182
2021-06-02,VWAP_OUT_OF_RANGE,ERROR,amount,2
2021-06-03,ADJ_FACTOR_CA_MISMATCH,WARN,fq_factor,48
2021-06-03,MISSING_VALUE,WARN,amount,182
2021-06-03,VWAP_OUT_OF_RANGE,ERROR,amount,2
2021-06-04,ADJ_FACTOR_CA_MISMATCH,WARN,fq_factor,81
2021-06-04,MISSING_VALUE,WARN,amount,182
2021-06-04,VWAP_OUT_OF_RANGE,ERROR,amount,2
2021-06-07,ADJ_FACTOR_CA_MISMATCH,WARN,fq_factor,39
2021-06-07,MISSING_VALUE,WARN,amount,182
2021-06-07,VWAP_OUT_OF_RANGE,ERROR,amount,4
2021-06-08,ADJ_FACTOR_CA_MISMATCH,WARN,fq_factor,70
2021-06-08,MISSING_VALUE,WARN,amount,182
2021-06-08,VWAP_OUT_OF_RANGE,ERROR,amount,3
2021-06-09,ADJ_FACTOR_CA_MISMATCH,WARN,fq_factor,55
2021-06-09,MISSING_VALUE,WARN,amount,182
2021-06-09,VWAP_OUT_OF_RANGE,ERROR,amount,2
2021-06-10,ADJ_FACTOR_CA_MISMATCH,WARN,fq_factor,55
2021-06-10,MISSING_VALUE,WARN,amount,183
2021-06-10,VWAP_OUT_OF_RANGE,ERROR,amount,2
2021-06-11,ADJ_FACTOR_CA_MISMATCH,WARN,fq_factor,87
2021-06-11,MISSING_VALUE,WARN,amount,182
2021-06-11,VWAP_OUT_OF_RANGE,ERROR,amount,3
2021-06-15,ADJ_FACTOR_CA_MISMATCH,WARN,fq_factor,29
2021-06-15,MISSING_VALUE,WARN,amount,182
2021-06-16,ADJ_FACTOR_CA_MISMATCH,WARN,fq_factor,44
2021-06-16,MISSING_VALUE,WARN,amount,184
2021-06-16,VWAP_OUT_OF_RANGE,ERROR,amount,3
2021-06-17,ADJ_FACTOR_CA_MISMATCH,WARN,fq_factor,60
2021-06-17,MISSING_VALUE,WARN,amount,182
2021-06-17,VWAP_OUT_OF_RANGE,ERROR,amount,1
2021-06-18,ADJ_FACTOR_CA_MISMATCH,WARN,fq_factor,105
2021-06-18,MISSING_VALUE,WARN,amount,182
2021-06-18,VWAP_OUT_OF_RANGE,ERROR,amount,1
2021-06-21,ADJ_FACTOR_CA_MISMATCH,WARN,fq_factor,33
2021-06-21,MISSING_VALUE,WARN,amount,183
2021-06-22,ADJ_FACTOR_CA_MISMATCH,WARN,fq_factor,34
2021-06-22,MISSING_VALUE,WARN,amount,182
2021-06-22,VWAP_OUT_OF_RANGE,ERROR,amount,3
2021-06-23,ADJ_FACTOR_CA_MISMATCH,WARN,fq_factor,53
2021-06-23,MISSING_VALUE,WARN,amount,182
2021-06-23,VWAP_OUT_OF_RANGE,ERROR,amount,1
2021-06-24,ADJ_FACTOR_CA_MISMATCH,WARN,fq_factor,49
2021-06-24,MISSING_VALUE,WARN,amount,182
2021-06-24,VWAP_OUT_OF_RANGE,ERROR,amount,1
2021-06-25,ADJ_FACTOR_CA_MISMATCH,WARN,fq_factor,69
2021-06-25,MISSING_VALUE,WARN,amount,182
2021-06-25,VWAP_OUT_OF_RANGE,ERROR,amount,2
2021-06-28,ADJ_FACTOR_CA_MISMATCH,WARN,fq_factor,29
2021-06-28,MISSING_VALUE,WARN,amount,182
2021-06-28,VWAP_OUT_OF_RANGE,ERROR,amount,2
2021-06-29,ADJ_FACTOR_CA_MISMATCH,WARN,fq_factor,33
2021-06-29,MISSING_VALUE,WARN,amount,182
2021-06-29,VWAP_OUT_OF_RANGE,ERROR,amount,1
2021-06-30,ADJ_FACTOR_CA_MISMATCH,WARN,fq_factor,47
2021-06-30,MISSING_VALUE,WARN,amount,182
2021-06-30,VWAP_OUT_OF_RANGE,ERROR,amount,1
2021-07-01,ADJ_FACTOR_CA_MISMATCH,WARN,fq_factor,28
2021-07-01,MISSING_VALUE,WARN,amount,182
2021-07-02,ADJ_FACTOR_CA_MISMATCH,WARN,fq_factor,21
2021-07-02,MISSING_VALUE,WARN,amount,182
2021-07-05,ADJ_FACTOR_CA_MISMATCH,WARN,fq_factor,22
2021-07-05,MISSING_VALUE,WARN,amount,183
2021-07-05,VWAP_OUT_OF_RANGE,ERROR,amount,3
2021-07-06,ADJ_FACTOR_CA_MISMATCH,WARN,fq_factor,37
2021-07-06,MISSING_VALUE,WARN,amount,183
2021-07-06,VWAP_OUT_OF_RANGE,ERROR,amount,2
2021-07-07,ADJ_FACTOR_CA_MISMATCH,WARN,fq_factor,41
2021-07-07,MISSING_VALUE,WARN,amount,183
2021-07-08,ADJ_FACTOR_CA_MISMATCH,WARN,fq_factor,53
2021-07-08,MISSING_VALUE,WARN,amount,183
2021-07-08,VWAP_OUT_OF_RANGE,ERROR,amount,1
2021-07-09,ADJ_FACTOR_CA_MISMATCH,WARN,fq_factor,75
2021-07-09,MISSING_VALUE,WARN,amount,183
2021-07-12,ADJ_FACTOR_CA_MISMATCH,WARN,fq_factor,24
2021-07-12,MISSING_VALUE,WARN,amount,183
2021-07-12,VWAP_OUT_OF_RANGE,ERROR,amount,2
2021-07-13,ADJ_FACTOR_CA_MISMATCH,WARN,fq_factor,30
2021-07-13,MISSING_VALUE,WARN,amount,183
2021-07-13,VWAP_OUT_OF_RANGE,ERROR,amount,3
2021-07-14,ADJ_FACTOR_CA_MISMATCH,WARN,fq_factor,47
2021-07-14,MISSING_VALUE,WARN,amount,183
2021-07-14,VWAP_OUT_OF_RANGE,ERROR,amount,1
2021-07-15,ADJ_FACTOR_CA_MISMATCH,WARN,fq_factor,42
2021-07-15,MISSING_VALUE,WARN,amount,180
2021-07-15,VWAP_OUT_OF_RANGE,ERROR,amount,2
2021-07-16,ADJ_FACTOR_CA_MISMATCH,WARN,fq_factor,67
2021-07-16,MISSING_VALUE,WARN,amount,180
2021-07-16,VWAP_OUT_OF_RANGE,ERROR,amount,1
2021-07-19,ADJ_FACTOR_CA_MISMATCH,WARN,fq_factor,16
2021-07-19,MISSING_VALUE,WARN,amount,181
2021-07-19,VWAP_OUT_OF_RANGE,ERROR,amount,1
2021-07-20,ADJ_FACTOR_CA_MISMATCH,WARN,fq_factor,21
2021-07-20,MISSING_VALUE,WARN,amount,181
2021-07-21,ADJ_FACTOR_CA_MISMATCH,WARN,fq_factor,13
2021-07-21,MISSING_VALUE,WARN,amount,179
2021-07-21,VWAP_OUT_OF_RANGE,ERROR,amount,1
2021-07-22,ADJ_FACTOR_CA_MISMATCH,WARN,fq_factor,13
2021-07-22,MISSING_VALUE,WARN,amount,179
2021-07-23,ADJ_FACTOR_CA_MISMATCH,WARN,fq_factor,24
2021-07-23,MISSING_VALUE,WARN,amount,177
2021-07-23,VWAP_OUT_OF_RANGE,ERROR,amount,2
2021-07-26,ADJ_FACTOR_CA_MISMATCH,WARN,fq_factor,2
2021-07-26,MISSING_VALUE,WARN,amount,177
2021-07-26,VWAP_OUT_OF_RANGE,ERROR,amount,3
2021-07-27,ADJ_FACTOR_CA_MISMATCH,WARN,fq_factor,12
2021-07-27,MISSING_VALUE,WARN,amount,177
2021-07-28,ADJ_FACTOR_CA_MISMATCH,WARN,fq_factor,15
2021-07-28,MISSING_VALUE,WARN,amount,177
2021-07-28,VWAP_OUT_OF_RANGE,ERROR,amount,2
2021-07-29,ADJ_FACTOR_CA_MISMATCH,WARN,fq_factor,14
2021-07-29,MISSING_VALUE,WARN,amount,177
2021-07-29,VWAP_OUT_OF_RANGE,ERROR,amount,1
2021-07-30,ADJ_FACTOR_CA_MISMATCH,WARN,fq_factor,22
2021-07-30,MISSING_VALUE,WARN,amount,177
2021-07-30,VWAP_OUT_OF_RANGE,ERROR,amount,1
2021-08-02,ADJ_FACTOR_CA_MISMATCH,WARN,fq_factor,5
2021-08-02,MISSING_VALUE,WARN,amount,177
2021-08-03,ADJ_FACTOR_CA_MISMATCH,WARN,fq_factor,1
2021-08-03,MISSING_VALUE,WARN,amount,177
2021-08-04,ADJ_FACTOR_CA_MISMATCH,WARN,fq_factor,6
2021-08-04,MISSING_VALUE,WARN,amount,177
2021-08-04,VWAP_OUT_OF_RANGE,ERROR,amount,2
2021-08-05,ADJ_FACTOR_CA_MISMATCH,WARN,fq_factor,8
2021-08-05,MISSING_VALUE,WARN,amount,177
2021-08-06,ADJ_FACTOR_CA_MISMATCH,WARN,fq_factor,7
2021-08-06,MISSING_VALUE,WARN,amount,177
2021-08-06,VWAP_OUT_OF_RANGE,ERROR,amount,3
2021-08-09,ADJ_FACTOR_CA_MISMATCH,WARN,fq_factor,3
2021-08-09,MISSING_VALUE,WARN,amount,177
2021-08-09,VWAP_OUT_OF_RANGE,ERROR,amount,3
2021-08-10,ADJ_FACTOR_CA_MISMATCH,WARN,fq_factor,5
2021-08-10,MISSING_VALUE,WARN,amount,177
2021-08-10,VWAP_OUT_OF_RANGE,ERROR,amount,1
2021-08-11,ADJ_FACTOR_CA_MISMATCH,WARN,fq_factor,2
2021-08-11,MISSING_VALUE,WARN,amount,177
2021-08-11,VWAP_OUT_OF_RANGE,ERROR,amount,1
2021-08-12,ADJ_FACTOR_CA_MISMATCH,WARN,fq_factor,6
2021-08-12,MISSING_VALUE,WARN,amount,177
2021-08-12,VWAP_OUT_OF_RANGE,ERROR,amount,3
2021-08-13,ADJ_FACTOR_CA_MISMATCH,WARN,fq_factor,13
2021-08-13,MISSING_VALUE,WARN,amount,177
2021-08-13,VWAP_OUT_OF_RANGE,ERROR,amount,2
2021-08-16,ADJ_FACTOR_CA_MISMATCH,WARN,fq_factor,2
2021-08-16,MISSING_VALUE,WARN,amount,177
2021-08-16,VWAP_OUT_OF_RANGE,ERROR,amount,3
2021-08-17,ADJ_FACTOR_CA_MISMATCH,WARN,fq_factor,4
2021-08-17,MISSING_VALUE,WARN,amount,177
2021-08-17,VWAP_OUT_OF_RANGE,ERROR,amount,1
2021-08-18,ADJ_FACTOR_CA_MISMATCH,WARN,fq_factor,3
2021-08-18,MISSING_VALUE,WARN,amount,177
2021-08-18,VWAP_OUT_OF_RANGE,ERROR,amount,3
2021-08-19,ADJ_FACTOR_CA_MISMATCH,WARN,fq_factor,9
2021-08-19,MISSING_VALUE,WARN,amount,177
2021-08-19,VWAP_OUT_OF_RANGE,ERROR,amount,1
2021-08-20,ADJ_FACTOR_CA_MISMATCH,WARN,fq_factor,12
2021-08-20,MISSING_VALUE,WARN,amount,177
2021-08-20,VWAP_OUT_OF_RANGE,ERROR,amount,2
2021-08-23,ADJ_FACTOR_CA_MISMATCH,WARN,fq_factor,5
2021-08-23,MISSING_VALUE,WARN,amount,177
2021-08-24,ADJ_FACTOR_CA_MISMATCH,WARN,fq_factor,1
2021-08-24,MISSING_VALUE,WARN,amount,177
2021-08-24,VWAP_OUT_OF_RANGE,ERROR,amount,3
2021-08-25,ADJ_FACTOR_CA_MISMATCH,WARN,fq_factor,8
2021-08-25,MISSING_VALUE,WARN,amount,177
2021-08-25,VWAP_OUT_OF_RANGE,ERROR,amount,2
2021-08-26,ADJ_FACTOR_CA_MISMATCH,WARN,fq_factor,4
2021-08-26,MISSING_VALUE,WARN,amount,177
2021-08-26,VWAP_OUT_OF_RANGE,ERROR,amount,1
2021-08-27,ADJ_FACTOR_CA_MISMATCH,WARN,fq_factor,7
2021-08-27,MISSING_VALUE,WARN,amount,177
2021-08-27,VWAP_OUT_OF_RANGE,ERROR,amount,1
2021-08-30,MISSING_VALUE,WARN,amount,176
2021-08-31,MISSING_VALUE,WARN,amount,176
2021-08-31,VWAP_OUT_OF_RANGE,ERROR,amount,2
2021-09-01,MISSING_VALUE,WARN,amount,176
2021-09-02,MISSING_VALUE,WARN,amount,176
2021-09-02,VWAP_OUT_OF_RANGE,ERROR,amount,2
2021-09-03,ADJ_FACTOR_CA_MISMATCH,WARN,fq_factor,1
2021-09-03,MISSING_VALUE,WARN,amount,176
2021-09-06,ADJ_FACTOR_CA_MISMATCH,WARN,fq_factor,1
2021-09-06,MISSING_VALUE,WARN,amount,176
2021-09-07,ADJ_FACTOR_CA_MISMATCH,WARN,fq_factor,2
2021-09-07,MISSING_VALUE,WARN,amount,176
2021-09-08,ADJ_FACTOR_CA_MISMATCH,WARN,fq_factor,1
2021-09-08,MISSING_VALUE,WARN,amount,176
2021-09-09,ADJ_FACTOR_CA_MISMATCH,WARN,fq_factor,1
2021-09-09,MISSING_VALUE,WARN,amount,176
2021-09-09,VWAP_OUT_OF_RANGE,ERROR,amount,1
2021-09-10,MISSING_VALUE,WARN,amount,176
2021-09-13,ADJ_FACTOR_CA_MISMATCH,WARN,fq_factor,2
2021-09-13,MISSING_VALUE,WARN,amount,175
2021-09-13,VWAP_OUT_OF_RANGE,ERROR,amount,1
2021-09-14,ADJ_FACTOR_CA_MISMATCH,WARN,fq_factor,2
2021-09-14,MISSING_VALUE,WARN,amount,175
2021-09-14,VWAP_OUT_OF_RANGE,ERROR,amount,1
2021-09-15,ADJ_FACTOR_CA_MISMATCH,WARN,fq_factor,2
2021-09-15,MISSING_VALUE,WARN,amount,175
2021-09-16,ADJ_FACTOR_CA_MISMATCH,WARN,fq_factor,4
2021-09-16,MISSING_VALUE,WARN,amount,175
2021-09-16,VWAP_OUT_OF_RANGE,ERROR,amount,1
2021-09-17,ADJ_FACTOR_CA_MISMATCH,WARN,fq_factor,7
2021-09-17,MISSING_VALUE,WARN,amount,173
2021-09-17,VWAP_OUT_OF_RANGE,ERROR,amount,2
2021-09-22,ADJ_FACTOR_CA_MISMATCH,WARN,fq_factor,6
2021-09-22,MISSING_VALUE,WARN,amount,175
2021-09-22,VWAP_OUT_OF_RANGE,ERROR,amount,2
2021-09-23,ADJ_FACTOR_CA_MISMATCH,WARN,fq_factor,4
2021-09-23,MISSING_VALUE,WARN,amount,175
2021-09-23,VWAP_OUT_OF_RANGE,ERROR,amount,1
2021-09-24,ADJ_FACTOR_CA_MISMATCH,WARN,fq_factor,7
2021-09-24,MISSING_VALUE,WARN,amount,175
2021-09-27,ADJ_FACTOR_CA_MISMATCH,WARN,fq_factor,5
2021-09-27,MISSING_VALUE,WARN,amount,175
2021-09-27,VWAP_OUT_OF_RANGE,ERROR,amount,1
2021-09-28,ADJ_FACTOR_CA_MISMATCH,WARN,fq_factor,6
2021-09-28,MISSING_VALUE,WARN,amount,175
2021-09-28,VWAP_OUT_OF_RANGE,ERROR,amount,2
2021-09-29,ADJ_FACTOR_CA_MISMATCH,WARN,fq_factor,8
2021-09-29,MISSING_VALUE,WARN,amount,175
2021-09-29,VWAP_OUT_OF_RANGE,ERROR,amount,2
2021-09-30,ADJ_FACTOR_CA_MISMATCH,WARN,fq_factor,12
2021-09-30,MISSING_VALUE,WARN,amount,175
2021-09-30,VWAP_OUT_OF_RANGE,ERROR,amount,2
2021-10-08,ADJ_FACTOR_CA_MISMATCH,WARN,fq_factor,1
2021-10-08,MISSING_VALUE,WARN,amount,175
2021-10-08,VWAP_OUT_OF_RANGE,ERROR,amount,1
2021-10-11,MISSING_VALUE,WARN,amount,175
2021-10-11,VWAP_OUT_OF_RANGE,ERROR,amount,2
2021-10-12,ADJ_FACTOR_CA_MISMATCH,WARN,fq_factor,1
2021-10-12,MISSING_VALUE,WARN,amount,175
2021-10-13,ADJ_FACTOR_CA_MISMATCH,WARN,fq_factor,7
2021-10-13,MISSING_VALUE,WARN,amount,175
2021-10-14,ADJ_FACTOR_CA_MISMATCH,WARN,fq_factor,3
2021-10-14,MISSING_VALUE,WARN,amount,175
2021-10-15,ADJ_FACTOR_CA_MISMATCH,WARN,fq_factor,2
2021-10-15,MISSING_VALUE,WARN,amount,175
2021-10-15,VWAP_OUT_OF_RANGE,ERROR,amount,2
2021-10-18,ADJ_FACTOR_CA_MISMATCH,WARN,fq_factor,6
2021-10-18,MISSING_VALUE,WARN,amount,175
2021-10-18,VWAP_OUT_OF_RANGE,ERROR,amount,2
2021-10-19,ADJ_FACTOR_CA_MISMATCH,WARN,fq_factor,2
2021-10-19,MISSING_VALUE,WARN,amount,175
2021-10-20,ADJ_FACTOR_CA_MISMATCH,WARN,fq_factor,2
2021-10-20,MISSING_VALUE,WARN,amount,175
2021-10-21,ADJ_FACTOR_CA_MISMATCH,WARN,fq_factor,5
2021-10-21,MISSING_VALUE,WARN,amount,175
2021-10-22,ADJ_FACTOR_CA_MISMATCH,WARN,fq_factor,4
2021-10-22,MISSING_VALUE,WARN,amount,174
2021-10-22,VWAP_OUT_OF_RANGE,ERROR,amount,1
2021-10-25,ADJ_FACTOR_CA_MISMATCH,WARN,fq_factor,3
2021-10-25,MISSING_VALUE,WARN,amount,174
2021-10-26,ADJ_FACTOR_CA_MISMATCH,WARN,fq_factor,2
2021-10-26,MISSING_VALUE,WARN,amount,174
2021-10-27,ADJ_FACTOR_CA_MISMATCH,WARN,fq_factor,1
2021-10-27,MISSING_VALUE,WARN,amount,174
2021-10-27,VWAP_OUT_OF_RANGE,ERROR,amount,1
2021-10-28,ADJ_FACTOR_CA_MISMATCH,WARN,fq_factor,2
2021-10-28,MISSING_VALUE,WARN,amount,173
2021-10-28,VWAP_OUT_OF_RANGE,ERROR,amount,1
2021-10-29,ADJ_FACTOR_CA_MISMATCH,WARN,fq_factor,1
2021-10-29,MISSING_VALUE,WARN,amount,173
2021-10-29,VWAP_OUT_OF_RANGE,ERROR,amount,1
2021-11-01,ADJ_FACTOR_CA_MISMATCH,WARN,fq_factor,1
2021-11-01,MISSING_VALUE,WARN,amount,173
2021-11-01,VWAP_OUT_OF_RANGE,ERROR,amount,3
2021-11-02,ADJ_FACTOR_CA_MISMATCH,WARN,fq_factor,2
2021-11-02,MISSING_VALUE,WARN,amount,173
2021-11-02,VWAP_OUT_OF_RANGE,ERROR,amount,1
2021-11-03,MISSING_VALUE,WARN,amount,173
2021-11-03,VWAP_OUT_OF_RANGE,ERROR,amount,1
2021-11-04,MISSING_VALUE,WARN,amount,173
2021-11-04,VWAP_OUT_OF_RANGE,ERROR,amount,2
2021-11-05,MISSING_VALUE,WARN,amount,173
2021-11-05,VWAP_OUT_OF_RANGE,ERROR,amount,2
2021-11-08,MISSING_VALUE,WARN,amount,173
2021-11-08,VWAP_OUT_OF_RANGE,ERROR,amount,5
2021-11-09,ADJ_FACTOR_CA_MISMATCH,WARN,fq_factor,3
2021-11-09,MISSING_VALUE,WARN,amount,172
2021-11-09,VWAP_OUT_OF_RANGE,ERROR,amount,3
2021-11-10,ADJ_FACTOR_CA_MISMATCH,WARN,fq_factor,1
2021-11-10,MISSING_VALUE,WARN,amount,172
2021-11-10,VWAP_OUT_OF_RANGE,ERROR,amount,3
2021-11-11,ADJ_FACTOR_CA_MISMATCH,WARN,fq_factor,1
2021-11-11,MISSING_VALUE,WARN,amount,172
2021-11-11,VWAP_OUT_OF_RANGE,ERROR,amount,1
2021-11-12,MISSING_VALUE,WARN,amount,173
2021-11-12,VWAP_OUT_OF_RANGE,ERROR,amount,1
2021-11-15,ADJ_FACTOR_CA_MISMATCH,WARN,fq_factor,1
2021-11-15,MISSING_VALUE,WARN,amount,173
2021-11-16,MISSING_VALUE,WARN,amount,173
2021-11-16,VWAP_OUT_OF_RANGE,ERROR,amount,1
2021-11-17,ADJ_FACTOR_CA_MISMATCH,WARN,fq_factor,2
2021-11-17,MISSING_VALUE,WARN,amount,171
2021-11-17,VWAP_OUT_OF_RANGE,ERROR,amount,1
2021-11-18,ADJ_FACTOR_CA_MISMATCH,WARN,fq_factor,1
2021-11-18,MISSING_VALUE,WARN,amount,173
2021-11-19,ADJ_FACTOR_CA_MISMATCH,WARN,fq_factor,1
2021-11-19,MISSING_VALUE,WARN,amount,173
2021-11-22,ADJ_FACTOR_CA_MISMATCH,WARN,fq_factor,1
2021-11-22,MISSING_VALUE,WARN,amount,173
2021-11-23,ADJ_FACTOR_CA_MISMATCH,WARN,fq_factor,2
2021-11-23,MISSING_VALUE,WARN,amount,173
2021-11-24,MISSING_VALUE,WARN,amount,173
2021-11-24,VWAP_OUT_OF_RANGE,ERROR,amount,1
2021-11-25,ADJ_FACTOR_CA_MISMATCH,WARN,fq_factor,4
2021-11-25,MISSING_VALUE,WARN,amount,173
2021-11-25,VWAP_OUT_OF_RANGE,ERROR,amount,1
2021-11-26,ADJ_FACTOR_CA_MISMATCH,WARN,fq_factor,1
2021-11-26,MISSING_VALUE,WARN,amount,173
2021-11-29,MISSING_VALUE,WARN,amount,173
2021-11-29,VWAP_OUT_OF_RANGE,ERROR,amount,1
2021-11-30,MISSING_VALUE,WARN,amount,173
2021-11-30,VWAP_OUT_OF_RANGE,ERROR,amount,1
2021-12-01,ADJ_FACTOR_CA_MISMATCH,WARN,fq_factor,1
2021-12-01,MISSING_VALUE,WARN,amount,173
2021-12-01,VWAP_OUT_OF_RANGE,ERROR,amount,3
2021-12-02,ADJ_FACTOR_CA_MISMATCH,WARN,fq_factor,1
2021-12-02,MISSING_VALUE,WARN,amount,172
2021-12-02,VWAP_OUT_OF_RANGE,ERROR,amount,2
2021-12-03,ADJ_FACTOR_CA_MISMATCH,WARN,fq_factor,3
2021-12-03,MISSING_VALUE,WARN,amount,172
2021-12-03,VWAP_OUT_OF_RANGE,ERROR,amount,1
2021-12-06,MISSING_VALUE,WARN,amount,172
2021-12-06,VWAP_OUT_OF_RANGE,ERROR,amount,3
2021-12-07,ADJ_FACTOR_CA_MISMATCH,WARN,fq_factor,1
2021-12-07,MISSING_VALUE,WARN,amount,172
2021-12-07,VWAP_OUT_OF_RANGE,ERROR,amount,1
2021-12-08,ADJ_FACTOR_CA_MISMATCH,WARN,fq_factor,1
2021-12-08,MISSING_VALUE,WARN,amount,172
2021-12-08,VWAP_OUT_OF_RANGE,ERROR,amount,1
2021-12-09,ADJ_FACTOR_CA_MISMATCH,WARN,fq_factor,3
2021-12-09,MISSING_VALUE,WARN,amount,173
2021-12-09,VWAP_OUT_OF_RANGE,ERROR,amount,1
2021-12-10,MISSING_VALUE,WARN,amount,173
2021-12-10,VWAP_OUT_OF_RANGE,ERROR,amount,2
2021-12-13,ADJ_FACTOR_CA_MISMATCH,WARN,fq_factor,1
2021-12-13,MISSING_VALUE,WARN,amount,173
2021-12-13,VWAP_OUT_OF_RANGE,ERROR,amount,4
2021-12-14,MISSING_VALUE,WARN,amount,173
2021-12-14,VWAP_OUT_OF_RANGE,ERROR,amount,3
2021-12-15,MISSING_VALUE,WARN,amount,173
2021-12-15,VWAP_OUT_OF_RANGE,ERROR,amount,2
2021-12-16,MISSING_VALUE,WARN,amount,173
2021-12-17,ADJ_FACTOR_CA_MISMATCH,WARN,fq_factor,3
2021-12-17,MISSING_VALUE,WARN,amount,172
2021-12-17,VWAP_OUT_OF_RANGE,ERROR,amount,2
2021-12-20,ADJ_FACTOR_CA_MISMATCH,WARN,fq_factor,1
2021-12-20,MISSING_VALUE,WARN,amount,172
2021-12-21,MISSING_VALUE,WARN,amount,172
2021-12-21,VWAP_OUT_OF_RANGE,ERROR,amount,4
2021-12-22,ADJ_FACTOR_CA_MISMATCH,WARN,fq_factor,1
2021-12-22,MISSING_VALUE,WARN,amount,172
2021-12-22,VWAP_OUT_OF_RANGE,ERROR,amount,3
2021-12-23,MISSING_VALUE,WARN,amount,172
2021-12-23,VWAP_OUT_OF_RANGE,ERROR,amount,2
2021-12-24,ADJ_FACTOR_CA_MISMATCH,WARN,fq_factor,1
2021-12-24,MISSING_VALUE,WARN,amount,172
2021-12-27,ADJ_FACTOR_CA_MISMATCH,WARN,fq_factor,1
2021-12-27,MISSING_VALUE,WARN,amount,172
2021-12-27,VWAP_OUT_OF_RANGE,ERROR,amount,5
2021-12-28,ADJ_FACTOR_CA_MISMATCH,WARN,fq_factor,1
2021-12-28,MISSING_VALUE,WARN,amount,172
2021-12-28,VWAP_OUT_OF_RANGE,ERROR,amount,2
2021-12-29,MISSING_VALUE,WARN,amount,172
2021-12-29,VWAP_OUT_OF_RANGE,ERROR,amount,2
2021-12-30,ADJ_FACTOR_CA_MISMATCH,WARN,fq_factor,2
2021-12-30,MISSING_VALUE,WARN,amount,172
2021-12-30,VWAP_OUT_OF_RANGE,ERROR,amount,1
2021-12-31,MISSING_VALUE,WARN,amount,172
2021-12-31,VWAP_OUT_OF_RANGE,ERROR,amount,2
2022-01-04,MISSING_VALUE,WARN,amount,172
2022-01-04,VWAP_OUT_OF_RANGE,ERROR,amount,2
2022-01-05,MISSING_VALUE,WARN,amount,172
2022-01-05,VWAP_OUT_OF_RANGE,ERROR,amount,1
2022-01-06,MISSING_VALUE,WARN,amount,172
2022-01-06,VWAP_OUT_OF_RANGE,ERROR,amount,2
2022-01-07,MISSING_VALUE,WARN,amount,172
2022-01-07,VWAP_OUT_OF_RANGE,ERROR,amount,1
2022-01-10,MISSING_VALUE,WARN,amount,172
2022-01-10,VWAP_OUT_OF_RANGE,ERROR,amount,1
2022-01-11,MISSING_VALUE,WARN,amount,172
2022-01-11,VWAP_OUT_OF_RANGE,ERROR,amount,2
2022-01-12,MISSING_VALUE,WARN,amount,172
2022-01-13,MISSING_VALUE,WARN,amount,172
2022-01-13,VWAP_OUT_OF_RANGE,ERROR,amount,1
2022-01-14,MISSING_VALUE,WARN,amount,172
2022-01-17,MISSING_VALUE,WARN,amount,172
2022-01-17,VWAP_OUT_OF_RANGE,ERROR,amount,1
2022-01-18,MISSING_VALUE,WARN,amount,172
2022-01-18,VWAP_OUT_OF_RANGE,ERROR,amount,1
2022-01-19,MISSING_VALUE,WARN,amount,172
2022-01-19,VWAP_OUT_OF_RANGE,ERROR,amount,1
2022-01-20,ADJ_FACTOR_CA_MISMATCH,WARN,fq_factor,1
2022-01-20,MISSING_VALUE,WARN,amount,172
2022-01-21,MISSING_VALUE,WARN,amount,172
2022-01-24,MISSING_VALUE,WARN,amount,172
2022-01-25,MISSING_VALUE,WARN,amount,172
2022-01-25,VWAP_OUT_OF_RANGE,ERROR,amount,1
2022-01-26,ADJ_FACTOR_CA_MISMATCH,WARN,fq_factor,2
2022-01-26,MISSING_VALUE,WARN,amount,172
2022-01-26,VWAP_OUT_OF_RANGE,ERROR,amount,1
2022-01-27,MISSING_VALUE,WARN,amount,172
2022-01-27,VWAP_OUT_OF_RANGE,ERROR,amount,1
2022-01-28,MISSING_VALUE,WARN,amount,172
2022-01-28,VWAP_OUT_OF_RANGE,ERROR,amount,1
2022-02-07,MISSING_VALUE,WARN,amount,172
2022-02-08,MISSING_VALUE,WARN,amount,172
2022-02-08,VWAP_OUT_OF_RANGE,ERROR,amount,2
2022-02-09,MISSING_VALUE,WARN,amount,172
2022-02-09,VWAP_OUT_OF_RANGE,ERROR,amount,1
2022-02-10,MISSING_VALUE,WARN,amount,172
2022-02-10,VWAP_OUT_OF_RANGE,ERROR,amount,1
2022-02-11,MISSING_VALUE,WARN,amount,172
2022-02-11,VWAP_OUT_OF_RANGE,ERROR,amount,1
2022-02-14,MISSING_VALUE,WARN,amount,172
2022-02-15,ADJ_NEGATIVE,ERROR,adj_factor,1
2022-02-15,MISSING_VALUE,WARN,amount,172
2022-02-16,ADJ_NEGATIVE,ERROR,adj_factor,1
2022-02-16,MISSING_VALUE,WARN,amount,172
2022-02-17,ADJ_NEGATIVE,ERROR,adj_factor,1
2022-02-17,MISSING_VALUE,WARN,amount,172
2022-02-17,VWAP_OUT_OF_RANGE,ERROR,amount,1
2022-02-18,ADJ_NEGATIVE,ERROR,adj_factor,1
2022-02-18,MISSING_VALUE,WARN,amount,172
2022-02-18,VWAP_OUT_OF_RANGE,ERROR,amount,3
2022-02-21,ADJ_NEGATIVE,ERROR,adj_factor,1
2022-02-21,MISSING_VALUE,WARN,amount,172
2022-02-21,VWAP_OUT_OF_RANGE,ERROR,amount,3
2022-02-22,ADJ_NEGATIVE,ERROR,adj_factor,1
2022-02-22,MISSING_VALUE,WARN,amount,172
2022-02-22,VWAP_OUT_OF_RANGE,ERROR,amount,2
2022-02-23,MISSING_VALUE,WARN,amount,172
2022-02-24,MISSING_VALUE,WARN,amount,172
2022-02-25,MISSING_VALUE,WARN,amount,172
2022-02-25,VWAP_OUT_OF_RANGE,ERROR,amount,1
2022-02-28,MISSING_VALUE,WARN,amount,171
2022-03-01,MISSING_VALUE,WARN,amount,171
2022-03-02,MISSING_VALUE,WARN,amount,171
2022-03-03,MISSING_VALUE,WARN,amount,170
2022-03-04,MISSING_VALUE,WARN,amount,170
2022-03-07,MISSING_VALUE,WARN,amount,170
2022-03-07,VWAP_OUT_OF_RANGE,ERROR,amount,1
2022-03-08,ADJ_FACTOR_CA_MISMATCH,WARN,fq_factor,1
2022-03-08,MISSING_VALUE,WARN,amount,169
2022-03-08,VWAP_OUT_OF_RANGE,ERROR,amount,2
2022-03-09,MISSING_VALUE,WARN,amount,169
2022-03-10,MISSING_VALUE,WARN,amount,169
2022-03-10,VWAP_OUT_OF_RANGE,ERROR,amount,2
2022-03-11,MISSING_VALUE,WARN,amount,169
2022-03-14,ADJ_FACTOR_CA_MISMATCH,WARN,fq_factor,1
2022-03-14,MISSING_VALUE,WARN,amount,170
2022-03-14,VWAP_OUT_OF_RANGE,ERROR,amount,1
2022-03-15,MISSING_VALUE,WARN,amount,171
2022-03-16,ADJ_FACTOR_CA_MISMATCH,WARN,fq_factor,1
2022-03-16,MISSING_VALUE,WARN,amount,171
2022-03-16,VWAP_OUT_OF_RANGE,ERROR,amount,1
2022-03-17,MISSING_VALUE,WARN,amount,171
2022-03-18,MISSING_VALUE,WARN,amount,171
2022-03-21,MISSING_VALUE,WARN,amount,171
2022-03-22,MISSING_VALUE,WARN,amount,171
2022-03-23,MISSING_VALUE,WARN,amount,171
2022-03-24,MISSING_VALUE,WARN,amount,170
2022-03-24,VWAP_OUT_OF_RANGE,ERROR,amount,2
2022-03-25,MISSING_VALUE,WARN,amount,170
2022-03-28,MISSING_VALUE,WARN,amount,170
2022-03-28,VWAP_OUT_OF_RANGE,ERROR,amount,1
2022-03-29,ADJ_FACTOR_CA_MISMATCH,WARN,fq_factor,1
2022-03-29,MISSING_VALUE,WARN,amount,170
2022-03-29,VWAP_OUT_OF_RANGE,ERROR,amount,2
2022-03-30,ADJ_FACTOR_CA_MISMATCH,WARN,fq_factor,3
2022-03-30,MISSING_VALUE,WARN,amount,171
2022-03-31,ADJ_FACTOR_CA_MISMATCH,WARN,fq_factor,2
2022-03-31,MISSING_VALUE,WARN,amount,168
2022-04-01,ADJ_FACTOR_CA_MISMATCH,WARN,fq_factor,1
2022-04-01,MISSING_VALUE,WARN,amount,167
2022-04-06,ADJ_FACTOR_CA_MISMATCH,WARN,fq_factor,2
2022-04-06,MISSING_VALUE,WARN,amount,167
2022-04-06,VWAP_OUT_OF_RANGE,ERROR,amount,2
2022-04-07,ADJ_FACTOR_CA_MISMATCH,WARN,fq_factor,2
2022-04-07,MISSING_VALUE,WARN,amount,166
2022-04-07,VWAP_OUT_OF_RANGE,ERROR,amount,1
2022-04-08,ADJ_FACTOR_CA_MISMATCH,WARN,fq_factor,3
2022-04-08,MISSING_VALUE,WARN,amount,167
2022-04-11,MISSING_VALUE,WARN,amount,167
2022-04-12,ADJ_FACTOR_CA_MISMATCH,WARN,fq_factor,1
2022-04-12,MISSING_VALUE,WARN,amount,166
2022-04-13,ADJ_FACTOR_CA_MISMATCH,WARN,fq_factor,3
2022-04-13,MISSING_VALUE,WARN,amount,166
2022-04-14,ADJ_FACTOR_CA_MISMATCH,WARN,fq_factor,3
2022-04-14,MISSING_VALUE,WARN,amount,166
2022-04-15,ADJ_FACTOR_CA_MISMATCH,WARN,fq_factor,2
2022-04-15,MISSING_VALUE,WARN,amount,166
2022-04-18,ADJ_FACTOR_CA_MISMATCH,WARN,fq_factor,6
2022-04-18,MISSING_VALUE,WARN,amount,166
2022-04-19,ADJ_FACTOR_CA_MISMATCH,WARN,fq_factor,6
2022-04-19,MISSING_VALUE,WARN,amount,164
2022-04-20,ADJ_FACTOR_CA_MISMATCH,WARN,fq_factor,7
2022-04-20,MISSING_VALUE,WARN,amount,165
2022-04-21,ADJ_FACTOR_CA_MISMATCH,WARN,fq_factor,5
2022-04-21,MISSING_VALUE,WARN,amount,166
2022-04-22,ADJ_FACTOR_CA_MISMATCH,WARN,fq_factor,7
2022-04-22,MISSING_VALUE,WARN,amount,166
2022-04-25,ADJ_FACTOR_CA_MISMATCH,WARN,fq_factor,7
2022-04-25,MISSING_VALUE,WARN,amount,167
2022-04-26,ADJ_FACTOR_CA_MISMATCH,WARN,fq_factor,8
2022-04-26,MISSING_VALUE,WARN,amount,165
2022-04-26,VWAP_OUT_OF_RANGE,ERROR,amount,4
2022-04-27,ADJ_FACTOR_CA_MISMATCH,WARN,fq_factor,13
2022-04-27,MISSING_VALUE,WARN,amount,164
2022-04-28,ADJ_FACTOR_CA_MISMATCH,WARN,fq_factor,11
2022-04-28,MISSING_VALUE,WARN,amount,159
2022-04-28,VWAP_OUT_OF_RANGE,ERROR,amount,1
2022-04-29,ADJ_FACTOR_CA_MISMATCH,WARN,fq_factor,31
2022-04-29,MISSING_VALUE,WARN,amount,153
2022-05-05,ADJ_FACTOR_CA_MISMATCH,WARN,fq_factor,12
2022-05-05,MISSING_VALUE,WARN,amount,117
2022-05-06,ADJ_FACTOR_CA_MISMATCH,WARN,fq_factor,8
2022-05-06,MISSING_VALUE,WARN,amount,129
2022-05-09,ADJ_FACTOR_CA_MISMATCH,WARN,fq_factor,16
2022-05-09,MISSING_VALUE,WARN,amount,129
2022-05-09,VWAP_OUT_OF_RANGE,ERROR,amount,1
2022-05-10,ADJ_FACTOR_CA_MISMATCH,WARN,fq_factor,15
2022-05-10,MISSING_VALUE,WARN,amount,128
2022-05-10,VWAP_OUT_OF_RANGE,ERROR,amount,1
2022-05-11,ADJ_FACTOR_CA_MISMATCH,WARN,fq_factor,14
2022-05-11,MISSING_VALUE,WARN,amount,129
2022-05-12,ADJ_FACTOR_CA_MISMATCH,WARN,fq_factor,16
2022-05-12,MISSING_VALUE,WARN,amount,129
2022-05-13,ADJ_FACTOR_CA_MISMATCH,WARN,fq_factor,26
2022-05-13,MISSING_VALUE,WARN,amount,129
2022-05-16,ADJ_FACTOR_CA_MISMATCH,WARN,fq_factor,22
2022-05-16,MISSING_VALUE,WARN,amount,129
2022-05-17,ADJ_FACTOR_CA_MISMATCH,WARN,fq_factor,30
2022-05-17,MISSING_VALUE,WARN,amount,131
2022-05-17,VWAP_OUT_OF_RANGE,ERROR,amount,1
2022-05-18,ADJ_FACTOR_CA_MISMATCH,WARN,fq_factor,26
2022-05-18,MISSING_VALUE,WARN,amount,129
2022-05-19,ADJ_FACTOR_CA_MISMATCH,WARN,fq_factor,41
2022-05-19,MISSING_VALUE,WARN,amount,129
2022-05-19,VWAP_OUT_OF_RANGE,ERROR,amount,1
2022-05-20,ADJ_FACTOR_CA_MISMATCH,WARN,fq_factor,40
2022-05-20,MISSING_VALUE,WARN,amount,129
2022-05-23,ADJ_FACTOR_CA_MISMATCH,WARN,fq_factor,23
2022-05-23,MISSING_VALUE,WARN,amount,127
2022-05-24,ADJ_FACTOR_CA_MISMATCH,WARN,fq_factor,42
2022-05-24,MISSING_VALUE,WARN,amount,125
2022-05-24,VWAP_OUT_OF_RANGE,ERROR,amount,1
2022-05-25,ADJ_FACTOR_CA_MISMATCH,WARN,fq_factor,51
2022-05-25,MISSING_VALUE,WARN,amount,132
2022-05-26,ADJ_FACTOR_CA_MISMATCH,WARN,fq_factor,70
2022-05-26,MISSING_VALUE,WARN,amount,134
2022-05-26,VWAP_OUT_OF_RANGE,ERROR,amount,2
2022-05-27,ADJ_FACTOR_CA_MISMATCH,WARN,fq_factor,102
2022-05-27,MISSING_VALUE,WARN,amount,133
2022-05-30,ADJ_FACTOR_CA_MISMATCH,WARN,fq_factor,59
2022-05-30,MISSING_VALUE,WARN,amount,133
2022-05-31,ADJ_FACTOR_CA_MISMATCH,WARN,fq_factor,79
2022-05-31,MISSING_VALUE,WARN,amount,137
2022-05-31,VWAP_OUT_OF_RANGE,ERROR,amount,1
2022-06-01,ADJ_FACTOR_CA_MISMATCH,WARN,fq_factor,66
2022-06-01,MISSING_VALUE,WARN,amount,139
2022-06-02,ADJ_FACTOR_CA_MISMATCH,WARN,fq_factor,84
2022-06-02,MISSING_VALUE,WARN,amount,140
2022-06-02,VWAP_OUT_OF_RANGE,ERROR,amount,1
2022-06-06,ADJ_FACTOR_CA_MISMATCH,WARN,fq_factor,39
2022-06-06,MISSING_VALUE,WARN,amount,145
2022-06-07,ADJ_FACTOR_CA_MISMATCH,WARN,fq_factor,38
2022-06-07,MISSING_VALUE,WARN,amount,147
2022-06-07,VWAP_OUT_OF_RANGE,ERROR,amount,3
2022-06-08,ADJ_FACTOR_CA_MISMATCH,WARN,fq_factor,73
2022-06-08,MISSING_VALUE,WARN,amount,147
2022-06-09,ADJ_FACTOR_CA_MISMATCH,WARN,fq_factor,49
2022-06-09,MISSING_VALUE,WARN,amount,149
2022-06-09,VWAP_OUT_OF_RANGE,ERROR,amount,3
2022-06-10,ADJ_FACTOR_CA_MISMATCH,WARN,fq_factor,94
2022-06-10,MISSING_VALUE,WARN,amount,151
2022-06-13,ADJ_FACTOR_CA_MISMATCH,WARN,fq_factor,51
2022-06-13,MISSING_VALUE,WARN,amount,155
2022-06-13,VWAP_OUT_OF_RANGE,ERROR,amount,1
2022-06-14,ADJ_FACTOR_CA_MISMATCH,WARN,fq_factor,36
2022-06-14,MISSING_VALUE,WARN,amount,154
2022-06-14,VWAP_OUT_OF_RANGE,ERROR,amount,1
2022-06-15,ADJ_FACTOR_CA_MISMATCH,WARN,fq_factor,61
2022-06-15,MISSING_VALUE,WARN,amount,155
2022-06-15,VWAP_OUT_OF_RANGE,ERROR,amount,2
2022-06-16,ADJ_FACTOR_CA_MISMATCH,WARN,fq_factor,93
2022-06-16,MISSING_VALUE,WARN,amount,151
2022-06-16,VWAP_OUT_OF_RANGE,ERROR,amount,3
2022-06-17,ADJ_FACTOR_CA_MISMATCH,WARN,fq_factor,84
2022-06-17,MISSING_VALUE,WARN,amount,148
2022-06-20,ADJ_FACTOR_CA_MISMATCH,WARN,fq_factor,35
2022-06-20,MISSING_VALUE,WARN,amount,148
2022-06-20,VWAP_OUT_OF_RANGE,ERROR,amount,2
2022-06-21,ADJ_FACTOR_CA_MISMATCH,WARN,fq_factor,50
2022-06-21,MISSING_VALUE,WARN,amount,149
2022-06-21,VWAP_OUT_OF_RANGE,ERROR,amount,1
2022-06-22,ADJ_FACTOR_CA_MISMATCH,WARN,fq_factor,35
2022-06-22,MISSING_VALUE,WARN,amount,146
2022-06-22,VWAP_OUT_OF_RANGE,ERROR,amount,2
2022-06-23,ADJ_FACTOR_CA_MISMATCH,WARN,fq_factor,59
2022-06-23,MISSING_VALUE,WARN,amount,144
2022-06-23,VWAP_OUT_OF_RANGE,ERROR,amount,1
2022-06-24,ADJ_FACTOR_CA_MISMATCH,WARN,fq_factor,65
2022-06-24,MISSING_VALUE,WARN,amount,142
2022-06-24,VWAP_OUT_OF_RANGE,ERROR,amount,1
2022-06-27,ADJ_FACTOR_CA_MISMATCH,WARN,fq_factor,25
2022-06-27,MISSING_VALUE,WARN,amount,138
2022-06-27,VWAP_OUT_OF_RANGE,ERROR,amount,1
2022-06-28,ADJ_FACTOR_CA_MISMATCH,WARN,fq_factor,48
2022-06-28,MISSING_VALUE,WARN,amount,136
2022-06-28,VWAP_OUT_OF_RANGE,ERROR,amount,3
2022-06-29,ADJ_FACTOR_CA_MISMATCH,WARN,fq_factor,65
2022-06-29,MISSING_VALUE,WARN,amount,134
2022-06-29,VWAP_OUT_OF_RANGE,ERROR,amount,2
2022-06-30,ADJ_FACTOR_CA_MISMATCH,WARN,fq_factor,52
2022-06-30,MISSING_VALUE,WARN,amount,134
2022-06-30,VWAP_OUT_OF_RANGE,ERROR,amount,1
2022-07-01,ADJ_FACTOR_CA_MISMATCH,WARN,fq_factor,18
2022-07-01,MISSING_VALUE,WARN,amount,135
2022-07-01,VWAP_OUT_OF_RANGE,ERROR,amount,1
2022-07-04,ADJ_FACTOR_CA_MISMATCH,WARN,fq_factor,18
2022-07-04,MISSING_VALUE,WARN,amount,133
2022-07-04,VWAP_OUT_OF_RANGE,ERROR,amount,1
2022-07-05,ADJ_FACTOR_CA_MISMATCH,WARN,fq_factor,33
2022-07-05,MISSING_VALUE,WARN,amount,133
2022-07-05,VWAP_OUT_OF_RANGE,ERROR,amount,1
2022-07-06,ADJ_FACTOR_CA_MISMATCH,WARN,fq_factor,59
2022-07-06,MISSING_VALUE,WARN,amount,133
2022-07-06,VWAP_OUT_OF_RANGE,ERROR,amount,1
2022-07-07,ADJ_FACTOR_CA_MISMATCH,WARN,fq_factor,59
2022-07-07,MISSING_VALUE,WARN,amount,132
2022-07-07,VWAP_OUT_OF_RANGE,ERROR,amount,2
2022-07-08,ADJ_FACTOR_CA_MISMATCH,WARN,fq_factor,68
2022-07-08,MISSING_VALUE,WARN,amount,132
2022-07-08,VWAP_OUT_OF_RANGE,ERROR,amount,1
2022-07-11,ADJ_FACTOR_CA_MISMATCH,WARN,fq_factor,31
2022-07-11,MISSING_VALUE,WARN,amount,131
2022-07-11,VWAP_OUT_OF_RANGE,ERROR,amount,3
2022-07-12,ADJ_FACTOR_CA_MISMATCH,WARN,fq_factor,28
2022-07-12,MISSING_VALUE,WARN,amount,131
2022-07-12,VWAP_OUT_OF_RANGE,ERROR,amount,4
2022-07-13,ADJ_FACTOR_CA_MISMATCH,WARN,fq_factor,48
2022-07-13,MISSING_VALUE,WARN,amount,131
2022-07-13,VWAP_OUT_OF_RANGE,ERROR,amount,1
2022-07-14,ADJ_FACTOR_CA_MISMATCH,WARN,fq_factor,41
2022-07-14,MISSING_VALUE,WARN,amount,132
2022-07-14,VWAP_OUT_OF_RANGE,ERROR,amount,2
2022-07-15,ADJ_FACTOR_CA_MISMATCH,WARN,fq_factor,69
2022-07-15,MISSING_VALUE,WARN,amount,132
2022-07-15,VWAP_OUT_OF_RANGE,ERROR,amount,1
2022-07-18,ADJ_FACTOR_CA_MISMATCH,WARN,fq_factor,26
2022-07-18,MISSING_VALUE,WARN,amount,132
2022-07-19,ADJ_FACTOR_CA_MISMATCH,WARN,fq_factor,25
2022-07-19,MISSING_VALUE,WARN,amount,130
2022-07-19,VWAP_OUT_OF_RANGE,ERROR,amount,1
2022-07-20,ADJ_FACTOR_CA_MISMATCH,WARN,fq_factor,22
2022-07-20,MISSING_VALUE,WARN,amount,130
2022-07-21,ADJ_FACTOR_CA_MISMATCH,WARN,fq_factor,26
2022-07-21,MISSING_VALUE,WARN,amount,130
2022-07-21,VWAP_OUT_OF_RANGE,ERROR,amount,1
2022-07-22,ADJ_FACTOR_CA_MISMATCH,WARN,fq_factor,21
2022-07-22,MISSING_VALUE,WARN,amount,130
2022-07-22,VWAP_OUT_OF_RANGE,ERROR,amount,2
2022-07-25,ADJ_FACTOR_CA_MISMATCH,WARN,fq_factor,6
2022-07-25,MISSING_VALUE,WARN,amount,129
2022-07-25,VWAP_OUT_OF_RANGE,ERROR,amount,2
2022-07-26,ADJ_FACTOR_CA_MISMATCH,WARN,fq_factor,10
2022-07-26,MISSING_VALUE,WARN,amount,129
2022-07-26,VWAP_OUT_OF_RANGE,ERROR,amount,1
2022-07-27,ADJ_FACTOR_CA_MISMATCH,WARN,fq_factor,12
2022-07-27,MISSING_VALUE,WARN,amount,129
2022-07-27,VWAP_OUT_OF_RANGE,ERROR,amount,2
2022-07-28,ADJ_FACTOR_CA_MISMATCH,WARN,fq_factor,19
2022-07-28,MISSING_VALUE,WARN,amount,129
2022-07-28,VWAP_OUT_OF_RANGE,ERROR,amount,1
2022-07-29,ADJ_FACTOR_CA_MISMATCH,WARN,fq_factor,19
2022-07-29,MISSING_VALUE,WARN,amount,129
2022-08-01,ADJ_FACTOR_CA_MISMATCH,WARN,fq_factor,7
2022-08-01,MISSING_VALUE,WARN,amount,130
2022-08-01,VWAP_OUT_OF_RANGE,ERROR,amount,1
2022-08-02,ADJ_FACTOR_CA_MISMATCH,WARN,fq_factor,2
2022-08-02,MISSING_VALUE,WARN,amount,131
2022-08-02,VWAP_OUT_OF_RANGE,ERROR,amount,1
2022-08-03,ADJ_FACTOR_CA_MISMATCH,WARN,fq_factor,5
2022-08-03,MISSING_VALUE,WARN,amount,131
2022-08-03,VWAP_OUT_OF_RANGE,ERROR,amount,1
2022-08-04,ADJ_FACTOR_CA_MISMATCH,WARN,fq_factor,4
2022-08-04,MISSING_VALUE,WARN,amount,131
2022-08-04,VWAP_OUT_OF_RANGE,ERROR,amount,1
2022-08-05,ADJ_FACTOR_CA_MISMATCH,WARN,fq_factor,17
2022-08-05,MISSING_VALUE,WARN,amount,130
2022-08-05,VWAP_OUT_OF_RANGE,ERROR,amount,3
2022-08-08,ADJ_FACTOR_CA_MISMATCH,WARN,fq_factor,4
2022-08-08,MISSING_VALUE,WARN,amount,131
2022-08-08,VWAP_OUT_OF_RANGE,ERROR,amount,1
2022-08-09,ADJ_FACTOR_CA_MISMATCH,WARN,fq_factor,6
2022-08-09,MISSING_VALUE,WARN,amount,131
2022-08-09,VWAP_OUT_OF_RANGE,ERROR,amount,1
2022-08-10,ADJ_FACTOR_CA_MISMATCH,WARN,fq_factor,6
2022-08-10,MISSING_VALUE,WARN,amount,131
2022-08-11,ADJ_FACTOR_CA_MISMATCH,WARN,fq_factor,7
2022-08-11,MISSING_VALUE,WARN,amount,130
2022-08-12,ADJ_FACTOR_CA_MISMATCH,WARN,fq_factor,9
2022-08-12,MISSING_VALUE,WARN,amount,130
2022-08-12,VWAP_OUT_OF_RANGE,ERROR,amount,2
2022-08-15,ADJ_FACTOR_CA_MISMATCH,WARN,fq_factor,5
2022-08-15,MISSING_VALUE,WARN,amount,129
2022-08-15,VWAP_OUT_OF_RANGE,ERROR,amount,1
2022-08-16,ADJ_FACTOR_CA_MISMATCH,WARN,fq_factor,6
2022-08-16,MISSING_VALUE,WARN,amount,131
2022-08-16,VWAP_OUT_OF_RANGE,ERROR,amount,2
2022-08-17,ADJ_FACTOR_CA_MISMATCH,WARN,fq_factor,6
2022-08-17,MISSING_VALUE,WARN,amount,131
2022-08-17,VWAP_OUT_OF_RANGE,ERROR,amount,1
2022-08-18,ADJ_FACTOR_CA_MISMATCH,WARN,fq_factor,11
2022-08-18,MISSING_VALUE,WARN,amount,131
2022-08-18,VWAP_OUT_OF_RANGE,ERROR,amount,1
2022-08-19,ADJ_FACTOR_CA_MISMATCH,WARN,fq_factor,16
2022-08-19,MISSING_VALUE,WARN,amount,131
2022-08-19,VWAP_OUT_OF_RANGE,ERROR,amount,2
2022-08-22,ADJ_FACTOR_CA_MISMATCH,WARN,fq_factor,3
2022-08-22,MISSING_VALUE,WARN,amount,131
2022-08-23,ADJ_FACTOR_CA_MISMATCH,WARN,fq_factor,6
2022-08-23,MISSING_VALUE,WARN,amount,131
2022-08-23,VWAP_OUT_OF_RANGE,ERROR,amount,1
2022-08-24,ADJ_FACTOR_CA_MISMATCH,WARN,fq_factor,4
2022-08-24,MISSING_VALUE,WARN,amount,131
2022-08-25,ADJ_FACTOR_CA_MISMATCH,WARN,fq_factor,10
2022-08-25,MISSING_VALUE,WARN,amount,131
2022-08-25,VWAP_OUT_OF_RANGE,ERROR,amount,1
2022-08-26,ADJ_FACTOR_CA_MISMATCH,WARN,fq_factor,10
2022-08-26,MISSING_VALUE,WARN,amount,131
2022-08-26,VWAP_OUT_OF_RANGE,ERROR,amount,1
2022-08-29,ADJ_FACTOR_CA_MISMATCH,WARN,fq_factor,4
2022-08-29,MISSING_VALUE,WARN,amount,131
2022-08-29,VWAP_OUT_OF_RANGE,ERROR,amount,1
2022-08-30,ADJ_FACTOR_CA_MISMATCH,WARN,fq_factor,2
2022-08-30,MISSING_VALUE,WARN,amount,131
2022-08-30,VWAP_OUT_OF_RANGE,ERROR,amount,1
2022-08-31,ADJ_FACTOR_CA_MISMATCH,WARN,fq_factor,2
2022-08-31,MISSING_VALUE,WARN,amount,131
2022-08-31,VWAP_OUT_OF_RANGE,ERROR,amount,2
2022-09-01,MISSING_VALUE,WARN,amount,130
2022-09-01,VWAP_OUT_OF_RANGE,ERROR,amount,1
2022-09-02,MISSING_VALUE,WARN,amount,131
2022-09-02,VWAP_OUT_OF_RANGE,ERROR,amount,3
2022-09-05,ADJ_FACTOR_CA_MISMATCH,WARN,fq_factor,1
2022-09-05,MISSING_VALUE,WARN,amount,131
2022-09-05,VWAP_OUT_OF_RANGE,ERROR,amount,2
2022-09-06,ADJ_FACTOR_CA_MISMATCH,WARN,fq_factor,1
2022-09-06,MISSING_VALUE,WARN,amount,131
2022-09-06,VWAP_OUT_OF_RANGE,ERROR,amount,1
2022-09-07,MISSING_VALUE,WARN,amount,131
2022-09-07,VWAP_OUT_OF_RANGE,ERROR,amount,3
2022-09-08,ADJ_FACTOR_CA_MISMATCH,WARN,fq_factor,2
2022-09-08,MISSING_VALUE,WARN,amount,131
2022-09-08,VWAP_OUT_OF_RANGE,ERROR,amount,2
2022-09-09,ADJ_FACTOR_CA_MISMATCH,WARN,fq_factor,3
2022-09-09,MISSING_VALUE,WARN,amount,131
2022-09-09,VWAP_OUT_OF_RANGE,ERROR,amount,1
2022-09-13,ADJ_FACTOR_CA_MISMATCH,WARN,fq_factor,2
2022-09-13,MISSING_VALUE,WARN,amount,130
2022-09-13,VWAP_OUT_OF_RANGE,ERROR,amount,1
2022-09-14,MISSING_VALUE,WARN,amount,130
2022-09-14,VWAP_OUT_OF_RANGE,ERROR,amount,2
2022-09-15,ADJ_FACTOR_CA_MISMATCH,WARN,fq_factor,3
2022-09-15,MISSING_VALUE,WARN,amount,131
2022-09-15,VWAP_OUT_OF_RANGE,ERROR,amount,3
2022-09-16,ADJ_FACTOR_CA_MISMATCH,WARN,fq_factor,1
2022-09-16,MISSING_VALUE,WARN,amount,131
2022-09-16,VWAP_OUT_OF_RANGE,ERROR,amount,1
2022-09-19,ADJ_FACTOR_CA_MISMATCH,WARN,fq_factor,2
2022-09-19,MISSING_VALUE,WARN,amount,131
2022-09-19,VWAP_OUT_OF_RANGE,ERROR,amount,1
2022-09-20,ADJ_FACTOR_CA_MISMATCH,WARN,fq_factor,1
2022-09-20,MISSING_VALUE,WARN,amount,131
2022-09-21,ADJ_FACTOR_CA_MISMATCH,WARN,fq_factor,3
2022-09-21,MISSING_VALUE,WARN,amount,131
2022-09-22,ADJ_FACTOR_CA_MISMATCH,WARN,fq_factor,8
2022-09-22,MISSING_VALUE,WARN,amount,131
2022-09-22,VWAP_OUT_OF_RANGE,ERROR,amount,2
2022-09-23,ADJ_FACTOR_CA_MISMATCH,WARN,fq_factor,8
2022-09-23,MISSING_VALUE,WARN,amount,131
2022-09-23,VWAP_OUT_OF_RANGE,ERROR,amount,1
2022-09-26,ADJ_FACTOR_CA_MISMATCH,WARN,fq_factor,3
2022-09-26,MISSING_VALUE,WARN,amount,131
2022-09-26,VWAP_OUT_OF_RANGE,ERROR,amount,2
2022-09-27,ADJ_FACTOR_CA_MISMATCH,WARN,fq_factor,7
2022-09-27,MISSING_VALUE,WARN,amount,130
2022-09-28,ADJ_FACTOR_CA_MISMATCH,WARN,fq_factor,6
2022-09-28,MISSING_VALUE,WARN,amount,131
2022-09-28,VWAP_OUT_OF_RANGE,ERROR,amount,3
2022-09-29,ADJ_FACTOR_CA_MISMATCH,WARN,fq_factor,6
2022-09-29,MISSING_VALUE,WARN,amount,131
2022-09-29,VWAP_OUT_OF_RANGE,ERROR,amount,3
2022-09-30,ADJ_FACTOR_CA_MISMATCH,WARN,fq_factor,5
2022-09-30,MISSING_VALUE,WARN,amount,131
2022-09-30,VWAP_OUT_OF_RANGE,ERROR,amount,1
2022-10-10,MISSING_VALUE,WARN,amount,131
2022-10-10,VWAP_OUT_OF_RANGE,ERROR,amount,1
2022-10-11,MISSING_VALUE,WARN,amount,131
2022-10-11,VWAP_OUT_OF_RANGE,ERROR,amount,1
2022-10-12,ADJ_FACTOR_CA_MISMATCH,WARN,fq_factor,1
2022-10-12,MISSING_VALUE,WARN,amount,131
2022-10-13,ADJ_FACTOR_CA_MISMATCH,WARN,fq_factor,4
2022-10-13,MISSING_VALUE,WARN,amount,131
2022-10-13,VWAP_OUT_OF_RANGE,ERROR,amount,1
2022-10-14,ADJ_FACTOR_CA_MISMATCH,WARN,fq_factor,1
2022-10-14,MISSING_VALUE,WARN,amount,131
2022-10-14,VWAP_OUT_OF_RANGE,ERROR,amount,1
2022-10-17,MISSING_VALUE,WARN,amount,131
2022-10-18,ADJ_FACTOR_CA_MISMATCH,WARN,fq_factor,3
2022-10-18,MISSING_VALUE,WARN,amount,131
2022-10-18,VWAP_OUT_OF_RANGE,ERROR,amount,2
2022-10-19,ADJ_FACTOR_CA_MISMATCH,WARN,fq_factor,4
2022-10-19,MISSING_VALUE,WARN,amount,131
2022-10-20,ADJ_FACTOR_CA_MISMATCH,WARN,fq_factor,2
2022-10-20,MISSING_VALUE,WARN,amount,131
2022-10-21,ADJ_FACTOR_CA_MISMATCH,WARN,fq_factor,1
2022-10-21,MISSING_VALUE,WARN,amount,131
2022-10-21,VWAP_OUT_OF_RANGE,ERROR,amount,1
2022-10-24,MISSING_VALUE,WARN,amount,131
2022-10-24,VWAP_OUT_OF_RANGE,ERROR,amount,1
2022-10-25,ADJ_FACTOR_CA_MISMATCH,WARN,fq_factor,2
2022-10-25,MISSING_VALUE,WARN,amount,130
2022-10-25,VWAP_OUT_OF_RANGE,ERROR,amount,1
2022-10-26,ADJ_FACTOR_CA_MISMATCH,WARN,fq_factor,4
2022-10-26,MISSING_VALUE,WARN,amount,130
2022-10-26,VWAP_OUT_OF_RANGE,ERROR,amount,1
2022-10-27,MISSING_VALUE,WARN,amount,130
2022-10-27,VWAP_OUT_OF_RANGE,ERROR,amount,2
2022-10-28,ADJ_FACTOR_CA_MISMATCH,WARN,fq_factor,1
2022-10-28,MISSING_VALUE,WARN,amount,130
2022-10-28,VWAP_OUT_OF_RANGE,ERROR,amount,1
2022-10-31,ADJ_FACTOR_CA_MISMATCH,WARN,fq_factor,2
2022-10-31,MISSING_VALUE,WARN,amount,130
2022-11-01,ADJ_FACTOR_CA_MISMATCH,WARN,fq_factor,1
2022-11-01,MISSING_VALUE,WARN,amount,131
2022-11-01,VWAP_OUT_OF_RANGE,ERROR,amount,3
2022-11-02,MISSING_VALUE,WARN,amount,131
2022-11-02,VWAP_OUT_OF_RANGE,ERROR,amount,1
2022-11-03,MISSING_VALUE,WARN,amount,131
2022-11-04,ADJ_FACTOR_CA_MISMATCH,WARN,fq_factor,1
2022-11-04,MISSING_VALUE,WARN,amount,131
2022-11-04,VWAP_OUT_OF_RANGE,ERROR,amount,2
2022-11-07,MISSING_VALUE,WARN,amount,131
2022-11-07,VWAP_OUT_OF_RANGE,ERROR,amount,1
2022-11-08,MISSING_VALUE,WARN,amount,130
2022-11-08,VWAP_OUT_OF_RANGE,ERROR,amount,4
2022-11-09,ADJ_FACTOR_CA_MISMATCH,WARN,fq_factor,1
2022-11-09,MISSING_VALUE,WARN,amount,130
2022-11-09,VWAP_OUT_OF_RANGE,ERROR,amount,1
2022-11-10,ADJ_FACTOR_CA_MISMATCH,WARN,fq_factor,1
2022-11-10,MISSING_VALUE,WARN,amount,130
2022-11-10,VWAP_OUT_OF_RANGE,ERROR,amount,2
2022-11-11,ADJ_FACTOR_CA_MISMATCH,WARN,fq_factor,2
2022-11-11,MISSING_VALUE,WARN,amount,130
2022-11-14,ADJ_FACTOR_CA_MISMATCH,WARN,fq_factor,1
2022-11-14,MISSING_VALUE,WARN,amount,130
2022-11-14,VWAP_OUT_OF_RANGE,ERROR,amount,1
2022-11-15,ADJ_FACTOR_CA_MISMATCH,WARN,fq_factor,1
2022-11-15,MISSING_VALUE,WARN,amount,131
2022-11-15,VWAP_OUT_OF_RANGE,ERROR,amount,2
2022-11-16,MISSING_VALUE,WARN,amount,131
2022-11-16,VWAP_OUT_OF_RANGE,ERROR,amount,1
2022-11-17,ADJ_FACTOR_CA_MISMATCH,WARN,fq_factor,1
2022-11-17,MISSING_VALUE,WARN,amount,131
2022-11-18,ADJ_FACTOR_CA_MISMATCH,WARN,fq_factor,4
2022-11-18,MISSING_VALUE,WARN,amount,131
2022-11-18,VWAP_OUT_OF_RANGE,ERROR,amount,2
2022-11-21,ADJ_FACTOR_CA_MISMATCH,WARN,fq_factor,1
2022-11-21,MISSING_VALUE,WARN,amount,131
2022-11-21,VWAP_OUT_OF_RANGE,ERROR,amount,1
2022-11-22,ADJ_FACTOR_CA_MISMATCH,WARN,fq_factor,1
2022-11-22,MISSING_VALUE,WARN,amount,131
2022-11-23,ADJ_FACTOR_CA_MISMATCH,WARN,fq_factor,2
2022-11-23,MISSING_VALUE,WARN,amount,130
2022-11-23,VWAP_OUT_OF_RANGE,ERROR,amount,1
2022-11-24,ADJ_FACTOR_CA_MISMATCH,WARN,fq_factor,1
2022-11-24,MISSING_VALUE,WARN,amount,131
2022-11-24,VWAP_OUT_OF_RANGE,ERROR,amount,2
2022-11-25,MISSING_VALUE,WARN,amount,131
2022-11-25,VWAP_OUT_OF_RANGE,ERROR,amount,3
2022-11-28,ADJ_FACTOR_CA_MISMATCH,WARN,fq_factor,1
2022-11-28,MISSING_VALUE,WARN,amount,131
2022-11-28,VWAP_OUT_OF_RANGE,ERROR,amount,1
2022-11-29,ADJ_FACTOR_CA_MISMATCH,WARN,fq_factor,2
2022-11-29,MISSING_VALUE,WARN,amount,131
2022-11-30,ADJ_FACTOR_CA_MISMATCH,WARN,fq_factor,2
2022-11-30,MISSING_VALUE,WARN,amount,131
2022-11-30,VWAP_OUT_OF_RANGE,ERROR,amount,1
2022-12-01,ADJ_FACTOR_CA_MISMATCH,WARN,fq_factor,3
2022-12-01,MISSING_VALUE,WARN,amount,131
2022-12-01,VWAP_OUT_OF_RANGE,ERROR,amount,1
2022-12-02,MISSING_VALUE,WARN,amount,131
2022-12-02,VWAP_OUT_OF_RANGE,ERROR,amount,2
2022-12-05,MISSING_VALUE,WARN,amount,131
2022-12-06,ADJ_FACTOR_CA_MISMATCH,WARN,fq_factor,1
2022-12-06,MISSING_VALUE,WARN,amount,131
2022-12-06,VWAP_OUT_OF_RANGE,ERROR,amount,2
2022-12-07,ADJ_FACTOR_CA_MISMATCH,WARN,fq_factor,2
2022-12-07,MISSING_VALUE,WARN,amount,131
2022-12-07,VWAP_OUT_OF_RANGE,ERROR,amount,2
2022-12-08,MISSING_VALUE,WARN,amount,131
2022-12-09,MISSING_VALUE,WARN,amount,131
2022-12-09,VWAP_OUT_OF_RANGE,ERROR,amount,1
2022-12-12,MISSING_VALUE,WARN,amount,131
2022-12-13,MISSING_VALUE,WARN,amount,131
2022-12-13,VWAP_OUT_OF_RANGE,ERROR,amount,2
2022-12-14,ADJ_FACTOR_CA_MISMATCH,WARN,fq_factor,1
2022-12-14,MISSING_VALUE,WARN,amount,131
2022-12-14,VWAP_OUT_OF_RANGE,ERROR,amount,2
2022-12-15,ADJ_FACTOR_CA_MISMATCH,WARN,fq_factor,1
2022-12-15,MISSING_VALUE,WARN,amount,131
2022-12-15,VWAP_OUT_OF_RANGE,ERROR,amount,2
2022-12-16,ADJ_FACTOR_CA_MISMATCH,WARN,fq_factor,1
2022-12-16,MISSING_VALUE,WARN,amount,131
2022-12-16,VWAP_OUT_OF_RANGE,ERROR,amount,1
2022-12-19,MISSING_VALUE,WARN,amount,131
2022-12-20,MISSING_VALUE,WARN,amount,131
2022-12-21,MISSING_VALUE,WARN,amount,130
2022-12-21,VWAP_OUT_OF_RANGE,ERROR,amount,2
2022-12-22,ADJ_FACTOR_CA_MISMATCH,WARN,fq_factor,2
2022-12-22,MISSING_VALUE,WARN,amount,131
2022-12-23,ADJ_FACTOR_CA_MISMATCH,WARN,fq_factor,2
2022-12-23,MISSING_VALUE,WARN,amount,131
2022-12-26,ADJ_FACTOR_CA_MISMATCH,WARN,fq_factor,1
2022-12-26,MISSING_VALUE,WARN,amount,131
2022-12-26,VWAP_OUT_OF_RANGE,ERROR,amount,2
2022-12-27,ADJ_FACTOR_CA_MISMATCH,WARN,fq_factor,3
2022-12-27,MISSING_VALUE,WARN,amount,131
2022-12-28,MISSING_VALUE,WARN,amount,131
2022-12-28,VWAP_OUT_OF_RANGE,ERROR,amount,1
2022-12-29,ADJ_FACTOR_CA_MISMATCH,WARN,fq_factor,1
2022-12-29,MISSING_VALUE,WARN,amount,131
2022-12-29,VWAP_OUT_OF_RANGE,ERROR,amount,2
2022-12-30,MISSING_VALUE,WARN,amount,130
2023-01-03,MISSING_VALUE,WARN,amount,130
2023-01-03,VWAP_OUT_OF_RANGE,ERROR,amount,1
2023-01-04,MISSING_VALUE,WARN,amount,130
2023-01-04,VWAP_OUT_OF_RANGE,ERROR,amount,1
2023-01-05,MISSING_VALUE,WARN,amount,130
2023-01-05,VWAP_OUT_OF_RANGE,ERROR,amount,1
2023-01-06,MISSING_VALUE,WARN,amount,130
2023-01-09,MISSING_VALUE,WARN,amount,130
2023-01-10,MISSING_VALUE,WARN,amount,130
2023-01-10,VWAP_OUT_OF_RANGE,ERROR,amount,1
2023-01-11,ADJ_FACTOR_CA_MISMATCH,WARN,fq_factor,2
2023-01-11,MISSING_VALUE,WARN,amount,130
2023-01-12,MISSING_VALUE,WARN,amount,129
2023-01-12,VWAP_OUT_OF_RANGE,ERROR,amount,2
2023-01-13,MISSING_VALUE,WARN,amount,129
2023-01-13,VWAP_OUT_OF_RANGE,ERROR,amount,1
2023-01-16,ADJ_FACTOR_CA_MISMATCH,WARN,fq_factor,1
2023-01-16,MISSING_VALUE,WARN,amount,129
2023-01-17,MISSING_VALUE,WARN,amount,128
2023-01-18,MISSING_VALUE,WARN,amount,129
2023-01-19,MISSING_VALUE,WARN,amount,128
2023-01-20,ADJ_FACTOR_CA_MISMATCH,WARN,fq_factor,1
2023-01-20,MISSING_VALUE,WARN,amount,128
2023-01-30,MISSING_VALUE,WARN,amount,128
2023-01-30,VWAP_OUT_OF_RANGE,ERROR,amount,1
2023-01-31,MISSING_VALUE,WARN,amount,128
2023-01-31,VWAP_OUT_OF_RANGE,ERROR,amount,1
2023-02-01,MISSING_VALUE,WARN,amount,128
2023-02-02,MISSING_VALUE,WARN,amount,129
2023-02-02,VWAP_OUT_OF_RANGE,ERROR,amount,3
2023-02-03,MISSING_VALUE,WARN,amount,126
2023-02-03,VWAP_OUT_OF_RANGE,ERROR,amount,1
2023-02-06,MISSING_VALUE,WARN,amount,126
2023-02-06,VWAP_OUT_OF_RANGE,ERROR,amount,2
2023-02-07,MISSING_VALUE,WARN,amount,126
2023-02-07,VWAP_OUT_OF_RANGE,ERROR,amount,1
2023-02-08,MISSING_VALUE,WARN,amount,125
2023-02-08,VWAP_OUT_OF_RANGE,ERROR,amount,2
2023-02-09,MISSING_VALUE,WARN,amount,126
2023-02-09,VWAP_OUT_OF_RANGE,ERROR,amount,1
2023-02-10,MISSING_VALUE,WARN,amount,126
2023-02-10,VWAP_OUT_OF_RANGE,ERROR,amount,1
2023-02-13,MISSING_VALUE,WARN,amount,126
2023-02-13,VWAP_OUT_OF_RANGE,ERROR,amount,3
2023-02-14,MISSING_VALUE,WARN,amount,125
2023-02-14,VWAP_OUT_OF_RANGE,ERROR,amount,2
2023-02-15,MISSING_VALUE,WARN,amount,125
2023-02-15,VWAP_OUT_OF_RANGE,ERROR,amount,3
2023-02-16,MISSING_VALUE,WARN,amount,125
2023-02-16,VWAP_OUT_OF_RANGE,ERROR,amount,1
2023-02-17,MISSING_VALUE,WARN,amount,125
2023-02-17,VWAP_OUT_OF_RANGE,ERROR,amount,1
2023-02-20,MISSING_VALUE,WARN,amount,126
2023-02-20,VWAP_OUT_OF_RANGE,ERROR,amount,2
2023-02-21,MISSING_VALUE,WARN,amount,126
2023-02-22,MISSING_VALUE,WARN,amount,126
2023-02-22,VWAP_OUT_OF_RANGE,ERROR,amount,1
2023-02-23,MISSING_VALUE,WARN,amount,126
2023-02-23,VWAP_OUT_OF_RANGE,ERROR,amount,1
2023-02-24,MISSING_VALUE,WARN,amount,126
2023-02-27,ADJ_FACTOR_CA_MISMATCH,WARN,fq_factor,1
2023-02-27,MISSING_VALUE,WARN,amount,126
2023-02-27,VWAP_OUT_OF_RANGE,ERROR,amount,2
2023-02-28,MISSING_VALUE,WARN,amount,125
2023-02-28,VWAP_OUT_OF_RANGE,ERROR,amount,1
2023-03-01,MISSING_VALUE,WARN,amount,125
2023-03-02,MISSING_VALUE,WARN,amount,125
2023-03-02,VWAP_OUT_OF_RANGE,ERROR,amount,2
2023-03-03,MISSING_VALUE,WARN,amount,124
2023-03-03,VWAP_OUT_OF_RANGE,ERROR,amount,1
2023-03-06,MISSING_VALUE,WARN,amount,124
2023-03-07,MISSING_VALUE,WARN,amount,124
2023-03-07,VWAP_OUT_OF_RANGE,ERROR,amount,1
2023-03-08,MISSING_VALUE,WARN,amount,124
2023-03-08,VWAP_OUT_OF_RANGE,ERROR,amount,1
2023-03-09,MISSING_VALUE,WARN,amount,124
2023-03-09,VWAP_OUT_OF_RANGE,ERROR,amount,2
2023-03-10,ADJ_FACTOR_CA_MISMATCH,WARN,fq_factor,1
2023-03-10,MISSING_VALUE,WARN,amount,124
2023-03-10,VWAP_OUT_OF_RANGE,ERROR,amount,1
2023-03-13,MISSING_VALUE,WARN,amount,124
2023-03-14,MISSING_VALUE,WARN,amount,124
2023-03-15,MISSING_VALUE,WARN,amount,124
2023-03-15,VWAP_OUT_OF_RANGE,ERROR,amount,1
2023-03-16,MISSING_VALUE,WARN,amount,124
2023-03-17,MISSING_VALUE,WARN,amount,124
2023-03-17,VWAP_OUT_OF_RANGE,ERROR,amount,1
2023-03-20,MISSING_VALUE,WARN,amount,124
2023-03-21,MISSING_VALUE,WARN,amount,124
2023-03-22,MISSING_VALUE,WARN,amount,124
2023-03-22,VWAP_OUT_OF_RANGE,ERROR,amount,1
2023-03-23,MISSING_VALUE,WARN,amount,124
2023-03-23,VWAP_OUT_OF_RANGE,ERROR,amount,1
2023-03-24,MISSING_VALUE,WARN,amount,124
2023-03-27,MISSING_VALUE,WARN,amount,125
2023-03-28,MISSING_VALUE,WARN,amount,125
2023-03-28,VWAP_OUT_OF_RANGE,ERROR,amount,1
2023-03-29,ADJ_FACTOR_CA_MISMATCH,WARN,fq_factor,2
2023-03-29,MISSING_VALUE,WARN,amount,124
2023-03-30,ADJ_FACTOR_CA_MISMATCH,WARN,fq_factor,3
2023-03-30,MISSING_VALUE,WARN,amount,123
2023-03-31,MISSING_VALUE,WARN,amount,124
2023-04-03,ADJ_FACTOR_CA_MISMATCH,WARN,fq_factor,1
2023-04-03,MISSING_VALUE,WARN,amount,124
2023-04-03,VWAP_OUT_OF_RANGE,ERROR,amount,1
2023-04-04,MISSING_VALUE,WARN,amount,124
2023-04-04,VWAP_OUT_OF_RANGE,ERROR,amount,1
2023-04-06,ADJ_FACTOR_CA_MISMATCH,WARN,fq_factor,1
2023-04-06,MISSING_VALUE,WARN,amount,124
2023-04-06,VWAP_OUT_OF_RANGE,ERROR,amount,1
2023-04-07,ADJ_FACTOR_CA_MISMATCH,WARN,fq_factor,1
2023-04-07,MISSING_VALUE,WARN,amount,124
2023-04-07,VWAP_OUT_OF_RANGE,ERROR,amount,1
2023-04-10,ADJ_FACTOR_CA_MISMATCH,WARN,fq_factor,1
2023-04-10,MISSING_VALUE,WARN,amount,124
2023-04-11,ADJ_FACTOR_CA_MISMATCH,WARN,fq_factor,3
2023-04-11,MISSING_VALUE,WARN,amount,124
2023-04-11,VWAP_OUT_OF_RANGE,ERROR,amount,2
2023-04-12,ADJ_FACTOR_CA_MISMATCH,WARN,fq_factor,2
2023-04-12,MISSING_VALUE,WARN,amount,124
2023-04-12,VWAP_OUT_OF_RANGE,ERROR,amount,1
2023-04-13,ADJ_FACTOR_CA_MISMATCH,WARN,fq_factor,2
2023-04-13,MISSING_VALUE,WARN,amount,124
2023-04-13,VWAP_OUT_OF_RANGE,ERROR,amount,1
2023-04-14,ADJ_FACTOR_CA_MISMATCH,WARN,fq_factor,1
2023-04-14,MISSING_VALUE,WARN,amount,124
2023-04-14,VWAP_OUT_OF_RANGE,ERROR,amount,1
2023-04-17,ADJ_FACTOR_CA_MISMATCH,WARN,fq_factor,2
2023-04-17,MISSING_VALUE,WARN,amount,124
2023-04-17,VWAP_OUT_OF_RANGE,ERROR,amount,4
2023-04-18,MISSING_VALUE,WARN,amount,123
2023-04-18,VWAP_OUT_OF_RANGE,ERROR,amount,2
2023-04-19,ADJ_FACTOR_CA_MISMATCH,WARN,fq_factor,3
2023-04-19,MISSING_VALUE,WARN,amount,122
2023-04-20,ADJ_FACTOR_CA_MISMATCH,WARN,fq_factor,6
2023-04-20,MISSING_VALUE,WARN,amount,123
2023-04-20,VWAP_OUT_OF_RANGE,ERROR,amount,3
2023-04-21,ADJ_FACTOR_CA_MISMATCH,WARN,fq_factor,6
2023-04-21,MISSING_VALUE,WARN,amount,123
2023-04-21,VWAP_OUT_OF_RANGE,ERROR,amount,1
2023-04-24,ADJ_FACTOR_CA_MISMATCH,WARN,fq_factor,6
2023-04-24,MISSING_VALUE,WARN,amount,123
2023-04-24,VWAP_OUT_OF_RANGE,ERROR,amount,2
2023-04-25,ADJ_FACTOR_CA_MISMATCH,WARN,fq_factor,6
2023-04-25,MISSING_VALUE,WARN,amount,122
2023-04-26,ADJ_FACTOR_CA_MISMATCH,WARN,fq_factor,9
2023-04-26,MISSING_VALUE,WARN,amount,121
2023-04-27,ADJ_FACTOR_CA_MISMATCH,WARN,fq_factor,10
2023-04-27,MISSING_VALUE,WARN,amount,117
2023-04-27,VWAP_OUT_OF_RANGE,ERROR,amount,1
2023-04-28,ADJ_FACTOR_CA_MISMATCH,WARN,fq_factor,23
2023-04-28,MISSING_VALUE,WARN,amount,108
2023-04-28,VWAP_OUT_OF_RANGE,ERROR,amount,2
2023-05-04,ADJ_FACTOR_CA_MISMATCH,WARN,fq_factor,6
2023-05-04,MISSING_VALUE,WARN,amount,83
2023-05-04,VWAP_OUT_OF_RANGE,ERROR,amount,1
2023-05-05,ADJ_FACTOR_CA_MISMATCH,WARN,fq_factor,9
2023-05-05,MISSING_VALUE,WARN,amount,105
2023-05-08,ADJ_FACTOR_CA_MISMATCH,WARN,fq_factor,9
2023-05-08,MISSING_VALUE,WARN,amount,105
2023-05-08,VWAP_OUT_OF_RANGE,ERROR,amount,3
2023-05-09,ADJ_FACTOR_CA_MISMATCH,WARN,fq_factor,13
2023-05-09,MISSING_VALUE,WARN,amount,106
2023-05-09,VWAP_OUT_OF_RANGE,ERROR,amount,4
2023-05-10,ADJ_FACTOR_CA_MISMATCH,WARN,fq_factor,17
2023-05-10,MISSING_VALUE,WARN,amount,105
2023-05-10,VWAP_OUT_OF_RANGE,ERROR,amount,3
2023-05-11,ADJ_FACTOR_CA_MISMATCH,WARN,fq_factor,16
2023-05-11,MISSING_VALUE,WARN,amount,105
2023-05-11,VWAP_OUT_OF_RANGE,ERROR,amount,2
2023-05-12,ADJ_FACTOR_CA_MISMATCH,WARN,fq_factor,37
2023-05-12,MISSING_VALUE,WARN,amount,105
2023-05-12,VWAP_OUT_OF_RANGE,ERROR,amount,3
2023-05-15,ADJ_FACTOR_CA_MISMATCH,WARN,fq_factor,12
2023-05-15,MISSING_VALUE,WARN,amount,105
2023-05-15,VWAP_OUT_OF_RANGE,ERROR,amount,2
2023-05-16,ADJ_FACTOR_CA_MISMATCH,WARN,fq_factor,40
2023-05-16,MISSING_VALUE,WARN,amount,106
2023-05-16,VWAP_OUT_OF_RANGE,ERROR,amount,1
2023-05-17,ADJ_FACTOR_CA_MISMATCH,WARN,fq_factor,28
2023-05-17,MISSING_VALUE,WARN,amount,106
2023-05-17,VWAP_OUT_OF_RANGE,ERROR,amount,1
2023-05-18,ADJ_FACTOR_CA_MISMATCH,WARN,fq_factor,29
2023-05-18,MISSING_VALUE,WARN,amount,106
2023-05-18,VWAP_OUT_OF_RANGE,ERROR,amount,1
2023-05-19,ADJ_FACTOR_CA_MISMATCH,WARN,fq_factor,60
2023-05-19,MISSING_VALUE,WARN,amount,105
2023-05-19,VWAP_OUT_OF_RANGE,ERROR,amount,1
2023-05-22,ADJ_FACTOR_CA_MISMATCH,WARN,fq_factor,31
2023-05-22,MISSING_VALUE,WARN,amount,105
2023-05-22,VWAP_OUT_OF_RANGE,ERROR,amount,2
2023-05-23,ADJ_FACTOR_CA_MISMATCH,WARN,fq_factor,48
2023-05-23,MISSING_VALUE,WARN,amount,104
2023-05-23,VWAP_OUT_OF_RANGE,ERROR,amount,3
2023-05-24,ADJ_FACTOR_CA_MISMATCH,WARN,fq_factor,45
2023-05-24,MISSING_VALUE,WARN,amount,103
2023-05-24,VWAP_OUT_OF_RANGE,ERROR,amount,3
2023-05-25,ADJ_FACTOR_CA_MISMATCH,WARN,fq_factor,46
2023-05-25,MISSING_VALUE,WARN,amount,102
2023-05-25,VWAP_OUT_OF_RANGE,ERROR,amount,4
2023-05-26,ADJ_FACTOR_CA_MISMATCH,WARN,fq_factor,79
2023-05-26,MISSING_VALUE,WARN,amount,101
2023-05-26,VWAP_OUT_OF_RANGE,ERROR,amount,1
2023-05-29,ADJ_FACTOR_CA_MISMATCH,WARN,fq_factor,45
2023-05-29,MISSING_VALUE,WARN,amount,100
2023-05-29,VWAP_OUT_OF_RANGE,ERROR,amount,3
2023-05-30,ADJ_FACTOR_CA_MISMATCH,WARN,fq_factor,80
2023-05-30,MISSING_VALUE,WARN,amount,101
2023-05-30,VWAP_OUT_OF_RANGE,ERROR,amount,2
2023-05-31,ADJ_FACTOR_CA_MISMATCH,WARN,fq_factor,98
2023-05-31,MISSING_VALUE,WARN,amount,103
2023-05-31,VWAP_OUT_OF_RANGE,ERROR,amount,2
2023-06-01,ADJ_FACTOR_CA_MISMATCH,WARN,fq_factor,64
2023-06-01,MISSING_VALUE,WARN,amount,102
2023-06-02,ADJ_FACTOR_CA_MISMATCH,WARN,fq_factor,61
2023-06-02,MISSING_VALUE,WARN,amount,102
2023-06-02,VWAP_OUT_OF_RANGE,ERROR,amount,1
2023-06-05,ADJ_FACTOR_CA_MISMATCH,WARN,fq_factor,40
2023-06-05,MISSING_VALUE,WARN,amount,101
2023-06-05,VWAP_OUT_OF_RANGE,ERROR,amount,1
2023-06-06,ADJ_FACTOR_CA_MISMATCH,WARN,fq_factor,72
2023-06-06,MISSING_VALUE,WARN,amount,101
2023-06-07,ADJ_FACTOR_CA_MISMATCH,WARN,fq_factor,83
2023-06-07,MISSING_VALUE,WARN,amount,101
2023-06-07,VWAP_OUT_OF_RANGE,ERROR,amount,1
2023-06-08,ADJ_FACTOR_CA_MISMATCH,WARN,fq_factor,65
2023-06-08,MISSING_VALUE,WARN,amount,101
2023-06-08,VWAP_OUT_OF_RANGE,ERROR,amount,1
2023-06-09,ADJ_FACTOR_CA_MISMATCH,WARN,fq_factor,106
2023-06-09,MISSING_VALUE,WARN,amount,100
2023-06-09,VWAP_OUT_OF_RANGE,ERROR,amount,2
2023-06-12,ADJ_FACTOR_CA_MISMATCH,WARN,fq_factor,46
2023-06-12,MISSING_VALUE,WARN,amount,101
2023-06-12,VWAP_OUT_OF_RANGE,ERROR,amount,1
2023-06-13,ADJ_FACTOR_CA_MISMATCH,WARN,fq_factor,56
2023-06-13,MISSING_VALUE,WARN,amount,102
2023-06-13,VWAP_OUT_OF_RANGE,ERROR,amount,3
2023-06-14,ADJ_FACTOR_CA_MISMATCH,WARN,fq_factor,60
2023-06-14,MISSING_VALUE,WARN,amount,100
2023-06-14,VWAP_OUT_OF_RANGE,ERROR,amount,3
2023-06-15,ADJ_FACTOR_CA_MISMATCH,WARN,fq_factor,89
2023-06-15,MISSING_VALUE,WARN,amount,102
2023-06-15,VWAP_OUT_OF_RANGE,ERROR,amount,1
2023-06-16,ADJ_FACTOR_CA_MISMATCH,WARN,fq_factor,116
2023-06-16,MISSING_VALUE,WARN,amount,100
2023-06-16,VWAP_OUT_OF_RANGE,ERROR,amount,2
2023-06-19,ADJ_FACTOR_CA_MISMATCH,WARN,fq_factor,44
2023-06-19,MISSING_VALUE,WARN,amount,102
2023-06-19,VWAP_OUT_OF_RANGE,ERROR,amount,1
2023-06-20,ADJ_FACTOR_CA_MISMATCH,WARN,fq_factor,73
2023-06-20,MISSING_VALUE,WARN,amount,103
2023-06-20,VWAP_OUT_OF_RANGE,ERROR,amount,4
2023-06-21,ADJ_FACTOR_CA_MISMATCH,WARN,fq_factor,86
2023-06-21,MISSING_VALUE,WARN,amount,101
2023-06-21,VWAP_OUT_OF_RANGE,ERROR,amount,3
2023-06-26,ADJ_FACTOR_CA_MISMATCH,WARN,fq_factor,34
2023-06-26,MISSING_VALUE,WARN,amount,101
2023-06-26,VWAP_OUT_OF_RANGE,ERROR,amount,7
2023-06-27,ADJ_FACTOR_CA_MISMATCH,WARN,fq_factor,25
2023-06-27,MISSING_VALUE,WARN,amount,101
2023-06-27,VWAP_OUT_OF_RANGE,ERROR,amount,4
2023-06-28,ADJ_FACTOR_CA_MISMATCH,WARN,fq_factor,65
2023-06-28,MISSING_VALUE,WARN,amount,101
2023-06-28,VWAP_OUT_OF_RANGE,ERROR,amount,7
2023-06-29,ADJ_FACTOR_CA_MISMATCH,WARN,fq_factor,66
2023-06-29,MISSING_VALUE,WARN,amount,101
2023-06-29,VWAP_OUT_OF_RANGE,ERROR,amount,2
2023-06-30,ADJ_FACTOR_CA_MISMATCH,WARN,fq_factor,52
2023-06-30,MISSING_VALUE,WARN,amount,101
2023-06-30,VWAP_OUT_OF_RANGE,ERROR,amount,1
2023-07-03,ADJ_FACTOR_CA_MISMATCH,WARN,fq_factor,20
2023-07-03,MISSING_VALUE,WARN,amount,102
2023-07-03,VWAP_OUT_OF_RANGE,ERROR,amount,1
2023-07-04,ADJ_FACTOR_CA_MISMATCH,WARN,fq_factor,32
2023-07-04,MISSING_VALUE,WARN,amount,102
2023-07-04,VWAP_OUT_OF_RANGE,ERROR,amount,1
2023-07-05,ADJ_FACTOR_CA_MISMATCH,WARN,fq_factor,41
2023-07-05,MISSING_VALUE,WARN,amount,100
2023-07-05,VWAP_OUT_OF_RANGE,ERROR,amount,1
2023-07-06,ADJ_FACTOR_CA_MISMATCH,WARN,fq_factor,51
2023-07-06,MISSING_VALUE,WARN,amount,97
2023-07-06,VWAP_OUT_OF_RANGE,ERROR,amount,1
2023-07-07,ADJ_FACTOR_CA_MISMATCH,WARN,fq_factor,84
2023-07-07,MISSING_VALUE,WARN,amount,95
2023-07-07,VWAP_OUT_OF_RANGE,ERROR,amount,2
2023-07-10,ADJ_FACTOR_CA_MISMATCH,WARN,fq_factor,34
2023-07-10,MISSING_VALUE,WARN,amount,94
2023-07-10,VWAP_OUT_OF_RANGE,ERROR,amount,1
2023-07-11,ADJ_FACTOR_CA_MISMATCH,WARN,fq_factor,48
2023-07-11,MISSING_VALUE,WARN,amount,94
2023-07-11,VWAP_OUT_OF_RANGE,ERROR,amount,2
2023-07-12,ADJ_FACTOR_CA_MISMATCH,WARN,fq_factor,50
2023-07-12,MISSING_VALUE,WARN,amount,92
2023-07-12,VWAP_OUT_OF_RANGE,ERROR,amount,4
2023-07-13,ADJ_FACTOR_CA_MISMATCH,WARN,fq_factor,43
2023-07-13,MISSING_VALUE,WARN,amount,89
2023-07-13,VWAP_OUT_OF_RANGE,ERROR,amount,3
2023-07-14,ADJ_FACTOR_CA_MISMATCH,WARN,fq_factor,63
2023-07-14,MISSING_VALUE,WARN,amount,89
2023-07-14,VWAP_OUT_OF_RANGE,ERROR,amount,2
2023-07-17,ADJ_FACTOR_CA_MISMATCH,WARN,fq_factor,25
2023-07-17,MISSING_VALUE,WARN,amount,89
2023-07-17,VWAP_OUT_OF_RANGE,ERROR,amount,7
2023-07-18,ADJ_FACTOR_CA_MISMATCH,WARN,fq_factor,21
2023-07-18,MISSING_VALUE,WARN,amount,89
2023-07-18,VWAP_OUT_OF_RANGE,ERROR,amount,1
2023-07-19,ADJ_FACTOR_CA_MISMATCH,WARN,fq_factor,19
2023-07-19,MISSING_VALUE,WARN,amount,89
2023-07-19,VWAP_OUT_OF_RANGE,ERROR,amount,1
2023-07-20,ADJ_FACTOR_CA_MISMATCH,WARN,fq_factor,24
2023-07-20,MISSING_VALUE,WARN,amount,89
2023-07-20,VWAP_OUT_OF_RANGE,ERROR,amount,2
2023-07-21,ADJ_FACTOR_CA_MISMATCH,WARN,fq_factor,22
2023-07-21,MISSING_VALUE,WARN,amount,89
2023-07-21,VWAP_OUT_OF_RANGE,ERROR,amount,2
2023-07-24,ADJ_FACTOR_CA_MISMATCH,WARN,fq_factor,7
2023-07-24,MISSING_VALUE,WARN,amount,89
2023-07-25,ADJ_FACTOR_CA_MISMATCH,WARN,fq_factor,6
2023-07-25,MISSING_VALUE,WARN,amount,89
2023-07-25,VWAP_OUT_OF_RANGE,ERROR,amount,2
2023-07-26,ADJ_FACTOR_CA_MISMATCH,WARN,fq_factor,19
2023-07-26,MISSING_VALUE,WARN,amount,89
2023-07-26,VWAP_OUT_OF_RANGE,ERROR,amount,2
2023-07-27,ADJ_FACTOR_CA_MISMATCH,WARN,fq_factor,7
2023-07-27,MISSING_VALUE,WARN,amount,89
2023-07-27,VWAP_OUT_OF_RANGE,ERROR,amount,4
2023-07-28,ADJ_FACTOR_CA_MISMATCH,WARN,fq_factor,22
2023-07-28,MISSING_VALUE,WARN,amount,89
2023-07-28,VWAP_OUT_OF_RANGE,ERROR,amount,2
2023-07-31,ADJ_FACTOR_CA_MISMATCH,WARN,fq_factor,8
2023-07-31,MISSING_VALUE,WARN,amount,88
2023-07-31,VWAP_OUT_OF_RANGE,ERROR,amount,3
2023-08-01,ADJ_FACTOR_CA_MISMATCH,WARN,fq_factor,2
2023-08-01,MISSING_VALUE,WARN,amount,88
2023-08-02,ADJ_FACTOR_CA_MISMATCH,WARN,fq_factor,5
2023-08-02,MISSING_VALUE,WARN,amount,88
2023-08-03,ADJ_FACTOR_CA_MISMATCH,WARN,fq_factor,4
2023-08-03,MISSING_VALUE,WARN,amount,88
2023-08-03,VWAP_OUT_OF_RANGE,ERROR,amount,2
2023-08-04,ADJ_FACTOR_CA_MISMATCH,WARN,fq_factor,9
2023-08-04,MISSING_VALUE,WARN,amount,88
2023-08-07,ADJ_FACTOR_CA_MISMATCH,WARN,fq_factor,3
2023-08-07,MISSING_VALUE,WARN,amount,88
2023-08-07,VWAP_OUT_OF_RANGE,ERROR,amount,1
2023-08-08,ADJ_FACTOR_CA_MISMATCH,WARN,fq_factor,7
2023-08-08,MISSING_VALUE,WARN,amount,88
2023-08-08,VWAP_OUT_OF_RANGE,ERROR,amount,2
2023-08-09,ADJ_FACTOR_CA_MISMATCH,WARN,fq_factor,5
2023-08-09,MISSING_VALUE,WARN,amount,88
2023-08-09,VWAP_OUT_OF_RANGE,ERROR,amount,3
2023-08-10,ADJ_FACTOR_CA_MISMATCH,WARN,fq_factor,8
2023-08-10,MISSING_VALUE,WARN,amount,88
2023-08-10,VWAP_OUT_OF_RANGE,ERROR,amount,2
2023-08-11,ADJ_FACTOR_CA_MISMATCH,WARN,fq_factor,13
2023-08-11,MISSING_VALUE,WARN,amount,88
2023-08-11,VWAP_OUT_OF_RANGE,ERROR,amount,1
2023-08-14,ADJ_FACTOR_CA_MISMATCH,WARN,fq_factor,5
2023-08-14,MISSING_VALUE,WARN,amount,88
2023-08-15,ADJ_FACTOR_CA_MISMATCH,WARN,fq_factor,4
2023-08-15,MISSING_VALUE,WARN,amount,88
2023-08-15,VWAP_OUT_OF_RANGE,ERROR,amount,4
2023-08-16,ADJ_FACTOR_CA_MISMATCH,WARN,fq_factor,5
2023-08-16,MISSING_VALUE,WARN,amount,88
2023-08-16,VWAP_OUT_OF_RANGE,ERROR,amount,3
2023-08-17,ADJ_FACTOR_CA_MISMATCH,WARN,fq_factor,5
2023-08-17,MISSING_VALUE,WARN,amount,88
2023-08-17,VWAP_OUT_OF_RANGE,ERROR,amount,3
2023-08-18,ADJ_FACTOR_CA_MISMATCH,WARN,fq_factor,12
2023-08-18,MISSING_VALUE,WARN,amount,88
2023-08-18,VWAP_OUT_OF_RANGE,ERROR,amount,2
2023-08-21,ADJ_FACTOR_CA_MISMATCH,WARN,fq_factor,2
2023-08-21,MISSING_VALUE,WARN,amount,88
2023-08-21,VWAP_OUT_OF_RANGE,ERROR,amount,1
2023-08-22,ADJ_FACTOR_CA_MISMATCH,WARN,fq_factor,4
2023-08-22,MISSING_VALUE,WARN,amount,88
2023-08-23,ADJ_FACTOR_CA_MISMATCH,WARN,fq_factor,4
2023-08-23,MISSING_VALUE,WARN,amount,88
2023-08-24,ADJ_FACTOR_CA_MISMATCH,WARN,fq_factor,6
2023-08-24,MISSING_VALUE,WARN,amount,88
2023-08-25,ADJ_FACTOR_CA_MISMATCH,WARN,fq_factor,16
2023-08-25,MISSING_VALUE,WARN,amount,88
2023-08-25,VWAP_OUT_OF_RANGE,ERROR,amount,1
2023-08-28,ADJ_FACTOR_CA_MISMATCH,WARN,fq_factor,1
2023-08-28,MISSING_VALUE,WARN,amount,87
2023-08-29,ADJ_FACTOR_CA_MISMATCH,WARN,fq_factor,5
2023-08-29,MISSING_VALUE,WARN,amount,87
2023-08-30,ADJ_FACTOR_CA_MISMATCH,WARN,fq_factor,1
2023-08-30,MISSING_VALUE,WARN,amount,88
2023-08-30,VWAP_OUT_OF_RANGE,ERROR,amount,1
2023-08-31,ADJ_FACTOR_CA_MISMATCH,WARN,fq_factor,2
2023-08-31,MISSING_VALUE,WARN,amount,88
2023-08-31,VWAP_OUT_OF_RANGE,ERROR,amount,1
2023-09-01,ADJ_FACTOR_CA_MISMATCH,WARN,fq_factor,1
2023-09-01,MISSING_VALUE,WARN,amount,87
2023-09-01,VWAP_OUT_OF_RANGE,ERROR,amount,3
2023-09-04,MISSING_VALUE,WARN,amount,87
2023-09-04,VWAP_OUT_OF_RANGE,ERROR,amount,2
2023-09-05,ADJ_FACTOR_CA_MISMATCH,WARN,fq_factor,1
2023-09-05,MISSING_VALUE,WARN,amount,87
2023-09-05,VWAP_OUT_OF_RANGE,ERROR,amount,5
2023-09-06,ADJ_FACTOR_CA_MISMATCH,WARN,fq_factor,1
2023-09-06,MISSING_VALUE,WARN,amount,87
2023-09-06,VWAP_OUT_OF_RANGE,ERROR,amount,2
2023-09-07,ADJ_FACTOR_CA_MISMATCH,WARN,fq_factor,1
2023-09-07,MISSING_VALUE,WARN,amount,87
2023-09-07,VWAP_OUT_OF_RANGE,ERROR,amount,1
2023-09-08,ADJ_FACTOR_CA_MISMATCH,WARN,fq_factor,2
2023-09-08,MISSING_VALUE,WARN,amount,87
2023-09-08,VWAP_OUT_OF_RANGE,ERROR,amount,2
2023-09-11,ADJ_FACTOR_CA_MISMATCH,WARN,fq_factor,2
2023-09-11,MISSING_VALUE,WARN,amount,87
2023-09-11,VWAP_OUT_OF_RANGE,ERROR,amount,1
2023-09-12,MISSING_VALUE,WARN,amount,87
2023-09-12,VWAP_OUT_OF_RANGE,ERROR,amount,1
2023-09-13,ADJ_FACTOR_CA_MISMATCH,WARN,fq_factor,3
2023-09-13,MISSING_VALUE,WARN,amount,87
2023-09-13,VWAP_OUT_OF_RANGE,ERROR,amount,1
2023-09-14,MISSING_VALUE,WARN,amount,87
2023-09-14,VWAP_OUT_OF_RANGE,ERROR,amount,1
2023-09-15,ADJ_FACTOR_CA_MISMATCH,WARN,fq_factor,2
2023-09-15,MISSING_VALUE,WARN,amount,87
2023-09-15,VWAP_OUT_OF_RANGE,ERROR,amount,3
2023-09-18,ADJ_FACTOR_CA_MISMATCH,WARN,fq_factor,2
2023-09-18,MISSING_VALUE,WARN,amount,87
2023-09-19,ADJ_FACTOR_CA_MISMATCH,WARN,fq_factor,2
2023-09-19,MISSING_VALUE,WARN,amount,87
2023-09-20,ADJ_FACTOR_CA_MISMATCH,WARN,fq_factor,8
2023-09-20,MISSING_VALUE,WARN,amount,87
2023-09-21,ADJ_FACTOR_CA_MISMATCH,WARN,fq_factor,3
2023-09-21,MISSING_VALUE,WARN,amount,87
2023-09-21,VWAP_OUT_OF_RANGE,ERROR,amount,1
2023-09-22,ADJ_FACTOR_CA_MISMATCH,WARN,fq_factor,6
2023-09-22,MISSING_VALUE,WARN,amount,87
2023-09-22,VWAP_OUT_OF_RANGE,ERROR,amount,1
2023-09-25,ADJ_FACTOR_CA_MISMATCH,WARN,fq_factor,6
2023-09-25,MISSING_VALUE,WARN,amount,87
2023-09-25,VWAP_OUT_OF_RANGE,ERROR,amount,1
2023-09-26,ADJ_FACTOR_CA_MISMATCH,WARN,fq_factor,20
2023-09-26,MISSING_VALUE,WARN,amount,87
2023-09-26,VWAP_OUT_OF_RANGE,ERROR,amount,1
2023-09-27,ADJ_FACTOR_CA_MISMATCH,WARN,fq_factor,14
2023-09-27,MISSING_VALUE,WARN,amount,87
2023-09-28,ADJ_FACTOR_CA_MISMATCH,WARN,fq_factor,13
2023-09-28,MISSING_VALUE,WARN,amount,87
2023-10-09,ADJ_FACTOR_CA_MISMATCH,WARN,fq_factor,3
2023-10-09,MISSING_VALUE,WARN,amount,87
2023-10-09,VWAP_OUT_OF_RANGE,ERROR,amount,1
2023-10-10,MISSING_VALUE,WARN,amount,87
2023-10-10,VWAP_OUT_OF_RANGE,ERROR,amount,1
2023-10-11,ADJ_FACTOR_CA_MISMATCH,WARN,fq_factor,8
2023-10-11,MISSING_VALUE,WARN,amount,86
2023-10-12,ADJ_FACTOR_CA_MISMATCH,WARN,fq_factor,8
2023-10-12,MISSING_VALUE,WARN,amount,87
2023-10-12,VWAP_OUT_OF_RANGE,ERROR,amount,1
2023-10-13,ADJ_FACTOR_CA_MISMATCH,WARN,fq_factor,8
2023-10-13,MISSING_VALUE,WARN,amount,87
2023-10-13,VWAP_OUT_OF_RANGE,ERROR,amount,2
2023-10-16,ADJ_FACTOR_CA_MISMATCH,WARN,fq_factor,2
2023-10-16,MISSING_VALUE,WARN,amount,87
2023-10-16,VWAP_OUT_OF_RANGE,ERROR,amount,4
2023-10-17,ADJ_FACTOR_CA_MISMATCH,WARN,fq_factor,3
2023-10-17,MISSING_VALUE,WARN,amount,87
2023-10-17,VWAP_OUT_OF_RANGE,ERROR,amount,2
2023-10-18,ADJ_FACTOR_CA_MISMATCH,WARN,fq_factor,6
2023-10-18,MISSING_VALUE,WARN,amount,87
2023-10-18,VWAP_OUT_OF_RANGE,ERROR,amount,3
2023-10-19,ADJ_FACTOR_CA_MISMATCH,WARN,fq_factor,3
2023-10-19,MISSING_VALUE,WARN,amount,87
2023-10-19,VWAP_OUT_OF_RANGE,ERROR,amount,1
2023-10-20,ADJ_FACTOR_CA_MISMATCH,WARN,fq_factor,7
2023-10-20,MISSING_VALUE,WARN,amount,87
2023-10-23,ADJ_FACTOR_CA_MISMATCH,WARN,fq_factor,6
2023-10-23,MISSING_VALUE,WARN,amount,87
2023-10-23,VWAP_OUT_OF_RANGE,ERROR,amount,1
2023-10-24,ADJ_FACTOR_CA_MISMATCH,WARN,fq_factor,5
2023-10-24,MISSING_VALUE,WARN,amount,86
2023-10-24,VWAP_OUT_OF_RANGE,ERROR,amount,6
2023-10-25,ADJ_FACTOR_CA_MISMATCH,WARN,fq_factor,1
2023-10-25,MISSING_VALUE,WARN,amount,87
2023-10-25,VWAP_OUT_OF_RANGE,ERROR,amount,2
2023-10-26,ADJ_FACTOR_CA_MISMATCH,WARN,fq_factor,3
2023-10-26,MISSING_VALUE,WARN,amount,87
2023-10-26,VWAP_OUT_OF_RANGE,ERROR,amount,4
2023-10-27,ADJ_FACTOR_CA_MISMATCH,WARN,fq_factor,7
2023-10-27,MISSING_VALUE,WARN,amount,87
2023-10-27,VWAP_OUT_OF_RANGE,ERROR,amount,4
2023-10-30,MISSING_VALUE,WARN,amount,87
2023-10-30,VWAP_OUT_OF_RANGE,ERROR,amount,1
2023-10-31,ADJ_FACTOR_CA_MISMATCH,WARN,fq_factor,4
2023-10-31,MISSING_VALUE,WARN,amount,87
2023-10-31,VWAP_OUT_OF_RANGE,ERROR,amount,4
2023-11-01,MISSING_VALUE,WARN,amount,87
2023-11-01,VWAP_OUT_OF_RANGE,ERROR,amount,1
2023-11-02,MISSING_VALUE,WARN,amount,87
2023-11-02,VWAP_OUT_OF_RANGE,ERROR,amount,1
2023-11-03,ADJ_FACTOR_CA_MISMATCH,WARN,fq_factor,1
2023-11-03,MISSING_VALUE,WARN,amount,87
2023-11-06,ADJ_FACTOR_CA_MISMATCH,WARN,fq_factor,1
2023-11-06,MISSING_VALUE,WARN,amount,87
2023-11-06,VWAP_OUT_OF_RANGE,ERROR,amount,1
2023-11-07,MISSING_VALUE,WARN,amount,87
2023-11-07,VWAP_OUT_OF_RANGE,ERROR,amount,3
2023-11-08,ADJ_FACTOR_CA_MISMATCH,WARN,fq_factor,2
2023-11-08,MISSING_VALUE,WARN,amount,87
2023-11-08,VWAP_OUT_OF_RANGE,ERROR,amount,1
2023-11-09,MISSING_VALUE,WARN,amount,87
2023-11-09,VWAP_OUT_OF_RANGE,ERROR,amount,4
2023-11-10,ADJ_FACTOR_CA_MISMATCH,WARN,fq_factor,1
2023-11-10,MISSING_VALUE,WARN,amount,87
2023-11-10,VWAP_OUT_OF_RANGE,ERROR,amount,2
2023-11-13,ADJ_FACTOR_CA_MISMATCH,WARN,fq_factor,2
2023-11-13,MISSING_VALUE,WARN,amount,87
2023-11-13,VWAP_OUT_OF_RANGE,ERROR,amount,1
2023-11-14,MISSING_VALUE,WARN,amount,87
2023-11-14,VWAP_OUT_OF_RANGE,ERROR,amount,3
2023-11-15,MISSING_VALUE,WARN,amount,87
2023-11-15,VWAP_OUT_OF_RANGE,ERROR,amount,4
2023-11-16,ADJ_FACTOR_CA_MISMATCH,WARN,fq_factor,1
2023-11-16,MISSING_VALUE,WARN,amount,87
2023-11-16,VWAP_OUT_OF_RANGE,ERROR,amount,1
2023-11-17,ADJ_FACTOR_CA_MISMATCH,WARN,fq_factor,1
2023-11-17,MISSING_VALUE,WARN,amount,86
2023-11-20,ADJ_FACTOR_CA_MISMATCH,WARN,fq_factor,2
2023-11-20,MISSING_VALUE,WARN,amount,86
2023-11-21,ADJ_FACTOR_CA_MISMATCH,WARN,fq_factor,3
2023-11-21,MISSING_VALUE,WARN,amount,87
2023-11-22,ADJ_FACTOR_CA_MISMATCH,WARN,fq_factor,5
2023-11-22,MISSING_VALUE,WARN,amount,86
2023-11-23,ADJ_FACTOR_CA_MISMATCH,WARN,fq_factor,2
2023-11-23,MISSING_VALUE,WARN,amount,86
2023-11-24,ADJ_FACTOR_CA_MISMATCH,WARN,fq_factor,1
2023-11-24,MISSING_VALUE,WARN,amount,85
2023-11-27,ADJ_FACTOR_CA_MISMATCH,WARN,fq_factor,8
2023-11-27,MISSING_VALUE,WARN,amount,87
2023-11-28,ADJ_FACTOR_CA_MISMATCH,WARN,fq_factor,2
2023-11-28,MISSING_VALUE,WARN,amount,87
2023-11-29,ADJ_FACTOR_CA_MISMATCH,WARN,fq_factor,5
2023-11-29,MISSING_VALUE,WARN,amount,87
2023-11-30,ADJ_FACTOR_CA_MISMATCH,WARN,fq_factor,5
2023-11-30,MISSING_VALUE,WARN,amount,87
2023-11-30,VWAP_OUT_OF_RANGE,ERROR,amount,2
2023-12-01,ADJ_FACTOR_CA_MISMATCH,WARN,fq_factor,1
2023-12-01,MISSING_VALUE,WARN,amount,87
2023-12-04,MISSING_VALUE,WARN,amount,87
2023-12-04,VWAP_OUT_OF_RANGE,ERROR,amount,1
2023-12-05,MISSING_VALUE,WARN,amount,87
2023-12-05,VWAP_OUT_OF_RANGE,ERROR,amount,1
2023-12-06,ADJ_FACTOR_CA_MISMATCH,WARN,fq_factor,1
2023-12-06,MISSING_VALUE,WARN,amount,87
2023-12-07,ADJ_FACTOR_CA_MISMATCH,WARN,fq_factor,3
2023-12-07,MISSING_VALUE,WARN,amount,86
2023-12-08,ADJ_FACTOR_CA_MISMATCH,WARN,fq_factor,3
2023-12-08,MISSING_VALUE,WARN,amount,86
2023-12-11,ADJ_FACTOR_CA_MISMATCH,WARN,fq_factor,2
2023-12-11,MISSING_VALUE,WARN,amount,86
2023-12-12,ADJ_FACTOR_CA_MISMATCH,WARN,fq_factor,3
2023-12-12,MISSING_VALUE,WARN,amount,86
2023-12-12,VWAP_OUT_OF_RANGE,ERROR,amount,1
2023-12-13,MISSING_VALUE,WARN,amount,86
2023-12-14,ADJ_FACTOR_CA_MISMATCH,WARN,fq_factor,1
2023-12-14,MISSING_VALUE,WARN,amount,87
2023-12-15,MISSING_VALUE,WARN,amount,87
2023-12-18,ADJ_FACTOR_CA_MISMATCH,WARN,fq_factor,2
2023-12-18,MISSING_VALUE,WARN,amount,87
2023-12-19,ADJ_FACTOR_CA_MISMATCH,WARN,fq_factor,3
2023-12-19,MISSING_VALUE,WARN,amount,87
2023-12-19,VWAP_OUT_OF_RANGE,ERROR,amount,1
2023-12-20,ADJ_FACTOR_CA_MISMATCH,WARN,fq_factor,4
2023-12-20,MISSING_VALUE,WARN,amount,87
2023-12-20,VWAP_OUT_OF_RANGE,ERROR,amount,1
2023-12-21,MISSING_VALUE,WARN,amount,87
2023-12-22,ADJ_FACTOR_CA_MISMATCH,WARN,fq_factor,1
2023-12-22,MISSING_VALUE,WARN,amount,87
2023-12-22,VWAP_OUT_OF_RANGE,ERROR,amount,1
2023-12-25,ADJ_FACTOR_CA_MISMATCH,WARN,fq_factor,1
2023-12-25,MISSING_VALUE,WARN,amount,86
2023-12-26,MISSING_VALUE,WARN,amount,86
2023-12-26,VWAP_OUT_OF_RANGE,ERROR,amount,1
2023-12-27,ADJ_FACTOR_CA_MISMATCH,WARN,fq_factor,1
2023-12-27,MISSING_VALUE,WARN,amount,85
2023-12-27,VWAP_OUT_OF_RANGE,ERROR,amount,2
2023-12-28,MISSING_VALUE,WARN,amount,84
2023-12-29,MISSING_VALUE,WARN,amount,84
2024-01-02,ADJ_FACTOR_CA_MISMATCH,WARN,fq_factor,1
2024-01-02,MISSING_VALUE,WARN,amount,84
2024-01-02,VWAP_OUT_OF_RANGE,ERROR,amount,1
2024-01-03,MISSING_VALUE,WARN,amount,84
2024-01-04,MISSING_VALUE,WARN,amount,84
2024-01-05,MISSING_VALUE,WARN,amount,84
2024-01-08,ADJ_FACTOR_CA_MISMATCH,WARN,fq_factor,1
2024-01-08,MISSING_VALUE,WARN,amount,84
2024-01-08,VWAP_OUT_OF_RANGE,ERROR,amount,1
2024-01-09,MISSING_VALUE,WARN,amount,84
2024-01-09,VWAP_OUT_OF_RANGE,ERROR,amount,1
2024-01-10,ADJ_FACTOR_CA_MISMATCH,WARN,fq_factor,1
2024-01-10,MISSING_VALUE,WARN,amount,84
2024-01-10,VWAP_OUT_OF_RANGE,ERROR,amount,2
2024-01-11,MISSING_VALUE,WARN,amount,84
2024-01-11,VWAP_OUT_OF_RANGE,ERROR,amount,2
2024-01-12,MISSING_VALUE,WARN,amount,83
2024-01-12,VWAP_OUT_OF_RANGE,ERROR,amount,1
2024-01-15,MISSING_VALUE,WARN,amount,83
2024-01-16,MISSING_VALUE,WARN,amount,83
2024-01-16,VWAP_OUT_OF_RANGE,ERROR,amount,1
2024-01-17,MISSING_VALUE,WARN,amount,83
2024-01-18,MISSING_VALUE,WARN,amount,83
2024-01-19,ADJ_FACTOR_CA_MISMATCH,WARN,fq_factor,1
2024-01-19,MISSING_VALUE,WARN,amount,82
2024-01-22,MISSING_VALUE,WARN,amount,81
2024-01-23,ADJ_FACTOR_CA_MISMATCH,WARN,fq_factor,1
2024-01-23,MISSING_VALUE,WARN,amount,81
2024-01-24,ADJ_FACTOR_CA_MISMATCH,WARN,fq_factor,2
2024-01-24,MISSING_VALUE,WARN,amount,80
2024-01-25,MISSING_VALUE,WARN,amount,80
2024-01-26,MISSING_VALUE,WARN,amount,81
2024-01-29,ADJ_FACTOR_CA_MISMATCH,WARN,fq_factor,1
2024-01-29,MISSING_VALUE,WARN,amount,81
2024-01-30,MISSING_VALUE,WARN,amount,81
2024-01-30,VWAP_OUT_OF_RANGE,ERROR,amount,1
2024-01-31,ADJ_FACTOR_CA_MISMATCH,WARN,fq_factor,2
2024-01-31,MISSING_VALUE,WARN,amount,82
2024-01-31,VWAP_OUT_OF_RANGE,ERROR,amount,1
2024-02-01,MISSING_VALUE,WARN,amount,82
2024-02-01,VWAP_OUT_OF_RANGE,ERROR,amount,2
2024-02-02,MISSING_VALUE,WARN,amount,82
2024-02-05,MISSING_VALUE,WARN,amount,81
2024-02-06,MISSING_VALUE,WARN,amount,80
2024-02-07,MISSING_VALUE,WARN,amount,80
2024-02-08,ADJ_FACTOR_CA_MISMATCH,WARN,fq_factor,1
2024-02-08,MISSING_VALUE,WARN,amount,80
2024-02-19,MISSING_VALUE,WARN,amount,80
2024-02-20,MISSING_VALUE,WARN,amount,80
2024-02-21,MISSING_VALUE,WARN,amount,80
2024-02-22,ADJ_FACTOR_CA_MISMATCH,WARN,fq_factor,1
2024-02-22,MISSING_VALUE,WARN,amount,80
2024-02-23,ADJ_FACTOR_CA_MISMATCH,WARN,fq_factor,1
2024-02-23,MISSING_VALUE,WARN,amount,80
2024-02-26,MISSING_VALUE,WARN,amount,80
2024-02-27,MISSING_VALUE,WARN,amount,80
2024-02-28,ADJ_FACTOR_CA_MISMATCH,WARN,fq_factor,1
2024-02-28,MISSING_VALUE,WARN,amount,80
2024-02-29,MISSING_VALUE,WARN,amount,80
2024-03-01,MISSING_VALUE,WARN,amount,80
2024-03-04,MISSING_VALUE,WARN,amount,80
2024-03-05,MISSING_VALUE,WARN,amount,80
2024-03-06,MISSING_VALUE,WARN,amount,79
2024-03-07,MISSING_VALUE,WARN,amount,79
2024-03-08,ADJ_FACTOR_CA_MISMATCH,WARN,fq_factor,1
2024-03-08,MISSING_VALUE,WARN,amount,78
2024-03-11,MISSING_VALUE,WARN,amount,78
2024-03-11,VWAP_OUT_OF_RANGE,ERROR,amount,1
2024-03-12,MISSING_VALUE,WARN,amount,78
2024-03-13,MISSING_VALUE,WARN,amount,78
2024-03-14,MISSING_VALUE,WARN,amount,78
2024-03-15,MISSING_VALUE,WARN,amount,78
2024-03-18,ADJ_FACTOR_CA_MISMATCH,WARN,fq_factor,1
2024-03-18,MISSING_VALUE,WARN,amount,78
2024-03-18,VWAP_OUT_OF_RANGE,ERROR,amount,1
2024-03-19,MISSING_VALUE,WARN,amount,78
2024-03-19,VWAP_OUT_OF_RANGE,ERROR,amount,1
2024-03-20,MISSING_VALUE,WARN,amount,78
2024-03-21,MISSING_VALUE,WARN,amount,78
2024-03-21,VWAP_OUT_OF_RANGE,ERROR,amount,1
2024-03-22,MISSING_VALUE,WARN,amount,78
2024-03-22,VWAP_OUT_OF_RANGE,ERROR,amount,2
2024-03-25,MISSING_VALUE,WARN,amount,78
2024-03-25,VWAP_OUT_OF_RANGE,ERROR,amount,1
2024-03-26,MISSING_VALUE,WARN,amount,79
2024-03-27,MISSING_VALUE,WARN,amount,80
2024-03-28,MISSING_VALUE,WARN,amount,80
2024-03-28,VWAP_OUT_OF_RANGE,ERROR,amount,1
2024-03-29,ADJ_FACTOR_CA_MISMATCH,WARN,fq_factor,2
2024-03-29,MISSING_VALUE,WARN,amount,80
2024-03-29,VWAP_OUT_OF_RANGE,ERROR,amount,3
2024-04-01,MISSING_VALUE,WARN,amount,80
2024-04-02,MISSING_VALUE,WARN,amount,80
2024-04-03,MISSING_VALUE,WARN,amount,80
2024-04-03,VWAP_OUT_OF_RANGE,ERROR,amount,2
2024-04-08,MISSING_VALUE,WARN,amount,80
2024-04-08,VWAP_OUT_OF_RANGE,ERROR,amount,1
2024-04-09,MISSING_VALUE,WARN,amount,80
2024-04-09,VWAP_OUT_OF_RANGE,ERROR,amount,1
2024-04-10,ADJ_FACTOR_CA_MISMATCH,WARN,fq_factor,3
2024-04-10,MISSING_VALUE,WARN,amount,80
2024-04-10,VWAP_OUT_OF_RANGE,ERROR,amount,1
2024-04-11,MISSING_VALUE,WARN,amount,80
2024-04-12,ADJ_FACTOR_CA_MISMATCH,WARN,fq_factor,1
2024-04-12,MISSING_VALUE,WARN,amount,80
2024-04-12,VWAP_OUT_OF_RANGE,ERROR,amount,2
2024-04-15,ADJ_FACTOR_CA_MISMATCH,WARN,fq_factor,1
2024-04-15,MISSING_VALUE,WARN,amount,80
2024-04-15,VWAP_OUT_OF_RANGE,ERROR,amount,1
2024-04-16,ADJ_FACTOR_CA_MISMATCH,WARN,fq_factor,1
2024-04-16,MISSING_VALUE,WARN,amount,80
2024-04-17,ADJ_FACTOR_CA_MISMATCH,WARN,fq_factor,4
2024-04-17,MISSING_VALUE,WARN,amount,80
2024-04-17,VWAP_OUT_OF_RANGE,ERROR,amount,1
2024-04-18,ADJ_FACTOR_CA_MISMATCH,WARN,fq_factor,1
2024-04-18,MISSING_VALUE,WARN,amount,79
2024-04-19,ADJ_FACTOR_CA_MISMATCH,WARN,fq_factor,6
2024-04-19,ADJ_NEGATIVE,ERROR,adj_factor,1
2024-04-19,MISSING_VALUE,WARN,amount,77
2024-04-19,VWAP_OUT_OF_RANGE,ERROR,amount,1
2024-04-22,ADJ_FACTOR_CA_MISMATCH,WARN,fq_factor,5
2024-04-22,ADJ_NEGATIVE,ERROR,adj_factor,1
2024-04-22,MISSING_VALUE,WARN,amount,77
2024-04-22,VWAP_OUT_OF_RANGE,ERROR,amount,1
2024-04-23,ADJ_FACTOR_CA_MISMATCH,WARN,fq_factor,7
2024-04-23,ADJ_NEGATIVE,ERROR,adj_factor,1
2024-04-23,MISSING_VALUE,WARN,amount,77
2024-04-23,VWAP_OUT_OF_RANGE,ERROR,amount,1
2024-04-24,ADJ_FACTOR_CA_MISMATCH,WARN,fq_factor,3
2024-04-24,MISSING_VALUE,WARN,amount,78
2024-04-25,ADJ_FACTOR_CA_MISMATCH,WARN,fq_factor,13
2024-04-25,MISSING_VALUE,WARN,amount,76
2024-04-25,VWAP_OUT_OF_RANGE,ERROR,amount,2
2024-04-26,ADJ_FACTOR_CA_MISMATCH,WARN,fq_factor,14
2024-04-26,MISSING_VALUE,WARN,amount,74
2024-04-26,VWAP_OUT_OF_RANGE,ERROR,amount,1
2024-04-29,ADJ_FACTOR_CA_MISMATCH,WARN,fq_factor,12
2024-04-29,MISSING_VALUE,WARN,amount,68
2024-04-29,VWAP_OUT_OF_RANGE,ERROR,amount,1
2024-04-30,ADJ_FACTOR_CA_MISMATCH,WARN,fq_factor,17
2024-04-30,MISSING_VALUE,WARN,amount,44
2024-04-30,VWAP_OUT_OF_RANGE,ERROR,amount,1
2024-05-06,ADJ_FACTOR_CA_MISMATCH,WARN,fq_factor,10
2024-05-06,MISSING_VALUE,WARN,amount,61
2024-05-06,VWAP_OUT_OF_RANGE,ERROR,amount,1
2024-05-07,ADJ_FACTOR_CA_MISMATCH,WARN,fq_factor,8
2024-05-07,MISSING_VALUE,WARN,amount,61
2024-05-07,VWAP_OUT_OF_RANGE,ERROR,amount,1
2024-05-08,ADJ_FACTOR_CA_MISMATCH,WARN,fq_factor,10
2024-05-08,MISSING_VALUE,WARN,amount,61
2024-05-08,VWAP_OUT_OF_RANGE,ERROR,amount,1
2024-05-09,ADJ_FACTOR_CA_MISMATCH,WARN,fq_factor,17
2024-05-09,MISSING_VALUE,WARN,amount,59
2024-05-09,VWAP_OUT_OF_RANGE,ERROR,amount,2
2024-05-10,ADJ_FACTOR_CA_MISMATCH,WARN,fq_factor,25
2024-05-10,MISSING_VALUE,WARN,amount,59
2024-05-13,ADJ_FACTOR_CA_MISMATCH,WARN,fq_factor,8
2024-05-13,MISSING_VALUE,WARN,amount,59
2024-05-13,VWAP_OUT_OF_RANGE,ERROR,amount,1
2024-05-14,ADJ_FACTOR_CA_MISMATCH,WARN,fq_factor,17
2024-05-14,MISSING_VALUE,WARN,amount,59
2024-05-14,VWAP_OUT_OF_RANGE,ERROR,amount,1
2024-05-15,ADJ_FACTOR_CA_MISMATCH,WARN,fq_factor,23
2024-05-15,MISSING_VALUE,WARN,amount,59
2024-05-16,ADJ_FACTOR_CA_MISMATCH,WARN,fq_factor,37
2024-05-16,MISSING_VALUE,WARN,amount,58
2024-05-16,VWAP_OUT_OF_RANGE,ERROR,amount,1
2024-05-17,ADJ_FACTOR_CA_MISMATCH,WARN,fq_factor,32
2024-05-17,MISSING_VALUE,WARN,amount,57
2024-05-20,ADJ_FACTOR_CA_MISMATCH,WARN,fq_factor,26
2024-05-20,MISSING_VALUE,WARN,amount,57
2024-05-20,VWAP_OUT_OF_RANGE,ERROR,amount,1
2024-05-21,ADJ_FACTOR_CA_MISMATCH,WARN,fq_factor,45
2024-05-21,MISSING_VALUE,WARN,amount,57
2024-05-22,ADJ_FACTOR_CA_MISMATCH,WARN,fq_factor,54
2024-05-22,MISSING_VALUE,WARN,amount,57
2024-05-22,VWAP_OUT_OF_RANGE,ERROR,amount,2
2024-05-23,ADJ_FACTOR_CA_MISMATCH,WARN,fq_factor,63
2024-05-23,MISSING_VALUE,WARN,amount,57
2024-05-24,ADJ_FACTOR_CA_MISMATCH,WARN,fq_factor,70
2024-05-24,MISSING_VALUE,WARN,amount,57
2024-05-27,ADJ_FACTOR_CA_MISMATCH,WARN,fq_factor,41
2024-05-27,MISSING_VALUE,WARN,amount,57
2024-05-28,ADJ_FACTOR_CA_MISMATCH,WARN,fq_factor,88
2024-05-28,MISSING_VALUE,WARN,amount,57
2024-05-28,VWAP_OUT_OF_RANGE,ERROR,amount,1
2024-05-29,ADJ_FACTOR_CA_MISMATCH,WARN,fq_factor,111
2024-05-29,MISSING_VALUE,WARN,amount,58
2024-05-30,ADJ_FACTOR_CA_MISMATCH,WARN,fq_factor,115
2024-05-30,MISSING_VALUE,WARN,amount,58
2024-05-30,VWAP_OUT_OF_RANGE,ERROR,amount,1
2024-05-31,ADJ_FACTOR_CA_MISMATCH,WARN,fq_factor,125
2024-05-31,MISSING_VALUE,WARN,amount,57
2024-06-03,ADJ_FACTOR_CA_MISMATCH,WARN,fq_factor,57
2024-06-03,MISSING_VALUE,WARN,amount,56
2024-06-04,ADJ_FACTOR_CA_MISMATCH,WARN,fq_factor,63
2024-06-04,MISSING_VALUE,WARN,amount,57
2024-06-05,ADJ_FACTOR_CA_MISMATCH,WARN,fq_factor,68
2024-06-05,MISSING_VALUE,WARN,amount,59
2024-06-06,ADJ_FACTOR_CA_MISMATCH,WARN,fq_factor,116
2024-06-06,MISSING_VALUE,WARN,amount,61
2024-06-07,ADJ_FACTOR_CA_MISMATCH,WARN,fq_factor,144
2024-06-07,MISSING_VALUE,WARN,amount,61
2024-06-07,VWAP_OUT_OF_RANGE,ERROR,amount,1
2024-06-11,ADJ_FACTOR_CA_MISMATCH,WARN,fq_factor,34
2024-06-11,MISSING_VALUE,WARN,amount,61
2024-06-12,ADJ_FACTOR_CA_MISMATCH,WARN,fq_factor,52
2024-06-12,MISSING_VALUE,WARN,amount,61
2024-06-12,VWAP_OUT_OF_RANGE,ERROR,amount,1
2024-06-13,ADJ_FACTOR_CA_MISMATCH,WARN,fq_factor,94
2024-06-13,MISSING_VALUE,WARN,amount,61
2024-06-13,VWAP_OUT_OF_RANGE,ERROR,amount,2
2024-06-14,ADJ_FACTOR_CA_MISMATCH,WARN,fq_factor,130
2024-06-14,MISSING_VALUE,WARN,amount,60
2024-06-14,VWAP_OUT_OF_RANGE,ERROR,amount,1
2024-06-17,ADJ_FACTOR_CA_MISMATCH,WARN,fq_factor,46
2024-06-17,MISSING_VALUE,WARN,amount,60
2024-06-17,VWAP_OUT_OF_RANGE,ERROR,amount,1
2024-06-18,ADJ_FACTOR_CA_MISMATCH,WARN,fq_factor,82
2024-06-18,MISSING_VALUE,WARN,amount,58
2024-06-18,VWAP_OUT_OF_RANGE,ERROR,amount,3
2024-06-19,ADJ_FACTOR_CA_MISMATCH,WARN,fq_factor,94
2024-06-19,MISSING_VALUE,WARN,amount,56
2024-06-19,VWAP_OUT_OF_RANGE,ERROR,amount,1
2024-06-20,ADJ_FACTOR_CA_MISMATCH,WARN,fq_factor,78
2024-06-20,MISSING_VALUE,WARN,amount,55
2024-06-20,VWAP_OUT_OF_RANGE,ERROR,amount,3
2024-06-21,ADJ_FACTOR_CA_MISMATCH,WARN,fq_factor,100
2024-06-21,MISSING_VALUE,WARN,amount,55
2024-06-24,ADJ_FACTOR_CA_MISMATCH,WARN,fq_factor,39
2024-06-24,ADJ_NEGATIVE,ERROR,adj_factor,1
2024-06-24,MISSING_VALUE,WARN,amount,52
2024-06-24,VWAP_OUT_OF_RANGE,ERROR,amount,1
2024-06-25,ADJ_FACTOR_CA_MISMATCH,WARN,fq_factor,42
2024-06-25,ADJ_NEGATIVE,ERROR,adj_factor,1
2024-06-25,MISSING_VALUE,WARN,amount,52
2024-06-25,VWAP_OUT_OF_RANGE,ERROR,amount,1
2024-06-26,ADJ_FACTOR_CA_MISMATCH,WARN,fq_factor,69
2024-06-26,MISSING_VALUE,WARN,amount,52
2024-06-26,VWAP_OUT_OF_RANGE,ERROR,amount,1
2024-06-27,ADJ_FACTOR_CA_MISMATCH,WARN,fq_factor,73
2024-06-27,MISSING_VALUE,WARN,amount,48
2024-06-27,VWAP_OUT_OF_RANGE,ERROR,amount,2
2024-06-28,ADJ_FACTOR_CA_MISMATCH,WARN,fq_factor,111
2024-06-28,MISSING_VALUE,WARN,amount,45
2024-06-28,VWAP_OUT_OF_RANGE,ERROR,amount,1
2024-07-01,ADJ_FACTOR_CA_MISMATCH,WARN,fq_factor,21
2024-07-01,MISSING_VALUE,WARN,amount,45
2024-07-02,ADJ_FACTOR_CA_MISMATCH,WARN,fq_factor,20
2024-07-02,MISSING_VALUE,WARN,amount,44
2024-07-03,ADJ_FACTOR_CA_MISMATCH,WARN,fq_factor,28
2024-07-03,MISSING_VALUE,WARN,amount,42
2024-07-04,ADJ_FACTOR_CA_MISMATCH,WARN,fq_factor,62
2024-07-04,MISSING_VALUE,WARN,amount,42
2024-07-04,VWAP_OUT_OF_RANGE,ERROR,amount,2
2024-07-05,ADJ_FACTOR_CA_MISMATCH,WARN,fq_factor,84
2024-07-05,MISSING_VALUE,WARN,amount,41
2024-07-08,ADJ_FACTOR_CA_MISMATCH,WARN,fq_factor,42
2024-07-08,MISSING_VALUE,WARN,amount,43
2024-07-09,ADJ_FACTOR_CA_MISMATCH,WARN,fq_factor,52
2024-07-09,MISSING_VALUE,WARN,amount,47
2024-07-10,ADJ_FACTOR_CA_MISMATCH,WARN,fq_factor,62
2024-07-10,MISSING_VALUE,WARN,amount,47
2024-07-11,ADJ_FACTOR_CA_MISMATCH,WARN,fq_factor,63
2024-07-11,MISSING_VALUE,WARN,amount,47
2024-07-11,VWAP_OUT_OF_RANGE,ERROR,amount,1
2024-07-12,ADJ_FACTOR_CA_MISMATCH,WARN,fq_factor,75
2024-07-12,MISSING_VALUE,WARN,amount,47
2024-07-15,ADJ_FACTOR_CA_MISMATCH,WARN,fq_factor,29
2024-07-15,MISSING_VALUE,WARN,amount,47
2024-07-16,ADJ_FACTOR_CA_MISMATCH,WARN,fq_factor,44
2024-07-16,MISSING_VALUE,WARN,amount,47
2024-07-16,VWAP_OUT_OF_RANGE,ERROR,amount,1
2024-07-17,ADJ_FACTOR_CA_MISMATCH,WARN,fq_factor,36
2024-07-17,MISSING_VALUE,WARN,amount,46
2024-07-18,ADJ_FACTOR_CA_MISMATCH,WARN,fq_factor,26
2024-07-18,MISSING_VALUE,WARN,amount,43
2024-07-19,ADJ_FACTOR_CA_MISMATCH,WARN,fq_factor,44
2024-07-19,MISSING_VALUE,WARN,amount,43
2024-07-19,VWAP_OUT_OF_RANGE,ERROR,amount,1
2024-07-22,ADJ_FACTOR_CA_MISMATCH,WARN,fq_factor,11
2024-07-22,MISSING_VALUE,WARN,amount,41
2024-07-22,VWAP_OUT_OF_RANGE,ERROR,amount,1
2024-07-23,ADJ_FACTOR_CA_MISMATCH,WARN,fq_factor,8
2024-07-23,MISSING_VALUE,WARN,amount,41
2024-07-23,VWAP_OUT_OF_RANGE,ERROR,amount,1
2024-07-24,ADJ_FACTOR_CA_MISMATCH,WARN,fq_factor,18
2024-07-24,MISSING_VALUE,WARN,amount,41
2024-07-25,ADJ_FACTOR_CA_MISMATCH,WARN,fq_factor,20
2024-07-25,MISSING_VALUE,WARN,amount,41
2024-07-25,VWAP_OUT_OF_RANGE,ERROR,amount,1
2024-07-26,ADJ_FACTOR_CA_MISMATCH,WARN,fq_factor,35
2024-07-26,MISSING_VALUE,WARN,amount,40
2024-07-26,VWAP_OUT_OF_RANGE,ERROR,amount,1
2024-07-29,ADJ_FACTOR_CA_MISMATCH,WARN,fq_factor,7
2024-07-29,MISSING_VALUE,WARN,amount,39
2024-07-30,ADJ_FACTOR_CA_MISMATCH,WARN,fq_factor,11
2024-07-30,MISSING_VALUE,WARN,amount,39
2024-07-30,VWAP_OUT_OF_RANGE,ERROR,amount,1
2024-07-31,ADJ_FACTOR_CA_MISMATCH,WARN,fq_factor,13
2024-07-31,MISSING_VALUE,WARN,amount,39
2024-07-31,VWAP_OUT_OF_RANGE,ERROR,amount,1
2024-08-01,ADJ_FACTOR_CA_MISMATCH,WARN,fq_factor,7
2024-08-01,MISSING_VALUE,WARN,amount,40
2024-08-02,ADJ_FACTOR_CA_MISMATCH,WARN,fq_factor,8
2024-08-02,MISSING_VALUE,WARN,amount,40
2024-08-02,VWAP_OUT_OF_RANGE,ERROR,amount,4
2024-08-05,ADJ_FACTOR_CA_MISMATCH,WARN,fq_factor,5
2024-08-05,MISSING_VALUE,WARN,amount,38
2024-08-05,VWAP_OUT_OF_RANGE,ERROR,amount,1
2024-08-06,ADJ_FACTOR_CA_MISMATCH,WARN,fq_factor,6
2024-08-06,MISSING_VALUE,WARN,amount,37
2024-08-07,ADJ_FACTOR_CA_MISMATCH,WARN,fq_factor,5
2024-08-07,MISSING_VALUE,WARN,amount,38
2024-08-07,VWAP_OUT_OF_RANGE,ERROR,amount,1
2024-08-08,ADJ_FACTOR_CA_MISMATCH,WARN,fq_factor,14
2024-08-08,MISSING_VALUE,WARN,amount,38
2024-08-09,ADJ_FACTOR_CA_MISMATCH,WARN,fq_factor,20
2024-08-09,MISSING_VALUE,WARN,amount,38
2024-08-12,ADJ_FACTOR_CA_MISMATCH,WARN,fq_factor,4
2024-08-12,MISSING_VALUE,WARN,amount,39
2024-08-13,ADJ_FACTOR_CA_MISMATCH,WARN,fq_factor,5
2024-08-13,MISSING_VALUE,WARN,amount,39
2024-08-14,ADJ_FACTOR_CA_MISMATCH,WARN,fq_factor,4
2024-08-14,MISSING_VALUE,WARN,amount,39
2024-08-14,VWAP_OUT_OF_RANGE,ERROR,amount,1
2024-08-15,ADJ_FACTOR_CA_MISMATCH,WARN,fq_factor,4
2024-08-15,MISSING_VALUE,WARN,amount,38
2024-08-16,ADJ_FACTOR_CA_MISMATCH,WARN,fq_factor,20
2024-08-16,MISSING_VALUE,WARN,amount,37
2024-08-16,VWAP_OUT_OF_RANGE,ERROR,amount,1
2024-08-19,ADJ_FACTOR_CA_MISMATCH,WARN,fq_factor,5
2024-08-19,MISSING_VALUE,WARN,amount,37
2024-08-19,VWAP_OUT_OF_RANGE,ERROR,amount,1
2024-08-20,ADJ_FACTOR_CA_MISMATCH,WARN,fq_factor,5
2024-08-20,MISSING_VALUE,WARN,amount,37
2024-08-21,ADJ_FACTOR_CA_MISMATCH,WARN,fq_factor,8
2024-08-21,MISSING_VALUE,WARN,amount,37
2024-08-21,VWAP_OUT_OF_RANGE,ERROR,amount,1
2024-08-22,ADJ_FACTOR_CA_MISMATCH,WARN,fq_factor,10
2024-08-22,MISSING_VALUE,WARN,amount,37
2024-08-23,ADJ_FACTOR_CA_MISMATCH,WARN,fq_factor,14
2024-08-23,MISSING_VALUE,WARN,amount,36
2024-08-26,ADJ_FACTOR_CA_MISMATCH,WARN,fq_factor,4
2024-08-26,MISSING_VALUE,WARN,amount,36
2024-08-26,VWAP_OUT_OF_RANGE,ERROR,amount,1
2024-08-27,ADJ_FACTOR_CA_MISMATCH,WARN,fq_factor,5
2024-08-27,MISSING_VALUE,WARN,amount,36
2024-08-28,ADJ_FACTOR_CA_MISMATCH,WARN,fq_factor,4
2024-08-28,MISSING_VALUE,WARN,amount,36
2024-08-29,ADJ_FACTOR_CA_MISMATCH,WARN,fq_factor,6
2024-08-29,MISSING_VALUE,WARN,amount,36
2024-08-30,ADJ_FACTOR_CA_MISMATCH,WARN,fq_factor,2
2024-08-30,MISSING_VALUE,WARN,amount,36
2024-09-02,ADJ_FACTOR_CA_MISMATCH,WARN,fq_factor,2
2024-09-02,MISSING_VALUE,WARN,amount,35
2024-09-02,VWAP_OUT_OF_RANGE,ERROR,amount,4
2024-09-03,ADJ_FACTOR_CA_MISMATCH,WARN,fq_factor,4
2024-09-03,MISSING_VALUE,WARN,amount,34
2024-09-03,VWAP_OUT_OF_RANGE,ERROR,amount,1
2024-09-04,ADJ_FACTOR_CA_MISMATCH,WARN,fq_factor,8
2024-09-04,MISSING_VALUE,WARN,amount,33
2024-09-04,VWAP_OUT_OF_RANGE,ERROR,amount,1
2024-09-05,ADJ_FACTOR_CA_MISMATCH,WARN,fq_factor,9
2024-09-05,MISSING_VALUE,WARN,amount,33
2024-09-05,VWAP_OUT_OF_RANGE,ERROR,amount,1
2024-09-06,ADJ_FACTOR_CA_MISMATCH,WARN,fq_factor,8
2024-09-06,MISSING_VALUE,WARN,amount,32
2024-09-06,VWAP_OUT_OF_RANGE,ERROR,amount,3
2024-09-09,ADJ_FACTOR_CA_MISMATCH,WARN,fq_factor,8
2024-09-09,MISSING_VALUE,WARN,amount,33
2024-09-09,VWAP_OUT_OF_RANGE,ERROR,amount,2
2024-09-10,ADJ_FACTOR_CA_MISMATCH,WARN,fq_factor,8
2024-09-10,MISSING_VALUE,WARN,amount,33
2024-09-10,VWAP_OUT_OF_RANGE,ERROR,amount,2
2024-09-11,ADJ_FACTOR_CA_MISMATCH,WARN,fq_factor,12
2024-09-11,MISSING_VALUE,WARN,amount,33
2024-09-11,VWAP_OUT_OF_RANGE,ERROR,amount,2
2024-09-12,ADJ_FACTOR_CA_MISMATCH,WARN,fq_factor,8
2024-09-12,MISSING_VALUE,WARN,amount,33
2024-09-13,ADJ_FACTOR_CA_MISMATCH,WARN,fq_factor,16
2024-09-13,MISSING_VALUE,WARN,amount,33
2024-09-18,ADJ_FACTOR_CA_MISMATCH,WARN,fq_factor,10
2024-09-18,MISSING_VALUE,WARN,amount,33
2024-09-19,ADJ_FACTOR_CA_MISMATCH,WARN,fq_factor,10
2024-09-19,MISSING_VALUE,WARN,amount,34
2024-09-20,ADJ_FACTOR_CA_MISMATCH,WARN,fq_factor,20
2024-09-20,MISSING_VALUE,WARN,amount,34
2024-09-20,VWAP_OUT_OF_RANGE,ERROR,amount,2
2024-09-23,ADJ_FACTOR_CA_MISMATCH,WARN,fq_factor,11
2024-09-23,MISSING_VALUE,WARN,amount,34
2024-09-24,ADJ_FACTOR_CA_MISMATCH,WARN,fq_factor,17
2024-09-24,MISSING_VALUE,WARN,amount,34
2024-09-25,ADJ_FACTOR_CA_MISMATCH,WARN,fq_factor,16
2024-09-25,MISSING_VALUE,WARN,amount,34
2024-09-25,VWAP_OUT_OF_RANGE,ERROR,amount,1
2024-09-26,ADJ_FACTOR_CA_MISMATCH,WARN,fq_factor,27
2024-09-26,MISSING_VALUE,WARN,amount,34
2024-09-27,ADJ_FACTOR_CA_MISMATCH,WARN,fq_factor,50
2024-09-27,MISSING_VALUE,WARN,amount,34
2024-09-30,ADJ_FACTOR_CA_MISMATCH,WARN,fq_factor,28
2024-09-30,MISSING_VALUE,WARN,amount,34
2024-10-08,ADJ_FACTOR_CA_MISMATCH,WARN,fq_factor,8
2024-10-08,MISSING_VALUE,WARN,amount,34
2024-10-09,ADJ_FACTOR_CA_MISMATCH,WARN,fq_factor,5
2024-10-09,MISSING_VALUE,WARN,amount,34
2024-10-10,ADJ_FACTOR_CA_MISMATCH,WARN,fq_factor,19
2024-10-10,MISSING_VALUE,WARN,amount,35
2024-10-11,ADJ_FACTOR_CA_MISMATCH,WARN,fq_factor,33
2024-10-11,MISSING_VALUE,WARN,amount,35
2024-10-14,ADJ_FACTOR_CA_MISMATCH,WARN,fq_factor,10
2024-10-14,MISSING_VALUE,WARN,amount,35
2024-10-15,ADJ_FACTOR_CA_MISMATCH,WARN,fq_factor,15
2024-10-15,MISSING_VALUE,WARN,amount,35
2024-10-16,ADJ_FACTOR_CA_MISMATCH,WARN,fq_factor,25
2024-10-16,MISSING_VALUE,WARN,amount,35
2024-10-17,ADJ_FACTOR_CA_MISMATCH,WARN,fq_factor,18
2024-10-17,MISSING_VALUE,WARN,amount,35
2024-10-18,ADJ_FACTOR_CA_MISMATCH,WARN,fq_factor,30
2024-10-18,MISSING_VALUE,WARN,amount,35
2024-10-21,ADJ_FACTOR_CA_MISMATCH,WARN,fq_factor,18
2024-10-21,MISSING_VALUE,WARN,amount,35
2024-10-22,ADJ_FACTOR_CA_MISMATCH,WARN,fq_factor,12
2024-10-22,MISSING_VALUE,WARN,amount,35
2024-10-23,ADJ_FACTOR_CA_MISMATCH,WARN,fq_factor,15
2024-10-23,MISSING_VALUE,WARN,amount,35
2024-10-24,ADJ_FACTOR_CA_MISMATCH,WARN,fq_factor,16
2024-10-24,MISSING_VALUE,WARN,amount,35
2024-10-25,ADJ_FACTOR_CA_MISMATCH,WARN,fq_factor,24
2024-10-25,MISSING_VALUE,WARN,amount,35
2024-10-28,ADJ_FACTOR_CA_MISMATCH,WARN,fq_factor,4
2024-10-28,MISSING_VALUE,WARN,amount,35
2024-10-29,ADJ_FACTOR_CA_MISMATCH,WARN,fq_factor,6
2024-10-29,MISSING_VALUE,WARN,amount,35
2024-10-30,ADJ_FACTOR_CA_MISMATCH,WARN,fq_factor,12
2024-10-30,MISSING_VALUE,WARN,amount,35
2024-10-31,ADJ_FACTOR_CA_MISMATCH,WARN,fq_factor,11
2024-10-31,MISSING_VALUE,WARN,amount,34
2024-11-01,ADJ_FACTOR_CA_MISMATCH,WARN,fq_factor,6
2024-11-01,MISSING_VALUE,WARN,amount,36
2024-11-04,ADJ_FACTOR_CA_MISMATCH,WARN,fq_factor,4
2024-11-04,MISSING_VALUE,WARN,amount,36
2024-11-05,ADJ_FACTOR_CA_MISMATCH,WARN,fq_factor,7
2024-11-05,MISSING_VALUE,WARN,amount,36
2024-11-06,ADJ_FACTOR_CA_MISMATCH,WARN,fq_factor,9
2024-11-06,MISSING_VALUE,WARN,amount,36
2024-11-07,ADJ_FACTOR_CA_MISMATCH,WARN,fq_factor,6
2024-11-07,MISSING_VALUE,WARN,amount,36
2024-11-08,ADJ_FACTOR_CA_MISMATCH,WARN,fq_factor,12
2024-11-08,MISSING_VALUE,WARN,amount,36
2024-11-08,VWAP_OUT_OF_RANGE,ERROR,amount,1
2024-11-11,ADJ_FACTOR_CA_MISMATCH,WARN,fq_factor,9
2024-11-11,MISSING_VALUE,WARN,amount,36
2024-11-12,ADJ_FACTOR_CA_MISMATCH,WARN,fq_factor,5
2024-11-12,MISSING_VALUE,WARN,amount,36
2024-11-13,ADJ_FACTOR_CA_MISMATCH,WARN,fq_factor,9
2024-11-13,MISSING_VALUE,WARN,amount,36
2024-11-14,ADJ_FACTOR_CA_MISMATCH,WARN,fq_factor,4
2024-11-14,MISSING_VALUE,WARN,amount,36
2024-11-15,ADJ_FACTOR_CA_MISMATCH,WARN,fq_factor,9
2024-11-15,MISSING_VALUE,WARN,amount,35
2024-11-15,VWAP_OUT_OF_RANGE,ERROR,amount,1
2024-11-18,ADJ_FACTOR_CA_MISMATCH,WARN,fq_factor,6
2024-11-18,MISSING_VALUE,WARN,amount,35
2024-11-19,ADJ_FACTOR_CA_MISMATCH,WARN,fq_factor,6
2024-11-19,MISSING_VALUE,WARN,amount,35
2024-11-20,MISSING_VALUE,WARN,amount,36
2024-11-21,ADJ_FACTOR_CA_MISMATCH,WARN,fq_factor,7
2024-11-21,MISSING_VALUE,WARN,amount,36
2024-11-22,ADJ_FACTOR_CA_MISMATCH,WARN,fq_factor,14
2024-11-22,MISSING_VALUE,WARN,amount,36
2024-11-25,ADJ_FACTOR_CA_MISMATCH,WARN,fq_factor,9
2024-11-25,MISSING_VALUE,WARN,amount,36
2024-11-26,ADJ_FACTOR_CA_MISMATCH,WARN,fq_factor,8
2024-11-26,MISSING_VALUE,WARN,amount,36
2024-11-27,ADJ_FACTOR_CA_MISMATCH,WARN,fq_factor,4
2024-11-27,MISSING_VALUE,WARN,amount,36
2024-11-28,ADJ_FACTOR_CA_MISMATCH,WARN,fq_factor,10
2024-11-28,MISSING_VALUE,WARN,amount,36
2024-11-29,ADJ_FACTOR_CA_MISMATCH,WARN,fq_factor,9
2024-11-29,MISSING_VALUE,WARN,amount,36
2024-12-02,ADJ_FACTOR_CA_MISMATCH,WARN,fq_factor,7
2024-12-02,MISSING_VALUE,WARN,amount,36
2024-12-03,ADJ_FACTOR_CA_MISMATCH,WARN,fq_factor,2
2024-12-03,MISSING_VALUE,WARN,amount,36
2024-12-04,ADJ_FACTOR_CA_MISMATCH,WARN,fq_factor,6
2024-12-04,MISSING_VALUE,WARN,amount,36
2024-12-05,ADJ_FACTOR_CA_MISMATCH,WARN,fq_factor,11
2024-12-05,MISSING_VALUE,WARN,amount,36
2024-12-06,ADJ_FACTOR_CA_MISMATCH,WARN,fq_factor,9
2024-12-06,MISSING_VALUE,WARN,amount,36
2024-12-09,ADJ_FACTOR_CA_MISMATCH,WARN,fq_factor,4
2024-12-09,MISSING_VALUE,WARN,amount,36
2024-12-09,VWAP_OUT_OF_RANGE,ERROR,amount,1
2024-12-10,ADJ_FACTOR_CA_MISMATCH,WARN,fq_factor,6
2024-12-10,MISSING_VALUE,WARN,amount,36
2024-12-10,VWAP_OUT_OF_RANGE,ERROR,amount,1
2024-12-11,ADJ_FACTOR_CA_MISMATCH,WARN,fq_factor,5
2024-12-11,MISSING_VALUE,WARN,amount,36
2024-12-12,ADJ_FACTOR_CA_MISMATCH,WARN,fq_factor,13
2024-12-12,MISSING_VALUE,WARN,amount,36
2024-12-13,ADJ_FACTOR_CA_MISMATCH,WARN,fq_factor,11
2024-12-13,MISSING_VALUE,WARN,amount,35
2024-12-16,ADJ_FACTOR_CA_MISMATCH,WARN,fq_factor,2
2024-12-16,MISSING_VALUE,WARN,amount,35
2024-12-16,VWAP_OUT_OF_RANGE,ERROR,amount,1
2024-12-17,ADJ_FACTOR_CA_MISMATCH,WARN,fq_factor,3
2024-12-17,MISSING_VALUE,WARN,amount,35
2024-12-18,ADJ_FACTOR_CA_MISMATCH,WARN,fq_factor,10
2024-12-18,MISSING_VALUE,WARN,amount,35
2024-12-19,ADJ_FACTOR_CA_MISMATCH,WARN,fq_factor,10
2024-12-19,MISSING_VALUE,WARN,amount,35
2024-12-20,ADJ_FACTOR_CA_MISMATCH,WARN,fq_factor,15
2024-12-20,MISSING_VALUE,WARN,amount,36
2024-12-23,ADJ_FACTOR_CA_MISMATCH,WARN,fq_factor,3
2024-12-23,MISSING_VALUE,WARN,amount,36
2024-12-24,ADJ_FACTOR_CA_MISMATCH,WARN,fq_factor,8
2024-12-24,MISSING_VALUE,WARN,amount,36
2024-12-25,ADJ_FACTOR_CA_MISMATCH,WARN,fq_factor,3
2024-12-25,MISSING_VALUE,WARN,amount,36
2024-12-26,ADJ_FACTOR_CA_MISMATCH,WARN,fq_factor,6
2024-12-26,MISSING_VALUE,WARN,amount,35
2024-12-26,VWAP_OUT_OF_RANGE,ERROR,amount,3
2024-12-27,ADJ_FACTOR_CA_MISMATCH,WARN,fq_factor,14
2024-12-27,MISSING_VALUE,WARN,amount,35
2024-12-30,ADJ_FACTOR_CA_MISMATCH,WARN,fq_factor,5
2024-12-30,MISSING_VALUE,WARN,amount,35
2024-12-31,ADJ_FACTOR_CA_MISMATCH,WARN,fq_factor,2
2024-12-31,MISSING_VALUE,WARN,amount,35
2024-12-31,VWAP_OUT_OF_RANGE,ERROR,amount,1
2025-01-02,MISSING_VALUE,WARN,amount,35
2025-01-02,VWAP_OUT_OF_RANGE,ERROR,amount,1
2025-01-03,ADJ_FACTOR_CA_MISMATCH,WARN,fq_factor,1
2025-01-03,MISSING_VALUE,WARN,amount,35
2025-01-06,ADJ_FACTOR_CA_MISMATCH,WARN,fq_factor,1
2025-01-06,MISSING_VALUE,WARN,amount,33
2025-01-07,ADJ_FACTOR_CA_MISMATCH,WARN,fq_factor,6
2025-01-07,MISSING_VALUE,WARN,amount,34
2025-01-08,ADJ_FACTOR_CA_MISMATCH,WARN,fq_factor,9
2025-01-08,MISSING_VALUE,WARN,amount,34
2025-01-09,ADJ_FACTOR_CA_MISMATCH,WARN,fq_factor,4
2025-01-09,MISSING_VALUE,WARN,amount,34
2025-01-10,ADJ_FACTOR_CA_MISMATCH,WARN,fq_factor,22
2025-01-10,MISSING_VALUE,WARN,amount,34
2025-01-13,ADJ_FACTOR_CA_MISMATCH,WARN,fq_factor,4
2025-01-13,MISSING_VALUE,WARN,amount,33
2025-01-14,ADJ_FACTOR_CA_MISMATCH,WARN,fq_factor,2
2025-01-14,MISSING_VALUE,WARN,amount,33
2025-01-14,VWAP_OUT_OF_RANGE,ERROR,amount,2
2025-01-15,ADJ_FACTOR_CA_MISMATCH,WARN,fq_factor,6
2025-01-15,MISSING_VALUE,WARN,amount,33
2025-01-16,ADJ_FACTOR_CA_MISMATCH,WARN,fq_factor,4
2025-01-16,MISSING_VALUE,WARN,amount,33
2025-01-17,ADJ_FACTOR_CA_MISMATCH,WARN,fq_factor,11
2025-01-17,MISSING_VALUE,WARN,amount,32
2025-01-20,ADJ_FACTOR_CA_MISMATCH,WARN,fq_factor,8
2025-01-20,MISSING_VALUE,WARN,amount,32
2025-01-21,ADJ_FACTOR_CA_MISMATCH,WARN,fq_factor,14
2025-01-21,MISSING_VALUE,WARN,amount,32
2025-01-21,VWAP_OUT_OF_RANGE,ERROR,amount,1
2025-01-22,ADJ_FACTOR_CA_MISMATCH,WARN,fq_factor,21
2025-01-22,MISSING_VALUE,WARN,amount,32
2025-01-22,VWAP_OUT_OF_RANGE,ERROR,amount,1
2025-01-23,ADJ_FACTOR_CA_MISMATCH,WARN,fq_factor,14
2025-01-23,MISSING_VALUE,WARN,amount,32
2025-01-23,VWAP_OUT_OF_RANGE,ERROR,amount,2
2025-01-24,ADJ_FACTOR_CA_MISMATCH,WARN,fq_factor,28
2025-01-24,MISSING_VALUE,WARN,amount,32
2025-01-24,VWAP_OUT_OF_RANGE,ERROR,amount,1
2025-01-27,ADJ_FACTOR_CA_MISMATCH,WARN,fq_factor,3
2025-01-27,MISSING_VALUE,WARN,amount,32
2025-02-05,MISSING_VALUE,WARN,amount,32
2025-02-06,MISSING_VALUE,WARN,amount,31
2025-02-07,MISSING_VALUE,WARN,amount,32
2025-02-10,ADJ_FACTOR_CA_MISMATCH,WARN,fq_factor,1
2025-02-10,MISSING_VALUE,WARN,amount,31
2025-02-11,ADJ_FACTOR_CA_MISMATCH,WARN,fq_factor,1
2025-02-11,MISSING_VALUE,WARN,amount,31
2025-02-12,MISSING_VALUE,WARN,amount,31
2025-02-13,ADJ_FACTOR_CA_MISMATCH,WARN,fq_factor,1
2025-02-13,MISSING_VALUE,WARN,amount,31
2025-02-14,ADJ_FACTOR_CA_MISMATCH,WARN,fq_factor,2
2025-02-14,MISSING_VALUE,WARN,amount,31
2025-02-17,ADJ_FACTOR_CA_MISMATCH,WARN,fq_factor,3
2025-02-17,MISSING_VALUE,WARN,amount,30
2025-02-18,MISSING_VALUE,WARN,amount,30
2025-02-18,VWAP_OUT_OF_RANGE,ERROR,amount,1
2025-02-19,ADJ_FACTOR_CA_MISMATCH,WARN,fq_factor,1
2025-02-19,MISSING_VALUE,WARN,amount,30
2025-02-20,ADJ_FACTOR_CA_MISMATCH,WARN,fq_factor,2
2025-02-20,MISSING_VALUE,WARN,amount,30
2025-02-21,ADJ_FACTOR_CA_MISMATCH,WARN,fq_factor,2
2025-02-21,MISSING_VALUE,WARN,amount,30
2025-02-24,ADJ_FACTOR_CA_MISMATCH,WARN,fq_factor,1
2025-02-24,MISSING_VALUE,WARN,amount,30
2025-02-24,VWAP_OUT_OF_RANGE,ERROR,amount,1
2025-02-25,MISSING_VALUE,WARN,amount,30
2025-02-26,ADJ_FACTOR_CA_MISMATCH,WARN,fq_factor,1
2025-02-26,MISSING_VALUE,WARN,amount,30
2025-02-27,ADJ_FACTOR_CA_MISMATCH,WARN,fq_factor,2
2025-02-27,MISSING_VALUE,WARN,amount,30
2025-02-28,ADJ_FACTOR_CA_MISMATCH,WARN,fq_factor,1
2025-02-28,MISSING_VALUE,WARN,amount,29
2025-03-03,ADJ_FACTOR_CA_MISMATCH,WARN,fq_factor,1
2025-03-03,MISSING_VALUE,WARN,amount,29
2025-03-04,MISSING_VALUE,WARN,amount,29
2025-03-05,ADJ_FACTOR_CA_MISMATCH,WARN,fq_factor,2
2025-03-05,MISSING_VALUE,WARN,amount,29
2025-03-06,ADJ_FACTOR_CA_MISMATCH,WARN,fq_factor,2
2025-03-06,MISSING_VALUE,WARN,amount,29
2025-03-07,ADJ_FACTOR_CA_MISMATCH,WARN,fq_factor,1
2025-03-07,MISSING_VALUE,WARN,amount,30
2025-03-07,VWAP_OUT_OF_RANGE,ERROR,amount,1
2025-03-10,ADJ_FACTOR_CA_MISMATCH,WARN,fq_factor,1
2025-03-10,MISSING_VALUE,WARN,amount,30
2025-03-10,VWAP_OUT_OF_RANGE,ERROR,amount,1
2025-03-11,ADJ_FACTOR_CA_MISMATCH,WARN,fq_factor,3
2025-03-11,MISSING_VALUE,WARN,amount,30
2025-03-12,MISSING_VALUE,WARN,amount,30
2025-03-13,ADJ_FACTOR_CA_MISMATCH,WARN,fq_factor,2
2025-03-13,MISSING_VALUE,WARN,amount,30
2025-03-14,ADJ_FACTOR_CA_MISMATCH,WARN,fq_factor,1
2025-03-14,MISSING_VALUE,WARN,amount,30
2025-03-17,ADJ_FACTOR_CA_MISMATCH,WARN,fq_factor,1
2025-03-17,MISSING_VALUE,WARN,amount,28
2025-03-18,MISSING_VALUE,WARN,amount,29
2025-03-19,MISSING_VALUE,WARN,amount,28
2025-03-20,MISSING_VALUE,WARN,amount,28
2025-03-21,MISSING_VALUE,WARN,amount,28
2025-03-24,MISSING_VALUE,WARN,amount,28
2025-03-25,MISSING_VALUE,WARN,amount,28
2025-03-26,ADJ_FACTOR_CA_MISMATCH,WARN,fq_factor,1
2025-03-26,MISSING_VALUE,WARN,amount,28
2025-03-27,MISSING_VALUE,WARN,amount,27
2025-03-28,ADJ_FACTOR_CA_MISMATCH,WARN,fq_factor,2
2025-03-28,MISSING_VALUE,WARN,amount,26
2025-03-31,ADJ_FACTOR_CA_MISMATCH,WARN,fq_factor,3
2025-03-31,MISSING_VALUE,WARN,amount,27
2025-04-01,ADJ_FACTOR_CA_MISMATCH,WARN,fq_factor,1
2025-04-01,MISSING_VALUE,WARN,amount,25
2025-04-02,MISSING_VALUE,WARN,amount,25
2025-04-03,ADJ_FACTOR_CA_MISMATCH,WARN,fq_factor,1
2025-04-03,MISSING_VALUE,WARN,amount,24
2025-04-07,MISSING_VALUE,WARN,amount,24
2025-04-08,MISSING_VALUE,WARN,amount,24
2025-04-08,VWAP_OUT_OF_RANGE,ERROR,amount,2
2025-04-09,ADJ_FACTOR_CA_MISMATCH,WARN,fq_factor,1
2025-04-09,MISSING_VALUE,WARN,amount,24
2025-04-10,MISSING_VALUE,WARN,amount,24
2025-04-11,ADJ_FACTOR_CA_MISMATCH,WARN,fq_factor,2
2025-04-11,MISSING_VALUE,WARN,amount,23
2025-04-14,ADJ_FACTOR_CA_MISMATCH,WARN,fq_factor,2
2025-04-14,MISSING_VALUE,WARN,amount,23
2025-04-15,ADJ_FACTOR_CA_MISMATCH,WARN,fq_factor,1
2025-04-15,MISSING_VALUE,WARN,amount,22
2025-04-16,ADJ_FACTOR_CA_MISMATCH,WARN,fq_factor,4
2025-04-16,MISSING_VALUE,WARN,amount,22
2025-04-17,ADJ_FACTOR_CA_MISMATCH,WARN,fq_factor,2
2025-04-17,MISSING_VALUE,WARN,amount,22
2025-04-18,ADJ_FACTOR_CA_MISMATCH,WARN,fq_factor,5
2025-04-18,MISSING_VALUE,WARN,amount,22
2025-04-21,ADJ_FACTOR_CA_MISMATCH,WARN,fq_factor,2
2025-04-21,MISSING_VALUE,WARN,amount,21
2025-04-22,ADJ_FACTOR_CA_MISMATCH,WARN,fq_factor,7
2025-04-22,MISSING_VALUE,WARN,amount,22
2025-04-23,ADJ_FACTOR_CA_MISMATCH,WARN,fq_factor,3
2025-04-23,MISSING_VALUE,WARN,amount,22
2025-04-24,ADJ_FACTOR_CA_MISMATCH,WARN,fq_factor,7
2025-04-24,MISSING_VALUE,WARN,amount,21
2025-04-25,ADJ_FACTOR_CA_MISMATCH,WARN,fq_factor,6
2025-04-25,MISSING_VALUE,WARN,amount,20
2025-04-25,VWAP_OUT_OF_RANGE,ERROR,amount,1
2025-04-28,ADJ_FACTOR_CA_MISMATCH,WARN,fq_factor,8
2025-04-28,MISSING_VALUE,WARN,amount,19
2025-04-28,VWAP_OUT_OF_RANGE,ERROR,amount,1
2025-04-29,ADJ_FACTOR_CA_MISMATCH,WARN,fq_factor,20
2025-04-29,MISSING_VALUE,WARN,amount,17
2025-04-29,VWAP_OUT_OF_RANGE,ERROR,amount,1
2025-04-30,ADJ_FACTOR_CA_MISMATCH,WARN,fq_factor,27
2025-04-30,MISSING_VALUE,WARN,amount,11
2025-05-06,ADJ_FACTOR_CA_MISMATCH,WARN,fq_factor,9
2025-05-06,MISSING_VALUE,WARN,amount,12
2025-05-07,ADJ_FACTOR_CA_MISMATCH,WARN,fq_factor,4
2025-05-07,MISSING_VALUE,WARN,amount,12
2025-05-08,ADJ_FACTOR_CA_MISMATCH,WARN,fq_factor,10
2025-05-08,MISSING_VALUE,WARN,amount,12
2025-05-09,ADJ_FACTOR_CA_MISMATCH,WARN,fq_factor,24
2025-05-09,MISSING_VALUE,WARN,amount,12
2025-05-12,ADJ_FACTOR_CA_MISMATCH,WARN,fq_factor,12
2025-05-12,MISSING_VALUE,WARN,amount,12
2025-05-12,VWAP_OUT_OF_RANGE,ERROR,amount,1
2025-05-13,ADJ_FACTOR_CA_MISMATCH,WARN,fq_factor,10
2025-05-13,MISSING_VALUE,WARN,amount,12
2025-05-13,VWAP_OUT_OF_RANGE,ERROR,amount,1
2025-05-14,ADJ_FACTOR_CA_MISMATCH,WARN,fq_factor,18
2025-05-14,MISSING_VALUE,WARN,amount,12
2025-05-14,VWAP_OUT_OF_RANGE,ERROR,amount,1
2025-05-15,ADJ_FACTOR_CA_MISMATCH,WARN,fq_factor,19
2025-05-15,MISSING_VALUE,WARN,amount,12
2025-05-16,ADJ_FACTOR_CA_MISMATCH,WARN,fq_factor,38
2025-05-16,MISSING_VALUE,WARN,amount,12
2025-05-19,ADJ_FACTOR_CA_MISMATCH,WARN,fq_factor,16
2025-05-19,MISSING_VALUE,WARN,amount,12
2025-05-20,ADJ_FACTOR_CA_MISMATCH,WARN,fq_factor,37
2025-05-20,MISSING_VALUE,WARN,amount,12
2025-05-21,ADJ_FACTOR_CA_MISMATCH,WARN,fq_factor,35
2025-05-21,MISSING_VALUE,WARN,amount,12
2025-05-22,ADJ_FACTOR_CA_MISMATCH,WARN,fq_factor,50
2025-05-22,MISSING_VALUE,WARN,amount,11
2025-05-23,ADJ_FACTOR_CA_MISMATCH,WARN,fq_factor,70
2025-05-23,MISSING_VALUE,WARN,amount,11
2025-05-26,ADJ_FACTOR_CA_MISMATCH,WARN,fq_factor,52
2025-05-26,MISSING_VALUE,WARN,amount,11
2025-05-27,ADJ_FACTOR_CA_MISMATCH,WARN,fq_factor,77
2025-05-27,MISSING_VALUE,WARN,amount,11
2025-05-28,ADJ_FACTOR_CA_MISMATCH,WARN,fq_factor,107
2025-05-28,MISSING_VALUE,WARN,amount,11
2025-05-29,ADJ_FACTOR_CA_MISMATCH,WARN,fq_factor,128
2025-05-29,MISSING_VALUE,WARN,amount,11
2025-05-30,ADJ_FACTOR_CA_MISMATCH,WARN,fq_factor,136
2025-05-30,MISSING_VALUE,WARN,amount,10
2025-06-03,ADJ_FACTOR_CA_MISMATCH,WARN,fq_factor,35
2025-06-03,MISSING_VALUE,WARN,amount,10
2025-06-04,ADJ_FACTOR_CA_MISMATCH,WARN,fq_factor,63
2025-06-04,MISSING_VALUE,WARN,amount,10
2025-06-05,ADJ_FACTOR_CA_MISMATCH,WARN,fq_factor,78
2025-06-05,MISSING_VALUE,WARN,amount,10
2025-06-06,ADJ_FACTOR_CA_MISMATCH,WARN,fq_factor,141
2025-06-06,MISSING_VALUE,WARN,amount,11
2025-06-09,ADJ_FACTOR_CA_MISMATCH,WARN,fq_factor,55
2025-06-09,MISSING_VALUE,WARN,amount,11
2025-06-10,ADJ_FACTOR_CA_MISMATCH,WARN,fq_factor,48
2025-06-10,MISSING_VALUE,WARN,amount,13
2025-06-11,ADJ_FACTOR_CA_MISMATCH,WARN,fq_factor,73
2025-06-11,MISSING_VALUE,WARN,amount,13
2025-06-12,ADJ_FACTOR_CA_MISMATCH,WARN,fq_factor,97
2025-06-12,MISSING_VALUE,WARN,amount,13
2025-06-13,ADJ_FACTOR_CA_MISMATCH,WARN,fq_factor,127
2025-06-13,MISSING_VALUE,WARN,amount,14
2025-06-16,ADJ_FACTOR_CA_MISMATCH,WARN,fq_factor,36
2025-06-16,MISSING_VALUE,WARN,amount,15
2025-06-17,ADJ_FACTOR_CA_MISMATCH,WARN,fq_factor,74
2025-06-17,MISSING_VALUE,WARN,amount,15
2025-06-18,ADJ_FACTOR_CA_MISMATCH,WARN,fq_factor,79
2025-06-18,MISSING_VALUE,WARN,amount,15
2025-06-19,ADJ_FACTOR_CA_MISMATCH,WARN,fq_factor,101
2025-06-19,MISSING_VALUE,WARN,amount,15
2025-06-20,ADJ_FACTOR_CA_MISMATCH,WARN,fq_factor,109
2025-06-20,MISSING_VALUE,WARN,amount,16
2025-06-23,ADJ_FACTOR_CA_MISMATCH,WARN,fq_factor,47
2025-06-23,MISSING_VALUE,WARN,amount,16
2025-06-24,ADJ_FACTOR_CA_MISMATCH,WARN,fq_factor,40
2025-06-24,MISSING_VALUE,WARN,amount,17
2025-06-25,ADJ_FACTOR_CA_MISMATCH,WARN,fq_factor,65
2025-06-25,MISSING_VALUE,WARN,amount,18
2025-06-26,ADJ_FACTOR_CA_MISMATCH,WARN,fq_factor,68
2025-06-26,MISSING_VALUE,WARN,amount,18
2025-06-27,ADJ_FACTOR_CA_MISMATCH,WARN,fq_factor,117
2025-06-27,MISSING_VALUE,WARN,amount,17
2025-06-30,ADJ_FACTOR_CA_MISMATCH,WARN,fq_factor,52
2025-06-30,MISSING_VALUE,WARN,amount,19
2025-07-01,ADJ_FACTOR_CA_MISMATCH,WARN,fq_factor,19
2025-07-01,MISSING_VALUE,WARN,amount,17
2025-07-01,VWAP_OUT_OF_RANGE,ERROR,amount,1
2025-07-02,ADJ_FACTOR_CA_MISMATCH,WARN,fq_factor,10
2025-07-02,MISSING_VALUE,WARN,amount,17
2025-07-03,ADJ_FACTOR_CA_MISMATCH,WARN,fq_factor,40
2025-07-03,MISSING_VALUE,WARN,amount,17
2025-07-04,ADJ_FACTOR_CA_MISMATCH,WARN,fq_factor,63
2025-07-04,MISSING_VALUE,WARN,amount,16
2025-07-04,VWAP_OUT_OF_RANGE,ERROR,amount,1
2025-07-07,ADJ_FACTOR_CA_MISMATCH,WARN,fq_factor,32
2025-07-07,MISSING_VALUE,WARN,amount,16
2025-07-08,ADJ_FACTOR_CA_MISMATCH,WARN,fq_factor,49
2025-07-08,MISSING_VALUE,WARN,amount,17
2025-07-08,VWAP_OUT_OF_RANGE,ERROR,amount,1
2025-07-09,ADJ_FACTOR_CA_MISMATCH,WARN,fq_factor,55
2025-07-09,MISSING_VALUE,WARN,amount,17
2025-07-10,ADJ_FACTOR_CA_MISMATCH,WARN,fq_factor,70
2025-07-10,MISSING_VALUE,WARN,amount,17
2025-07-11,ADJ_FACTOR_CA_MISMATCH,WARN,fq_factor,83
2025-07-11,MISSING_VALUE,WARN,amount,16
2025-07-14,ADJ_FACTOR_CA_MISMATCH,WARN,fq_factor,32
2025-07-14,MISSING_VALUE,WARN,amount,16
2025-07-15,ADJ_FACTOR_CA_MISMATCH,WARN,fq_factor,28
2025-07-15,MISSING_VALUE,WARN,amount,15
2025-07-16,ADJ_FACTOR_CA_MISMATCH,WARN,fq_factor,31
2025-07-16,MISSING_VALUE,WARN,amount,14
2025-07-17,ADJ_FACTOR_CA_MISMATCH,WARN,fq_factor,39
2025-07-17,MISSING_VALUE,WARN,amount,14
2025-07-18,ADJ_FACTOR_CA_MISMATCH,WARN,fq_factor,57
2025-07-18,MISSING_VALUE,WARN,amount,14
2025-07-18,VWAP_OUT_OF_RANGE,ERROR,amount,1
2025-07-21,ADJ_FACTOR_CA_MISMATCH,WARN,fq_factor,13
2025-07-21,MISSING_VALUE,WARN,amount,11
2025-07-22,ADJ_FACTOR_CA_MISMATCH,WARN,fq_factor,10
2025-07-22,MISSING_VALUE,WARN,amount,11
2025-07-23,ADJ_FACTOR_CA_MISMATCH,WARN,fq_factor,23
2025-07-23,MISSING_VALUE,WARN,amount,11
2025-07-24,ADJ_FACTOR_CA_MISMATCH,WARN,fq_factor,15
2025-07-24,MISSING_VALUE,WARN,amount,11
2025-07-25,ADJ_FACTOR_CA_MISMATCH,WARN,fq_factor,31
2025-07-25,MISSING_VALUE,WARN,amount,11
2025-07-28,ADJ_FACTOR_CA_MISMATCH,WARN,fq_factor,9
2025-07-28,MISSING_VALUE,WARN,amount,11
2025-07-29,ADJ_FACTOR_CA_MISMATCH,WARN,fq_factor,6
2025-07-29,MISSING_VALUE,WARN,amount,11
2025-07-30,ADJ_FACTOR_CA_MISMATCH,WARN,fq_factor,11
2025-07-30,MISSING_VALUE,WARN,amount,11
2025-07-31,ADJ_FACTOR_CA_MISMATCH,WARN,fq_factor,14
2025-07-31,MISSING_VALUE,WARN,amount,11
2025-08-01,ADJ_FACTOR_CA_MISMATCH,WARN,fq_factor,10
2025-08-01,MISSING_VALUE,WARN,amount,11
2025-08-04,ADJ_FACTOR_CA_MISMATCH,WARN,fq_factor,5
2025-08-04,MISSING_VALUE,WARN,amount,11
2025-08-05,ADJ_FACTOR_CA_MISMATCH,WARN,fq_factor,6
2025-08-05,MISSING_VALUE,WARN,amount,11
2025-08-05,VWAP_OUT_OF_RANGE,ERROR,amount,1
2025-08-06,ADJ_FACTOR_CA_MISMATCH,WARN,fq_factor,6
2025-08-06,MISSING_VALUE,WARN,amount,11
2025-08-06,VWAP_OUT_OF_RANGE,ERROR,amount,1
2025-08-07,ADJ_FACTOR_CA_MISMATCH,WARN,fq_factor,6
2025-08-07,MISSING_VALUE,WARN,amount,10
2025-08-08,ADJ_FACTOR_CA_MISMATCH,WARN,fq_factor,23
2025-08-08,MISSING_VALUE,WARN,amount,10
2025-08-11,ADJ_FACTOR_CA_MISMATCH,WARN,fq_factor,2
2025-08-11,MISSING_VALUE,WARN,amount,11
2025-08-12,ADJ_FACTOR_CA_MISMATCH,WARN,fq_factor,3
2025-08-12,MISSING_VALUE,WARN,amount,11
2025-08-13,ADJ_FACTOR_CA_MISMATCH,WARN,fq_factor,6
2025-08-13,MISSING_VALUE,WARN,amount,10
2025-08-13,VWAP_OUT_OF_RANGE,ERROR,amount,1
2025-08-14,ADJ_FACTOR_CA_MISMATCH,WARN,fq_factor,9
2025-08-14,MISSING_VALUE,WARN,amount,9
2025-08-15,ADJ_FACTOR_CA_MISMATCH,WARN,fq_factor,17
2025-08-15,MISSING_VALUE,WARN,amount,9
2025-08-18,ADJ_FACTOR_CA_MISMATCH,WARN,fq_factor,5
2025-08-18,MISSING_VALUE,WARN,amount,9
2025-08-18,VWAP_OUT_OF_RANGE,ERROR,amount,1
2025-08-19,ADJ_FACTOR_CA_MISMATCH,WARN,fq_factor,11
2025-08-19,MISSING_VALUE,WARN,amount,9
2025-08-20,ADJ_FACTOR_CA_MISMATCH,WARN,fq_factor,8
2025-08-20,MISSING_VALUE,WARN,amount,9
2025-08-21,ADJ_FACTOR_CA_MISMATCH,WARN,fq_factor,2
2025-08-21,MISSING_VALUE,WARN,amount,9
2025-08-22,ADJ_FACTOR_CA_MISMATCH,WARN,fq_factor,14
2025-08-22,MISSING_VALUE,WARN,amount,9
2025-08-25,ADJ_FACTOR_CA_MISMATCH,WARN,fq_factor,7
2025-08-25,MISSING_VALUE,WARN,amount,9
2025-08-26,ADJ_FACTOR_CA_MISMATCH,WARN,fq_factor,9
2025-08-26,MISSING_VALUE,WARN,amount,9
2025-08-27,ADJ_FACTOR_CA_MISMATCH,WARN,fq_factor,4
2025-08-27,MISSING_VALUE,WARN,amount,9
2025-08-28,ADJ_FACTOR_CA_MISMATCH,WARN,fq_factor,4
2025-08-28,MISSING_VALUE,WARN,amount,9
2025-08-29,ADJ_FACTOR_CA_MISMATCH,WARN,fq_factor,8
2025-08-29,MISSING_VALUE,WARN,amount,9
2025-08-29,VWAP_OUT_OF_RANGE,ERROR,amount,1
2025-09-01,ADJ_FACTOR_CA_MISMATCH,WARN,fq_factor,4
2025-09-01,MISSING_VALUE,WARN,amount,9
2025-09-01,VWAP_OUT_OF_RANGE,ERROR,amount,2
2025-09-02,ADJ_FACTOR_CA_MISMATCH,WARN,fq_factor,1
2025-09-02,MISSING_VALUE,WARN,amount,9
2025-09-02,VWAP_OUT_OF_RANGE,ERROR,amount,1
2025-09-03,ADJ_FACTOR_CA_MISMATCH,WARN,fq_factor,7
2025-09-03,MISSING_VALUE,WARN,amount,9
2025-09-03,VWAP_OUT_OF_RANGE,ERROR,amount,1
2025-09-04,ADJ_FACTOR_CA_MISMATCH,WARN,fq_factor,4
2025-09-04,MISSING_VALUE,WARN,amount,9
2025-09-04,VWAP_OUT_OF_RANGE,ERROR,amount,1
2025-09-05,ADJ_FACTOR_CA_MISMATCH,WARN,fq_factor,11
2025-09-05,MISSING_VALUE,WARN,amount,9
2025-09-08,ADJ_FACTOR_CA_MISMATCH,WARN,fq_factor,6
2025-09-08,MISSING_VALUE,WARN,amount,9
2025-09-08,VWAP_OUT_OF_RANGE,ERROR,amount,1
2025-09-09,ADJ_FACTOR_CA_MISMATCH,WARN,fq_factor,4
2025-09-09,MISSING_VALUE,WARN,amount,9
2025-09-10,ADJ_FACTOR_CA_MISMATCH,WARN,fq_factor,23
2025-09-10,MISSING_VALUE,WARN,amount,9
2025-09-11,ADJ_FACTOR_CA_MISMATCH,WARN,fq_factor,14
2025-09-11,MISSING_VALUE,WARN,amount,9
2025-09-11,VWAP_OUT_OF_RANGE,ERROR,amount,1
2025-09-12,ADJ_FACTOR_CA_MISMATCH,WARN,fq_factor,21
2025-09-12,MISSING_VALUE,WARN,amount,9
2025-09-15,ADJ_FACTOR_CA_MISMATCH,WARN,fq_factor,9
2025-09-15,MISSING_VALUE,WARN,amount,10
2025-09-15,VWAP_OUT_OF_RANGE,ERROR,amount,1
2025-09-16,ADJ_FACTOR_CA_MISMATCH,WARN,fq_factor,10
2025-09-16,MISSING_VALUE,WARN,amount,10
2025-09-16,VWAP_OUT_OF_RANGE,ERROR,amount,1
2025-09-17,ADJ_FACTOR_CA_MISMATCH,WARN,fq_factor,23
2025-09-17,MISSING_VALUE,WARN,amount,10
2025-09-17,VWAP_OUT_OF_RANGE,ERROR,amount,1
2025-09-18,ADJ_FACTOR_CA_MISMATCH,WARN,fq_factor,14
2025-09-18,MISSING_VALUE,WARN,amount,10
2025-09-19,ADJ_FACTOR_CA_MISMATCH,WARN,fq_factor,17
2025-09-19,MISSING_VALUE,WARN,amount,10
2025-09-22,ADJ_FACTOR_CA_MISMATCH,WARN,fq_factor,14
2025-09-22,MISSING_VALUE,WARN,amount,10
2025-09-23,ADJ_FACTOR_CA_MISMATCH,WARN,fq_factor,26
2025-09-23,MISSING_VALUE,WARN,amount,10
2025-09-24,ADJ_FACTOR_CA_MISMATCH,WARN,fq_factor,40
2025-09-24,MISSING_VALUE,WARN,amount,10
2025-09-25,ADJ_FACTOR_CA_MISMATCH,WARN,fq_factor,42
2025-09-25,MISSING_VALUE,WARN,amount,10
2025-09-25,VWAP_OUT_OF_RANGE,ERROR,amount,1
2025-09-26,ADJ_FACTOR_CA_MISMATCH,WARN,fq_factor,54
2025-09-26,MISSING_VALUE,WARN,amount,10
2025-09-29,ADJ_FACTOR_CA_MISMATCH,WARN,fq_factor,18
2025-09-29,MISSING_VALUE,WARN,amount,9
2025-09-29,VWAP_OUT_OF_RANGE,ERROR,amount,1
2025-09-30,ADJ_FACTOR_CA_MISMATCH,WARN,fq_factor,35
2025-09-30,MISSING_VALUE,WARN,amount,9
2025-10-09,ADJ_FACTOR_CA_MISMATCH,WARN,fq_factor,3
2025-10-09,MISSING_VALUE,WARN,amount,9
2025-10-10,ADJ_FACTOR_CA_MISMATCH,WARN,fq_factor,7
2025-10-10,MISSING_VALUE,WARN,amount,9
2025-10-10,VWAP_OUT_OF_RANGE,ERROR,amount,1
2025-10-13,ADJ_FACTOR_CA_MISMATCH,WARN,fq_factor,19
2025-10-13,MISSING_VALUE,WARN,amount,9
2025-10-14,ADJ_FACTOR_CA_MISMATCH,WARN,fq_factor,10
2025-10-14,MISSING_VALUE,WARN,amount,8
2025-10-14,VWAP_OUT_OF_RANGE,ERROR,amount,2
2025-10-15,ADJ_FACTOR_CA_MISMATCH,WARN,fq_factor,20
2025-10-15,MISSING_VALUE,WARN,amount,8
2025-10-16,ADJ_FACTOR_CA_MISMATCH,WARN,fq_factor,24
2025-10-16,MISSING_VALUE,WARN,amount,8
2025-10-17,ADJ_FACTOR_CA_MISMATCH,WARN,fq_factor,44
2025-10-17,MISSING_VALUE,WARN,amount,8
2025-10-20,ADJ_FACTOR_CA_MISMATCH,WARN,fq_factor,18
2025-10-20,MISSING_VALUE,WARN,amount,8
2025-10-21,ADJ_FACTOR_CA_MISMATCH,WARN,fq_factor,15
2025-10-21,MISSING_VALUE,WARN,amount,8
2025-10-22,ADJ_FACTOR_CA_MISMATCH,WARN,fq_factor,26
2025-10-22,MISSING_VALUE,WARN,amount,8
2025-10-23,ADJ_FACTOR_CA_MISMATCH,WARN,fq_factor,21
2025-10-23,MISSING_VALUE,WARN,amount,8
2025-10-24,ADJ_FACTOR_CA_MISMATCH,WARN,fq_factor,33
2025-10-24,MISSING_VALUE,WARN,amount,8
2025-10-24,VWAP_OUT_OF_RANGE,ERROR,amount,1
2025-10-27,ADJ_FACTOR_CA_MISMATCH,WARN,fq_factor,9
2025-10-27,MISSING_VALUE,WARN,amount,8
2025-10-28,ADJ_FACTOR_CA_MISMATCH,WARN,fq_factor,18
2025-10-28,MISSING_VALUE,WARN,amount,8
2025-10-28,VWAP_OUT_OF_RANGE,ERROR,amount,1
2025-10-29,ADJ_FACTOR_CA_MISMATCH,WARN,fq_factor,6
2025-10-29,MISSING_VALUE,WARN,amount,8
2025-10-29,VWAP_OUT_OF_RANGE,ERROR,amount,1
2025-10-30,ADJ_FACTOR_CA_MISMATCH,WARN,fq_factor,8
2025-10-30,MISSING_VALUE,WARN,amount,8
2025-10-31,ADJ_FACTOR_CA_MISMATCH,WARN,fq_factor,6
2025-10-31,MISSING_VALUE,WARN,amount,8
2025-11-03,ADJ_FACTOR_CA_MISMATCH,WARN,fq_factor,5
2025-11-03,MISSING_VALUE,WARN,amount,8
2025-11-04,ADJ_FACTOR_CA_MISMATCH,WARN,fq_factor,6
2025-11-04,MISSING_VALUE,WARN,amount,8
2025-11-05,ADJ_FACTOR_CA_MISMATCH,WARN,fq_factor,5
2025-11-05,MISSING_VALUE,WARN,amount,8
2025-11-06,ADJ_FACTOR_CA_MISMATCH,WARN,fq_factor,6
2025-11-06,MISSING_VALUE,WARN,amount,8
2025-11-07,ADJ_FACTOR_CA_MISMATCH,WARN,fq_factor,14
2025-11-07,MISSING_VALUE,WARN,amount,8
2025-11-10,ADJ_FACTOR_CA_MISMATCH,WARN,fq_factor,8
2025-11-10,MISSING_VALUE,WARN,amount,8
2025-11-11,ADJ_FACTOR_CA_MISMATCH,WARN,fq_factor,11
2025-11-11,MISSING_VALUE,WARN,amount,7
2025-11-11,VWAP_OUT_OF_RANGE,ERROR,amount,1
2025-11-12,ADJ_FACTOR_CA_MISMATCH,WARN,fq_factor,14
2025-11-12,MISSING_VALUE,WARN,amount,7
2025-11-13,ADJ_FACTOR_CA_MISMATCH,WARN,fq_factor,9
2025-11-13,MISSING_VALUE,WARN,amount,7
2025-11-14,ADJ_FACTOR_CA_MISMATCH,WARN,fq_factor,10
2025-11-14,MISSING_VALUE,WARN,amount,7
2025-11-17,ADJ_FACTOR_CA_MISMATCH,WARN,fq_factor,5
2025-11-17,MISSING_VALUE,WARN,amount,7
2025-11-17,VWAP_OUT_OF_RANGE,ERROR,amount,1
2025-11-18,ADJ_FACTOR_CA_MISMATCH,WARN,fq_factor,9
2025-11-18,MISSING_VALUE,WARN,amount,7
2025-11-19,ADJ_FACTOR_CA_MISMATCH,WARN,fq_factor,8
2025-11-19,MISSING_VALUE,WARN,amount,7
2025-11-20,ADJ_FACTOR_CA_MISMATCH,WARN,fq_factor,5
2025-11-20,MISSING_VALUE,WARN,amount,7
2025-11-21,ADJ_FACTOR_CA_MISMATCH,WARN,fq_factor,5
2025-11-21,MISSING_VALUE,WARN,amount,7
2025-11-24,ADJ_FACTOR_CA_MISMATCH,WARN,fq_factor,5
2025-11-24,MISSING_VALUE,WARN,amount,7
2025-11-24,VWAP_OUT_OF_RANGE,ERROR,amount,1
2025-11-25,ADJ_FACTOR_CA_MISMATCH,WARN,fq_factor,12
2025-11-25,MISSING_VALUE,WARN,amount,7
2025-11-26,ADJ_FACTOR_CA_MISMATCH,WARN,fq_factor,11
2025-11-26,MISSING_VALUE,WARN,amount,5
2025-11-27,ADJ_FACTOR_CA_MISMATCH,WARN,fq_factor,9
2025-11-27,MISSING_VALUE,WARN,amount,5
2025-11-27,VWAP_OUT_OF_RANGE,ERROR,amount,1
2025-11-28,ADJ_FACTOR_CA_MISMATCH,WARN,fq_factor,12
2025-11-28,MISSING_VALUE,WARN,amount,5
2025-11-28,VWAP_OUT_OF_RANGE,ERROR,amount,1
2025-12-01,ADJ_FACTOR_CA_MISMATCH,WARN,fq_factor,3
2025-12-01,MISSING_VALUE,WARN,amount,4
2025-12-01,VWAP_OUT_OF_RANGE,ERROR,amount,1
2025-12-02,ADJ_FACTOR_CA_MISMATCH,WARN,fq_factor,6
2025-12-02,MISSING_VALUE,WARN,amount,5
2025-12-03,ADJ_FACTOR_CA_MISMATCH,WARN,fq_factor,4
2025-12-03,MISSING_VALUE,WARN,amount,5
2025-12-03,VWAP_OUT_OF_RANGE,ERROR,amount,1
2025-12-04,ADJ_FACTOR_CA_MISMATCH,WARN,fq_factor,8
2025-12-04,MISSING_VALUE,WARN,amount,5
2025-12-05,ADJ_FACTOR_CA_MISMATCH,WARN,fq_factor,8
2025-12-05,MISSING_VALUE,WARN,amount,5
2025-12-08,ADJ_FACTOR_CA_MISMATCH,WARN,fq_factor,9
2025-12-08,MISSING_VALUE,WARN,amount,5
2025-12-09,ADJ_FACTOR_CA_MISMATCH,WARN,fq_factor,4
2025-12-09,MISSING_VALUE,WARN,amount,6
2025-12-10,ADJ_FACTOR_CA_MISMATCH,WARN,fq_factor,7
2025-12-10,MISSING_VALUE,WARN,amount,6
2025-12-11,ADJ_FACTOR_CA_MISMATCH,WARN,fq_factor,6
2025-12-11,MISSING_VALUE,WARN,amount,6
2025-12-12,ADJ_FACTOR_CA_MISMATCH,WARN,fq_factor,16
2025-12-12,MISSING_VALUE,WARN,amount,6
2025-12-12,VWAP_OUT_OF_RANGE,ERROR,amount,1
2025-12-15,ADJ_FACTOR_CA_MISMATCH,WARN,fq_factor,5
2025-12-15,MISSING_VALUE,WARN,amount,6
2025-12-16,ADJ_FACTOR_CA_MISMATCH,WARN,fq_factor,5
2025-12-16,MISSING_VALUE,WARN,amount,6
2025-12-17,ADJ_FACTOR_CA_MISMATCH,WARN,fq_factor,5
2025-12-17,MISSING_VALUE,WARN,amount,6
2025-12-17,VWAP_OUT_OF_RANGE,ERROR,amount,1
2025-12-18,ADJ_FACTOR_CA_MISMATCH,WARN,fq_factor,6
2025-12-18,MISSING_VALUE,WARN,amount,6
2025-12-18,VWAP_OUT_OF_RANGE,ERROR,amount,1
2025-12-19,ADJ_FACTOR_CA_MISMATCH,WARN,fq_factor,12
2025-12-19,MISSING_VALUE,WARN,amount,6
2025-12-22,ADJ_FACTOR_CA_MISMATCH,WARN,fq_factor,3
2025-12-22,MISSING_VALUE,WARN,amount,6
2025-12-22,VWAP_OUT_OF_RANGE,ERROR,amount,1
2025-12-23,ADJ_FACTOR_CA_MISMATCH,WARN,fq_factor,2
2025-12-23,MISSING_VALUE,WARN,amount,6
2025-12-24,ADJ_FACTOR_CA_MISMATCH,WARN,fq_factor,6
2025-12-24,MISSING_VALUE,WARN,amount,6
2025-12-25,ADJ_FACTOR_CA_MISMATCH,WARN,fq_factor,4
2025-12-25,MISSING_VALUE,WARN,amount,6
2025-12-25,VWAP_OUT_OF_RANGE,ERROR,amount,1
2025-12-26,ADJ_FACTOR_CA_MISMATCH,WARN,fq_factor,3
2025-12-26,MISSING_VALUE,WARN,amount,6
2025-12-29,ADJ_FACTOR_CA_MISMATCH,WARN,fq_factor,5
2025-12-29,MISSING_VALUE,WARN,amount,6
2025-12-30,ADJ_FACTOR_CA_MISMATCH,WARN,fq_factor,3
2025-12-30,MISSING_VALUE,WARN,amount,6
2025-12-31,ADJ_FACTOR_CA_MISMATCH,WARN,fq_factor,7
2025-12-31,MISSING_VALUE,WARN,amount,6
2026-01-05,ADJ_FACTOR_CA_MISMATCH,WARN,fq_factor,2
2026-01-05,MISSING_VALUE,WARN,amount,6
2026-01-06,MISSING_VALUE,WARN,amount,6
2026-01-07,ADJ_FACTOR_CA_MISMATCH,WARN,fq_factor,7
2026-01-07,MISSING_VALUE,WARN,amount,6
2026-01-07,VWAP_OUT_OF_RANGE,ERROR,amount,1
2026-01-08,ADJ_FACTOR_CA_MISMATCH,WARN,fq_factor,13
2026-01-08,MISSING_VALUE,WARN,amount,6
2026-01-08,VWAP_OUT_OF_RANGE,ERROR,amount,1
2026-01-09,ADJ_FACTOR_CA_MISMATCH,WARN,fq_factor,14
2026-01-09,MISSING_VALUE,WARN,amount,6
2026-01-12,ADJ_FACTOR_CA_MISMATCH,WARN,fq_factor,5
2026-01-12,MISSING_VALUE,WARN,amount,5
2026-01-13,ADJ_FACTOR_CA_MISMATCH,WARN,fq_factor,7
2026-01-13,MISSING_VALUE,WARN,amount,5
2026-01-14,ADJ_FACTOR_CA_MISMATCH,WARN,fq_factor,4
2026-01-14,MISSING_VALUE,WARN,amount,6
2026-01-15,ADJ_FACTOR_CA_MISMATCH,WARN,fq_factor,6
2026-01-15,MISSING_VALUE,WARN,amount,6
2026-01-16,ADJ_FACTOR_CA_MISMATCH,WARN,fq_factor,10
2026-01-16,MISSING_VALUE,WARN,amount,6
2026-01-19,ADJ_FACTOR_CA_MISMATCH,WARN,fq_factor,2
2026-01-19,MISSING_VALUE,WARN,amount,5
2026-01-20,ADJ_FACTOR_CA_MISMATCH,WARN,fq_factor,2
2026-01-20,MISSING_VALUE,WARN,amount,6
2026-01-21,ADJ_FACTOR_CA_MISMATCH,WARN,fq_factor,2
2026-01-21,MISSING_VALUE,WARN,amount,5
2026-01-22,ADJ_FACTOR_CA_MISMATCH,WARN,fq_factor,1
2026-01-22,MISSING_VALUE,WARN,amount,4
2026-01-23,ADJ_FACTOR_CA_MISMATCH,WARN,fq_factor,5
2026-01-23,MISSING_VALUE,WARN,amount,4
2026-01-26,ADJ_FACTOR_CA_MISMATCH,WARN,fq_factor,6
2026-01-26,MISSING_VALUE,WARN,amount,3
2026-01-27,ADJ_FACTOR_CA_MISMATCH,WARN,fq_factor,1
2026-01-27,MISSING_VALUE,WARN,amount,3
2026-01-27,VWAP_OUT_OF_RANGE,ERROR,amount,1
2026-01-28,ADJ_FACTOR_CA_MISMATCH,WARN,fq_factor,2
2026-01-28,MISSING_VALUE,WARN,amount,3
2026-01-29,ADJ_FACTOR_CA_MISMATCH,WARN,fq_factor,3
2026-01-29,MISSING_VALUE,WARN,amount,3
2026-01-30,ADJ_FACTOR_CA_MISMATCH,WARN,fq_factor,6
2026-01-30,MISSING_VALUE,WARN,amount,1
2026-02-02,MISSING_VALUE,WARN,amount,1
2026-02-03,ADJ_FACTOR_CA_MISMATCH,WARN,fq_factor,1
2026-02-03,MISSING_VALUE,WARN,amount,1
2026-02-03,VWAP_OUT_OF_RANGE,ERROR,amount,1
2026-02-04,ADJ_FACTOR_CA_MISMATCH,WARN,fq_factor,6
2026-02-04,MISSING_VALUE,WARN,amount,2
2026-02-04,VWAP_OUT_OF_RANGE,ERROR,amount,1
2026-02-05,ADJ_FACTOR_CA_MISMATCH,WARN,fq_factor,7
2026-02-05,MISSING_VALUE,WARN,amount,2
2026-02-06,ADJ_FACTOR_CA_MISMATCH,WARN,fq_factor,9
2026-02-06,MISSING_VALUE,WARN,amount,1
2026-02-06,VWAP_OUT_OF_RANGE,ERROR,amount,1
2026-02-09,ADJ_FACTOR_CA_MISMATCH,WARN,fq_factor,6
2026-02-09,MISSING_VALUE,WARN,amount,1
2026-02-10,ADJ_FACTOR_CA_MISMATCH,WARN,fq_factor,7
2026-02-10,MISSING_VALUE,WARN,amount,1
2026-02-11,ADJ_FACTOR_CA_MISMATCH,WARN,fq_factor,11
2026-02-11,MISSING_VALUE,WARN,amount,2
2026-02-12,ADJ_FACTOR_CA_MISMATCH,WARN,fq_factor,9
2026-02-12,MISSING_VALUE,WARN,amount,2
2026-02-13,ADJ_FACTOR_CA_MISMATCH,WARN,fq_factor,1
2026-02-13,MISSING_VALUE,WARN,amount,2
2026-02-24,MISSING_VALUE,WARN,amount,1
2026-02-25,MISSING_VALUE,WARN,amount,1
2026-02-26,MISSING_VALUE,WARN,amount,1
2026-02-27,ADJ_FACTOR_CA_MISMATCH,WARN,fq_factor,1
2026-02-27,MISSING_VALUE,WARN,amount,1
2026-02-27,VWAP_OUT_OF_RANGE,ERROR,amount,1
2026-03-02,MISSING_VALUE,WARN,amount,1
2026-03-03,MISSING_VALUE,WARN,amount,1
2026-03-04,MISSING_VALUE,WARN,amount,1
2026-03-04,VWAP_OUT_OF_RANGE,ERROR,amount,1
2026-03-05,ADJ_FACTOR_CA_MISMATCH,WARN,fq_factor,2
2026-03-05,MISSING_VALUE,WARN,amount,1
2026-03-06,ADJ_FACTOR_CA_MISMATCH,WARN,fq_factor,2
2026-03-06,MISSING_VALUE,WARN,amount,1
2026-03-09,MISSING_VALUE,WARN,amount,1
2026-03-10,ADJ_FACTOR_CA_MISMATCH,WARN,fq_factor,3
2026-03-10,MISSING_VALUE,WARN,amount,1
2026-03-11,ADJ_FACTOR_CA_MISMATCH,WARN,fq_factor,1
2026-03-11,MISSING_VALUE,WARN,amount,1
2026-03-12,MISSING_VALUE,WARN,amount,1
2026-03-12,VWAP_OUT_OF_RANGE,ERROR,amount,1
2026-03-13,MISSING_VALUE,WARN,amount,1
2026-03-16,ADJ_FACTOR_CA_MISMATCH,WARN,fq_factor,1
2026-03-16,MISSING_VALUE,WARN,amount,1
2026-03-16,VWAP_OUT_OF_RANGE,ERROR,amount,2
2026-03-17,ADJ_FACTOR_CA_MISMATCH,WARN,fq_factor,1
2026-03-17,MISSING_VALUE,WARN,amount,1
2026-03-18,MISSING_VALUE,WARN,amount,1
2026-03-18,VWAP_OUT_OF_RANGE,ERROR,amount,1
2026-03-19,ADJ_FACTOR_CA_MISMATCH,WARN,fq_factor,1
2026-03-19,MISSING_VALUE,WARN,amount,1
2026-03-20,MISSING_VALUE,WARN,amount,2
2026-03-23,MISSING_VALUE,WARN,amount,2
2026-03-24,MISSING_VALUE,WARN,amount,2
2026-03-25,MISSING_VALUE,WARN,amount,2
2026-03-25,VWAP_OUT_OF_RANGE,ERROR,amount,1
2026-03-26,MISSING_VALUE,WARN,amount,2
2026-03-27,ADJ_FACTOR_CA_MISMATCH,WARN,fq_factor,2
2026-03-27,MISSING_VALUE,WARN,amount,2
2026-03-27,VWAP_OUT_OF_RANGE,ERROR,amount,1
2026-03-30,MISSING_VALUE,WARN,amount,2
2026-03-31,ADJ_FACTOR_CA_MISMATCH,WARN,fq_factor,1
2026-03-31,MISSING_VALUE,WARN,amount,3
2026-03-31,VWAP_OUT_OF_RANGE,ERROR,amount,1
2026-04-01,ADJ_FACTOR_CA_MISMATCH,WARN,fq_factor,2
2026-04-01,MISSING_VALUE,WARN,amount,3
2026-04-01,VWAP_OUT_OF_RANGE,ERROR,amount,3
2026-04-02,MISSING_VALUE,WARN,amount,3
2026-04-02,VWAP_OUT_OF_RANGE,ERROR,amount,1
2026-04-03,ADJ_FACTOR_CA_MISMATCH,WARN,fq_factor,1
2026-04-03,MISSING_VALUE,WARN,amount,3
2026-04-07,ADJ_FACTOR_CA_MISMATCH,WARN,fq_factor,1
2026-04-07,MISSING_VALUE,WARN,amount,2
2026-04-08,ADJ_FACTOR_CA_MISMATCH,WARN,fq_factor,1
2026-04-08,MISSING_VALUE,WARN,amount,2
2026-04-09,MISSING_VALUE,WARN,amount,2
2026-04-10,ADJ_FACTOR_CA_MISMATCH,WARN,fq_factor,1
2026-04-10,MISSING_VALUE,WARN,amount,2
2026-04-13,ADJ_FACTOR_CA_MISMATCH,WARN,fq_factor,1
2026-04-13,MISSING_VALUE,WARN,amount,1
2026-04-13,VWAP_OUT_OF_RANGE,ERROR,amount,1
2026-04-14,MISSING_VALUE,WARN,amount,1
2026-04-14,VWAP_OUT_OF_RANGE,ERROR,amount,1
2026-04-15,ADJ_FACTOR_CA_MISMATCH,WARN,fq_factor,3
2026-04-15,MISSING_VALUE,WARN,amount,1
2026-04-15,VWAP_OUT_OF_RANGE,ERROR,amount,1
2026-04-16,MISSING_VALUE,WARN,amount,1
2026-04-16,VWAP_OUT_OF_RANGE,ERROR,amount,1
2026-04-17,ADJ_FACTOR_CA_MISMATCH,WARN,fq_factor,3
2026-04-17,MISSING_VALUE,WARN,amount,1
2026-04-20,ADJ_FACTOR_CA_MISMATCH,WARN,fq_factor,1
2026-04-20,MISSING_VALUE,WARN,amount,1
2026-04-21,ADJ_FACTOR_CA_MISMATCH,WARN,fq_factor,10
2026-04-21,MISSING_VALUE,WARN,amount,1
2026-04-22,ADJ_FACTOR_CA_MISMATCH,WARN,fq_factor,3
2026-04-23,ADJ_FACTOR_CA_MISMATCH,WARN,fq_factor,2
2026-04-24,ADJ_FACTOR_CA_MISMATCH,WARN,fq_factor,8
2026-04-27,ADJ_FACTOR_CA_MISMATCH,WARN,fq_factor,4
2026-04-28,ADJ_FACTOR_CA_MISMATCH,WARN,fq_factor,11
2026-04-29,ADJ_FACTOR_CA_MISMATCH,WARN,fq_factor,20
2026-04-30,ADJ_FACTOR_CA_MISMATCH,WARN,fq_factor,30
2026-04-30,VWAP_OUT_OF_RANGE,ERROR,amount,1
2026-05-06,ADJ_FACTOR_CA_MISMATCH,WARN,fq_factor,5
2026-05-07,ADJ_FACTOR_CA_MISMATCH,WARN,fq_factor,5
2026-05-07,VWAP_OUT_OF_RANGE,ERROR,amount,1
2026-05-08,ADJ_FACTOR_CA_MISMATCH,WARN,fq_factor,19
2026-05-11,ADJ_FACTOR_CA_MISMATCH,WARN,fq_factor,19
2026-05-11,VWAP_OUT_OF_RANGE,ERROR,amount,1
2026-05-12,ADJ_FACTOR_CA_MISMATCH,WARN,fq_factor,22
2026-05-13,ADJ_FACTOR_CA_MISMATCH,WARN,fq_factor,13
2026-05-14,ADJ_FACTOR_CA_MISMATCH,WARN,fq_factor,22
2026-05-15,ADJ_FACTOR_CA_MISMATCH,WARN,fq_factor,33
2026-05-18,ADJ_FACTOR_CA_MISMATCH,WARN,fq_factor,24
2026-05-19,ADJ_FACTOR_CA_MISMATCH,WARN,fq_factor,36
2026-05-20,ADJ_FACTOR_CA_MISMATCH,WARN,fq_factor,35
2026-05-20,VWAP_OUT_OF_RANGE,ERROR,amount,1
2026-05-21,ADJ_FACTOR_CA_MISMATCH,WARN,fq_factor,52
2026-05-22,ADJ_FACTOR_CA_MISMATCH,WARN,fq_factor,62
2026-05-22,VWAP_OUT_OF_RANGE,ERROR,amount,1
2026-05-25,ADJ_FACTOR_CA_MISMATCH,WARN,fq_factor,33
2026-05-25,VWAP_OUT_OF_RANGE,ERROR,amount,1
2026-05-26,ADJ_FACTOR_CA_MISMATCH,WARN,fq_factor,66
2026-05-26,VWAP_OUT_OF_RANGE,ERROR,amount,1
2026-05-27,ADJ_FACTOR_CA_MISMATCH,WARN,fq_factor,67
2026-05-27,VWAP_OUT_OF_RANGE,ERROR,amount,1
2026-05-28,ADJ_FACTOR_CA_MISMATCH,WARN,fq_factor,100
2026-05-29,ADJ_FACTOR_CA_MISMATCH,WARN,fq_factor,144
2026-06-01,ADJ_FACTOR_CA_MISMATCH,WARN,fq_factor,66
2026-06-01,MISSING_VALUE,WARN,amount,5
2026-06-02,ADJ_FACTOR_CA_MISMATCH,WARN,fq_factor,65
2026-06-02,MISSING_VALUE,WARN,amount,5
2026-06-02,VWAP_OUT_OF_RANGE,ERROR,amount,1
2026-06-03,ADJ_FACTOR_CA_MISMATCH,WARN,fq_factor,78
2026-06-03,MISSING_VALUE,WARN,amount,5
2026-06-04,ADJ_FACTOR_CA_MISMATCH,WARN,fq_factor,90
2026-06-04,MISSING_VALUE,WARN,amount,5
2026-06-05,ADJ_FACTOR_CA_MISMATCH,WARN,fq_factor,94
2026-06-05,MISSING_VALUE,WARN,amount,5
2026-06-05,VWAP_OUT_OF_RANGE,ERROR,amount,1
2026-06-08,ADJ_FACTOR_CA_MISMATCH,WARN,fq_factor,51
2026-06-08,ADJ_NEGATIVE,ERROR,adj_factor,1
2026-06-08,MISSING_VALUE,WARN,amount,5
2026-06-08,VWAP_OUT_OF_RANGE,ERROR,amount,1
2026-06-09,ADJ_FACTOR_CA_MISMATCH,WARN,fq_factor,89
2026-06-09,ADJ_NEGATIVE,ERROR,adj_factor,1
2026-06-09,MISSING_VALUE,WARN,amount,4
2026-06-10,ADJ_FACTOR_CA_MISMATCH,WARN,fq_factor,108
2026-06-10,ADJ_NEGATIVE,ERROR,adj_factor,1
2026-06-10,MISSING_VALUE,WARN,amount,4
2026-06-11,ADJ_FACTOR_CA_MISMATCH,WARN,fq_factor,82
2026-06-11,ADJ_NEGATIVE,ERROR,adj_factor,1
2026-06-11,MISSING_VALUE,WARN,amount,4
2026-06-12,ADJ_FACTOR_CA_MISMATCH,WARN,fq_factor,93
2026-06-12,ADJ_NEGATIVE,ERROR,adj_factor,1
2026-06-12,MISSING_VALUE,WARN,amount,4
2026-06-12,VWAP_OUT_OF_RANGE,ERROR,amount,1
2026-06-15,ADJ_FACTOR_CA_MISMATCH,WARN,fq_factor,58
2026-06-15,ADJ_NEGATIVE,ERROR,adj_factor,1
2026-06-15,MISSING_VALUE,WARN,amount,4
2026-06-16,ADJ_FACTOR_CA_MISMATCH,WARN,fq_factor,72
2026-06-16,ADJ_NEGATIVE,ERROR,adj_factor,1
2026-06-16,MISSING_VALUE,WARN,amount,4
2026-06-17,ADJ_FACTOR_CA_MISMATCH,WARN,fq_factor,80
2026-06-17,ADJ_NEGATIVE,ERROR,adj_factor,1
2026-06-17,MISSING_VALUE,WARN,amount,4
2026-06-18,ADJ_FACTOR_CA_MISMATCH,WARN,fq_factor,130
2026-06-18,ADJ_NEGATIVE,ERROR,adj_factor,1
2026-06-18,MISSING_VALUE,WARN,amount,4
2026-06-22,ADJ_FACTOR_CA_MISMATCH,WARN,fq_factor,42
2026-06-22,ADJ_NEGATIVE,ERROR,adj_factor,1
2026-06-22,MISSING_VALUE,WARN,amount,4
2026-06-22,VWAP_OUT_OF_RANGE,ERROR,amount,1
2026-06-23,ADJ_FACTOR_CA_MISMATCH,WARN,fq_factor,28
2026-06-23,ADJ_NEGATIVE,ERROR,adj_factor,1
2026-06-23,MISSING_VALUE,WARN,amount,4
2026-06-24,ADJ_FACTOR_CA_MISMATCH,WARN,fq_factor,54
2026-06-24,ADJ_NEGATIVE,ERROR,adj_factor,1
2026-06-24,MISSING_VALUE,WARN,amount,4
2026-06-25,ADJ_FACTOR_CA_MISMATCH,WARN,fq_factor,65
2026-06-25,MISSING_VALUE,WARN,amount,6
2026-06-26,ADJ_FACTOR_CA_MISMATCH,WARN,fq_factor,115
2026-06-26,ADJ_NEGATIVE,ERROR,adj_factor,1
2026-06-26,MISSING_VALUE,WARN,amount,7
2026-06-26,VWAP_OUT_OF_RANGE,ERROR,amount,1
2026-06-29,ADJ_FACTOR_CA_MISMATCH,WARN,fq_factor,38
2026-06-29,ADJ_NEGATIVE,ERROR,adj_factor,1
2026-06-29,MISSING_VALUE,WARN,amount,7
2026-06-29,VWAP_OUT_OF_RANGE,ERROR,amount,2
2026-06-30,ADJ_FACTOR_CA_MISMATCH,WARN,fq_factor,60
2026-06-30,ADJ_NEGATIVE,ERROR,adj_factor,1
2026-06-30,MISSING_VALUE,WARN,amount,4
2026-06-30,VWAP_OUT_OF_RANGE,ERROR,amount,2
2026-07-01,ADJ_FACTOR_CA_MISMATCH,WARN,fq_factor,31
2026-07-01,ADJ_NEGATIVE,ERROR,adj_factor,1
2026-07-01,MISSING_VALUE,WARN,amount,4
2026-07-01,VWAP_OUT_OF_RANGE,ERROR,amount,1
2026-07-02,ADJ_FACTOR_CA_MISMATCH,WARN,fq_factor,23
2026-07-02,MISSING_VALUE,WARN,amount,4
2026-07-02,VWAP_OUT_OF_RANGE,ERROR,amount,1
2026-07-03,ADJ_FACTOR_CA_MISMATCH,WARN,fq_factor,46
2026-07-03,MISSING_VALUE,WARN,amount,4
2026-07-06,ADJ_FACTOR_CA_MISMATCH,WARN,fq_factor,40
2026-07-06,MISSING_VALUE,WARN,amount,4
2026-07-07,ADJ_FACTOR_CA_MISMATCH,WARN,fq_factor,30
2026-07-07,MISSING_VALUE,WARN,amount,4
2026-07-08,ADJ_FACTOR_CA_MISMATCH,WARN,fq_factor,53
2026-07-08,MISSING_VALUE,WARN,amount,4
2026-07-08,VWAP_OUT_OF_RANGE,ERROR,amount,1
2026-07-09,ADJ_FACTOR_CA_MISMATCH,WARN,fq_factor,55
2026-07-09,MISSING_VALUE,WARN,amount,4
2026-07-10,ADJ_FACTOR_CA_MISMATCH,WARN,fq_factor,94
2026-07-10,MISSING_VALUE,WARN,amount,3
2026-07-13,ADJ_FACTOR_CA_MISMATCH,WARN,fq_factor,33
2026-07-13,MISSING_VALUE,WARN,amount,3
2026-07-14,ADJ_FACTOR_CA_MISMATCH,WARN,fq_factor,22
2026-07-14,MISSING_VALUE,WARN,amount,1
2026-07-14,VWAP_OUT_OF_RANGE,ERROR,amount,1
2026-07-15,ADJ_FACTOR_CA_MISMATCH,WARN,fq_factor,38
2026-07-15,MISSING_VALUE,WARN,amount,1
2026-07-15,VWAP_OUT_OF_RANGE,ERROR,amount,1
2026-07-16,ADJ_FACTOR_CA_MISMATCH,WARN,fq_factor,43
2026-07-16,MISSING_VALUE,WARN,amount,1
2026-07-17,ADJ_FACTOR_CA_MISMATCH,WARN,fq_factor,57
2026-07-20,ADJ_FACTOR_CA_MISMATCH,WARN,fq_factor,13
2026-07-20,ADJ_NEGATIVE,ERROR,adj_factor,1
2026-07-20,VWAP_OUT_OF_RANGE,ERROR,amount,1
2026-07-21,ADJ_FACTOR_CA_MISMATCH,WARN,fq_factor,17
2026-07-21,ADJ_NEGATIVE,ERROR,adj_factor,1
2026-07-22,ADJ_FACTOR_CA_MISMATCH,WARN,fq_factor,25
2026-07-22,ADJ_NEGATIVE,ERROR,adj_factor,1
2026-07-23,ADJ_FACTOR_CA_MISMATCH,WARN,fq_factor,11
2026-07-23,ADJ_NEGATIVE,ERROR,adj_factor,1
2026-07-23,VWAP_OUT_OF_RANGE,ERROR,amount,1
2026-07-24,ADJ_FACTOR_CA_MISMATCH,WARN,fq_factor,19
2026-07-24,ADJ_NEGATIVE,ERROR,adj_factor,1
2026-07-24,VWAP_OUT_OF_RANGE,ERROR,amount,1
2026-07-27,ADJ_FACTOR_CA_MISMATCH,WARN,fq_factor,4
2026-07-27,ADJ_NEGATIVE,ERROR,adj_factor,1
2026-07-28,ADJ_FACTOR_CA_MISMATCH,WARN,fq_factor,17
2026-07-28,ADJ_NEGATIVE,ERROR,adj_factor,1
2026-07-28,VWAP_OUT_OF_RANGE,ERROR,amount,1
2026-07-29,ADJ_FACTOR_CA_MISMATCH,WARN,fq_factor,12
2026-07-30,ADJ_FACTOR_CA_MISMATCH,WARN,fq_factor,14
2026-07-30,ADJ_NEGATIVE,ERROR,adj_factor,1
2026-07-31,ADJ_FACTOR_CA_MISMATCH,WARN,fq_factor,18
2026-08-03,ADJ_FACTOR_CA_MISMATCH,WARN,fq_factor,7
2026-08-04,ADJ_FACTOR_CA_MISMATCH,WARN,fq_factor,2
2026-08-05,ADJ_FACTOR_CA_MISMATCH,WARN,fq_factor,3
2026-08-06,ADJ_FACTOR_CA_MISMATCH,WARN,fq_factor,5
2026-08-06,VWAP_OUT_OF_RANGE,ERROR,amount,1
2026-08-07,ADJ_FACTOR_CA_MISMATCH,WARN,fq_factor,15
2026-08-10,ADJ_FACTOR_CA_MISMATCH,WARN,fq_factor,6
2026-08-11,ADJ_FACTOR_CA_MISMATCH,WARN,fq_factor,7
2026-08-12,ADJ_FACTOR_CA_MISMATCH,WARN,fq_factor,3
2026-08-13,ADJ_FACTOR_CA_MISMATCH,WARN,fq_factor,9
2026-08-14,ADJ_FACTOR_CA_MISMATCH,WARN,fq_factor,11
2026-08-17,ADJ_FACTOR_CA_MISMATCH,WARN,fq_factor,1
2026-08-18,ADJ_FACTOR_CA_MISMATCH,WARN,fq_factor,7
2026-08-19,ADJ_FACTOR_CA_MISMATCH,WARN,fq_factor,9
2026-08-19,ADJ_NEGATIVE,ERROR,adj_factor,1
2026-08-20,ADJ_FACTOR_CA_MISMATCH,WARN,fq_factor,8
2026-08-20,ADJ_NEGATIVE,ERROR,adj_factor,1
2026-08-21,ADJ_FACTOR_CA_MISMATCH,WARN,fq_factor,14
2026-08-24,ADJ_FACTOR_CA_MISMATCH,WARN,fq_factor,4
2026-08-24,ADJ_NEGATIVE,ERROR,adj_factor,1
2026-08-25,ADJ_FACTOR_CA_MISMATCH,WARN,fq_factor,6
2026-08-26,ADJ_FACTOR_CA_MISMATCH,WARN,fq_factor,10
2026-08-27,ADJ_FACTOR_CA_MISMATCH,WARN,fq_factor,10
2026-08-28,ADJ_FACTOR_CA_MISMATCH,WARN,fq_factor,8
2026-08-31,ADJ_FACTOR_CA_MISMATCH,WARN,fq_factor,4
2026-09-01,ADJ_FACTOR_CA_MISMATCH,WARN,fq_factor,3
2026-09-01,VWAP_OUT_OF_RANGE,ERROR,amount,1
2026-09-02,ADJ_FACTOR_CA_MISMATCH,WARN,fq_factor,7
2026-09-03,ADJ_FACTOR_CA_MISMATCH,WARN,fq_factor,15
2026-09-04,ADJ_FACTOR_CA_MISMATCH,WARN,fq_factor,15
2026-09-04,VWAP_OUT_OF_RANGE,ERROR,amount,1
2026-09-07,ADJ_FACTOR_CA_MISMATCH,WARN,fq_factor,11
2026-09-08,ADJ_FACTOR_CA_MISMATCH,WARN,fq_factor,19
2026-09-09,ADJ_FACTOR_CA_MISMATCH,WARN,fq_factor,16
2026-09-09,VWAP_OUT_OF_RANGE,ERROR,amount,1
2026-09-10,ADJ_FACTOR_CA_MISMATCH,WARN,fq_factor,21
2026-09-10,VWAP_OUT_OF_RANGE,ERROR,amount,1
2026-09-11,ADJ_FACTOR_CA_MISMATCH,WARN,fq_factor,18
2026-09-11,VWAP_OUT_OF_RANGE,ERROR,amount,1
2026-09-14,ADJ_FACTOR_CA_MISMATCH,WARN,fq_factor,8
2026-09-14,VWAP_OUT_OF_RANGE,ERROR,amount,1
2026-09-15,ADJ_FACTOR_CA_MISMATCH,WARN,fq_factor,14
2026-09-15,VWAP_OUT_OF_RANGE,ERROR,amount,1
2026-09-16,ADJ_FACTOR_CA_MISMATCH,WARN,fq_factor,30
2026-09-16,VWAP_OUT_OF_RANGE,ERROR,amount,2
2026-09-17,ADJ_FACTOR_CA_MISMATCH,WARN,fq_factor,25
